timestamp,cpu_usage,ram_usage,disk_usage,network_usage,active_users,request_rate,hour,day_of_week
2026-03-01 00:00:00,22.51,45.69,37.24,27.37,529,665.1,0,6
2026-03-01 00:05:00,23.63,44.36,36.78,14.83,470,453.9,0,6
2026-03-01 00:10:00,24.24,43.59,37.0,21.08,455,525.2,0,6
2026-03-01 00:15:00,20.56,45.46,36.65,21.53,450,447.2,0,6
2026-03-01 00:20:00,18.97,45.58,37.03,25.73,411,502.8,0,6
2026-03-01 00:25:00,20.14,46.41,36.46,21.82,413,393.9,0,6
2026-03-01 00:30:00,22.82,46.25,37.29,26.77,475,627.3,0,6
2026-03-01 00:35:00,24.59,47.25,36.82,25.74,493,573.9,0,6
2026-03-01 00:40:00,25.92,47.33,36.43,25.64,583,619.4,0,6
2026-03-01 00:45:00,18.65,46.54,37.15,23.76,388,377.7,0,6
2026-03-01 00:50:00,51.67,46.37,56.47,24.33,477,648.7,0,6
2026-03-01 00:55:00,19.85,45.62,37.45,11.81,357,381.6,0,6
2026-03-01 01:00:00,22.63,46.02,37.01,21.5,448,458.3,1,6
2026-03-01 01:05:00,23.14,45.63,36.91,26.02,480,518.5,1,6
2026-03-01 01:10:00,28.76,45.85,37.36,19.07,407,407.8,1,6
2026-03-01 01:15:00,24.47,43.73,37.4,23.89,344,465.0,1,6
2026-03-01 01:20:00,20.72,44.06,37.29,19.34,323,330.8,1,6
2026-03-01 01:25:00,27.52,44.21,37.48,26.24,399,542.4,1,6
2026-03-01 01:30:00,21.08,43.94,36.84,17.77,350,355.4,1,6
2026-03-01 01:35:00,25.99,43.01,37.31,23.33,378,530.9,1,6
2026-03-01 01:40:00,24.77,42.2,37.31,30.16,405,571.1,1,6
2026-03-01 01:45:00,22.38,42.88,37.68,30.26,365,456.8,1,6
2026-03-01 01:50:00,16.04,41.59,37.64,14.57,305,334.3,1,6
2026-03-01 01:55:00,16.36,41.5,37.29,17.56,347,396.1,1,6
2026-03-01 02:00:00,14.35,43.29,37.6,13.21,314,280.6,2,6
2026-03-01 02:05:00,21.08,41.82,37.09,21.91,298,282.1,2,6
2026-03-01 02:10:00,18.02,42.34,36.66,13.89,294,332.2,2,6
2026-03-01 02:15:00,15.75,42.13,37.45,20.44,301,359.7,2,6
2026-03-01 02:20:00,16.78,41.9,37.11,16.08,250,242.8,2,6
2026-03-01 02:25:00,28.67,42.01,37.46,18.54,331,365.9,2,6
2026-03-01 02:30:00,24.3,43.28,37.62,24.55,383,472.2,2,6
2026-03-01 02:35:00,18.42,43.77,37.11,17.75,313,433.4,2,6
2026-03-01 02:40:00,17.11,44.8,36.82,19.44,345,352.6,2,6
2026-03-01 02:45:00,13.76,45.51,37.86,27.63,282,380.4,2,6
2026-03-01 02:50:00,24.45,44.49,37.6,17.02,331,395.4,2,6
2026-03-01 02:55:00,16.87,44.8,37.46,16.55,212,192.9,2,6
2026-03-01 03:00:00,19.4,44.75,37.89,20.29,289,326.4,3,6
2026-03-01 03:05:00,16.37,44.11,37.33,23.55,282,373.6,3,6
2026-03-01 03:10:00,23.55,44.0,37.74,14.44,324,439.4,3,6
2026-03-01 03:15:00,13.8,43.24,36.86,23.22,229,254.1,3,6
2026-03-01 03:20:00,18.84,41.3,37.19,19.43,312,335.9,3,6
2026-03-01 03:25:00,21.01,40.48,37.17,13.02,188,178.5,3,6
2026-03-01 03:30:00,21.4,40.44,37.25,19.4,289,402.8,3,6
2026-03-01 03:35:00,18.08,39.35,37.03,24.18,238,245.8,3,6
2026-03-01 03:40:00,21.12,40.72,37.14,17.79,267,328.2,3,6
2026-03-01 03:45:00,21.99,42.25,37.36,20.48,335,354.9,3,6
2026-03-01 03:50:00,18.06,41.99,37.28,19.11,345,454.4,3,6
2026-03-01 03:55:00,20.91,41.27,37.93,16.94,118,153.2,3,6
2026-03-01 04:00:00,23.49,41.78,37.93,28.16,327,453.6,4,6
2026-03-01 04:05:00,20.52,40.22,37.75,21.81,186,276.8,4,6
2026-03-01 04:10:00,12.47,41.02,38.18,8.09,210,223.7,4,6
2026-03-01 04:15:00,20.69,42.27,37.68,19.23,306,323.0,4,6
2026-03-01 04:20:00,12.94,42.61,37.24,13.94,272,318.2,4,6
2026-03-01 04:25:00,19.94,41.92,37.7,17.47,230,250.9,4,6
2026-03-01 04:30:00,23.98,42.79,37.88,18.0,368,347.0,4,6
2026-03-01 04:35:00,21.68,42.23,37.27,17.21,303,374.2,4,6
2026-03-01 04:40:00,30.93,44.06,37.96,14.77,410,503.8,4,6
2026-03-01 04:45:00,17.82,42.9,37.63,22.98,297,290.4,4,6
2026-03-01 04:50:00,20.24,43.44,37.83,21.85,338,307.3,4,6
2026-03-01 04:55:00,18.77,43.88,38.19,21.55,286,405.6,4,6
2026-03-01 05:00:00,15.22,44.82,37.1,28.11,345,366.0,5,6
2026-03-01 05:05:00,22.14,46.19,37.33,21.34,422,530.9,5,6
2026-03-01 05:10:00,24.56,46.37,37.52,19.39,346,452.2,5,6
2026-03-01 05:15:00,25.01,46.55,38.39,24.93,402,471.3,5,6
2026-03-01 05:20:00,20.95,45.04,37.52,10.91,361,297.5,5,6
2026-03-01 05:25:00,25.58,45.82,37.87,19.61,335,448.1,5,6
2026-03-01 05:30:00,18.83,43.74,38.52,20.41,323,382.3,5,6
2026-03-01 05:35:00,28.79,44.46,37.88,23.62,407,563.2,5,6
2026-03-01 05:40:00,20.58,44.2,38.25,22.72,388,380.2,5,6
2026-03-01 05:45:00,19.53,43.78,37.67,17.49,333,331.4,5,6
2026-03-01 05:50:00,19.02,44.48,38.2,22.41,391,397.1,5,6
2026-03-01 05:55:00,23.11,45.2,37.36,23.32,371,440.2,5,6
2026-03-01 06:00:00,21.57,43.91,37.96,19.72,348,367.4,6,6
2026-03-01 06:05:00,16.48,42.39,38.18,17.54,362,364.5,6,6
2026-03-01 06:10:00,23.59,44.37,38.69,15.57,409,453.2,6,6
2026-03-01 06:15:00,24.98,44.31,37.91,27.89,378,477.2,6,6
2026-03-01 06:20:00,22.42,43.55,38.19,14.32,467,427.4,6,6
2026-03-01 06:25:00,30.69,44.53,37.58,25.04,459,660.0,6,6
2026-03-01 06:30:00,23.9,45.58,37.99,23.79,459,451.6,6,6
2026-03-01 06:35:00,28.62,45.24,37.81,27.64,422,552.4,6,6
2026-03-01 06:40:00,20.62,45.29,37.1,33.97,453,600.1,6,6
2026-03-01 06:45:00,27.49,46.59,38.35,23.27,482,503.3,6,6
2026-03-01 06:50:00,20.53,45.83,38.22,19.22,461,506.0,6,6
2026-03-01 06:55:00,19.2,45.09,37.91,25.95,459,623.7,6,6
2026-03-01 07:00:00,24.96,45.91,37.95,17.99,493,607.0,7,6
2026-03-01 07:05:00,19.96,45.03,37.79,30.37,509,548.4,7,6
2026-03-01 07:10:00,26.31,46.99,38.4,27.95,488,615.3,7,6
2026-03-01 07:15:00,23.48,47.36,38.81,18.95,573,557.8,7,6
2026-03-01 07:20:00,27.01,48.14,37.84,23.87,514,566.6,7,6
2026-03-01 07:25:00,25.36,49.1,37.67,16.28,573,587.8,7,6
2026-03-01 07:30:00,43.78,60.98,37.36,32.74,847,1024.3,7,6
2026-03-01 07:35:00,55.69,47.82,37.89,24.65,553,640.0,7,6
2026-03-01 07:40:00,23.45,48.02,37.79,28.92,519,500.0,7,6
2026-03-01 07:45:00,27.33,48.75,38.23,23.14,568,729.5,7,6
2026-03-01 07:50:00,26.46,48.59,37.96,26.62,639,798.8,7,6
2026-03-01 07:55:00,24.08,49.04,38.33,24.78,581,699.6,7,6
2026-03-01 08:00:00,26.07,48.75,38.25,29.66,571,770.7,8,6
2026-03-01 08:05:00,23.85,50.12,38.24,21.14,542,523.1,8,6
2026-03-01 08:10:00,30.23,51.86,38.08,30.39,686,749.3,8,6
2026-03-01 08:15:00,34.23,52.83,38.39,36.9,662,904.1,8,6
2026-03-01 08:20:00,29.62,52.23,38.58,28.78,638,777.6,8,6
2026-03-01 08:25:00,29.11,53.83,38.28,25.58,668,691.1,8,6
2026-03-01 08:30:00,29.36,53.8,37.91,36.2,733,929.1,8,6
2026-03-01 08:35:00,28.46,53.73,38.22,37.53,669,899.3,8,6
2026-03-01 08:40:00,25.69,53.81,38.08,30.8,647,832.0,8,6
2026-03-01 08:45:00,37.07,52.87,38.07,25.41,704,910.4,8,6
2026-03-01 08:50:00,21.15,53.69,38.63,24.83,694,614.1,8,6
2026-03-01 08:55:00,35.34,54.83,38.52,35.39,770,1055.0,8,6
2026-03-01 09:00:00,28.99,53.43,38.11,30.17,768,824.0,9,6
2026-03-01 09:05:00,25.45,51.33,38.56,20.71,751,702.2,9,6
2026-03-01 09:10:00,39.92,63.83,38.61,48.85,1133,1048.7,9,6
2026-03-01 09:15:00,23.93,50.72,38.56,34.74,776,725.7,9,6
2026-03-01 09:20:00,31.96,50.75,38.5,35.73,812,977.0,9,6
2026-03-01 09:25:00,41.46,50.98,38.45,42.94,817,1120.0,9,6
2026-03-01 09:30:00,31.73,53.11,38.53,39.93,778,980.7,9,6
2026-03-01 09:35:00,31.28,51.88,38.6,35.07,786,1002.2,9,6
2026-03-01 09:40:00,37.32,52.26,38.68,34.5,779,1082.0,9,6
2026-03-01 09:45:00,30.12,53.06,38.51,35.61,886,1009.7,9,6
2026-03-01 09:50:00,34.12,53.22,37.58,36.6,889,1004.1,9,6
2026-03-01 09:55:00,26.33,54.45,38.56,29.95,903,925.2,9,6
2026-03-01 10:00:00,27.9,53.99,38.72,40.94,804,1070.2,10,6
2026-03-01 10:05:00,35.97,54.86,38.54,40.66,949,1145.3,10,6
2026-03-01 10:10:00,38.52,55.18,37.88,38.5,925,1222.2,10,6
2026-03-01 10:15:00,40.52,53.29,38.44,47.89,942,1285.0,10,6
2026-03-01 10:20:00,32.62,55.25,38.57,35.99,905,1155.3,10,6
2026-03-01 10:25:00,37.55,56.49,38.87,43.73,958,1274.2,10,6
2026-03-01 10:30:00,34.81,56.84,38.65,38.33,937,1168.6,10,6
2026-03-01 10:35:00,35.4,57.37,38.95,33.7,908,1068.0,10,6
2026-03-01 10:40:00,29.94,55.5,38.15,32.46,938,1074.2,10,6
2026-03-01 10:45:00,40.52,55.93,39.24,29.6,1057,1288.0,10,6
2026-03-01 10:50:00,39.55,57.06,38.83,39.01,1084,1149.5,10,6
2026-03-01 10:55:00,36.67,57.11,38.55,35.62,1020,1418.1,10,6
2026-03-01 11:00:00,31.7,57.84,38.52,33.27,957,1176.2,11,6
2026-03-01 11:05:00,28.21,58.47,38.77,35.41,1137,1096.1,11,6
2026-03-01 11:10:00,37.7,58.77,38.42,37.36,1087,1314.4,11,6
2026-03-01 11:15:00,31.76,59.5,39.01,34.91,1064,1124.3,11,6
2026-03-01 11:20:00,36.02,60.18,38.6,34.76,1188,1096.6,11,6
2026-03-01 11:25:00,34.29,62.02,39.14,33.29,1030,1143.4,11,6
2026-03-01 11:30:00,35.98,61.65,38.36,37.55,1124,1301.0,11,6
2026-03-01 11:35:00,40.09,60.24,38.92,43.66,1087,1415.7,11,6
2026-03-01 11:40:00,40.21,60.46,38.71,48.84,1163,1614.8,11,6
2026-03-01 11:45:00,33.75,61.36,38.88,43.02,1101,1243.9,11,6
2026-03-01 11:50:00,50.32,61.97,38.62,46.77,1156,1586.7,11,6
2026-03-01 11:55:00,28.3,61.98,38.08,32.24,1115,1150.7,11,6
2026-03-01 12:00:00,42.19,62.0,38.65,49.31,1184,1569.5,12,6
2026-03-01 12:05:00,38.52,61.23,38.75,39.17,1160,1262.6,12,6
2026-03-01 12:10:00,43.25,60.74,38.67,43.01,1303,1645.9,12,6
2026-03-01 12:15:00,38.73,59.48,38.74,37.62,1225,1371.1,12,6
2026-03-01 12:20:00,33.28,60.9,38.7,36.37,1168,1109.7,12,6
2026-03-01 12:25:00,32.57,61.13,38.82,36.3,1204,1104.0,12,6
2026-03-01 12:30:00,36.84,61.24,38.29,40.6,1252,1553.0,12,6
2026-03-01 12:35:00,37.07,61.79,38.89,36.06,1237,1398.7,12,6
2026-03-01 12:40:00,43.36,61.87,38.57,42.11,1203,1410.1,12,6
2026-03-01 12:45:00,41.34,61.71,39.17,35.81,1152,1235.9,12,6
2026-03-01 12:50:00,45.13,62.36,39.34,51.63,1260,1606.2,12,6
2026-03-01 12:55:00,43.18,62.82,38.59,43.44,1276,1718.6,12,6
2026-03-01 13:00:00,39.21,63.51,38.67,41.05,1260,1169.9,13,6
2026-03-01 13:05:00,43.96,65.46,39.19,43.63,1300,1596.1,13,6
2026-03-01 13:10:00,42.54,64.77,38.33,43.84,1329,1680.8,13,6
2026-03-01 13:15:00,37.65,65.26,38.77,42.4,1281,1258.2,13,6
2026-03-01 13:20:00,41.76,65.89,39.3,45.95,1347,1460.5,13,6
2026-03-01 13:25:00,41.43,66.2,38.97,52.31,1312,1649.9,13,6
2026-03-01 13:30:00,42.81,66.13,39.17,48.63,1237,1468.5,13,6
2026-03-01 13:35:00,45.46,65.49,39.16,48.67,1367,1819.8,13,6
2026-03-01 13:40:00,41.97,65.42,39.2,43.17,1312,1600.9,13,6
2026-03-01 13:45:00,50.11,65.23,39.3,49.23,1321,1695.4,13,6
2026-03-01 13:50:00,35.12,67.31,39.09,37.3,1399,1286.2,13,6
2026-03-01 13:55:00,51.09,67.02,39.03,50.43,1426,1946.2,13,6
2026-03-01 14:00:00,39.76,66.74,38.48,45.08,1400,1677.4,14,6
2026-03-01 14:05:00,46.13,67.18,38.77,44.66,1371,1566.6,14,6
2026-03-01 14:10:00,40.21,65.38,39.02,44.19,1311,1442.1,14,6
2026-03-01 14:15:00,41.74,63.13,39.61,50.43,1355,1798.7,14,6
2026-03-01 14:20:00,39.51,64.54,39.03,38.88,1392,1273.1,14,6
2026-03-01 14:25:00,48.31,64.6,38.87,47.02,1342,1638.1,14,6
2026-03-01 14:30:00,42.4,64.64,39.27,43.29,1388,1447.7,14,6
2026-03-01 14:35:00,50.21,64.17,38.72,53.71,1426,1891.9,14,6
2026-03-01 14:40:00,34.7,63.58,39.48,40.64,1353,1299.2,14,6
2026-03-01 14:45:00,41.97,64.03,38.27,45.05,1379,1742.3,14,6
2026-03-01 14:50:00,45.85,66.06,38.94,47.94,1375,1673.4,14,6
2026-03-01 14:55:00,38.19,65.2,39.66,43.6,1369,1451.6,14,6
2026-03-01 15:00:00,45.46,65.36,40.14,45.49,1383,1596.5,15,6
2026-03-01 15:05:00,49.01,64.7,38.99,57.69,1460,1960.7,15,6
2026-03-01 15:10:00,45.16,64.47,39.52,45.0,1437,1660.2,15,6
2026-03-01 15:15:00,42.7,65.07,38.9,59.06,1380,1810.9,15,6
2026-03-01 15:20:00,59.45,78.9,39.52,69.9,2209,2450.4,15,6
2026-03-01 15:25:00,47.74,66.86,39.58,48.16,1370,1875.2,15,6
2026-03-01 15:30:00,39.55,66.35,39.41,50.42,1402,1636.0,15,6
2026-03-01 15:35:00,46.29,67.63,39.12,49.78,1377,1576.8,15,6
2026-03-01 15:40:00,38.27,67.6,39.18,44.25,1423,1452.3,15,6
2026-03-01 15:45:00,42.07,67.07,39.33,52.27,1468,1783.4,15,6
2026-03-01 15:50:00,50.01,68.56,39.0,52.29,1351,1905.0,15,6
2026-03-01 15:55:00,36.24,68.09,39.36,42.22,1416,1348.5,15,6
2026-03-01 16:00:00,43.75,68.79,39.56,49.89,1412,1868.2,16,6
2026-03-01 16:05:00,38.86,68.03,38.84,45.11,1361,1395.9,16,6
2026-03-01 16:10:00,45.07,67.79,39.68,50.33,1420,1775.6,16,6
2026-03-01 16:15:00,48.46,68.57,39.55,42.18,1410,1913.1,16,6
2026-03-01 16:20:00,48.57,69.55,39.58,53.47,1436,1629.3,16,6
2026-03-01 16:25:00,40.99,69.47,39.88,44.12,1382,1490.9,16,6
2026-03-01 16:30:00,32.79,68.18,39.36,30.49,1371,1125.5,16,6
2026-03-01 16:35:00,35.29,67.12,39.8,39.99,1379,1246.8,16,6
2026-03-01 16:40:00,41.56,66.24,39.41,50.9,1349,1614.5,16,6
2026-03-01 16:45:00,33.49,64.72,39.57,44.07,1363,1446.8,16,6
2026-03-01 16:50:00,42.65,64.25,39.21,39.13,1384,1667.8,16,6
2026-03-01 16:55:00,40.47,65.67,39.45,48.22,1396,1708.6,16,6
2026-03-01 17:00:00,34.54,65.68,39.39,41.29,1386,1373.3,17,6
2026-03-01 17:05:00,47.07,65.92,40.0,45.26,1276,1672.7,17,6
2026-03-01 17:10:00,48.18,66.21,39.72,51.68,1348,1876.8,17,6
2026-03-01 17:15:00,42.78,66.02,39.43,47.08,1426,1843.4,17,6
2026-03-01 17:20:00,41.02,65.77,39.27,40.25,1351,1632.8,17,6
2026-03-01 17:25:00,36.56,65.82,39.52,43.21,1429,1354.5,17,6
2026-03-01 17:30:00,33.86,66.72,39.44,38.95,1288,1153.0,17,6
2026-03-01 17:35:00,46.23,66.98,39.2,45.22,1343,1843.6,17,6
2026-03-01 17:40:00,40.6,66.43,39.36,48.73,1396,1861.3,17,6
2026-03-01 17:45:00,36.18,66.29,39.28,51.46,1322,1454.4,17,6
2026-03-01 17:50:00,38.82,66.45,39.54,45.29,1325,1640.3,17,6
2026-03-01 17:55:00,48.88,66.07,39.48,54.08,1317,1913.7,17,6
2026-03-01 18:00:00,47.96,65.94,39.97,41.18,1293,1692.5,18,6
2026-03-01 18:05:00,41.18,65.92,39.69,39.89,1302,1311.8,18,6
2026-03-01 18:10:00,47.6,63.61,39.67,52.78,1336,1780.6,18,6
2026-03-01 18:15:00,34.66,62.55,39.88,38.31,1318,1345.0,18,6
2026-03-01 18:20:00,37.7,63.04,39.77,34.63,1243,1175.9,18,6
2026-03-01 18:25:00,42.11,62.55,39.42,45.35,1286,1586.8,18,6
2026-03-01 18:30:00,37.75,62.82,39.42,48.73,1256,1713.9,18,6
2026-03-01 18:35:00,33.7,61.99,39.62,42.06,1235,1247.9,18,6
2026-03-01 18:40:00,45.28,61.25,39.74,31.81,1237,1488.3,18,6
2026-03-01 18:45:00,42.98,61.86,40.52,49.13,1175,1534.7,18,6
2026-03-01 18:50:00,31.92,61.73,40.04,32.15,1133,1094.0,18,6
2026-03-01 18:55:00,36.8,61.23,39.62,33.01,1249,1103.2,18,6
2026-03-01 19:00:00,45.71,61.57,39.69,48.22,1243,1617.5,19,6
2026-03-01 19:05:00,43.57,62.95,39.79,43.84,1257,1469.2,19,6
2026-03-01 19:10:00,36.57,63.18,39.05,33.19,1157,1258.3,19,6
2026-03-01 19:15:00,44.49,62.34,39.72,50.3,1222,1593.4,19,6
2026-03-01 19:20:00,35.06,62.96,40.25,36.12,1123,1347.8,19,6
2026-03-01 19:25:00,31.53,61.67,39.61,35.44,1107,955.8,19,6
2026-03-01 19:30:00,41.91,62.28,39.7,35.01,1126,1077.3,19,6
2026-03-01 19:35:00,41.47,62.3,39.97,45.86,1173,1454.4,19,6
2026-03-01 19:40:00,32.84,60.9,39.82,40.37,1159,1293.4,19,6
2026-03-01 19:45:00,32.09,60.14,39.33,39.95,1134,1323.6,19,6
2026-03-01 19:50:00,28.59,59.53,39.74,33.0,1117,1050.2,19,6
2026-03-01 19:55:00,42.99,58.97,39.48,36.83,1096,1310.2,19,6
2026-03-01 20:00:00,29.93,60.65,39.93,27.89,1085,1041.6,20,6
2026-03-01 20:05:00,27.85,61.61,39.8,32.04,1097,1201.2,20,6
2026-03-01 20:10:00,28.43,61.51,39.47,43.87,1067,1109.6,20,6
2026-03-01 20:15:00,40.38,61.32,40.04,39.29,1060,1393.5,20,6
2026-03-01 20:20:00,39.56,61.48,39.9,34.95,1087,1129.4,20,6
2026-03-01 20:25:00,34.99,60.75,39.99,31.24,1041,985.7,20,6
2026-03-01 20:30:00,35.18,60.14,40.32,31.37,965,1025.0,20,6
2026-03-01 20:35:00,31.5,60.39,40.2,27.74,993,1102.5,20,6
2026-03-01 20:40:00,27.91,60.21,40.12,30.34,908,836.2,20,6
2026-03-01 20:45:00,32.28,60.4,40.41,33.92,928,1046.9,20,6
2026-03-01 20:50:00,25.92,59.84,40.09,38.79,928,1168.7,20,6
2026-03-01 20:55:00,56.03,59.46,39.95,36.27,898,1226.9,20,6
2026-03-01 21:00:00,34.74,59.12,39.72,36.75,990,948.5,21,6
2026-03-01 21:05:00,33.67,58.09,39.76,37.64,954,1263.6,21,6
2026-03-01 21:10:00,26.97,56.27,39.5,33.15,915,961.9,21,6
2026-03-01 21:15:00,34.5,55.47,40.32,38.47,913,1102.2,21,6
2026-03-01 21:20:00,27.82,55.53,40.01,28.4,863,803.6,21,6
2026-03-01 21:25:00,31.44,56.3,39.4,35.86,824,808.5,21,6
2026-03-01 21:30:00,27.3,56.36,40.44,31.07,890,799.2,21,6
2026-03-01 21:35:00,25.39,57.31,39.48,34.47,927,1082.5,21,6
2026-03-01 21:40:00,27.79,57.66,40.48,34.52,838,1049.9,21,6
2026-03-01 21:45:00,23.88,56.5,40.04,31.17,757,768.3,21,6
2026-03-01 21:50:00,31.0,55.13,40.09,27.25,772,680.7,21,6
2026-03-01 21:55:00,32.4,54.84,40.13,35.42,823,1020.7,21,6
2026-03-01 22:00:00,28.07,56.58,40.54,29.6,785,682.5,22,6
2026-03-01 22:05:00,31.58,55.41,40.7,31.64,715,991.2,22,6
2026-03-01 22:10:00,52.71,63.84,40.9,48.73,1008,1279.0,22,6
2026-03-01 22:15:00,26.43,55.31,40.0,33.18,685,961.9,22,6
2026-03-01 22:20:00,35.13,54.22,40.16,41.13,765,1042.2,22,6
2026-03-01 22:25:00,21.87,54.28,40.34,40.78,735,976.2,22,6
2026-03-01 22:30:00,30.96,55.18,39.86,19.06,663,605.4,22,6
2026-03-01 22:35:00,22.51,54.72,40.65,27.15,736,780.7,22,6
2026-03-01 22:40:00,34.95,54.69,40.2,45.36,664,948.2,22,6
2026-03-01 22:45:00,31.58,53.39,39.49,27.79,739,886.4,22,6
2026-03-01 22:50:00,55.22,53.28,60.54,29.32,693,657.2,22,6
2026-03-01 22:55:00,27.13,53.08,40.17,27.25,551,609.2,22,6
2026-03-01 23:00:00,29.53,52.15,41.15,31.86,668,894.3,23,6
2026-03-01 23:05:00,36.14,51.2,39.99,31.32,633,813.2,23,6
2026-03-01 23:10:00,23.81,49.96,40.19,25.25,618,658.9,23,6
2026-03-01 23:15:00,28.66,51.64,39.73,18.26,596,588.2,23,6
2026-03-01 23:20:00,26.63,52.08,40.33,21.04,591,611.2,23,6
2026-03-01 23:25:00,27.89,51.58,39.88,24.51,599,576.7,23,6
2026-03-01 23:30:00,31.16,52.12,40.86,26.92,567,643.7,23,6
2026-03-01 23:35:00,20.59,51.11,40.33,21.56,464,595.6,23,6
2026-03-01 23:40:00,24.12,50.85,40.21,30.86,535,655.9,23,6
2026-03-01 23:45:00,21.5,50.12,39.71,20.44,488,506.7,23,6
2026-03-01 23:50:00,25.94,50.37,40.41,20.12,517,515.9,23,6
2026-03-01 23:55:00,27.7,49.48,40.61,31.7,550,657.3,23,6
2026-03-02 00:00:00,37.33,51.0,37.21,33.24,739,955.8,0,0
2026-03-02 00:05:00,24.11,50.41,36.89,30.1,671,686.1,0,0
2026-03-02 00:10:00,34.69,51.12,36.62,35.47,654,922.5,0,0
2026-03-02 00:15:00,21.71,51.45,37.15,18.71,629,598.1,0,0
2026-03-02 00:20:00,22.29,52.35,36.95,23.42,637,619.0,0,0
2026-03-02 00:25:00,20.43,52.95,36.91,26.87,671,568.7,0,0
2026-03-02 00:30:00,28.86,52.05,37.11,25.72,663,571.5,0,0
2026-03-02 00:35:00,28.25,51.22,37.22,16.0,583,524.8,0,0
2026-03-02 00:40:00,33.86,52.91,37.14,34.75,645,881.3,0,0
2026-03-02 00:45:00,23.91,51.91,37.11,31.88,589,796.2,0,0
2026-03-02 00:50:00,28.07,51.16,37.42,33.39,621,776.0,0,0
2026-03-02 00:55:00,24.75,51.79,36.78,31.55,670,836.7,0,0
2026-03-02 01:00:00,31.33,52.82,37.25,33.51,659,845.9,1,0
2026-03-02 01:05:00,16.55,52.16,37.35,21.78,445,428.2,1,0
2026-03-02 01:10:00,26.86,51.87,37.36,24.08,545,501.9,1,0
2026-03-02 01:15:00,25.73,51.5,37.09,28.91,566,566.7,1,0
2026-03-02 01:20:00,20.7,50.33,37.07,15.1,519,467.4,1,0
2026-03-02 01:25:00,22.25,50.76,36.91,19.68,515,548.0,1,0
2026-03-02 01:30:00,22.16,50.48,37.04,26.13,488,495.0,1,0
2026-03-02 01:35:00,26.52,49.33,37.17,20.7,526,623.7,1,0
2026-03-02 01:40:00,19.28,47.07,37.67,24.7,487,491.6,1,0
2026-03-02 01:45:00,21.08,46.68,37.17,31.59,500,596.4,1,0
2026-03-02 01:50:00,22.76,45.27,37.3,22.03,517,560.0,1,0
2026-03-02 01:55:00,22.42,46.25,37.47,18.28,553,684.5,1,0
2026-03-02 02:00:00,23.73,45.92,37.18,22.5,433,418.8,2,0
2026-03-02 02:05:00,24.58,45.53,37.38,25.08,507,535.3,2,0
2026-03-02 02:10:00,24.06,46.05,37.46,27.45,464,468.2,2,0
2026-03-02 02:15:00,22.45,45.49,37.53,23.91,438,568.7,2,0
2026-03-02 02:20:00,25.31,45.03,36.94,17.36,310,362.2,2,0
2026-03-02 02:25:00,23.75,44.87,37.22,27.49,451,499.1,2,0
2026-03-02 02:30:00,20.48,44.48,37.15,27.3,397,485.9,2,0
2026-03-02 02:35:00,26.09,44.78,37.25,20.05,385,495.0,2,0
2026-03-02 02:40:00,24.04,45.04,36.87,23.86,381,423.9,2,0
2026-03-02 02:45:00,25.37,45.93,36.94,16.27,369,402.4,2,0
2026-03-02 02:50:00,23.69,45.12,37.43,20.53,451,602.5,2,0
2026-03-02 02:55:00,25.52,45.89,37.41,25.01,394,445.5,2,0
2026-03-02 03:00:00,21.38,46.18,37.64,16.74,357,427.5,3,0
2026-03-02 03:05:00,23.14,47.61,36.82,20.93,452,428.3,3,0
2026-03-02 03:10:00,26.04,48.48,37.63,29.71,436,469.9,3,0
2026-03-02 03:15:00,19.32,47.86,37.2,22.5,387,462.1,3,0
2026-03-02 03:20:00,14.82,47.68,37.55,19.14,349,345.5,3,0
2026-03-02 03:25:00,17.11,47.69,37.74,13.38,372,412.5,3,0
2026-03-02 03:30:00,18.12,46.58,37.19,20.35,332,402.3,3,0
2026-03-02 03:35:00,21.98,44.75,37.4,25.84,444,569.0,3,0
2026-03-02 03:40:00,18.16,44.43,37.48,21.61,367,418.3,3,0
2026-03-02 03:45:00,22.73,44.86,37.29,20.01,347,414.3,3,0
2026-03-02 03:50:00,21.47,44.74,36.96,17.84,410,472.2,3,0
2026-03-02 03:55:00,16.36,44.32,37.81,19.56,338,324.2,3,0
2026-03-02 04:00:00,28.83,44.22,37.62,30.84,404,507.8,4,0
2026-03-02 04:05:00,22.25,45.36,37.46,25.01,407,470.3,4,0
2026-03-02 04:10:00,20.58,45.04,37.33,26.0,311,371.7,4,0
2026-03-02 04:15:00,24.26,44.88,37.87,28.38,395,525.0,4,0
2026-03-02 04:20:00,13.56,45.65,37.45,18.72,346,375.0,4,0
2026-03-02 04:25:00,17.29,45.79,37.42,18.32,399,364.8,4,0
2026-03-02 04:30:00,19.81,45.52,37.88,16.1,326,317.7,4,0
2026-03-02 04:35:00,19.03,46.25,37.82,20.53,418,443.3,4,0
2026-03-02 04:40:00,25.04,45.87,37.43,13.83,440,455.8,4,0
2026-03-02 04:45:00,22.65,43.65,37.27,19.63,295,308.9,4,0
2026-03-02 04:50:00,28.29,43.41,37.38,27.46,411,428.7,4,0
2026-03-02 04:55:00,24.81,42.85,37.94,23.0,392,417.1,4,0
2026-03-02 05:00:00,22.9,43.12,38.0,25.94,408,537.7,5,0
2026-03-02 05:05:00,18.71,43.19,37.74,29.25,552,591.4,5,0
2026-03-02 05:10:00,28.31,43.28,37.56,28.08,467,640.8,5,0
2026-03-02 05:15:00,27.54,45.37,37.97,30.22,504,547.4,5,0
2026-03-02 05:20:00,26.86,44.55,37.91,20.88,438,565.5,5,0
2026-03-02 05:25:00,23.42,45.26,37.7,22.17,441,533.8,5,0
2026-03-02 05:30:00,22.77,44.72,37.73,24.98,439,564.7,5,0
2026-03-02 05:35:00,24.79,44.52,37.65,25.9,497,531.2,5,0
2026-03-02 05:40:00,25.39,45.18,38.09,65.46,515,583.4,5,0
2026-03-02 05:45:00,21.58,45.44,37.85,25.22,504,499.0,5,0
2026-03-02 05:50:00,35.03,59.99,37.46,26.16,760,677.3,5,0
2026-03-02 05:55:00,33.11,46.06,37.06,26.07,540,737.9,5,0
2026-03-02 06:00:00,17.03,45.93,37.72,15.17,541,519.0,6,0
2026-03-02 06:05:00,24.12,46.49,37.95,20.54,510,693.2,6,0
2026-03-02 06:10:00,24.36,47.69,37.81,32.78,571,700.2,6,0
2026-03-02 06:15:00,27.21,47.13,37.98,27.31,495,524.3,6,0
2026-03-02 06:20:00,22.44,47.54,37.37,35.28,585,792.7,6,0
2026-03-02 06:25:00,25.34,48.65,38.08,28.17,550,745.8,6,0
2026-03-02 06:30:00,31.77,49.05,38.21,25.46,589,850.2,6,0
2026-03-02 06:35:00,25.56,50.37,37.67,25.81,659,644.8,6,0
2026-03-02 06:40:00,28.03,52.17,37.23,27.95,631,925.5,6,0
2026-03-02 06:45:00,22.31,51.84,38.13,23.89,626,629.7,6,0
2026-03-02 06:50:00,27.75,51.59,37.61,25.05,730,768.8,6,0
2026-03-02 06:55:00,33.74,51.78,37.47,36.28,664,876.5,6,0
2026-03-02 07:00:00,21.46,50.63,37.64,28.55,625,661.3,7,0
2026-03-02 07:05:00,22.15,50.08,38.34,33.96,773,926.1,7,0
2026-03-02 07:10:00,26.5,50.45,37.56,26.97,734,731.5,7,0
2026-03-02 07:15:00,38.2,65.95,38.2,37.56,1034,963.5,7,0
2026-03-02 07:20:00,31.09,50.28,37.84,33.09,736,836.7,7,0
2026-03-02 07:25:00,46.3,63.98,37.82,38.07,982,1226.0,7,0
2026-03-02 07:30:00,34.39,51.35,38.3,33.8,753,1006.7,7,0
2026-03-02 07:35:00,32.55,52.41,38.3,34.92,699,863.3,7,0
2026-03-02 07:40:00,27.93,52.39,38.47,26.98,850,786.8,7,0
2026-03-02 07:45:00,34.93,51.98,38.21,31.98,825,1167.8,7,0
2026-03-02 07:50:00,36.85,52.83,37.74,39.76,824,1072.6,7,0
2026-03-02 07:55:00,32.51,54.01,38.5,33.44,915,1144.7,7,0
2026-03-02 08:00:00,38.78,55.89,37.94,37.41,845,1154.7,8,0
2026-03-02 08:05:00,32.97,55.15,37.82,30.1,909,1098.2,8,0
2026-03-02 08:10:00,27.21,55.62,37.91,27.86,895,938.4,8,0
2026-03-02 08:15:00,38.22,55.14,38.02,30.65,892,1112.7,8,0
2026-03-02 08:20:00,26.89,55.77,37.63,27.69,962,883.4,8,0
2026-03-02 08:25:00,27.65,55.86,38.07,27.2,922,875.2,8,0
2026-03-02 08:30:00,37.43,54.88,38.54,37.34,922,1100.1,8,0
2026-03-02 08:35:00,32.16,53.62,38.68,44.76,969,1229.9,8,0
2026-03-02 08:40:00,37.48,54.53,37.7,46.14,1045,1363.3,8,0
2026-03-02 08:45:00,38.2,55.48,38.38,37.5,974,991.5,8,0
2026-03-02 08:50:00,27.2,56.59,37.91,26.16,1000,999.1,8,0
2026-03-02 08:55:00,32.17,55.86,37.96,38.43,1077,1316.3,8,0
2026-03-02 09:00:00,35.3,89.93,37.94,39.14,1159,1387.2,9,0
2026-03-02 09:05:00,36.92,57.16,38.38,36.2,1095,1192.7,9,0
2026-03-02 09:10:00,29.61,56.6,38.34,34.85,1107,1018.1,9,0
2026-03-02 09:15:00,39.5,57.51,37.67,42.0,1100,1398.7,9,0
2026-03-02 09:20:00,45.44,57.35,38.49,47.76,1188,1532.3,9,0
2026-03-02 09:25:00,35.76,58.65,38.34,42.69,1179,1444.4,9,0
2026-03-02 09:30:00,36.28,60.04,38.07,40.23,1163,1204.6,9,0
2026-03-02 09:35:00,45.85,61.44,38.25,48.72,1213,1550.7,9,0
2026-03-02 09:40:00,37.39,60.93,38.45,43.44,1217,1493.3,9,0
2026-03-02 09:45:00,38.9,60.19,37.73,49.28,1232,1687.3,9,0
2026-03-02 09:50:00,42.97,60.53,38.89,51.74,1198,1668.9,9,0
2026-03-02 09:55:00,37.22,59.16,38.15,48.46,1290,1541.2,9,0
2026-03-02 10:00:00,72.44,76.29,38.0,80.15,2144,2920.4,10,0
2026-03-02 10:05:00,41.67,60.45,38.47,40.98,1308,1758.9,10,0
2026-03-02 10:10:00,41.22,59.53,39.05,48.22,1314,1671.0,10,0
2026-03-02 10:15:00,50.23,60.56,38.69,51.38,1327,1989.6,10,0
2026-03-02 10:20:00,41.76,60.91,38.3,46.55,1367,1425.2,10,0
2026-03-02 10:25:00,31.72,60.49,38.43,32.61,1382,1349.3,10,0
2026-03-02 10:30:00,39.71,60.74,38.2,42.12,1341,1346.5,10,0
2026-03-02 10:35:00,45.08,61.42,38.4,48.06,1428,1634.9,10,0
2026-03-02 10:40:00,33.99,60.7,38.53,36.94,1394,1391.2,10,0
2026-03-02 10:45:00,44.31,62.24,38.53,49.56,1505,1912.5,10,0
2026-03-02 10:50:00,36.99,61.96,38.6,39.62,1450,1363.8,10,0
2026-03-02 10:55:00,43.29,63.4,38.37,41.38,1527,1408.7,10,0
2026-03-02 11:00:00,43.47,63.92,38.32,49.36,1503,1858.2,11,0
2026-03-02 11:05:00,49.67,63.5,38.69,53.89,1462,2052.9,11,0
2026-03-02 11:10:00,34.89,64.46,38.49,40.07,1473,1445.1,11,0
2026-03-02 11:15:00,42.99,66.36,38.86,46.15,1491,1567.7,11,0
2026-03-02 11:20:00,42.0,67.72,38.64,52.78,1543,1725.7,11,0
2026-03-02 11:25:00,44.38,67.43,38.74,56.53,1604,2090.0,11,0
2026-03-02 11:30:00,49.97,66.63,38.9,57.63,1654,2203.0,11,0
2026-03-02 11:35:00,51.32,67.35,38.33,66.51,1637,2232.2,11,0
2026-03-02 11:40:00,45.1,67.92,38.37,59.86,1566,2044.9,11,0
2026-03-02 11:45:00,53.54,99.0,38.14,50.68,1592,1869.6,11,0
2026-03-02 11:50:00,44.41,68.38,38.62,54.57,1584,1630.3,11,0
2026-03-02 11:55:00,50.19,69.86,38.49,50.32,1662,1979.0,11,0
2026-03-02 12:00:00,46.07,70.95,38.74,47.14,1737,1702.6,12,0
2026-03-02 12:05:00,53.32,71.59,38.41,54.96,1720,2207.8,12,0
2026-03-02 12:10:00,45.95,72.33,38.68,45.37,1763,1687.1,12,0
2026-03-02 12:15:00,46.01,71.93,38.4,46.97,1726,1734.3,12,0
2026-03-02 12:20:00,44.5,72.35,38.49,48.64,1660,1553.9,12,0
2026-03-02 12:25:00,40.13,71.81,38.88,53.1,1778,1775.0,12,0
2026-03-02 12:30:00,42.63,72.92,38.49,49.44,1730,1853.3,12,0
2026-03-02 12:35:00,56.95,72.85,39.1,64.18,1757,2512.8,12,0
2026-03-02 12:40:00,45.44,74.23,38.52,47.49,1717,1698.1,12,0
2026-03-02 12:45:00,52.35,74.55,39.11,60.69,1737,2237.6,12,0
2026-03-02 12:50:00,46.87,73.94,38.74,50.87,1827,1991.4,12,0
2026-03-02 12:55:00,42.3,73.97,38.88,51.75,1809,1787.5,12,0
2026-03-02 13:00:00,47.35,74.58,38.88,48.98,1877,1981.5,13,0
2026-03-02 13:05:00,50.58,74.12,38.95,59.35,1836,2404.6,13,0
2026-03-02 13:10:00,47.24,74.49,38.98,53.48,1778,1961.4,13,0
2026-03-02 13:15:00,33.02,74.26,39.31,51.11,1793,1573.2,13,0
2026-03-02 13:20:00,49.75,73.75,39.05,51.14,1843,2059.8,13,0
2026-03-02 13:25:00,41.11,72.47,38.5,51.64,1842,1728.3,13,0
2026-03-02 13:30:00,50.22,75.39,38.74,55.8,1983,2115.1,13,0
2026-03-02 13:35:00,52.24,76.37,38.73,62.0,1859,2127.0,13,0
2026-03-02 13:40:00,46.69,77.54,39.25,48.16,1913,1840.9,13,0
2026-03-02 13:45:00,54.79,77.56,38.38,57.82,1941,2179.8,13,0
2026-03-02 13:50:00,47.56,78.26,38.19,55.37,1953,2010.6,13,0
2026-03-02 13:55:00,57.98,77.95,38.91,60.65,1935,2273.8,13,0
2026-03-02 14:00:00,49.57,77.81,39.1,60.32,1905,2234.2,14,0
2026-03-02 14:05:00,54.8,76.57,38.73,60.5,1977,2216.3,14,0
2026-03-02 14:10:00,56.4,78.08,39.04,67.93,1956,2428.4,14,0
2026-03-02 14:15:00,59.7,76.61,39.41,69.16,1990,2821.4,14,0
2026-03-02 14:20:00,54.45,76.38,38.85,72.26,1962,2599.6,14,0
2026-03-02 14:25:00,73.16,77.65,39.25,73.09,2059,2999.0,14,0
2026-03-02 14:30:00,45.1,77.39,39.18,48.58,1973,1864.2,14,0
2026-03-02 14:35:00,59.04,76.93,38.85,63.88,1989,2311.2,14,0
2026-03-02 14:40:00,57.83,76.94,39.19,67.98,1988,2452.3,14,0
2026-03-02 14:45:00,51.56,75.79,39.21,52.75,1940,2022.8,14,0
2026-03-02 14:50:00,51.01,75.7,38.97,58.17,2033,2211.5,14,0
2026-03-02 14:55:00,46.53,77.32,39.57,51.53,2000,1821.9,14,0
2026-03-02 15:00:00,43.38,77.33,38.67,43.15,1996,1588.2,15,0
2026-03-02 15:05:00,52.21,77.54,39.03,67.31,2020,2480.5,15,0
2026-03-02 15:10:00,44.09,77.68,38.51,47.62,2040,1929.8,15,0
2026-03-02 15:15:00,40.72,77.95,38.78,51.52,1985,1723.7,15,0
2026-03-02 15:20:00,82.43,80.25,59.69,50.97,2018,2242.0,15,0
2026-03-02 15:25:00,56.74,80.2,38.71,66.85,2016,2568.3,15,0
2026-03-02 15:30:00,52.79,80.47,39.11,58.37,1957,2121.7,15,0
2026-03-02 15:35:00,55.74,82.13,39.23,63.43,2056,2498.4,15,0
2026-03-02 15:40:00,49.03,82.15,39.84,40.71,2027,1782.3,15,0
2026-03-02 15:45:00,47.28,81.3,38.81,52.26,2028,2006.9,15,0
2026-03-02 15:50:00,61.7,80.0,38.97,63.1,1980,2553.0,15,0
2026-03-02 15:55:00,66.48,81.12,39.38,70.71,2041,2903.7,15,0
2026-03-02 16:00:00,53.48,81.45,39.27,55.06,1981,2134.1,16,0
2026-03-02 16:05:00,54.45,79.17,38.98,68.33,1940,2373.0,16,0
2026-03-02 16:10:00,55.96,78.73,38.64,55.63,1966,2368.6,16,0
2026-03-02 16:15:00,55.14,79.15,39.38,58.24,1977,2411.2,16,0
2026-03-02 16:20:00,50.53,79.1,39.77,62.17,1985,2251.7,16,0
2026-03-02 16:25:00,63.22,79.53,38.94,62.1,1997,2553.9,16,0
2026-03-02 16:30:00,62.08,80.64,39.0,64.84,2021,2574.0,16,0
2026-03-02 16:35:00,48.41,81.12,39.52,57.53,1931,1882.8,16,0
2026-03-02 16:40:00,46.81,81.52,39.46,53.09,2007,2140.5,16,0
2026-03-02 16:45:00,51.15,80.66,39.38,58.87,2012,2022.6,16,0
2026-03-02 16:50:00,51.19,81.19,39.05,52.08,1989,2275.4,16,0
2026-03-02 16:55:00,46.01,81.01,39.49,54.46,2001,1852.6,16,0
2026-03-02 17:00:00,48.95,79.76,39.15,56.31,1962,2100.9,17,0
2026-03-02 17:05:00,45.0,80.04,40.07,53.62,1898,1849.6,17,0
2026-03-02 17:10:00,56.87,79.22,39.26,65.11,1986,2339.9,17,0
2026-03-02 17:15:00,44.32,78.52,39.63,58.09,2004,2081.9,17,0
2026-03-02 17:20:00,61.44,77.83,39.38,65.92,1938,2530.9,17,0
2026-03-02 17:25:00,46.5,77.9,39.32,58.46,1951,2020.3,17,0
2026-03-02 17:30:00,64.97,78.12,39.41,65.73,1921,2618.7,17,0
2026-03-02 17:35:00,54.47,79.44,39.76,64.22,1891,2542.6,17,0
2026-03-02 17:40:00,52.52,80.11,39.79,63.81,1926,2226.9,17,0
2026-03-02 17:45:00,51.37,79.69,39.92,56.39,1876,2123.2,17,0
2026-03-02 17:50:00,48.85,79.16,39.69,57.71,1953,2197.7,17,0
2026-03-02 17:55:00,62.89,78.42,39.46,99.0,1809,2499.0,17,0
2026-03-02 18:00:00,44.96,77.71,40.01,60.04,1803,1899.0,18,0
2026-03-02 18:05:00,44.94,77.73,39.69,36.69,1849,1693.7,18,0
2026-03-02 18:10:00,58.25,77.36,38.69,58.74,1905,2382.0,18,0
2026-03-02 18:15:00,51.5,76.8,39.57,62.4,1770,2398.5,18,0
2026-03-02 18:20:00,60.36,75.6,40.12,60.67,1796,2374.7,18,0
2026-03-02 18:25:00,53.71,74.79,39.52,60.02,1791,2253.9,18,0
2026-03-02 18:30:00,52.74,75.41,39.45,61.31,1807,2243.0,18,0
2026-03-02 18:35:00,63.69,76.17,39.73,70.43,1762,2579.7,18,0
2026-03-02 18:40:00,54.35,76.85,39.47,51.31,1759,2048.2,18,0
2026-03-02 18:45:00,54.1,75.04,39.79,63.95,1660,2419.3,18,0
2026-03-02 18:50:00,57.26,75.24,39.99,65.72,1661,2407.2,18,0
2026-03-02 18:55:00,48.17,75.42,39.76,52.02,1767,2008.2,18,0
2026-03-02 19:00:00,55.88,74.59,40.05,60.43,1722,2248.3,19,0
2026-03-02 19:05:00,49.22,74.41,39.9,54.02,1690,1906.8,19,0
2026-03-02 19:10:00,46.16,74.09,39.19,51.7,1713,1929.4,19,0
2026-03-02 19:15:00,35.32,73.1,39.09,48.89,1632,1637.3,19,0
2026-03-02 19:20:00,49.75,73.95,39.84,46.61,1627,1590.5,19,0
2026-03-02 19:25:00,58.19,74.34,39.92,65.12,1754,2588.7,19,0
2026-03-02 19:30:00,45.4,72.83,39.5,40.65,1606,1561.9,19,0
2026-03-02 19:35:00,48.72,71.27,39.51,58.44,1593,1980.4,19,0
2026-03-02 19:40:00,51.5,71.09,39.72,50.39,1652,2035.3,19,0
2026-03-02 19:45:00,45.74,71.35,39.8,43.12,1556,1471.9,19,0
2026-03-02 19:50:00,43.23,71.13,39.57,52.49,1537,1938.0,19,0
2026-03-02 19:55:00,42.87,71.25,39.92,50.73,1519,1844.7,19,0
2026-03-02 20:00:00,42.43,72.7,39.71,56.56,1499,2019.3,20,0
2026-03-02 20:05:00,54.68,72.29,39.63,55.36,1469,1902.1,20,0
2026-03-02 20:10:00,34.72,71.39,40.14,50.56,1521,1438.8,20,0
2026-03-02 20:15:00,40.87,71.35,40.43,52.65,1433,1885.5,20,0
2026-03-02 20:20:00,40.11,71.44,39.68,46.62,1431,1453.7,20,0
2026-03-02 20:25:00,47.07,71.66,39.4,57.35,1476,2088.1,20,0
2026-03-02 20:30:00,64.02,70.71,58.55,46.36,1377,1640.7,20,0
2026-03-02 20:35:00,52.39,70.64,40.37,53.81,1431,1841.3,20,0
2026-03-02 20:40:00,41.38,68.23,40.3,46.32,1392,1315.0,20,0
2026-03-02 20:45:00,47.9,69.0,39.55,57.04,1370,1918.6,20,0
2026-03-02 20:50:00,44.95,67.79,40.12,51.13,1460,1897.9,20,0
2026-03-02 20:55:00,41.64,68.17,40.15,45.94,1302,1593.7,20,0
2026-03-02 21:00:00,43.39,67.66,40.35,46.6,1362,1790.1,21,0
2026-03-02 21:05:00,36.15,65.94,40.06,50.39,1284,1534.3,21,0
2026-03-02 21:10:00,44.86,66.99,40.06,45.97,1250,1626.4,21,0
2026-03-02 21:15:00,35.61,66.81,40.03,35.64,1244,1225.9,21,0
2026-03-02 21:20:00,39.39,65.75,39.95,37.16,1183,1509.4,21,0
2026-03-02 21:25:00,41.45,65.97,39.99,38.11,1224,1216.7,21,0
2026-03-02 21:30:00,39.8,65.84,39.84,42.09,1223,1415.0,21,0
2026-03-02 21:35:00,39.37,65.14,40.46,31.88,1121,1158.6,21,0
2026-03-02 21:40:00,47.61,64.37,40.21,49.7,1196,1456.2,21,0
2026-03-02 21:45:00,33.47,64.03,40.05,48.65,1236,1500.8,21,0
2026-03-02 21:50:00,38.82,63.63,40.0,38.11,1135,1244.5,21,0
2026-03-02 21:55:00,37.96,64.3,40.22,40.48,1047,1332.7,21,0
2026-03-02 22:00:00,38.82,63.78,40.46,41.06,1080,1348.5,22,0
2026-03-02 22:05:00,34.43,64.85,40.31,32.03,1019,938.1,22,0
2026-03-02 22:10:00,28.78,65.37,40.06,34.85,1108,1087.9,22,0
2026-03-02 22:15:00,29.27,64.5,40.33,37.31,1099,988.9,22,0
2026-03-02 22:20:00,41.3,76.53,40.96,45.99,1483,1479.2,22,0
2026-03-02 22:25:00,28.42,63.24,40.08,30.18,972,1106.1,22,0
2026-03-02 22:30:00,30.33,62.33,40.26,32.96,981,950.3,22,0
2026-03-02 22:35:00,32.6,61.75,40.47,42.84,1017,1349.8,22,0
2026-03-02 22:40:00,48.45,71.42,40.31,50.05,1383,1331.4,22,0
2026-03-02 22:45:00,37.49,60.03,40.28,34.37,955,1206.2,22,0
2026-03-02 22:50:00,31.14,59.3,40.59,35.75,856,960.2,22,0
2026-03-02 22:55:00,31.0,57.93,40.84,36.02,881,1018.1,22,0
2026-03-02 23:00:00,35.34,56.23,40.38,31.39,930,973.8,23,0
2026-03-02 23:05:00,35.65,55.97,40.6,29.93,883,994.6,23,0
2026-03-02 23:10:00,40.31,55.81,40.35,34.46,922,1239.4,23,0
2026-03-02 23:15:00,35.3,55.5,39.99,34.05,895,1124.8,23,0
2026-03-02 23:20:00,27.96,55.61,40.65,32.48,826,843.7,23,0
2026-03-02 23:25:00,26.25,56.36,40.62,32.9,847,941.7,23,0
2026-03-02 23:30:00,33.02,54.85,40.5,40.43,812,1173.7,23,0
2026-03-02 23:35:00,26.34,53.64,40.16,28.1,773,828.3,23,0
2026-03-02 23:40:00,37.02,53.19,40.23,38.68,803,1041.4,23,0
2026-03-02 23:45:00,33.98,55.41,40.62,25.28,784,843.8,23,0
2026-03-02 23:50:00,23.97,55.52,40.6,30.13,780,654.4,23,0
2026-03-02 23:55:00,34.29,55.71,40.16,23.24,788,803.7,23,0
2026-03-03 00:00:00,33.66,55.31,36.36,39.67,814,1131.2,0,1
2026-03-03 00:05:00,35.83,53.74,36.0,28.65,675,825.7,0,1
2026-03-03 00:10:00,26.08,52.85,36.23,32.78,627,847.5,0,1
2026-03-03 00:15:00,35.82,68.49,36.37,34.27,1100,1266.0,0,1
2026-03-03 00:20:00,28.58,51.37,36.13,26.73,633,606.1,0,1
2026-03-03 00:25:00,30.35,50.52,36.22,27.85,607,691.2,0,1
2026-03-03 00:30:00,28.42,50.6,36.29,32.08,552,699.3,0,1
2026-03-03 00:35:00,25.59,50.08,36.25,25.23,548,746.3,0,1
2026-03-03 00:40:00,37.61,62.29,36.03,56.11,1104,1380.6,0,1
2026-03-03 00:45:00,29.22,49.7,36.42,25.73,624,738.4,0,1
2026-03-03 00:50:00,28.24,49.01,36.39,25.99,631,854.1,0,1
2026-03-03 00:55:00,28.37,47.77,36.21,25.76,521,556.9,0,1
2026-03-03 01:00:00,25.33,46.73,36.47,23.59,485,540.0,1,1
2026-03-03 01:05:00,26.97,46.53,36.07,27.91,550,578.7,1,1
2026-03-03 01:10:00,40.42,47.11,55.42,21.6,523,479.7,1,1
2026-03-03 01:15:00,29.93,48.13,36.08,21.97,576,714.2,1,1
2026-03-03 01:20:00,28.06,49.17,36.38,21.2,537,602.8,1,1
2026-03-03 01:25:00,30.19,48.59,36.64,28.23,609,685.7,1,1
2026-03-03 01:30:00,40.63,58.92,35.89,37.59,661,780.8,1,1
2026-03-03 01:35:00,24.56,48.62,36.37,30.86,520,693.7,1,1
2026-03-03 01:40:00,22.24,49.25,36.5,24.44,499,466.6,1,1
2026-03-03 01:45:00,23.23,49.58,36.09,22.7,489,574.6,1,1
2026-03-03 01:50:00,24.19,47.83,36.8,22.85,556,600.6,1,1
2026-03-03 01:55:00,21.45,45.73,36.62,28.17,428,591.1,1,1
2026-03-03 02:00:00,27.85,45.8,36.26,24.89,525,545.5,2,1
2026-03-03 02:05:00,26.1,45.5,36.35,25.81,522,494.1,2,1
2026-03-03 02:10:00,25.57,44.72,36.45,26.33,478,462.0,2,1
2026-03-03 02:15:00,22.57,44.91,36.71,27.25,421,519.5,2,1
2026-03-03 02:20:00,22.34,43.64,36.82,21.94,410,485.4,2,1
2026-03-03 02:25:00,28.06,60.67,36.51,33.19,702,753.3,2,1
2026-03-03 02:30:00,18.85,41.43,37.3,23.84,415,427.5,2,1
2026-03-03 02:35:00,24.15,42.19,36.42,27.42,491,549.8,2,1
2026-03-03 02:40:00,24.48,42.78,36.77,18.14,407,452.0,2,1
2026-03-03 02:45:00,23.21,42.85,36.57,27.08,379,423.6,2,1
2026-03-03 02:50:00,37.91,53.41,37.38,42.48,675,640.1,2,1
2026-03-03 02:55:00,33.53,43.31,36.47,24.56,441,561.7,2,1
2026-03-03 03:00:00,20.2,42.81,37.0,23.29,389,465.9,3,1
2026-03-03 03:05:00,21.76,44.22,36.3,28.65,442,394.8,3,1
2026-03-03 03:10:00,28.06,44.16,36.58,20.49,417,538.5,3,1
2026-03-03 03:15:00,20.83,43.48,36.1,9.59,319,422.4,3,1
2026-03-03 03:20:00,24.38,44.49,36.72,20.84,406,384.5,3,1
2026-03-03 03:25:00,22.73,45.13,36.57,11.31,431,501.1,3,1
2026-03-03 03:30:00,22.79,45.18,36.02,25.93,378,364.0,3,1
2026-03-03 03:35:00,22.01,45.56,37.02,20.97,490,564.1,3,1
2026-03-03 03:40:00,23.1,45.2,36.9,25.45,351,459.5,3,1
2026-03-03 03:45:00,17.06,46.34,37.08,17.75,367,391.7,3,1
2026-03-03 03:50:00,14.08,44.46,37.34,16.31,378,352.3,3,1
2026-03-03 03:55:00,24.64,45.16,36.76,24.87,396,546.6,3,1
2026-03-03 04:00:00,25.16,45.3,37.15,25.58,434,537.6,4,1
2026-03-03 04:05:00,49.44,44.73,51.86,21.62,390,484.9,4,1
2026-03-03 04:10:00,25.19,43.53,36.77,31.4,366,552.7,4,1
2026-03-03 04:15:00,24.25,43.5,37.04,21.7,366,447.4,4,1
2026-03-03 04:20:00,22.81,44.41,37.42,21.94,443,484.0,4,1
2026-03-03 04:25:00,25.39,44.81,36.77,38.62,491,664.0,4,1
2026-03-03 04:30:00,27.7,45.23,36.75,13.5,429,500.3,4,1
2026-03-03 04:35:00,25.01,44.74,37.08,13.82,429,539.5,4,1
2026-03-03 04:40:00,22.35,43.8,36.9,23.36,503,550.5,4,1
2026-03-03 04:45:00,23.63,43.86,37.34,14.37,440,466.0,4,1
2026-03-03 04:50:00,25.23,43.65,36.61,33.34,366,449.5,4,1
2026-03-03 04:55:00,18.9,42.42,36.76,14.03,397,509.8,4,1
2026-03-03 05:00:00,20.89,42.34,36.72,19.22,388,459.5,5,1
2026-03-03 05:05:00,18.21,43.0,37.04,19.82,389,517.7,5,1
2026-03-03 05:10:00,22.01,44.99,36.7,24.28,501,710.8,5,1
2026-03-03 05:15:00,23.54,45.91,37.3,14.42,401,406.1,5,1
2026-03-03 05:20:00,21.65,46.58,36.87,17.4,359,418.8,5,1
2026-03-03 05:25:00,30.84,47.06,36.72,25.36,444,667.4,5,1
2026-03-03 05:30:00,29.57,47.31,37.03,27.31,470,594.3,5,1
2026-03-03 05:35:00,22.52,46.71,36.32,26.04,508,635.8,5,1
2026-03-03 05:40:00,22.79,47.61,36.57,27.52,566,723.9,5,1
2026-03-03 05:45:00,23.47,47.52,37.29,19.12,465,466.2,5,1
2026-03-03 05:50:00,23.27,49.48,36.65,26.04,602,648.5,5,1
2026-03-03 05:55:00,29.37,49.31,36.43,28.44,499,639.1,5,1
2026-03-03 06:00:00,27.12,49.67,37.56,22.11,557,658.2,6,1
2026-03-03 06:05:00,24.41,49.45,36.97,28.99,517,711.8,6,1
2026-03-03 06:10:00,27.69,49.68,36.74,28.7,608,564.2,6,1
2026-03-03 06:15:00,23.05,50.15,36.63,21.72,547,513.4,6,1
2026-03-03 06:20:00,29.49,49.57,37.19,36.73,638,747.6,6,1
2026-03-03 06:25:00,27.21,49.7,36.68,32.93,597,776.9,6,1
2026-03-03 06:30:00,26.04,48.94,37.17,17.89,580,541.2,6,1
2026-03-03 06:35:00,33.11,50.32,37.04,39.27,651,861.4,6,1
2026-03-03 06:40:00,29.37,50.95,37.42,22.48,536,556.9,6,1
2026-03-03 06:45:00,32.1,51.82,37.89,31.7,729,987.5,6,1
2026-03-03 06:50:00,30.1,50.42,37.32,29.09,612,763.0,6,1
2026-03-03 06:55:00,34.36,51.05,37.23,34.31,709,813.0,6,1
2026-03-03 07:00:00,31.31,51.09,37.22,34.22,655,897.7,7,1
2026-03-03 07:05:00,25.67,51.31,37.0,31.27,735,855.6,7,1
2026-03-03 07:10:00,23.64,52.2,36.96,36.07,726,686.8,7,1
2026-03-03 07:15:00,29.3,51.32,36.98,34.07,689,876.6,7,1
2026-03-03 07:20:00,32.0,51.04,37.69,31.24,767,679.3,7,1
2026-03-03 07:25:00,30.09,50.45,37.09,38.73,763,1044.0,7,1
2026-03-03 07:30:00,30.99,50.37,37.35,25.79,680,919.5,7,1
2026-03-03 07:35:00,30.72,51.19,37.0,27.84,769,769.0,7,1
2026-03-03 07:40:00,34.59,50.99,37.25,34.12,720,820.2,7,1
2026-03-03 07:45:00,31.59,50.4,37.57,39.79,762,999.6,7,1
2026-03-03 07:50:00,46.6,66.89,37.7,45.64,1172,1320.6,7,1
2026-03-03 07:55:00,24.68,51.85,37.21,29.16,852,856.7,7,1
2026-03-03 08:00:00,33.16,51.36,37.9,46.28,804,1171.8,8,1
2026-03-03 08:05:00,33.87,51.28,36.85,34.1,983,1198.1,8,1
2026-03-03 08:10:00,31.83,53.44,37.26,35.5,882,999.6,8,1
2026-03-03 08:15:00,33.02,54.62,37.38,32.97,899,1096.5,8,1
2026-03-03 08:20:00,33.57,55.57,37.57,40.01,1015,1207.0,8,1
2026-03-03 08:25:00,32.12,54.02,36.99,40.65,954,1077.7,8,1
2026-03-03 08:30:00,34.74,54.85,37.45,34.97,985,1183.9,8,1
2026-03-03 08:35:00,29.28,55.76,37.1,31.07,974,907.2,8,1
2026-03-03 08:40:00,33.34,56.14,37.5,40.67,1000,1316.8,8,1
2026-03-03 08:45:00,37.34,56.39,37.9,32.62,1051,1007.2,8,1
2026-03-03 08:50:00,31.16,56.13,37.05,32.83,1004,1013.6,8,1
2026-03-03 08:55:00,32.52,57.25,37.75,39.17,1028,1419.4,8,1
2026-03-03 09:00:00,38.26,58.49,37.35,45.56,1166,1132.1,9,1
2026-03-03 09:05:00,34.75,57.61,37.7,36.77,1108,1252.6,9,1
2026-03-03 09:10:00,32.4,57.85,37.39,37.01,1050,1038.3,9,1
2026-03-03 09:15:00,34.14,58.05,37.57,36.69,1106,1146.1,9,1
2026-03-03 09:20:00,31.39,58.96,37.49,30.1,1138,1232.2,9,1
2026-03-03 09:25:00,38.68,60.1,38.1,49.4,1231,1486.0,9,1
2026-03-03 09:30:00,37.46,61.34,37.91,34.49,1162,1081.6,9,1
2026-03-03 09:35:00,35.78,61.29,37.97,41.99,1184,1317.4,9,1
2026-03-03 09:40:00,33.06,60.83,37.84,37.92,1214,1378.1,9,1
2026-03-03 09:45:00,39.17,61.46,38.02,45.9,1192,1484.8,9,1
2026-03-03 09:50:00,37.17,61.95,37.43,49.06,1242,1661.3,9,1
2026-03-03 09:55:00,42.26,62.36,37.8,38.17,1256,1324.1,9,1
2026-03-03 10:00:00,33.46,61.38,37.56,42.09,1274,1379.1,10,1
2026-03-03 10:05:00,60.21,62.44,37.39,46.41,1299,1459.3,10,1
2026-03-03 10:10:00,39.0,62.77,37.31,43.35,1289,1694.4,10,1
2026-03-03 10:15:00,67.92,73.39,38.22,74.37,2217,2332.2,10,1
2026-03-03 10:20:00,52.56,64.61,38.1,51.15,1338,1974.3,10,1
2026-03-03 10:25:00,44.42,64.38,37.56,46.95,1385,1818.2,10,1
2026-03-03 10:30:00,37.52,99.0,37.64,42.23,1401,1342.6,10,1
2026-03-03 10:35:00,36.32,64.63,37.78,46.68,1403,1469.5,10,1
2026-03-03 10:40:00,40.71,65.24,37.52,46.19,1471,1489.6,10,1
2026-03-03 10:45:00,42.03,66.42,38.51,52.69,1385,1788.9,10,1
2026-03-03 10:50:00,44.41,65.21,38.1,44.06,1441,1532.9,10,1
2026-03-03 10:55:00,46.0,65.81,37.93,53.66,1499,1853.7,10,1
2026-03-03 11:00:00,30.08,66.78,38.24,38.87,1467,1544.0,11,1
2026-03-03 11:05:00,37.92,67.46,37.76,42.08,1505,1537.1,11,1
2026-03-03 11:10:00,54.21,68.29,37.7,61.36,1518,2038.6,11,1
2026-03-03 11:15:00,46.18,68.85,37.81,58.66,1605,2083.5,11,1
2026-03-03 11:20:00,46.51,69.45,37.54,52.83,1651,2120.1,11,1
2026-03-03 11:25:00,46.14,67.24,38.31,45.1,1557,1602.4,11,1
2026-03-03 11:30:00,44.73,68.91,37.74,42.35,1576,1629.2,11,1
2026-03-03 11:35:00,46.1,69.55,37.86,54.63,1543,1905.7,11,1
2026-03-03 11:40:00,55.99,70.44,38.37,62.11,1581,2203.4,11,1
2026-03-03 11:45:00,41.22,72.06,37.4,54.78,1666,1985.1,11,1
2026-03-03 11:50:00,44.35,72.19,37.56,43.0,1617,1403.1,11,1
2026-03-03 11:55:00,40.0,71.68,37.96,41.77,1643,1514.7,11,1
2026-03-03 12:00:00,44.09,71.17,37.59,57.66,1658,2019.2,12,1
2026-03-03 12:05:00,46.19,72.35,37.73,49.49,1740,1684.9,12,1
2026-03-03 12:10:00,57.72,72.43,38.1,63.28,1647,2444.6,12,1
2026-03-03 12:15:00,40.7,71.09,37.94,46.5,1756,1590.3,12,1
2026-03-03 12:20:00,42.68,71.28,38.08,46.61,1748,1585.6,12,1
2026-03-03 12:25:00,51.98,70.75,38.06,53.64,1715,2176.8,12,1
2026-03-03 12:30:00,44.18,71.33,37.84,41.61,1778,1544.3,12,1
2026-03-03 12:35:00,53.65,72.37,38.38,60.01,1719,2271.1,12,1
2026-03-03 12:40:00,51.38,73.54,38.1,57.4,1764,1982.5,12,1
2026-03-03 12:45:00,43.7,74.15,38.34,49.1,1706,1689.7,12,1
2026-03-03 12:50:00,45.73,72.97,37.84,57.48,1821,2074.7,12,1
2026-03-03 12:55:00,52.51,73.69,38.3,61.72,1824,2265.9,12,1
2026-03-03 13:00:00,42.0,72.92,37.95,55.0,1752,1883.5,13,1
2026-03-03 13:05:00,48.39,73.46,37.64,51.15,1817,1863.7,13,1
2026-03-03 13:10:00,59.45,74.27,38.23,68.54,1944,2593.6,13,1
2026-03-03 13:15:00,55.25,75.24,37.76,58.5,1957,2201.3,13,1
2026-03-03 13:20:00,51.03,75.22,37.73,58.17,1910,2152.6,13,1
2026-03-03 13:25:00,52.34,76.48,37.94,47.3,1912,1949.8,13,1
2026-03-03 13:30:00,56.84,76.39,37.65,72.53,1959,2775.6,13,1
2026-03-03 13:35:00,42.92,75.8,38.53,45.85,1858,1919.7,13,1
2026-03-03 13:40:00,51.94,75.67,38.33,52.21,1820,1546.7,13,1
2026-03-03 13:45:00,67.66,84.92,38.74,81.64,3019,2806.2,13,1
2026-03-03 13:50:00,47.21,75.41,37.81,51.42,1966,1895.6,13,1
2026-03-03 13:55:00,61.64,78.22,38.26,76.73,2042,2882.5,13,1
2026-03-03 14:00:00,51.0,78.13,38.42,63.74,1941,2256.0,14,1
2026-03-03 14:05:00,55.41,78.36,38.45,68.06,2033,2762.6,14,1
2026-03-03 14:10:00,46.25,77.56,38.51,51.26,1892,1993.1,14,1
2026-03-03 14:15:00,51.84,78.78,37.69,44.25,1927,1803.6,14,1
2026-03-03 14:20:00,47.88,78.88,38.08,50.59,1909,2002.1,14,1
2026-03-03 14:25:00,51.01,79.36,37.99,53.44,2014,1983.6,14,1
2026-03-03 14:30:00,64.83,78.66,38.17,67.48,1881,2757.3,14,1
2026-03-03 14:35:00,56.45,78.78,38.39,68.47,1932,2501.7,14,1
2026-03-03 14:40:00,40.59,78.26,38.27,55.07,1894,1713.1,14,1
2026-03-03 14:45:00,53.57,78.2,38.23,65.73,2029,2301.0,14,1
2026-03-03 14:50:00,53.85,77.9,37.93,67.4,1913,2396.8,14,1
2026-03-03 14:55:00,55.89,78.01,38.17,60.11,1952,2244.2,14,1
2026-03-03 15:00:00,52.1,78.36,38.93,54.35,2050,2117.3,15,1
2026-03-03 15:05:00,49.06,77.68,39.08,54.51,1954,1962.9,15,1
2026-03-03 15:10:00,56.6,77.97,38.12,62.7,2075,2293.0,15,1
2026-03-03 15:15:00,52.34,76.98,38.37,54.88,1994,2094.3,15,1
2026-03-03 15:20:00,53.09,77.02,38.39,59.74,2050,2279.9,15,1
2026-03-03 15:25:00,61.69,78.75,38.81,73.61,2041,2602.6,15,1
2026-03-03 15:30:00,71.48,77.14,38.79,71.93,2048,2836.8,15,1
2026-03-03 15:35:00,55.95,78.95,38.5,55.87,2061,2057.5,15,1
2026-03-03 15:40:00,49.9,79.79,37.86,55.14,2082,2085.7,15,1
2026-03-03 15:45:00,53.57,80.24,38.68,59.7,2043,2582.5,15,1
2026-03-03 15:50:00,42.21,80.83,38.39,58.32,2055,2155.8,15,1
2026-03-03 15:55:00,42.2,80.77,38.24,52.26,1975,1903.6,15,1
2026-03-03 16:00:00,64.58,81.72,38.5,67.29,1943,2628.5,16,1
2026-03-03 16:05:00,50.62,80.42,38.44,51.63,2018,2199.4,16,1
2026-03-03 16:10:00,67.22,79.74,38.21,63.41,2003,2638.1,16,1
2026-03-03 16:15:00,39.99,79.92,38.85,48.57,1958,1714.6,16,1
2026-03-03 16:20:00,55.61,78.96,38.96,67.33,1951,2750.8,16,1
2026-03-03 16:25:00,47.64,77.39,38.44,53.77,1953,1964.8,16,1
2026-03-03 16:30:00,51.09,76.15,38.36,51.08,1996,1957.4,16,1
2026-03-03 16:35:00,50.53,76.22,38.57,61.63,1959,2409.8,16,1
2026-03-03 16:40:00,50.25,77.14,38.86,55.58,2005,1887.0,16,1
2026-03-03 16:45:00,49.54,76.58,39.18,51.68,2026,2073.4,16,1
2026-03-03 16:50:00,55.32,75.52,38.92,54.65,2016,2109.7,16,1
2026-03-03 16:55:00,49.35,75.96,39.14,64.08,1976,1962.5,16,1
2026-03-03 17:00:00,68.45,76.32,38.89,68.74,1963,2691.6,17,1
2026-03-03 17:05:00,49.87,77.86,38.43,58.47,1955,2005.1,17,1
2026-03-03 17:10:00,59.08,78.36,38.33,52.41,2049,2216.3,17,1
2026-03-03 17:15:00,47.42,78.11,38.99,64.71,1926,2153.6,17,1
2026-03-03 17:20:00,63.93,78.44,38.45,69.6,1899,2789.2,17,1
2026-03-03 17:25:00,47.73,79.18,38.67,51.59,1881,1849.5,17,1
2026-03-03 17:30:00,61.04,79.54,38.58,68.62,1959,2596.4,17,1
2026-03-03 17:35:00,57.96,79.25,38.48,62.41,1899,2352.0,17,1
2026-03-03 17:40:00,45.04,77.12,39.46,51.15,1887,1663.9,17,1
2026-03-03 17:45:00,50.02,78.5,38.65,63.28,1925,2078.3,17,1
2026-03-03 17:50:00,54.66,79.36,39.33,56.53,1963,2091.1,17,1
2026-03-03 17:55:00,37.95,79.08,38.55,50.6,1837,1609.4,17,1
2026-03-03 18:00:00,57.96,78.78,38.93,61.64,1834,2101.7,18,1
2026-03-03 18:05:00,54.04,78.58,38.55,57.54,1824,1851.4,18,1
2026-03-03 18:10:00,57.46,79.54,39.16,60.55,1862,2333.7,18,1
2026-03-03 18:15:00,62.67,79.11,38.8,77.62,1929,2836.1,18,1
2026-03-03 18:20:00,40.19,77.73,38.53,54.45,1849,1733.8,18,1
2026-03-03 18:25:00,51.4,77.82,39.1,62.42,1776,2302.5,18,1
2026-03-03 18:30:00,50.27,78.01,39.3,52.14,1753,1935.9,18,1
2026-03-03 18:35:00,54.3,77.25,38.91,57.28,1784,1888.1,18,1
2026-03-03 18:40:00,56.27,76.73,39.01,62.02,1788,2234.9,18,1
2026-03-03 18:45:00,47.34,75.71,39.05,68.24,1807,2012.9,18,1
2026-03-03 18:50:00,66.53,88.18,38.83,73.87,2485,2365.2,18,1
2026-03-03 18:55:00,55.39,73.15,38.94,66.22,1770,2412.2,18,1
2026-03-03 19:00:00,49.88,71.75,38.77,49.9,1708,1930.0,19,1
2026-03-03 19:05:00,45.51,72.47,38.64,44.73,1697,1542.7,19,1
2026-03-03 19:10:00,69.59,74.21,38.91,72.84,1761,2733.7,19,1
2026-03-03 19:15:00,55.32,73.49,38.64,55.72,1723,2230.9,19,1
2026-03-03 19:20:00,41.18,73.98,38.41,46.8,1625,1724.5,19,1
2026-03-03 19:25:00,47.48,74.24,38.65,56.15,1619,1819.7,19,1
2026-03-03 19:30:00,47.3,73.81,39.17,47.86,1522,1740.5,19,1
2026-03-03 19:35:00,54.44,71.88,38.88,60.71,1663,2296.2,19,1
2026-03-03 19:40:00,49.65,70.23,39.51,56.52,1467,2003.4,19,1
2026-03-03 19:45:00,42.85,69.22,39.05,42.9,1586,1591.7,19,1
2026-03-03 19:50:00,41.68,68.69,39.09,54.89,1641,1887.7,19,1
2026-03-03 19:55:00,51.74,68.38,39.17,44.05,1591,1729.1,19,1
2026-03-03 20:00:00,39.45,67.89,39.47,48.26,1496,1432.7,20,1
2026-03-03 20:05:00,53.55,67.96,39.27,50.22,1546,2206.1,20,1
2026-03-03 20:10:00,43.84,67.78,38.82,53.66,1555,1710.9,20,1
2026-03-03 20:15:00,35.99,68.1,38.78,33.55,1496,1329.3,20,1
2026-03-03 20:20:00,42.09,66.07,38.91,41.19,1434,1588.8,20,1
2026-03-03 20:25:00,44.64,66.44,39.45,58.97,1500,2025.8,20,1
2026-03-03 20:30:00,45.68,65.59,38.95,50.74,1447,1840.4,20,1
2026-03-03 20:35:00,34.57,65.42,39.26,38.65,1457,1363.1,20,1
2026-03-03 20:40:00,34.82,65.37,38.89,44.37,1379,1570.7,20,1
2026-03-03 20:45:00,37.33,64.69,38.73,42.51,1319,1403.7,20,1
2026-03-03 20:50:00,41.24,64.26,38.92,51.41,1411,1706.1,20,1
2026-03-03 20:55:00,41.05,64.37,38.99,41.98,1294,1396.5,20,1
2026-03-03 21:00:00,35.68,64.14,38.79,42.08,1369,1566.8,21,1
2026-03-03 21:05:00,35.14,64.46,39.76,44.72,1357,1485.8,21,1
2026-03-03 21:10:00,33.09,63.83,39.34,38.26,1331,1474.1,21,1
2026-03-03 21:15:00,30.2,63.18,39.51,38.13,1264,1044.2,21,1
2026-03-03 21:20:00,35.87,64.41,39.54,41.79,1234,1258.7,21,1
2026-03-03 21:25:00,29.56,64.84,39.51,39.21,1285,1080.6,21,1
2026-03-03 21:30:00,35.4,64.93,39.09,37.06,1186,1338.7,21,1
2026-03-03 21:35:00,42.21,64.08,39.19,39.54,1192,1474.9,21,1
2026-03-03 21:40:00,32.09,64.72,39.1,46.43,1193,1312.6,21,1
2026-03-03 21:45:00,34.03,64.14,38.85,37.71,1150,1180.5,21,1
2026-03-03 21:50:00,39.79,63.63,39.96,47.07,1182,1516.9,21,1
2026-03-03 21:55:00,32.01,63.68,39.89,38.78,1133,1100.9,21,1
2026-03-03 22:00:00,40.73,62.33,39.85,43.8,1174,1506.8,22,1
2026-03-03 22:05:00,36.8,61.4,39.52,37.03,1137,1104.3,22,1
2026-03-03 22:10:00,42.37,59.88,39.47,49.8,1070,1350.1,22,1
2026-03-03 22:15:00,26.35,60.15,39.41,35.31,1060,1051.8,22,1
2026-03-03 22:20:00,35.6,59.17,39.51,33.26,985,1313.7,22,1
2026-03-03 22:25:00,29.06,60.15,39.78,30.89,1020,1249.8,22,1
2026-03-03 22:30:00,36.08,59.14,39.78,37.67,1016,1015.5,22,1
2026-03-03 22:35:00,34.24,59.06,39.4,36.81,991,955.0,22,1
2026-03-03 22:40:00,27.62,60.54,39.37,25.43,1005,940.3,22,1
2026-03-03 22:45:00,31.98,59.65,39.24,33.91,919,1035.2,22,1
2026-03-03 22:50:00,30.99,57.67,38.7,33.96,897,914.8,22,1
2026-03-03 22:55:00,36.39,58.47,39.13,37.31,905,1091.6,22,1
2026-03-03 23:00:00,37.98,58.23,39.37,39.07,1036,1280.0,23,1
2026-03-03 23:05:00,26.35,58.47,39.77,25.66,899,991.2,23,1
2026-03-03 23:10:00,29.28,57.87,39.77,30.14,789,871.4,23,1
2026-03-03 23:15:00,35.52,58.16,39.7,33.94,878,940.8,23,1
2026-03-03 23:20:00,26.55,57.33,39.45,25.06,829,749.1,23,1
2026-03-03 23:25:00,35.04,57.54,39.85,36.93,798,1107.5,23,1
2026-03-03 23:30:00,61.43,56.55,63.67,40.8,772,1058.1,23,1
2026-03-03 23:35:00,27.36,56.16,39.49,28.15,813,951.9,23,1
2026-03-03 23:40:00,29.38,57.15,39.57,33.83,755,925.7,23,1
2026-03-03 23:45:00,34.99,56.97,39.84,20.85,756,705.8,23,1
2026-03-03 23:50:00,30.81,56.4,40.02,26.26,795,914.9,23,1
2026-03-03 23:55:00,24.54,54.99,39.93,38.0,734,775.6,23,1
2026-03-04 00:00:00,31.3,55.54,36.17,36.98,628,726.7,0,2
2026-03-04 00:05:00,30.41,56.76,36.61,34.34,762,1076.6,0,2
2026-03-04 00:10:00,30.53,55.87,36.6,34.1,745,943.0,0,2
2026-03-04 00:15:00,28.22,54.18,36.13,15.23,688,790.1,0,2
2026-03-04 00:20:00,28.51,53.97,35.92,29.04,621,693.7,0,2
2026-03-04 00:25:00,19.47,52.79,37.04,29.41,702,787.8,0,2
2026-03-04 00:30:00,40.2,61.84,36.58,31.71,816,892.8,0,2
2026-03-04 00:35:00,32.56,51.88,36.44,29.97,719,685.5,0,2
2026-03-04 00:40:00,33.42,52.5,35.72,32.5,640,804.1,0,2
2026-03-04 00:45:00,22.54,52.84,36.52,22.16,606,652.8,0,2
2026-03-04 00:50:00,22.54,51.5,36.25,34.72,684,810.2,0,2
2026-03-04 00:55:00,25.67,49.72,36.52,30.08,571,612.9,0,2
2026-03-04 01:00:00,24.36,50.16,36.54,26.01,561,783.3,1,2
2026-03-04 01:05:00,31.69,50.51,37.35,26.96,552,703.3,1,2
2026-03-04 01:10:00,27.63,50.52,37.18,31.02,606,738.5,1,2
2026-03-04 01:15:00,26.6,50.52,37.14,15.54,543,513.0,1,2
2026-03-04 01:20:00,32.11,58.82,36.79,30.98,692,850.7,1,2
2026-03-04 01:25:00,23.38,49.15,37.07,23.96,442,578.9,1,2
2026-03-04 01:30:00,29.72,48.93,37.16,21.95,569,574.3,1,2
2026-03-04 01:35:00,18.97,47.18,36.85,25.19,439,379.4,1,2
2026-03-04 01:40:00,22.42,46.47,37.38,23.4,491,565.1,1,2
2026-03-04 01:45:00,23.05,46.61,37.32,22.52,457,594.0,1,2
2026-03-04 01:50:00,23.57,47.18,36.87,21.47,523,489.2,1,2
2026-03-04 01:55:00,24.1,47.98,36.69,13.88,500,447.4,1,2
2026-03-04 02:00:00,27.66,47.96,36.95,24.36,489,455.6,2,2
2026-03-04 02:05:00,24.36,48.32,36.62,30.03,537,528.2,2,2
2026-03-04 02:10:00,25.58,47.79,36.57,27.05,454,658.0,2,2
2026-03-04 02:15:00,19.39,47.81,36.61,17.06,361,417.3,2,2
2026-03-04 02:20:00,30.26,48.5,36.41,20.84,462,635.9,2,2
2026-03-04 02:25:00,28.46,58.01,37.05,34.7,561,581.3,2,2
2026-03-04 02:30:00,22.1,45.96,36.66,18.68,369,362.9,2,2
2026-03-04 02:35:00,26.65,45.77,37.15,31.23,504,697.9,2,2
2026-03-04 02:40:00,20.22,46.37,37.0,19.08,402,476.5,2,2
2026-03-04 02:45:00,27.9,47.02,36.49,21.61,416,430.9,2,2
2026-03-04 02:50:00,18.71,46.69,37.37,22.88,377,363.2,2,2
2026-03-04 02:55:00,25.64,47.26,36.75,16.06,437,416.7,2,2
2026-03-04 03:00:00,25.77,47.26,36.98,31.53,406,584.3,3,2
2026-03-04 03:05:00,20.14,47.78,37.24,25.99,383,424.0,3,2
2026-03-04 03:10:00,21.48,49.17,36.77,18.48,345,399.3,3,2
2026-03-04 03:15:00,15.38,49.01,37.38,20.77,366,402.8,3,2
2026-03-04 03:20:00,18.53,46.54,36.98,16.39,320,313.5,3,2
2026-03-04 03:25:00,24.46,46.15,37.16,15.19,370,380.6,3,2
2026-03-04 03:30:00,24.86,48.23,36.9,26.87,513,589.8,3,2
2026-03-04 03:35:00,21.6,48.37,36.84,25.17,383,415.1,3,2
2026-03-04 03:40:00,23.59,48.71,37.24,21.24,448,502.1,3,2
2026-03-04 03:45:00,17.84,49.47,36.89,25.89,389,446.9,3,2
2026-03-04 03:50:00,20.89,46.82,36.75,22.29,434,443.7,3,2
2026-03-04 03:55:00,17.71,45.69,37.55,21.54,408,446.6,3,2
2026-03-04 04:00:00,27.88,46.64,37.31,31.14,437,548.6,4,2
2026-03-04 04:05:00,25.34,45.77,37.76,19.51,390,425.4,4,2
2026-03-04 04:10:00,21.35,45.01,37.17,23.2,389,419.6,4,2
2026-03-04 04:15:00,22.83,44.99,37.18,26.87,386,492.7,4,2
2026-03-04 04:20:00,20.5,43.88,37.5,22.42,347,467.1,4,2
2026-03-04 04:25:00,22.87,45.64,37.43,21.19,439,421.6,4,2
2026-03-04 04:30:00,21.86,46.01,37.28,12.77,430,499.1,4,2
2026-03-04 04:35:00,20.11,46.27,37.39,13.19,426,375.4,4,2
2026-03-04 04:40:00,21.95,44.86,37.62,17.24,465,407.9,4,2
2026-03-04 04:45:00,27.51,44.18,37.5,21.94,426,549.2,4,2
2026-03-04 04:50:00,25.23,45.45,37.32,21.2,342,365.8,4,2
2026-03-04 04:55:00,27.26,45.02,37.81,28.7,503,594.5,4,2
2026-03-04 05:00:00,21.94,44.73,37.48,28.96,520,509.6,5,2
2026-03-04 05:05:00,27.13,45.95,37.11,22.1,404,519.7,5,2
2026-03-04 05:10:00,21.35,46.19,37.83,11.75,360,358.9,5,2
2026-03-04 05:15:00,29.23,47.39,37.44,29.29,469,590.4,5,2
2026-03-04 05:20:00,17.03,48.29,37.43,19.69,483,547.6,5,2
2026-03-04 05:25:00,23.9,49.03,37.73,20.05,454,538.9,5,2
2026-03-04 05:30:00,19.66,48.32,37.65,29.54,482,544.9,5,2
2026-03-04 05:35:00,24.38,49.1,37.59,16.45,463,560.8,5,2
2026-03-04 05:40:00,26.14,50.18,37.37,22.68,532,655.1,5,2
2026-03-04 05:45:00,21.95,49.07,38.2,27.83,503,613.8,5,2
2026-03-04 05:50:00,26.52,48.8,37.48,22.81,545,674.2,5,2
2026-03-04 05:55:00,28.58,49.12,37.55,23.74,565,574.9,5,2
2026-03-04 06:00:00,28.91,47.73,37.22,26.7,523,744.8,6,2
2026-03-04 06:05:00,24.67,47.6,37.71,26.23,575,794.6,6,2
2026-03-04 06:10:00,26.59,49.21,37.11,21.68,618,601.5,6,2
2026-03-04 06:15:00,27.25,48.69,37.25,27.84,506,673.1,6,2
2026-03-04 06:20:00,28.31,49.65,37.64,22.1,633,757.5,6,2
2026-03-04 06:25:00,25.71,47.75,37.98,28.96,591,778.8,6,2
2026-03-04 06:30:00,24.6,47.92,38.2,27.54,587,743.3,6,2
2026-03-04 06:35:00,26.13,48.76,37.54,19.66,659,714.6,6,2
2026-03-04 06:40:00,24.94,50.82,37.52,23.32,671,816.9,6,2
2026-03-04 06:45:00,21.28,51.31,37.52,24.09,692,608.6,6,2
2026-03-04 06:50:00,31.88,51.8,37.33,25.12,726,649.4,6,2
2026-03-04 06:55:00,29.68,52.81,37.97,30.6,746,704.5,6,2
2026-03-04 07:00:00,26.91,52.55,37.2,22.43,694,644.7,7,2
2026-03-04 07:05:00,28.93,52.59,37.59,31.55,579,832.6,7,2
2026-03-04 07:10:00,27.54,53.34,37.82,29.37,782,671.0,7,2
2026-03-04 07:15:00,32.2,52.29,37.57,34.86,725,838.5,7,2
2026-03-04 07:20:00,29.31,52.84,37.54,29.2,756,709.2,7,2
2026-03-04 07:25:00,30.08,53.1,37.67,27.02,786,701.1,7,2
2026-03-04 07:30:00,25.06,53.49,37.2,33.01,784,842.8,7,2
2026-03-04 07:35:00,30.24,52.5,38.14,20.88,756,781.3,7,2
2026-03-04 07:40:00,31.74,53.61,37.62,35.57,818,1068.8,7,2
2026-03-04 07:45:00,35.5,54.1,37.75,32.48,791,960.1,7,2
2026-03-04 07:50:00,28.16,53.58,37.92,28.21,815,788.3,7,2
2026-03-04 07:55:00,25.71,54.85,37.45,34.95,805,883.0,7,2
2026-03-04 08:00:00,38.15,54.87,37.48,34.58,777,812.7,8,2
2026-03-04 08:05:00,31.46,55.55,37.72,36.21,828,927.9,8,2
2026-03-04 08:10:00,25.02,55.57,37.45,34.76,812,856.4,8,2
2026-03-04 08:15:00,32.02,56.63,37.65,35.89,952,1030.9,8,2
2026-03-04 08:20:00,24.83,56.93,38.17,29.91,942,846.2,8,2
2026-03-04 08:25:00,26.33,56.08,38.31,37.28,992,1019.3,8,2
2026-03-04 08:30:00,33.82,57.13,38.14,41.45,969,1280.2,8,2
2026-03-04 08:35:00,34.2,58.43,37.76,33.69,1009,932.3,8,2
2026-03-04 08:40:00,22.77,58.4,37.6,36.98,1026,1110.0,8,2
2026-03-04 08:45:00,36.08,58.66,37.89,47.57,1102,1439.0,8,2
2026-03-04 08:50:00,36.7,58.68,37.76,42.22,1034,1297.2,8,2
2026-03-04 08:55:00,30.0,58.68,37.93,29.47,1028,1016.3,8,2
2026-03-04 09:00:00,32.69,57.63,37.68,33.02,1105,1230.6,9,2
2026-03-04 09:05:00,34.03,58.27,38.11,32.27,1146,1115.0,9,2
2026-03-04 09:10:00,34.55,59.52,38.03,38.75,1162,1062.3,9,2
2026-03-04 09:15:00,44.96,61.04,37.78,37.52,1098,1380.9,9,2
2026-03-04 09:20:00,44.2,61.81,37.43,37.77,1120,1356.5,9,2
2026-03-04 09:25:00,35.9,61.1,37.88,44.73,1165,1593.7,9,2
2026-03-04 09:30:00,46.36,61.02,37.81,42.43,1148,1591.3,9,2
2026-03-04 09:35:00,32.54,61.08,38.28,31.29,1139,1251.3,9,2
2026-03-04 09:40:00,39.36,62.07,38.21,42.57,1163,1483.9,9,2
2026-03-04 09:45:00,38.99,62.38,37.96,39.94,1238,1596.8,9,2
2026-03-04 09:50:00,40.61,62.54,38.23,42.14,1197,1477.8,9,2
2026-03-04 09:55:00,44.34,62.85,38.07,40.89,1262,1497.7,9,2
2026-03-04 10:00:00,38.27,62.07,38.35,45.17,1276,1443.6,10,2
2026-03-04 10:05:00,39.38,61.65,37.73,50.72,1365,1717.7,10,2
2026-03-04 10:10:00,36.84,61.11,38.83,44.79,1332,1405.6,10,2
2026-03-04 10:15:00,41.11,62.36,38.37,46.96,1252,1483.5,10,2
2026-03-04 10:20:00,35.56,61.63,38.12,39.37,1324,1429.2,10,2
2026-03-04 10:25:00,37.49,62.42,38.29,46.72,1418,1288.2,10,2
2026-03-04 10:30:00,40.07,62.75,38.02,50.46,1309,1551.3,10,2
2026-03-04 10:35:00,44.45,63.54,38.24,54.6,1409,1732.5,10,2
2026-03-04 10:40:00,47.16,63.4,38.21,54.37,1376,1954.5,10,2
2026-03-04 10:45:00,46.09,65.03,37.82,49.84,1449,1924.1,10,2
2026-03-04 10:50:00,46.2,64.26,37.92,61.03,1518,1878.0,10,2
2026-03-04 10:55:00,49.25,66.07,38.24,54.46,1493,1993.9,10,2
2026-03-04 11:00:00,39.57,66.16,37.97,44.81,1460,1562.5,11,2
2026-03-04 11:05:00,50.81,67.23,38.26,50.5,1555,2022.8,11,2
2026-03-04 11:10:00,41.0,67.62,38.43,43.8,1551,1552.9,11,2
2026-03-04 11:15:00,50.18,68.04,38.51,56.44,1570,2064.2,11,2
2026-03-04 11:20:00,42.29,68.2,38.19,46.03,1498,1733.7,11,2
2026-03-04 11:25:00,45.68,67.42,38.54,47.66,1505,1778.0,11,2
2026-03-04 11:30:00,44.65,67.59,38.38,41.35,1608,1854.1,11,2
2026-03-04 11:35:00,50.84,68.86,38.85,59.07,1629,2106.0,11,2
2026-03-04 11:40:00,46.55,69.18,38.63,54.24,1686,1966.0,11,2
2026-03-04 11:45:00,54.31,69.84,38.62,58.54,1597,2168.5,11,2
2026-03-04 11:50:00,45.34,70.85,38.32,46.38,1630,1556.1,11,2
2026-03-04 11:55:00,52.86,72.54,38.37,63.04,1713,2088.8,11,2
2026-03-04 12:00:00,48.17,72.67,39.23,53.89,1643,1788.6,12,2
2026-03-04 12:05:00,49.5,73.14,38.28,62.22,1672,2123.9,12,2
2026-03-04 12:10:00,43.83,73.32,38.26,46.23,1741,1746.1,12,2
2026-03-04 12:15:00,59.83,73.93,38.44,61.77,1740,2405.3,12,2
2026-03-04 12:20:00,51.48,71.9,38.93,53.61,1632,2021.8,12,2
2026-03-04 12:25:00,63.37,72.13,38.57,61.29,1794,2297.2,12,2
2026-03-04 12:30:00,50.12,72.36,38.43,55.69,1740,2153.4,12,2
2026-03-04 12:35:00,38.08,72.37,38.75,45.09,1786,1557.2,12,2
2026-03-04 12:40:00,52.91,71.41,38.34,71.38,1750,2260.8,12,2
2026-03-04 12:45:00,45.08,72.3,38.35,52.72,1753,1935.9,12,2
2026-03-04 12:50:00,44.68,71.99,38.37,51.96,1763,1713.4,12,2
2026-03-04 12:55:00,52.48,72.23,39.41,57.04,1831,2011.3,12,2
2026-03-04 13:00:00,57.92,72.77,38.48,54.06,1737,2119.7,13,2
2026-03-04 13:05:00,43.03,73.67,38.51,50.04,1802,1727.5,13,2
2026-03-04 13:10:00,56.6,75.31,38.31,70.51,1862,2380.2,13,2
2026-03-04 13:15:00,51.9,74.33,39.0,68.94,1847,2552.0,13,2
2026-03-04 13:20:00,51.56,75.74,38.85,64.03,1808,2260.5,13,2
2026-03-04 13:25:00,53.34,76.38,38.78,56.76,1847,2171.3,13,2
2026-03-04 13:30:00,48.85,76.29,38.52,49.1,1956,1885.3,13,2
2026-03-04 13:35:00,52.22,77.29,38.76,69.55,1954,2296.3,13,2
2026-03-04 13:40:00,54.11,76.97,39.37,61.03,1951,2403.9,13,2
2026-03-04 13:45:00,47.93,78.56,38.91,52.73,1867,1846.8,13,2
2026-03-04 13:50:00,46.9,77.9,38.75,52.87,1862,1903.7,13,2
2026-03-04 13:55:00,51.21,77.96,39.36,53.55,1864,2070.2,13,2
2026-03-04 14:00:00,47.47,76.99,38.54,56.43,1849,1915.3,14,2
2026-03-04 14:05:00,54.56,77.02,38.67,57.73,1974,2161.1,14,2
2026-03-04 14:10:00,49.5,78.24,38.9,58.41,2034,2054.4,14,2
2026-03-04 14:15:00,63.7,78.18,38.54,67.2,2013,2659.3,14,2
2026-03-04 14:20:00,53.06,78.88,38.74,67.71,1904,2516.3,14,2
2026-03-04 14:25:00,45.17,80.47,39.05,52.31,1992,2009.2,14,2
2026-03-04 14:30:00,62.38,80.37,38.54,65.22,2009,2608.0,14,2
2026-03-04 14:35:00,65.77,79.68,39.29,66.0,1901,2809.6,14,2
2026-03-04 14:40:00,56.42,78.73,38.15,66.32,2039,2478.1,14,2
2026-03-04 14:45:00,60.0,79.57,38.66,61.05,2100,2400.8,14,2
2026-03-04 14:50:00,58.49,79.69,39.18,75.05,2030,2805.5,14,2
2026-03-04 14:55:00,42.98,79.8,38.53,55.04,1995,2032.2,14,2
2026-03-04 15:00:00,43.48,79.98,38.76,46.83,1904,1743.1,15,2
2026-03-04 15:05:00,56.46,80.42,39.24,67.55,2074,2586.9,15,2
2026-03-04 15:10:00,48.39,81.13,38.96,60.7,2034,2169.2,15,2
2026-03-04 15:15:00,52.37,80.69,38.79,63.82,1989,2331.3,15,2
2026-03-04 15:20:00,57.48,80.95,38.7,67.22,2012,2445.5,15,2
2026-03-04 15:25:00,56.9,80.71,38.59,67.39,2070,2266.6,15,2
2026-03-04 15:30:00,53.12,79.59,38.45,63.48,2008,2453.0,15,2
2026-03-04 15:35:00,69.51,92.28,39.31,73.95,3115,2713.8,15,2
2026-03-04 15:40:00,56.55,80.14,39.06,54.81,1983,2074.8,15,2
2026-03-04 15:45:00,64.56,79.68,38.91,70.55,2034,2550.5,15,2
2026-03-04 15:50:00,45.5,79.49,39.07,53.12,1970,1808.0,15,2
2026-03-04 15:55:00,57.08,79.16,38.99,69.24,2002,2775.5,15,2
2026-03-04 16:00:00,94.42,88.56,39.31,99.0,3338,4495.8,16,2
2026-03-04 16:05:00,48.18,79.26,39.68,54.85,1917,1918.1,16,2
2026-03-04 16:10:00,54.64,77.87,39.26,69.12,1987,2257.4,16,2
2026-03-04 16:15:00,81.31,93.51,38.62,92.52,3316,3856.9,16,2
2026-03-04 16:20:00,60.48,79.51,39.73,67.56,2077,2901.3,16,2
2026-03-04 16:25:00,45.87,79.08,38.7,47.59,1942,1857.1,16,2
2026-03-04 16:30:00,54.32,78.13,38.81,60.62,1960,2221.0,16,2
2026-03-04 16:35:00,59.32,78.78,39.41,53.28,2048,2299.9,16,2
2026-03-04 16:40:00,68.76,78.05,38.83,65.3,2003,2735.3,16,2
2026-03-04 16:45:00,48.75,78.89,39.16,61.35,1991,2425.3,16,2
2026-03-04 16:50:00,53.12,78.48,39.21,64.36,1962,2211.7,16,2
2026-03-04 16:55:00,54.89,78.82,39.35,67.45,1936,2376.3,16,2
2026-03-04 17:00:00,49.62,78.61,39.0,61.77,2004,2355.1,17,2
2026-03-04 17:05:00,60.73,77.08,39.4,70.0,1964,2762.6,17,2
2026-03-04 17:10:00,47.84,77.22,39.66,45.58,1892,1940.5,17,2
2026-03-04 17:15:00,51.81,78.04,39.15,69.69,1950,2445.0,17,2
2026-03-04 17:20:00,59.3,76.92,39.39,68.7,1902,2386.3,17,2
2026-03-04 17:25:00,59.71,77.6,39.19,67.01,1997,2465.6,17,2
2026-03-04 17:30:00,49.47,76.4,39.02,57.51,1823,2094.0,17,2
2026-03-04 17:35:00,60.11,76.31,39.89,68.96,1951,2591.4,17,2
2026-03-04 17:40:00,46.99,76.16,39.28,65.94,1859,2231.1,17,2
2026-03-04 17:45:00,48.72,74.08,39.38,54.07,1799,1841.2,17,2
2026-03-04 17:50:00,54.65,74.8,39.72,62.65,1887,2309.9,17,2
2026-03-04 17:55:00,61.48,75.04,39.24,58.43,1941,2207.1,17,2
2026-03-04 18:00:00,49.75,76.57,39.04,56.2,1870,1917.2,18,2
2026-03-04 18:05:00,44.54,76.38,39.62,48.16,1812,1685.5,18,2
2026-03-04 18:10:00,53.05,76.38,39.37,53.96,1825,2240.2,18,2
2026-03-04 18:15:00,54.82,75.91,39.1,63.22,1840,2421.5,18,2
2026-03-04 18:20:00,59.51,75.31,39.59,71.83,1827,2454.4,18,2
2026-03-04 18:25:00,52.14,74.75,39.67,59.85,1731,2107.6,18,2
2026-03-04 18:30:00,46.23,74.34,39.23,54.98,1711,1998.6,18,2
2026-03-04 18:35:00,51.55,74.07,39.25,54.58,1775,2191.9,18,2
2026-03-04 18:40:00,59.53,74.14,39.85,64.77,1835,2585.2,18,2
2026-03-04 18:45:00,56.56,74.95,39.8,63.68,1752,2294.6,18,2
2026-03-04 18:50:00,38.03,75.84,39.16,47.32,1797,1809.6,18,2
2026-03-04 18:55:00,46.39,75.11,39.93,56.48,1776,1942.2,18,2
2026-03-04 19:00:00,48.85,76.22,40.09,57.94,1707,2103.9,19,2
2026-03-04 19:05:00,47.91,74.35,39.33,51.11,1632,2076.6,19,2
2026-03-04 19:10:00,55.48,74.02,39.6,52.06,1654,2025.1,19,2
2026-03-04 19:15:00,40.3,73.84,39.42,52.33,1612,1739.7,19,2
2026-03-04 19:20:00,40.01,74.95,39.65,42.54,1673,1693.7,19,2
2026-03-04 19:25:00,53.41,74.42,39.22,57.16,1565,2121.3,19,2
2026-03-04 19:30:00,47.43,72.34,39.49,46.54,1586,1733.5,19,2
2026-03-04 19:35:00,46.41,73.29,39.4,52.84,1676,1888.8,19,2
2026-03-04 19:40:00,45.33,72.13,39.62,59.1,1632,1989.9,19,2
2026-03-04 19:45:00,41.68,72.85,40.18,53.8,1561,1971.4,19,2
2026-03-04 19:50:00,42.16,71.88,39.56,46.5,1487,1508.3,19,2
2026-03-04 19:55:00,45.73,71.23,39.51,46.79,1580,1503.1,19,2
2026-03-04 20:00:00,50.72,71.41,40.16,51.58,1578,2116.8,20,2
2026-03-04 20:05:00,47.19,71.29,39.26,52.12,1558,2035.6,20,2
2026-03-04 20:10:00,45.95,71.47,40.21,57.89,1510,2016.9,20,2
2026-03-04 20:15:00,43.93,72.27,40.22,36.36,1464,1583.1,20,2
2026-03-04 20:20:00,46.2,71.61,39.45,50.4,1422,1730.3,20,2
2026-03-04 20:25:00,52.31,71.04,39.55,52.73,1442,1940.8,20,2
2026-03-04 20:30:00,59.31,70.33,39.91,60.75,1440,2037.1,20,2
2026-03-04 20:35:00,46.44,69.57,39.74,47.16,1419,1729.6,20,2
2026-03-04 20:40:00,43.36,69.61,40.06,52.96,1353,1532.8,20,2
2026-03-04 20:45:00,38.33,67.92,39.54,49.23,1327,1574.7,20,2
2026-03-04 20:50:00,48.85,67.55,39.88,58.57,1448,2222.1,20,2
2026-03-04 20:55:00,41.73,66.28,39.63,33.54,1259,1265.0,20,2
2026-03-04 21:00:00,48.38,65.73,39.6,49.62,1348,1795.8,21,2
2026-03-04 21:05:00,48.32,64.83,39.45,46.61,1296,1755.7,21,2
2026-03-04 21:10:00,39.77,64.55,40.05,35.72,1331,1396.7,21,2
2026-03-04 21:15:00,42.41,64.11,39.78,51.92,1261,1629.6,21,2
2026-03-04 21:20:00,40.34,65.29,39.55,43.82,1226,1379.7,21,2
2026-03-04 21:25:00,36.52,64.62,40.2,42.43,1264,1473.7,21,2
2026-03-04 21:30:00,39.82,65.26,39.75,43.12,1202,1244.0,21,2
2026-03-04 21:35:00,43.79,67.45,39.6,42.82,1219,1512.0,21,2
2026-03-04 21:40:00,31.8,65.67,40.0,26.48,1159,994.7,21,2
2026-03-04 21:45:00,39.12,66.12,40.56,47.09,1134,1372.5,21,2
2026-03-04 21:50:00,40.07,67.05,39.4,43.17,1120,1282.0,21,2
2026-03-04 21:55:00,35.32,66.29,39.55,33.62,1127,1193.0,21,2
2026-03-04 22:00:00,32.22,65.53,39.4,37.4,1136,1183.9,22,2
2026-03-04 22:05:00,35.33,64.46,40.06,32.44,1130,1079.6,22,2
2026-03-04 22:10:00,27.43,62.84,40.14,27.83,1033,1029.8,22,2
2026-03-04 22:15:00,39.74,61.77,39.59,31.49,1082,1048.0,22,2
2026-03-04 22:20:00,29.52,61.29,39.5,34.26,970,1027.7,22,2
2026-03-04 22:25:00,30.06,60.09,39.71,36.63,1024,997.8,22,2
2026-03-04 22:30:00,39.02,59.32,40.15,38.86,1098,1450.0,22,2
2026-03-04 22:35:00,36.15,59.76,39.96,35.87,953,1104.2,22,2
2026-03-04 22:40:00,34.15,59.7,39.97,37.32,997,979.0,22,2
2026-03-04 22:45:00,35.74,58.65,39.7,33.44,993,1027.7,22,2
2026-03-04 22:50:00,30.73,57.56,39.8,31.61,920,947.8,22,2
2026-03-04 22:55:00,35.34,56.07,39.75,37.03,949,1029.8,22,2
2026-03-04 23:00:00,26.56,55.26,40.1,28.87,895,892.3,23,2
2026-03-04 23:05:00,34.22,54.26,40.13,32.71,812,830.6,23,2
2026-03-04 23:10:00,29.07,54.64,40.01,25.78,827,1110.3,23,2
2026-03-04 23:15:00,34.06,56.36,40.25,36.34,918,861.2,23,2
2026-03-04 23:20:00,33.24,56.5,40.32,43.93,822,1099.7,23,2
2026-03-04 23:25:00,30.93,54.96,40.24,40.07,874,1179.2,23,2
2026-03-04 23:30:00,33.58,53.88,40.8,30.27,876,930.5,23,2
2026-03-04 23:35:00,38.47,54.49,40.43,32.18,785,1121.9,23,2
2026-03-04 23:40:00,33.79,53.67,39.95,34.98,773,893.3,23,2
2026-03-04 23:45:00,30.34,53.7,39.76,28.81,796,891.7,23,2
2026-03-04 23:50:00,26.43,54.18,40.67,32.63,797,841.2,23,2
2026-03-04 23:55:00,29.57,53.66,41.06,35.64,736,815.2,23,2
2026-03-05 00:00:00,24.11,52.89,35.67,25.85,728,765.0,0,3
2026-03-05 00:05:00,27.55,52.39,35.81,21.34,640,681.7,0,3
2026-03-05 00:10:00,24.72,51.52,35.25,27.16,706,710.3,0,3
2026-03-05 00:15:00,31.21,51.31,35.99,22.24,716,669.2,0,3
2026-03-05 00:20:00,29.33,52.5,35.65,36.45,756,1064.7,0,3
2026-03-05 00:25:00,33.53,53.1,35.65,29.16,607,832.1,0,3
2026-03-05 00:30:00,22.17,52.09,35.89,30.3,656,709.2,0,3
2026-03-05 00:35:00,29.14,52.59,35.49,26.26,617,611.5,0,3
2026-03-05 00:40:00,32.56,52.48,35.6,34.16,687,746.9,0,3
2026-03-05 00:45:00,29.46,52.52,35.72,32.18,651,671.9,0,3
2026-03-05 00:50:00,25.28,51.97,36.42,30.99,607,705.6,0,3
2026-03-05 00:55:00,24.68,50.75,36.06,26.27,604,730.3,0,3
2026-03-05 01:00:00,25.33,50.1,36.21,31.99,628,881.9,1,3
2026-03-05 01:05:00,32.53,48.38,36.17,27.81,535,719.4,1,3
2026-03-05 01:10:00,22.25,46.0,35.77,18.45,579,521.0,1,3
2026-03-05 01:15:00,22.65,46.85,36.59,27.84,540,525.3,1,3
2026-03-05 01:20:00,24.93,45.99,36.0,17.4,567,560.1,1,3
2026-03-05 01:25:00,31.71,46.19,35.74,24.71,475,583.9,1,3
2026-03-05 01:30:00,22.33,48.58,35.94,31.01,560,628.3,1,3
2026-03-05 01:35:00,47.61,59.62,36.08,44.43,972,1143.5,1,3
2026-03-05 01:40:00,21.47,49.03,35.59,21.51,458,436.2,1,3
2026-03-05 01:45:00,20.01,48.88,35.89,23.61,447,617.0,1,3
2026-03-05 01:50:00,32.11,49.27,36.16,25.72,493,607.5,1,3
2026-03-05 01:55:00,27.72,49.57,35.88,19.6,450,513.1,1,3
2026-03-05 02:00:00,21.41,48.61,36.36,26.18,520,668.7,2,3
2026-03-05 02:05:00,20.98,47.68,35.94,19.98,496,512.0,2,3
2026-03-05 02:10:00,20.74,48.54,36.23,23.02,414,416.4,2,3
2026-03-05 02:15:00,25.77,48.37,36.51,14.02,384,405.3,2,3
2026-03-05 02:20:00,14.85,46.75,36.34,20.59,355,485.9,2,3
2026-03-05 02:25:00,21.98,46.92,36.34,36.85,499,640.6,2,3
2026-03-05 02:30:00,22.22,46.95,36.05,22.1,435,430.6,2,3
2026-03-05 02:35:00,20.31,46.23,36.89,32.94,496,449.4,2,3
2026-03-05 02:40:00,21.18,46.08,35.6,24.07,390,430.1,2,3
2026-03-05 02:45:00,20.36,45.12,36.09,18.4,379,497.1,2,3
2026-03-05 02:50:00,16.76,44.67,36.46,25.77,372,429.2,2,3
2026-03-05 02:55:00,27.39,44.89,36.74,17.85,339,355.8,2,3
2026-03-05 03:00:00,23.38,44.23,36.56,19.2,402,476.4,3,3
2026-03-05 03:05:00,18.82,45.76,36.19,22.18,384,470.6,3,3
2026-03-05 03:10:00,24.74,45.54,36.47,19.39,378,476.3,3,3
2026-03-05 03:15:00,23.34,46.17,36.31,18.85,388,392.5,3,3
2026-03-05 03:20:00,16.73,47.65,35.91,22.74,396,379.3,3,3
2026-03-05 03:25:00,26.02,48.34,35.82,28.93,377,496.7,3,3
2026-03-05 03:30:00,29.37,48.34,36.42,25.37,351,457.6,3,3
2026-03-05 03:35:00,22.06,47.5,36.02,17.87,376,401.9,3,3
2026-03-05 03:40:00,23.44,47.56,36.64,22.34,331,316.8,3,3
2026-03-05 03:45:00,25.45,48.78,35.96,23.42,416,468.7,3,3
2026-03-05 03:50:00,12.9,46.01,35.81,18.13,385,434.3,3,3
2026-03-05 03:55:00,26.7,46.17,36.69,26.94,391,429.5,3,3
2026-03-05 04:00:00,15.46,47.68,36.49,14.82,331,304.7,4,3
2026-03-05 04:05:00,21.91,47.12,36.28,18.29,484,587.7,4,3
2026-03-05 04:10:00,27.45,45.83,36.11,29.1,372,415.0,4,3
2026-03-05 04:15:00,16.9,46.2,36.08,22.46,439,496.8,4,3
2026-03-05 04:20:00,19.27,46.06,36.14,23.89,314,317.1,4,3
2026-03-05 04:25:00,18.92,45.71,36.45,20.31,382,416.4,4,3
2026-03-05 04:30:00,21.65,44.36,35.99,21.41,406,445.3,4,3
2026-03-05 04:35:00,18.59,44.29,36.32,18.26,453,417.2,4,3
2026-03-05 04:40:00,29.48,53.65,36.61,30.99,607,650.8,4,3
2026-03-05 04:45:00,29.55,46.08,36.85,29.04,467,600.0,4,3
2026-03-05 04:50:00,18.84,45.76,36.43,21.45,450,404.8,4,3
2026-03-05 04:55:00,22.99,45.9,36.44,28.61,416,473.8,4,3
2026-03-05 05:00:00,21.32,46.15,36.99,27.13,443,473.5,5,3
2026-03-05 05:05:00,22.93,45.23,36.27,21.45,460,603.1,5,3
2026-03-05 05:10:00,26.71,45.68,36.93,13.58,406,481.9,5,3
2026-03-05 05:15:00,29.6,46.86,36.03,28.35,476,621.5,5,3
2026-03-05 05:20:00,18.74,46.69,36.52,21.61,492,514.9,5,3
2026-03-05 05:25:00,27.58,44.56,36.63,22.33,358,493.1,5,3
2026-03-05 05:30:00,26.18,44.98,35.97,21.83,567,583.6,5,3
2026-03-05 05:35:00,37.67,46.15,36.85,23.1,521,678.4,5,3
2026-03-05 05:40:00,18.16,46.72,36.22,22.72,515,617.9,5,3
2026-03-05 05:45:00,28.15,46.77,36.32,28.08,600,784.8,5,3
2026-03-05 05:50:00,31.74,47.64,37.43,32.8,547,777.0,5,3
2026-03-05 05:55:00,27.81,47.45,36.79,22.34,541,504.8,5,3
2026-03-05 06:00:00,33.35,48.14,37.17,24.44,524,655.2,6,3
2026-03-05 06:05:00,28.88,49.2,36.88,31.41,530,606.0,6,3
2026-03-05 06:10:00,26.85,48.04,36.68,22.94,597,583.0,6,3
2026-03-05 06:15:00,28.29,47.71,37.13,22.93,607,599.9,6,3
2026-03-05 06:20:00,26.28,47.9,35.81,23.56,607,634.3,6,3
2026-03-05 06:25:00,47.9,56.52,36.91,46.06,926,1048.2,6,3
2026-03-05 06:30:00,21.14,48.55,37.0,26.44,621,635.6,6,3
2026-03-05 06:35:00,29.61,48.05,36.73,26.48,585,801.3,6,3
2026-03-05 06:40:00,27.15,47.06,36.9,22.95,677,721.6,6,3
2026-03-05 06:45:00,18.89,46.94,36.81,24.09,648,645.9,6,3
2026-03-05 06:50:00,33.53,47.44,36.69,25.3,719,944.2,6,3
2026-03-05 06:55:00,24.24,48.28,37.14,28.63,665,757.3,6,3
2026-03-05 07:00:00,31.26,49.6,37.15,33.65,665,874.3,7,3
2026-03-05 07:05:00,29.53,49.05,37.12,31.86,681,897.1,7,3
2026-03-05 07:10:00,25.5,48.5,36.59,24.28,692,716.6,7,3
2026-03-05 07:15:00,28.79,50.06,36.51,36.58,739,965.7,7,3
2026-03-05 07:20:00,30.38,50.19,36.74,24.73,731,693.5,7,3
2026-03-05 07:25:00,20.42,49.47,37.02,40.23,720,826.2,7,3
2026-03-05 07:30:00,32.26,50.99,37.03,25.1,726,877.7,7,3
2026-03-05 07:35:00,28.37,51.95,37.0,38.62,733,870.3,7,3
2026-03-05 07:40:00,30.44,51.32,36.88,37.06,733,949.2,7,3
2026-03-05 07:45:00,29.34,50.41,36.77,37.53,799,937.1,7,3
2026-03-05 07:50:00,27.94,50.81,36.79,26.45,788,767.3,7,3
2026-03-05 07:55:00,30.84,52.46,37.35,35.1,903,863.4,7,3
2026-03-05 08:00:00,26.62,51.53,36.99,23.88,905,804.8,8,3
2026-03-05 08:05:00,32.56,51.22,36.48,39.9,886,1153.1,8,3
2026-03-05 08:10:00,35.24,51.66,36.83,32.81,884,1154.5,8,3
2026-03-05 08:15:00,30.54,51.49,36.61,33.19,845,1130.1,8,3
2026-03-05 08:20:00,35.29,52.53,36.8,35.16,1037,1141.1,8,3
2026-03-05 08:25:00,26.92,52.67,36.97,24.59,953,1064.9,8,3
2026-03-05 08:30:00,39.22,52.49,36.88,40.23,955,1302.8,8,3
2026-03-05 08:35:00,35.24,53.41,37.05,33.14,990,1031.8,8,3
2026-03-05 08:40:00,37.85,55.12,36.8,34.75,988,1234.4,8,3
2026-03-05 08:45:00,41.9,55.08,36.91,33.99,1104,1293.5,8,3
2026-03-05 08:50:00,34.98,55.72,37.1,41.06,1093,1312.7,8,3
2026-03-05 08:55:00,32.7,55.54,37.17,29.94,1098,1014.7,8,3
2026-03-05 09:00:00,29.98,55.51,37.21,41.3,1117,1257.1,9,3
2026-03-05 09:05:00,40.89,56.31,37.0,36.25,1104,1288.8,9,3
2026-03-05 09:10:00,37.06,56.31,37.14,40.43,1027,1271.1,9,3
2026-03-05 09:15:00,35.63,57.25,37.48,40.27,1056,1228.7,9,3
2026-03-05 09:20:00,35.77,57.03,37.69,49.81,1147,1273.7,9,3
2026-03-05 09:25:00,39.48,57.43,37.03,36.58,1105,1268.2,9,3
2026-03-05 09:30:00,33.85,58.13,37.38,37.35,1135,1235.0,9,3
2026-03-05 09:35:00,40.89,59.31,36.44,37.48,1216,1612.7,9,3
2026-03-05 09:40:00,43.13,59.59,37.26,43.13,1302,1308.6,9,3
2026-03-05 09:45:00,44.69,59.64,37.47,40.78,1285,1403.4,9,3
2026-03-05 09:50:00,40.18,61.13,37.45,38.76,1294,1467.7,9,3
2026-03-05 09:55:00,30.62,60.51,37.37,36.42,1195,1110.2,9,3
2026-03-05 10:00:00,34.34,60.92,37.66,35.71,1210,1168.3,10,3
2026-03-05 10:05:00,34.03,61.72,37.1,32.31,1244,1112.0,10,3
2026-03-05 10:10:00,34.65,60.86,37.35,44.06,1363,1351.9,10,3
2026-03-05 10:15:00,36.54,60.04,36.8,38.8,1361,1176.7,10,3
2026-03-05 10:20:00,48.3,60.06,36.72,50.63,1344,1782.8,10,3
2026-03-05 10:25:00,36.29,60.14,37.66,51.51,1357,1394.7,10,3
2026-03-05 10:30:00,43.74,62.28,37.15,49.46,1419,1891.6,10,3
2026-03-05 10:35:00,42.26,63.14,37.17,55.71,1510,1692.5,10,3
2026-03-05 10:40:00,45.75,62.55,37.35,51.99,1434,1747.7,10,3
2026-03-05 10:45:00,51.09,63.26,37.68,58.31,1458,2008.1,10,3
2026-03-05 10:50:00,38.32,62.17,38.35,47.49,1439,1468.7,10,3
2026-03-05 10:55:00,42.58,65.17,37.5,43.89,1505,1746.7,10,3
2026-03-05 11:00:00,53.02,65.42,37.54,45.86,1441,1887.1,11,3
2026-03-05 11:05:00,41.38,66.26,37.54,44.34,1500,1368.7,11,3
2026-03-05 11:10:00,36.74,66.81,37.71,43.87,1436,1520.1,11,3
2026-03-05 11:15:00,42.14,66.35,37.27,43.15,1530,1463.9,11,3
2026-03-05 11:20:00,40.35,67.26,37.36,46.66,1584,1627.1,11,3
2026-03-05 11:25:00,47.35,67.25,37.84,53.34,1557,1776.6,11,3
2026-03-05 11:30:00,43.75,67.06,37.37,49.92,1549,1923.1,11,3
2026-03-05 11:35:00,43.81,67.81,37.08,61.02,1649,1894.4,11,3
2026-03-05 11:40:00,45.06,68.36,37.47,44.43,1609,1726.0,11,3
2026-03-05 11:45:00,43.51,68.65,37.15,39.14,1628,1815.8,11,3
2026-03-05 11:50:00,44.04,68.15,37.4,44.1,1604,1723.9,11,3
2026-03-05 11:55:00,54.96,68.0,38.11,51.81,1706,2045.9,11,3
2026-03-05 12:00:00,40.97,67.91,37.4,45.85,1628,1548.1,12,3
2026-03-05 12:05:00,45.65,68.17,37.97,43.64,1565,1692.8,12,3
2026-03-05 12:10:00,46.88,69.83,37.63,58.75,1778,1920.3,12,3
2026-03-05 12:15:00,44.94,70.54,37.12,55.49,1758,1996.9,12,3
2026-03-05 12:20:00,45.14,71.46,37.85,59.92,1751,2141.3,12,3
2026-03-05 12:25:00,41.6,71.34,37.56,43.18,1709,1561.9,12,3
2026-03-05 12:30:00,57.7,71.51,37.51,65.94,1711,2353.8,12,3
2026-03-05 12:35:00,53.08,72.04,37.7,59.85,1803,2142.2,12,3
2026-03-05 12:40:00,43.25,72.81,38.0,55.85,1680,2083.1,12,3
2026-03-05 12:45:00,53.71,73.47,37.47,59.2,1763,2286.2,12,3
2026-03-05 12:50:00,49.15,74.25,37.43,54.21,1809,1970.2,12,3
2026-03-05 12:55:00,45.75,74.72,37.33,40.02,1778,1626.9,12,3
2026-03-05 13:00:00,44.27,74.38,37.33,56.72,1854,1927.7,13,3
2026-03-05 13:05:00,50.85,74.6,37.4,59.89,1850,1998.2,13,3
2026-03-05 13:10:00,43.19,74.97,38.09,45.65,1886,1665.1,13,3
2026-03-05 13:15:00,40.71,74.33,37.21,54.5,1869,1885.7,13,3
2026-03-05 13:20:00,39.01,73.1,37.77,56.17,1916,1674.8,13,3
2026-03-05 13:25:00,51.96,72.26,37.73,45.03,1790,1914.0,13,3
2026-03-05 13:30:00,46.71,72.87,37.83,48.1,1829,1835.3,13,3
2026-03-05 13:35:00,49.3,75.3,38.67,46.8,1900,1951.7,13,3
2026-03-05 13:40:00,59.61,75.15,37.54,64.54,1883,2468.1,13,3
2026-03-05 13:45:00,57.31,76.27,38.03,60.91,1863,2243.2,13,3
2026-03-05 13:50:00,48.89,76.2,38.04,51.05,1990,2150.2,13,3
2026-03-05 13:55:00,50.62,76.19,38.13,45.33,1864,1780.8,13,3
2026-03-05 14:00:00,46.38,75.53,37.9,49.41,1842,1814.8,14,3
2026-03-05 14:05:00,56.07,75.42,38.02,64.92,1971,2349.7,14,3
2026-03-05 14:10:00,56.99,75.49,38.18,63.06,1881,2061.1,14,3
2026-03-05 14:15:00,52.94,75.43,37.98,62.36,1959,2350.1,14,3
2026-03-05 14:20:00,59.37,77.29,37.81,66.99,2024,2525.5,14,3
2026-03-05 14:25:00,69.77,88.53,37.94,78.63,2713,3089.0,14,3
2026-03-05 14:30:00,63.79,77.09,38.68,64.38,1980,2582.8,14,3
2026-03-05 14:35:00,50.51,76.8,38.28,54.54,2024,2040.7,14,3
2026-03-05 14:40:00,52.93,76.03,38.11,46.26,2004,1940.2,14,3
2026-03-05 14:45:00,48.86,76.51,37.64,51.81,2016,1958.9,14,3
2026-03-05 14:50:00,48.4,75.64,37.74,57.08,1929,1916.4,14,3
2026-03-05 14:55:00,55.23,76.88,37.74,64.37,2021,2512.2,14,3
2026-03-05 15:00:00,56.35,77.76,37.8,57.58,1992,2246.9,15,3
2026-03-05 15:05:00,47.71,77.83,38.39,53.57,1958,1965.1,15,3
2026-03-05 15:10:00,55.09,77.81,37.75,67.26,1975,2267.9,15,3
2026-03-05 15:15:00,43.23,77.81,38.71,45.16,1970,1778.2,15,3
2026-03-05 15:20:00,64.05,77.71,38.27,70.26,1985,2851.8,15,3
2026-03-05 15:25:00,51.51,79.52,37.78,57.85,2050,2584.9,15,3
2026-03-05 15:30:00,51.94,80.58,38.88,62.13,2065,2345.1,15,3
2026-03-05 15:35:00,61.79,79.32,37.84,66.0,1946,2581.4,15,3
2026-03-05 15:40:00,58.8,80.5,38.45,53.22,1992,2174.8,15,3
2026-03-05 15:45:00,48.14,81.04,38.17,48.24,1990,2038.8,15,3
2026-03-05 15:50:00,47.89,82.42,38.42,55.49,2010,2059.2,15,3
2026-03-05 15:55:00,53.53,82.05,38.34,65.13,1958,2483.7,15,3
2026-03-05 16:00:00,68.23,81.03,37.76,77.54,2047,2931.1,16,3
2026-03-05 16:05:00,59.7,80.82,37.98,64.38,2003,2462.4,16,3
2026-03-05 16:10:00,58.02,80.5,38.59,69.95,2020,2491.5,16,3
2026-03-05 16:15:00,57.75,80.39,38.18,63.06,1978,2613.6,16,3
2026-03-05 16:20:00,46.83,79.78,38.41,63.77,2056,2073.3,16,3
2026-03-05 16:25:00,50.76,78.91,38.66,63.59,1979,2119.2,16,3
2026-03-05 16:30:00,61.15,80.05,38.57,75.55,1960,2903.1,16,3
2026-03-05 16:35:00,56.24,79.96,38.55,62.19,2039,2389.2,16,3
2026-03-05 16:40:00,53.46,80.38,38.14,60.04,1979,1958.6,16,3
2026-03-05 16:45:00,55.59,80.09,38.58,57.24,1997,2304.1,16,3
2026-03-05 16:50:00,52.36,80.26,38.11,58.48,2001,2268.7,16,3
2026-03-05 16:55:00,55.9,81.3,38.53,65.78,1994,2555.7,16,3
2026-03-05 17:00:00,54.07,81.36,38.35,64.64,1978,2418.8,17,3
2026-03-05 17:05:00,58.37,80.93,38.17,68.25,1962,2193.5,17,3
2026-03-05 17:10:00,52.92,80.34,38.34,61.84,2056,2519.1,17,3
2026-03-05 17:15:00,56.26,79.86,38.57,57.54,1956,2124.2,17,3
2026-03-05 17:20:00,47.29,80.15,38.21,61.58,1922,1986.9,17,3
2026-03-05 17:25:00,47.82,78.52,38.38,46.41,1897,2103.3,17,3
2026-03-05 17:30:00,60.03,79.47,38.4,60.34,2003,2445.7,17,3
2026-03-05 17:35:00,50.65,79.05,38.31,62.25,1902,2316.3,17,3
2026-03-05 17:40:00,43.11,79.16,38.34,54.63,1872,1999.0,17,3
2026-03-05 17:45:00,45.96,78.76,38.48,46.18,1942,1812.1,17,3
2026-03-05 17:50:00,55.18,79.52,38.39,55.42,1924,2168.9,17,3
2026-03-05 17:55:00,48.49,79.28,38.41,47.66,1854,1908.0,17,3
2026-03-05 18:00:00,51.92,77.53,38.48,54.48,1815,2057.4,18,3
2026-03-05 18:05:00,50.94,78.0,39.0,60.46,1823,2180.2,18,3
2026-03-05 18:10:00,54.53,78.04,39.13,59.71,1937,2035.9,18,3
2026-03-05 18:15:00,47.25,78.44,38.86,56.3,1833,2008.8,18,3
2026-03-05 18:20:00,52.0,77.89,37.98,65.72,1745,2241.5,18,3
2026-03-05 18:25:00,46.2,76.66,38.72,52.89,1754,1843.8,18,3
2026-03-05 18:30:00,46.46,75.45,38.32,50.97,1796,1656.9,18,3
2026-03-05 18:35:00,54.47,73.98,38.66,55.91,1824,1937.3,18,3
2026-03-05 18:40:00,55.89,74.86,38.56,57.59,1803,1967.0,18,3
2026-03-05 18:45:00,50.68,75.87,38.95,53.52,1716,1914.8,18,3
2026-03-05 18:50:00,53.12,77.09,38.34,54.14,1701,1933.2,18,3
2026-03-05 18:55:00,55.57,78.16,38.49,61.07,1742,2256.7,18,3
2026-03-05 19:00:00,48.76,76.6,39.37,57.48,1706,1817.8,19,3
2026-03-05 19:05:00,52.32,75.86,38.99,58.39,1636,2377.2,19,3
2026-03-05 19:10:00,44.68,74.09,38.82,45.38,1602,1705.8,19,3
2026-03-05 19:15:00,49.59,73.49,38.88,54.27,1680,2208.1,19,3
2026-03-05 19:20:00,42.58,74.0,38.84,48.07,1605,1545.4,19,3
2026-03-05 19:25:00,51.99,74.25,38.61,54.34,1614,2087.0,19,3
2026-03-05 19:30:00,46.73,73.06,38.8,57.54,1631,1934.5,19,3
2026-03-05 19:35:00,40.24,71.53,39.41,50.22,1625,1578.7,19,3
2026-03-05 19:40:00,42.94,71.33,39.21,47.72,1597,1499.8,19,3
2026-03-05 19:45:00,45.24,71.16,39.08,40.2,1594,1616.8,19,3
2026-03-05 19:50:00,54.97,70.93,38.66,56.79,1603,2296.0,19,3
2026-03-05 19:55:00,49.35,69.84,38.55,53.32,1479,1717.8,19,3
2026-03-05 20:00:00,50.96,68.42,39.12,50.53,1577,1889.6,20,3
2026-03-05 20:05:00,45.59,69.28,38.89,52.77,1498,1756.7,20,3
2026-03-05 20:10:00,55.15,70.31,38.76,60.29,1549,2207.9,20,3
2026-03-05 20:15:00,49.17,69.37,38.78,48.31,1516,1761.6,20,3
2026-03-05 20:20:00,41.92,69.04,38.88,45.38,1466,1618.0,20,3
2026-03-05 20:25:00,44.59,69.59,38.91,50.24,1503,1641.1,20,3
2026-03-05 20:30:00,56.4,85.18,38.82,78.93,2157,2387.7,20,3
2026-03-05 20:35:00,41.02,70.53,38.83,43.38,1405,1553.6,20,3
2026-03-05 20:40:00,51.26,70.03,38.79,48.46,1454,1923.4,20,3
2026-03-05 20:45:00,44.38,69.65,38.87,45.33,1365,1743.4,20,3
2026-03-05 20:50:00,45.76,68.09,39.02,40.53,1378,1526.7,20,3
2026-03-05 20:55:00,45.89,67.15,38.83,46.92,1366,1490.2,20,3
2026-03-05 21:00:00,40.54,65.45,38.27,40.8,1276,1324.3,21,3
2026-03-05 21:05:00,37.33,65.42,39.02,56.18,1376,1838.2,21,3
2026-03-05 21:10:00,41.65,65.72,38.93,43.02,1393,1533.6,21,3
2026-03-05 21:15:00,35.71,66.14,39.75,39.93,1218,1294.4,21,3
2026-03-05 21:20:00,36.96,65.12,39.41,30.58,1196,1198.0,21,3
2026-03-05 21:25:00,45.14,66.23,38.98,52.62,1273,1877.7,21,3
2026-03-05 21:30:00,39.23,66.32,39.35,39.41,1263,1456.1,21,3
2026-03-05 21:35:00,35.19,65.12,39.12,35.97,1204,1139.1,21,3
2026-03-05 21:40:00,36.31,62.72,39.47,40.04,1141,1342.8,21,3
2026-03-05 21:45:00,41.99,63.87,38.62,35.81,1174,1139.3,21,3
2026-03-05 21:50:00,32.28,62.45,39.05,40.59,1083,1245.0,21,3
2026-03-05 21:55:00,40.55,63.28,38.9,33.21,1144,1434.3,21,3
2026-03-05 22:00:00,30.84,63.05,39.11,36.54,1135,1334.1,22,3
2026-03-05 22:05:00,53.72,72.01,39.02,58.86,1631,1813.4,22,3
2026-03-05 22:10:00,77.36,61.25,38.73,33.91,1059,1005.7,22,3
2026-03-05 22:15:00,28.63,59.74,39.45,37.1,1109,1068.2,22,3
2026-03-05 22:20:00,34.3,60.79,39.48,42.05,1065,1226.1,22,3
2026-03-05 22:25:00,27.16,60.44,38.98,34.43,1033,1029.4,22,3
2026-03-05 22:30:00,35.55,61.05,39.99,36.64,1068,1206.6,22,3
2026-03-05 22:35:00,32.98,59.94,39.19,40.6,1007,1092.0,22,3
2026-03-05 22:40:00,33.29,56.21,39.07,35.4,916,1268.6,22,3
2026-03-05 22:45:00,47.24,57.15,39.39,35.1,987,1308.8,22,3
2026-03-05 22:50:00,36.93,58.22,38.83,44.13,902,1147.0,22,3
2026-03-05 22:55:00,29.38,58.37,38.91,28.21,934,907.6,22,3
2026-03-05 23:00:00,37.04,57.57,39.56,42.36,866,1182.2,23,3
2026-03-05 23:05:00,33.84,57.66,39.2,42.01,904,1083.4,23,3
2026-03-05 23:10:00,23.01,56.57,38.81,35.8,838,845.2,23,3
2026-03-05 23:15:00,37.33,56.81,39.52,35.74,868,1107.5,23,3
2026-03-05 23:20:00,34.38,56.81,39.3,41.52,886,1149.5,23,3
2026-03-05 23:25:00,37.32,56.44,39.87,27.07,849,897.8,23,3
2026-03-05 23:30:00,32.56,54.98,39.07,36.47,818,995.0,23,3
2026-03-05 23:35:00,38.46,54.18,39.56,33.82,857,1050.2,23,3
2026-03-05 23:40:00,23.54,54.87,39.42,34.18,782,861.3,23,3
2026-03-05 23:45:00,27.16,55.19,39.51,30.3,726,690.6,23,3
2026-03-05 23:50:00,32.52,54.61,39.44,35.44,780,980.0,23,3
2026-03-05 23:55:00,27.31,54.66,39.41,23.91,716,823.7,23,3
2026-03-06 00:00:00,34.24,55.35,34.87,26.71,704,673.8,0,4
2026-03-06 00:05:00,32.91,55.51,35.34,37.75,700,933.0,0,4
2026-03-06 00:10:00,26.81,55.06,35.28,23.89,732,656.6,0,4
2026-03-06 00:15:00,24.62,54.94,34.71,29.18,593,681.3,0,4
2026-03-06 00:20:00,29.25,53.73,34.81,27.45,671,860.1,0,4
2026-03-06 00:25:00,30.12,90.09,34.84,27.34,700,870.5,0,4
2026-03-06 00:30:00,34.43,53.97,34.76,29.94,700,918.5,0,4
2026-03-06 00:35:00,26.38,53.44,35.1,25.68,619,758.0,0,4
2026-03-06 00:40:00,28.07,53.82,35.39,28.76,639,778.6,0,4
2026-03-06 00:45:00,27.76,52.5,34.99,14.44,583,543.9,0,4
2026-03-06 00:50:00,30.49,51.98,34.98,30.08,549,774.0,0,4
2026-03-06 00:55:00,29.53,52.2,35.2,21.51,586,772.1,0,4
2026-03-06 01:00:00,22.04,53.4,34.85,23.76,570,682.4,1,4
2026-03-06 01:05:00,24.29,51.95,35.19,21.27,577,538.9,1,4
2026-03-06 01:10:00,23.26,51.09,35.33,28.95,585,572.0,1,4
2026-03-06 01:15:00,27.55,50.68,35.01,21.63,476,657.8,1,4
2026-03-06 01:20:00,23.52,51.01,35.6,23.88,532,611.1,1,4
2026-03-06 01:25:00,28.4,51.13,34.89,32.62,584,666.5,1,4
2026-03-06 01:30:00,21.93,50.93,35.29,30.78,519,644.9,1,4
2026-03-06 01:35:00,24.02,51.86,35.04,31.2,579,789.6,1,4
2026-03-06 01:40:00,19.91,51.43,35.48,22.93,481,492.5,1,4
2026-03-06 01:45:00,23.05,50.68,35.29,69.15,460,551.4,1,4
2026-03-06 01:50:00,21.69,49.58,35.07,28.35,405,504.1,1,4
2026-03-06 01:55:00,27.74,48.11,35.31,27.61,532,702.3,1,4
2026-03-06 02:00:00,24.35,48.64,35.25,19.52,422,467.4,2,4
2026-03-06 02:05:00,22.16,49.94,35.54,26.74,487,636.6,2,4
2026-03-06 02:10:00,17.01,49.16,35.76,19.81,368,378.2,2,4
2026-03-06 02:15:00,27.68,47.95,35.53,25.77,497,626.8,2,4
2026-03-06 02:20:00,31.5,48.79,34.97,24.85,511,717.8,2,4
2026-03-06 02:25:00,29.85,49.19,34.83,25.59,399,554.2,2,4
2026-03-06 02:30:00,20.94,49.94,35.16,26.2,399,461.3,2,4
2026-03-06 02:35:00,19.16,47.94,35.25,16.93,333,330.4,2,4
2026-03-06 02:40:00,17.94,47.54,35.84,21.0,400,359.9,2,4
2026-03-06 02:45:00,28.69,47.24,35.63,23.8,412,454.6,2,4
2026-03-06 02:50:00,22.59,47.7,35.42,19.09,364,378.4,2,4
2026-03-06 02:55:00,24.99,46.94,35.67,29.65,464,548.0,2,4
2026-03-06 03:00:00,26.05,63.03,35.01,35.52,615,738.7,3,4
2026-03-06 03:05:00,25.03,45.22,35.72,24.53,413,431.7,3,4
2026-03-06 03:10:00,20.91,43.09,35.84,20.88,415,400.4,3,4
2026-03-06 03:15:00,20.78,42.57,35.03,16.68,468,451.9,3,4
2026-03-06 03:20:00,15.07,44.15,35.74,18.85,332,430.9,3,4
2026-03-06 03:25:00,21.84,45.59,35.56,19.51,398,482.7,3,4
2026-03-06 03:30:00,23.38,44.33,35.69,25.25,411,360.6,3,4
2026-03-06 03:35:00,20.76,43.61,35.42,26.48,501,674.7,3,4
2026-03-06 03:40:00,19.11,44.02,35.38,18.88,358,473.0,3,4
2026-03-06 03:45:00,19.63,45.64,36.0,24.87,360,420.2,3,4
2026-03-06 03:50:00,15.98,44.75,35.41,22.55,348,367.6,3,4
2026-03-06 03:55:00,17.0,45.31,35.94,17.52,339,350.3,3,4
2026-03-06 04:00:00,15.2,45.29,36.01,24.21,437,459.7,4,4
2026-03-06 04:05:00,23.3,46.5,35.68,24.16,421,574.8,4,4
2026-03-06 04:10:00,25.03,47.12,35.94,16.39,444,431.2,4,4
2026-03-06 04:15:00,21.02,47.43,34.96,22.43,368,338.7,4,4
2026-03-06 04:20:00,22.9,46.99,35.52,10.12,395,383.6,4,4
2026-03-06 04:25:00,25.13,46.65,35.72,18.4,493,676.0,4,4
2026-03-06 04:30:00,24.08,46.48,35.65,17.88,370,393.8,4,4
2026-03-06 04:35:00,17.94,47.7,35.52,26.51,388,443.2,4,4
2026-03-06 04:40:00,25.61,46.74,35.9,25.34,458,561.9,4,4
2026-03-06 04:45:00,15.04,48.31,36.46,22.26,493,568.2,4,4
2026-03-06 04:50:00,22.27,48.6,35.69,22.14,503,607.6,4,4
2026-03-06 04:55:00,35.86,47.82,36.27,19.96,450,666.3,4,4
2026-03-06 05:00:00,33.67,48.02,35.07,22.75,466,633.9,5,4
2026-03-06 05:05:00,25.15,49.0,35.85,23.2,443,525.9,5,4
2026-03-06 05:10:00,23.44,47.97,35.86,24.94,463,541.1,5,4
2026-03-06 05:15:00,28.22,49.62,35.69,25.24,469,573.7,5,4
2026-03-06 05:20:00,27.2,49.52,35.54,26.73,501,706.2,5,4
2026-03-06 05:25:00,21.59,48.92,36.19,20.25,485,551.3,5,4
2026-03-06 05:30:00,21.87,49.37,35.7,25.16,550,531.3,5,4
2026-03-06 05:35:00,21.78,49.38,35.87,22.56,517,565.5,5,4
2026-03-06 05:40:00,25.73,48.43,35.62,25.41,438,361.8,5,4
2026-03-06 05:45:00,26.95,48.65,35.75,35.59,519,699.1,5,4
2026-03-06 05:50:00,23.65,50.23,35.89,24.37,523,641.2,5,4
2026-03-06 05:55:00,20.92,50.92,35.46,24.92,542,529.2,5,4
2026-03-06 06:00:00,24.58,49.33,36.82,29.76,411,555.0,6,4
2026-03-06 06:05:00,32.24,49.87,35.72,26.47,526,634.2,6,4
2026-03-06 06:10:00,27.77,50.34,36.23,23.01,536,652.4,6,4
2026-03-06 06:15:00,26.26,51.14,36.07,24.83,583,543.0,6,4
2026-03-06 06:20:00,30.34,51.37,36.06,21.14,606,765.6,6,4
2026-03-06 06:25:00,25.19,50.71,36.2,30.86,627,787.1,6,4
2026-03-06 06:30:00,25.26,51.14,35.92,38.61,713,845.8,6,4
2026-03-06 06:35:00,23.74,51.58,35.9,22.37,568,594.8,6,4
2026-03-06 06:40:00,29.09,50.52,36.1,20.63,555,575.2,6,4
2026-03-06 06:45:00,23.98,51.74,36.3,27.81,699,629.6,6,4
2026-03-06 06:50:00,19.67,53.02,35.95,23.53,721,650.8,6,4
2026-03-06 06:55:00,29.85,53.01,35.93,28.37,673,772.5,6,4
2026-03-06 07:00:00,24.77,52.46,36.37,26.38,651,864.1,7,4
2026-03-06 07:05:00,28.99,51.54,36.19,33.94,699,832.4,7,4
2026-03-06 07:10:00,24.0,52.01,35.77,25.45,685,715.9,7,4
2026-03-06 07:15:00,33.68,51.92,36.23,32.08,731,803.5,7,4
2026-03-06 07:20:00,28.43,52.31,36.1,23.16,649,684.8,7,4
2026-03-06 07:25:00,30.17,51.92,35.98,34.82,813,990.8,7,4
2026-03-06 07:30:00,29.06,51.08,36.27,19.39,662,622.4,7,4
2026-03-06 07:35:00,26.99,51.96,36.26,23.87,832,920.1,7,4
2026-03-06 07:40:00,30.79,52.74,36.26,33.45,868,1129.0,7,4
2026-03-06 07:45:00,33.27,52.7,36.38,34.28,815,1070.3,7,4
2026-03-06 07:50:00,27.43,52.03,36.44,27.52,871,838.1,7,4
2026-03-06 07:55:00,31.17,53.1,36.05,34.17,941,1057.8,7,4
2026-03-06 08:00:00,36.0,54.33,36.22,37.65,823,1097.7,8,4
2026-03-06 08:05:00,31.59,53.36,36.78,29.22,941,1130.5,8,4
2026-03-06 08:10:00,32.2,54.65,36.19,36.83,894,1163.7,8,4
2026-03-06 08:15:00,31.29,55.0,36.77,35.97,905,1065.4,8,4
2026-03-06 08:20:00,35.68,54.92,36.04,38.22,998,1112.8,8,4
2026-03-06 08:25:00,36.06,55.67,36.48,36.2,985,877.9,8,4
2026-03-06 08:30:00,36.67,56.18,35.93,32.75,918,1131.5,8,4
2026-03-06 08:35:00,33.29,57.33,36.53,33.25,1011,1051.9,8,4
2026-03-06 08:40:00,37.33,57.97,36.88,37.68,1035,1185.7,8,4
2026-03-06 08:45:00,40.68,60.03,36.64,41.01,1105,1379.1,8,4
2026-03-06 08:50:00,35.75,60.24,36.44,44.03,1053,1354.9,8,4
2026-03-06 08:55:00,38.94,61.43,36.68,38.06,1123,1153.3,8,4
2026-03-06 09:00:00,27.6,60.17,35.96,34.65,1056,1178.3,9,4
2026-03-06 09:05:00,33.82,60.09,36.44,33.58,1075,1206.2,9,4
2026-03-06 09:10:00,35.13,59.08,36.41,30.48,1093,1169.8,9,4
2026-03-06 09:15:00,36.77,60.47,36.11,48.47,1162,1597.9,9,4
2026-03-06 09:20:00,26.01,60.04,36.52,37.99,1016,1111.4,9,4
2026-03-06 09:25:00,36.6,59.98,36.18,45.96,1103,1318.9,9,4
2026-03-06 09:30:00,36.54,59.56,36.26,47.95,1200,1359.0,9,4
2026-03-06 09:35:00,46.6,61.15,36.43,49.79,1250,1704.3,9,4
2026-03-06 09:40:00,35.37,61.69,36.1,44.52,1235,1235.1,9,4
2026-03-06 09:45:00,31.63,62.05,36.68,34.75,1204,1104.1,9,4
2026-03-06 09:50:00,49.69,63.61,36.44,55.88,1322,1867.2,9,4
2026-03-06 09:55:00,41.69,65.05,36.76,40.86,1262,1476.6,9,4
2026-03-06 10:00:00,38.79,65.89,36.65,49.67,1234,1578.6,10,4
2026-03-06 10:05:00,43.48,65.38,36.68,56.63,1341,1797.5,10,4
2026-03-06 10:10:00,38.78,63.81,36.52,37.9,1281,1215.4,10,4
2026-03-06 10:15:00,34.17,63.5,36.38,39.17,1343,1231.0,10,4
2026-03-06 10:20:00,40.41,62.4,36.48,45.22,1334,1642.3,10,4
2026-03-06 10:25:00,36.23,63.17,36.21,50.14,1380,1442.9,10,4
2026-03-06 10:30:00,34.24,63.23,36.56,42.4,1370,1202.8,10,4
2026-03-06 10:35:00,40.43,63.03,36.55,58.07,1398,1916.8,10,4
2026-03-06 10:40:00,42.59,63.33,36.92,47.57,1443,1701.4,10,4
2026-03-06 10:45:00,39.58,64.55,36.44,41.26,1357,1454.7,10,4
2026-03-06 10:50:00,46.35,65.54,36.64,37.34,1418,1608.2,10,4
2026-03-06 10:55:00,50.62,66.68,36.61,52.29,1441,1625.0,10,4
2026-03-06 11:00:00,49.16,66.42,36.79,59.73,1526,2178.6,11,4
2026-03-06 11:05:00,33.76,67.6,36.47,40.49,1507,1387.6,11,4
2026-03-06 11:10:00,50.24,69.18,36.98,59.09,1565,1871.0,11,4
2026-03-06 11:15:00,45.08,70.5,36.87,45.97,1540,1723.9,11,4
2026-03-06 11:20:00,46.54,70.08,36.74,47.87,1566,1625.2,11,4
2026-03-06 11:25:00,44.14,70.28,37.0,50.88,1624,1715.6,11,4
2026-03-06 11:30:00,50.29,69.3,36.32,43.74,1660,1749.0,11,4
2026-03-06 11:35:00,43.14,70.76,36.47,52.09,1661,1719.9,11,4
2026-03-06 11:40:00,46.9,71.35,36.59,41.18,1607,1465.9,11,4
2026-03-06 11:45:00,47.36,70.63,37.18,55.07,1643,1955.7,11,4
2026-03-06 11:50:00,50.79,70.9,37.37,59.54,1702,1909.0,11,4
2026-03-06 11:55:00,44.74,70.92,36.59,59.15,1676,2008.3,11,4
2026-03-06 12:00:00,51.83,70.86,36.59,61.92,1775,2069.1,12,4
2026-03-06 12:05:00,50.93,69.61,36.81,55.56,1772,1859.7,12,4
2026-03-06 12:10:00,44.36,69.76,36.25,49.29,1670,1827.8,12,4
2026-03-06 12:15:00,46.52,70.24,36.42,51.77,1688,1900.1,12,4
2026-03-06 12:20:00,52.48,71.37,37.21,52.62,1777,2186.6,12,4
2026-03-06 12:25:00,53.69,72.12,36.98,49.57,1598,1909.7,12,4
2026-03-06 12:30:00,50.04,72.54,36.79,57.63,1794,2287.9,12,4
2026-03-06 12:35:00,42.84,71.67,37.03,49.11,1752,1855.5,12,4
2026-03-06 12:40:00,55.82,72.05,36.55,62.21,1824,2465.7,12,4
2026-03-06 12:45:00,45.2,72.31,37.29,48.32,1746,1953.0,12,4
2026-03-06 12:50:00,60.46,71.92,36.82,72.35,1809,2556.8,12,4
2026-03-06 12:55:00,46.8,73.82,36.98,58.45,1760,2059.4,12,4
2026-03-06 13:00:00,52.15,74.91,37.25,71.27,1818,2371.6,13,4
2026-03-06 13:05:00,56.06,74.88,36.99,51.86,1856,2167.4,13,4
2026-03-06 13:10:00,58.06,75.58,37.14,67.12,1796,2372.1,13,4
2026-03-06 13:15:00,50.32,76.38,37.12,45.92,1892,1598.9,13,4
2026-03-06 13:20:00,56.53,76.78,37.21,61.2,1872,2394.2,13,4
2026-03-06 13:25:00,54.27,75.07,37.42,62.0,1849,2142.1,13,4
2026-03-06 13:30:00,46.81,76.22,37.36,53.28,1872,2010.3,13,4
2026-03-06 13:35:00,64.5,76.62,37.64,69.42,1947,2623.3,13,4
2026-03-06 13:40:00,56.16,77.6,37.35,62.04,1909,2335.4,13,4
2026-03-06 13:45:00,58.23,76.66,37.0,56.54,1907,2277.9,13,4
2026-03-06 13:50:00,53.48,76.17,36.67,65.53,1892,2383.3,13,4
2026-03-06 13:55:00,57.8,77.28,36.86,68.18,1848,2385.3,13,4
2026-03-06 14:00:00,50.47,77.9,37.36,62.38,1960,2231.2,14,4
2026-03-06 14:05:00,55.83,78.33,36.78,75.04,1958,2572.5,14,4
2026-03-06 14:10:00,54.94,78.7,37.57,60.8,1962,2327.5,14,4
2026-03-06 14:15:00,49.96,77.98,37.1,54.92,1979,2042.3,14,4
2026-03-06 14:20:00,62.59,79.05,37.32,68.16,2007,2469.9,14,4
2026-03-06 14:25:00,48.85,78.87,37.5,59.66,2011,1858.8,14,4
2026-03-06 14:30:00,47.92,79.04,37.1,48.91,1969,2031.0,14,4
2026-03-06 14:35:00,48.6,78.75,36.96,60.97,1947,2039.9,14,4
2026-03-06 14:40:00,51.13,77.65,37.14,53.32,1963,1750.0,14,4
2026-03-06 14:45:00,43.69,77.88,37.7,60.71,1973,2052.2,14,4
2026-03-06 14:50:00,55.03,78.04,37.24,68.63,1987,2403.1,14,4
2026-03-06 14:55:00,66.96,79.59,37.29,62.09,2106,2751.5,14,4
2026-03-06 15:00:00,61.22,78.95,37.34,62.16,1966,2431.3,15,4
2026-03-06 15:05:00,53.88,79.95,37.18,64.73,2086,2105.3,15,4
2026-03-06 15:10:00,49.18,81.08,37.36,54.01,2017,1869.1,15,4
2026-03-06 15:15:00,51.72,81.76,37.66,61.3,2026,2228.6,15,4
2026-03-06 15:20:00,45.68,79.88,36.29,50.71,1954,1751.7,15,4
2026-03-06 15:25:00,53.68,80.65,37.42,64.2,2047,2461.8,15,4
2026-03-06 15:30:00,55.82,80.45,36.97,55.13,1969,2139.1,15,4
2026-03-06 15:35:00,58.73,80.66,37.24,71.87,1995,2715.8,15,4
2026-03-06 15:40:00,47.41,80.9,37.59,50.91,1965,1851.3,15,4
2026-03-06 15:45:00,59.47,79.84,37.21,79.36,2013,2846.3,15,4
2026-03-06 15:50:00,56.3,82.47,37.34,54.93,1963,2062.4,15,4
2026-03-06 15:55:00,58.48,82.67,37.44,62.93,2015,2491.4,15,4
2026-03-06 16:00:00,40.79,81.2,37.14,42.96,1962,1907.7,16,4
2026-03-06 16:05:00,48.07,81.17,37.56,57.49,2074,2094.0,16,4
2026-03-06 16:10:00,57.42,79.91,37.58,57.81,1984,2301.5,16,4
2026-03-06 16:15:00,50.93,78.43,38.23,60.98,1921,2283.4,16,4
2026-03-06 16:20:00,47.07,77.26,37.59,50.2,1970,1824.3,16,4
2026-03-06 16:25:00,65.88,77.79,37.3,70.1,2007,2900.6,16,4
2026-03-06 16:30:00,51.75,78.93,37.6,49.51,2028,1945.1,16,4
2026-03-06 16:35:00,45.96,78.12,37.48,53.37,2065,1991.3,16,4
2026-03-06 16:40:00,56.14,77.99,37.82,68.95,1932,2532.1,16,4
2026-03-06 16:45:00,51.91,77.85,37.63,62.86,1952,2136.6,16,4
2026-03-06 16:50:00,55.12,78.8,37.69,57.09,1981,2099.0,16,4
2026-03-06 16:55:00,55.01,78.39,37.44,57.9,1938,2158.1,16,4
2026-03-06 17:00:00,48.66,79.37,37.12,50.97,1982,1809.6,17,4
2026-03-06 17:05:00,48.39,77.92,37.63,48.43,1902,1945.1,17,4
2026-03-06 17:10:00,63.23,76.7,37.78,61.24,1975,2258.9,17,4
2026-03-06 17:15:00,53.46,76.2,37.61,62.8,1941,2588.1,17,4
2026-03-06 17:20:00,61.65,77.56,38.14,66.86,1915,2566.0,17,4
2026-03-06 17:25:00,51.87,77.46,37.16,54.29,1872,2269.4,17,4
2026-03-06 17:30:00,59.06,77.42,37.97,68.59,1955,2470.4,17,4
2026-03-06 17:35:00,53.47,78.22,37.45,61.52,2024,2146.6,17,4
2026-03-06 17:40:00,92.38,96.1,37.28,99.0,3225,4419.8,17,4
2026-03-06 17:45:00,48.11,78.11,37.68,54.9,1909,2092.8,17,4
2026-03-06 17:50:00,59.83,78.28,37.94,67.32,1977,2367.9,17,4
2026-03-06 17:55:00,56.5,77.84,38.0,60.57,1882,2176.8,17,4
2026-03-06 18:00:00,53.21,77.63,37.8,57.41,1896,2136.7,18,4
2026-03-06 18:05:00,54.02,77.97,38.28,70.38,1858,2614.0,18,4
2026-03-06 18:10:00,48.32,77.52,37.92,47.98,1852,1750.6,18,4
2026-03-06 18:15:00,55.32,76.74,37.84,67.41,1853,2063.6,18,4
2026-03-06 18:20:00,51.92,74.97,37.65,54.62,1790,1986.0,18,4
2026-03-06 18:25:00,47.4,75.14,37.89,54.43,1823,1783.9,18,4
2026-03-06 18:30:00,49.5,75.2,37.69,52.09,1786,1917.9,18,4
2026-03-06 18:35:00,52.79,75.91,37.97,54.37,1755,2196.8,18,4
2026-03-06 18:40:00,43.79,74.37,38.51,47.15,1764,1825.9,18,4
2026-03-06 18:45:00,49.0,75.0,38.0,55.43,1733,1830.8,18,4
2026-03-06 18:50:00,35.38,73.39,38.17,41.58,1666,1451.0,18,4
2026-03-06 18:55:00,53.39,72.33,37.42,56.34,1688,2230.2,18,4
2026-03-06 19:00:00,50.7,71.92,37.54,41.69,1791,1677.5,19,4
2026-03-06 19:05:00,60.51,72.79,38.07,64.95,1619,2306.7,19,4
2026-03-06 19:10:00,52.91,72.27,38.37,56.14,1695,1938.6,19,4
2026-03-06 19:15:00,35.81,73.48,38.23,47.49,1638,1812.6,19,4
2026-03-06 19:20:00,56.97,74.45,37.93,65.0,1592,2335.2,19,4
2026-03-06 19:25:00,44.4,73.05,38.22,50.06,1602,1828.1,19,4
2026-03-06 19:30:00,57.49,72.87,37.58,59.61,1642,2170.8,19,4
2026-03-06 19:35:00,50.21,72.68,38.15,62.77,1604,2231.6,19,4
2026-03-06 19:40:00,41.21,71.78,38.01,46.09,1563,1571.2,19,4
2026-03-06 19:45:00,58.37,71.83,37.74,68.88,1659,2370.1,19,4
2026-03-06 19:50:00,50.05,70.71,37.84,57.84,1559,1968.0,19,4
2026-03-06 19:55:00,38.09,70.02,38.39,49.48,1584,1525.2,19,4
2026-03-06 20:00:00,40.73,70.11,37.76,48.73,1530,1763.0,20,4
2026-03-06 20:05:00,51.26,70.84,37.84,54.22,1443,2054.3,20,4
2026-03-06 20:10:00,47.71,70.8,37.6,56.44,1584,1813.7,20,4
2026-03-06 20:15:00,52.8,71.64,38.23,48.89,1492,1964.4,20,4
2026-03-06 20:20:00,35.0,71.0,38.02,55.28,1442,1802.1,20,4
2026-03-06 20:25:00,47.31,69.63,38.38,45.48,1442,1768.6,20,4
2026-03-06 20:30:00,40.81,68.32,38.12,49.46,1480,1897.6,20,4
2026-03-06 20:35:00,42.22,66.91,37.61,44.97,1407,1548.3,20,4
2026-03-06 20:40:00,43.83,64.33,37.8,41.06,1428,1736.0,20,4
2026-03-06 20:45:00,44.53,62.77,38.14,50.02,1340,1591.7,20,4
2026-03-06 20:50:00,48.76,63.43,38.07,47.46,1365,1911.7,20,4
2026-03-06 20:55:00,35.29,62.25,38.1,44.12,1330,1455.6,20,4
2026-03-06 21:00:00,35.24,62.73,38.29,43.1,1334,1595.4,21,4
2026-03-06 21:05:00,40.57,63.49,39.36,44.14,1405,1676.8,21,4
2026-03-06 21:10:00,46.13,63.52,38.0,48.89,1256,1726.1,21,4
2026-03-06 21:15:00,36.3,63.45,37.7,46.24,1269,1530.4,21,4
2026-03-06 21:20:00,42.27,63.55,38.56,30.86,1307,1462.4,21,4
2026-03-06 21:25:00,44.9,62.27,37.9,48.1,1247,1677.0,21,4
2026-03-06 21:30:00,43.73,63.08,37.81,42.53,1222,1588.0,21,4
2026-03-06 21:35:00,37.07,63.78,38.7,31.94,1242,1085.8,21,4
2026-03-06 21:40:00,31.12,62.95,38.24,38.25,1164,1269.4,21,4
2026-03-06 21:45:00,40.26,62.74,38.79,43.87,1133,1398.8,21,4
2026-03-06 21:50:00,30.67,63.04,38.4,38.17,1122,1090.3,21,4
2026-03-06 21:55:00,37.1,63.02,38.78,37.16,1126,1144.2,21,4
2026-03-06 22:00:00,37.58,63.1,37.8,45.5,1064,1374.7,22,4
2026-03-06 22:05:00,36.92,63.31,38.08,39.15,1138,1112.3,22,4
2026-03-06 22:10:00,38.9,63.89,38.47,35.9,1087,1445.8,22,4
2026-03-06 22:15:00,34.08,63.49,38.69,39.22,1090,1312.1,22,4
2026-03-06 22:20:00,34.07,62.58,37.98,38.02,1073,1068.8,22,4
2026-03-06 22:25:00,37.73,62.04,38.38,45.62,1076,1389.1,22,4
2026-03-06 22:30:00,32.29,62.12,38.62,36.93,1044,1144.5,22,4
2026-03-06 22:35:00,35.72,60.91,38.13,33.45,989,1098.0,22,4
2026-03-06 22:40:00,29.4,59.17,38.6,36.03,932,1071.0,22,4
2026-03-06 22:45:00,31.8,60.31,38.37,27.24,905,906.8,22,4
2026-03-06 22:50:00,32.93,59.62,38.87,38.69,928,1184.8,22,4
2026-03-06 22:55:00,33.7,59.14,38.74,34.99,955,1152.7,22,4
2026-03-06 23:00:00,32.2,60.0,38.65,42.81,828,1145.3,23,4
2026-03-06 23:05:00,26.19,60.81,38.16,32.24,935,964.3,23,4
2026-03-06 23:10:00,38.88,59.54,38.55,28.02,863,1050.2,23,4
2026-03-06 23:15:00,39.85,59.74,38.19,46.33,830,1273.4,23,4
2026-03-06 23:20:00,32.35,59.73,38.55,34.58,794,914.9,23,4
2026-03-06 23:25:00,30.16,59.12,38.29,40.0,917,1049.8,23,4
2026-03-06 23:30:00,30.92,57.95,38.92,27.75,758,965.2,23,4
2026-03-06 23:35:00,34.97,56.89,38.22,32.4,765,957.3,23,4
2026-03-06 23:40:00,23.59,56.97,38.22,27.94,829,777.7,23,4
2026-03-06 23:45:00,29.88,57.48,38.13,31.77,792,987.0,23,4
2026-03-06 23:50:00,33.18,56.98,38.8,31.97,709,932.4,23,4
2026-03-06 23:55:00,26.14,57.46,39.07,31.54,744,883.4,23,4
2026-03-07 00:00:00,27.73,55.49,35.5,27.7,499,553.4,0,5
2026-03-07 00:05:00,23.53,55.66,34.9,26.48,542,573.4,0,5
2026-03-07 00:10:00,22.52,54.22,35.39,16.84,421,385.6,0,5
2026-03-07 00:15:00,19.12,53.4,35.09,17.06,430,529.7,0,5
2026-03-07 00:20:00,31.5,51.89,35.89,24.78,519,542.0,0,5
2026-03-07 00:25:00,16.25,50.66,34.97,27.15,469,481.8,0,5
2026-03-07 00:30:00,23.08,49.78,35.28,15.92,407,415.0,0,5
2026-03-07 00:35:00,26.0,49.73,35.11,26.4,418,507.9,0,5
2026-03-07 00:40:00,21.16,49.95,35.15,20.51,484,458.2,0,5
2026-03-07 00:45:00,20.01,48.67,35.42,26.1,432,526.8,0,5
2026-03-07 00:50:00,19.25,47.1,34.99,22.23,307,414.6,0,5
2026-03-07 00:55:00,21.87,47.92,35.17,24.95,462,515.8,0,5
2026-03-07 01:00:00,20.54,47.81,34.77,15.09,310,313.9,1,5
2026-03-07 01:05:00,18.75,46.97,35.02,65.14,385,534.5,1,5
2026-03-07 01:10:00,18.31,44.87,35.38,25.97,330,311.6,1,5
2026-03-07 01:15:00,22.91,44.05,35.46,17.86,370,360.0,1,5
2026-03-07 01:20:00,28.66,44.26,35.39,19.49,366,467.2,1,5
2026-03-07 01:25:00,24.68,43.49,35.05,25.28,305,397.1,1,5
2026-03-07 01:30:00,20.92,44.67,34.89,25.31,281,285.5,1,5
2026-03-07 01:35:00,25.66,43.21,35.13,10.56,362,372.5,1,5
2026-03-07 01:40:00,19.23,43.72,35.03,16.43,296,369.0,1,5
2026-03-07 01:45:00,22.16,45.04,35.18,24.93,351,463.6,1,5
2026-03-07 01:50:00,26.99,45.9,35.57,21.75,388,372.1,1,5
2026-03-07 01:55:00,18.4,45.38,35.12,15.29,297,404.0,1,5
2026-03-07 02:00:00,22.64,45.75,35.06,20.25,333,315.3,2,5
2026-03-07 02:05:00,20.03,45.85,35.18,19.88,308,363.7,2,5
2026-03-07 02:10:00,16.82,45.83,35.39,19.31,339,339.5,2,5
2026-03-07 02:15:00,19.45,44.91,35.07,24.66,311,338.9,2,5
2026-03-07 02:20:00,22.15,45.5,35.5,13.49,401,485.1,2,5
2026-03-07 02:25:00,23.1,45.47,35.12,17.24,341,397.5,2,5
2026-03-07 02:30:00,21.98,44.85,35.23,11.25,251,294.5,2,5
2026-03-07 02:35:00,27.73,44.98,35.21,19.04,299,338.2,2,5
2026-03-07 02:40:00,26.19,44.96,35.21,20.84,308,325.6,2,5
2026-03-07 02:45:00,19.58,45.89,35.48,20.58,313,297.5,2,5
2026-03-07 02:50:00,18.06,45.95,35.22,18.5,302,389.5,2,5
2026-03-07 02:55:00,20.95,46.03,35.65,13.4,307,401.9,2,5
2026-03-07 03:00:00,18.79,44.96,35.64,16.64,268,262.3,3,5
2026-03-07 03:05:00,18.16,43.97,35.51,24.01,351,367.0,3,5
2026-03-07 03:10:00,24.85,43.19,35.68,8.78,268,329.1,3,5
2026-03-07 03:15:00,22.38,43.82,35.09,17.93,258,254.0,3,5
2026-03-07 03:20:00,17.0,43.93,36.02,24.11,250,330.5,3,5
2026-03-07 03:25:00,26.79,43.55,35.62,18.27,237,269.9,3,5
2026-03-07 03:30:00,22.98,43.66,35.34,18.86,250,302.3,3,5
2026-03-07 03:35:00,16.51,43.83,35.52,20.31,324,296.3,3,5
2026-03-07 03:40:00,29.28,61.63,34.97,25.63,306,371.0,3,5
2026-03-07 03:45:00,15.42,43.45,36.02,19.44,224,289.0,3,5
2026-03-07 03:50:00,16.58,42.26,35.97,22.19,239,297.7,3,5
2026-03-07 03:55:00,22.73,42.54,35.27,15.76,290,268.9,3,5
2026-03-07 04:00:00,17.49,40.81,35.53,14.63,232,293.1,4,5
2026-03-07 04:05:00,21.28,40.97,35.62,19.38,374,390.8,4,5
2026-03-07 04:10:00,24.81,41.54,35.52,18.07,270,282.4,4,5
2026-03-07 04:15:00,21.77,40.95,35.65,14.17,247,287.2,4,5
2026-03-07 04:20:00,19.25,41.3,35.29,4.38,240,295.9,4,5
2026-03-07 04:25:00,18.68,41.52,36.02,21.4,220,280.5,4,5
2026-03-07 04:30:00,23.78,41.56,36.02,13.11,321,353.1,4,5
2026-03-07 04:35:00,15.55,42.04,35.9,18.62,239,262.3,4,5
2026-03-07 04:40:00,23.39,42.1,35.67,22.3,253,341.5,4,5
2026-03-07 04:45:00,24.71,42.51,35.52,22.73,359,360.7,4,5
2026-03-07 04:50:00,18.23,43.56,35.4,23.61,256,343.9,4,5
2026-03-07 04:55:00,19.05,44.25,35.69,18.59,323,291.5,4,5
2026-03-07 05:00:00,22.2,44.86,35.43,26.02,292,364.3,5,5
2026-03-07 05:05:00,23.38,44.73,35.7,16.67,325,374.9,5,5
2026-03-07 05:10:00,23.52,43.54,36.42,18.44,273,283.9,5,5
2026-03-07 05:15:00,13.84,43.77,36.57,22.86,331,425.8,5,5
2026-03-07 05:20:00,17.61,44.1,35.75,15.84,341,339.7,5,5
2026-03-07 05:25:00,23.43,44.97,35.95,20.82,373,511.2,5,5
2026-03-07 05:30:00,27.31,45.29,35.8,17.02,292,363.9,5,5
2026-03-07 05:35:00,27.96,46.33,36.57,30.1,382,417.2,5,5
2026-03-07 05:40:00,28.41,45.66,36.04,20.2,400,485.1,5,5
2026-03-07 05:45:00,20.81,45.76,36.17,23.44,339,387.9,5,5
2026-03-07 05:50:00,23.28,45.15,35.55,27.18,412,541.7,5,5
2026-03-07 05:55:00,21.59,45.47,35.99,23.81,431,386.6,5,5
2026-03-07 06:00:00,23.62,44.61,36.0,25.31,340,442.6,6,5
2026-03-07 06:05:00,36.43,53.95,35.62,37.66,587,529.8,6,5
2026-03-07 06:10:00,26.56,45.28,36.12,21.73,423,426.7,6,5
2026-03-07 06:15:00,23.6,44.95,36.37,23.85,371,444.2,6,5
2026-03-07 06:20:00,25.22,45.35,35.44,31.54,455,514.3,6,5
2026-03-07 06:25:00,19.11,44.57,36.06,15.67,380,356.5,6,5
2026-03-07 06:30:00,20.56,43.49,35.81,18.84,412,467.3,6,5
2026-03-07 06:35:00,20.89,44.61,36.04,19.95,381,408.4,6,5
2026-03-07 06:40:00,29.44,44.66,35.8,22.35,428,483.6,6,5
2026-03-07 06:45:00,22.98,44.44,35.53,31.55,451,574.6,6,5
2026-03-07 06:50:00,25.98,44.42,36.19,19.51,418,471.0,6,5
2026-03-07 06:55:00,29.42,44.93,36.34,29.8,465,632.9,6,5
2026-03-07 07:00:00,22.2,46.0,36.09,27.19,494,573.4,7,5
2026-03-07 07:05:00,22.75,45.44,36.0,17.58,500,498.8,7,5
2026-03-07 07:10:00,22.32,45.97,35.89,17.15,425,466.2,7,5
2026-03-07 07:15:00,20.92,46.21,35.77,25.98,439,564.1,7,5
2026-03-07 07:20:00,34.93,45.05,35.93,24.76,542,720.7,7,5
2026-03-07 07:25:00,24.64,45.11,36.06,23.67,583,790.3,7,5
2026-03-07 07:30:00,28.31,46.28,36.05,34.51,561,618.5,7,5
2026-03-07 07:35:00,28.92,47.64,36.16,21.25,576,594.5,7,5
2026-03-07 07:40:00,38.41,59.88,36.52,30.43,878,769.3,7,5
2026-03-07 07:45:00,30.14,48.17,36.45,21.99,617,652.6,7,5
2026-03-07 07:50:00,27.64,49.06,36.45,30.41,571,742.9,7,5
2026-03-07 07:55:00,26.71,49.57,36.04,34.55,623,667.7,7,5
2026-03-07 08:00:00,20.77,49.49,35.87,20.57,556,582.8,8,5
2026-03-07 08:05:00,25.92,49.63,36.06,27.7,592,718.5,8,5
2026-03-07 08:10:00,28.31,49.6,36.04,26.32,659,836.1,8,5
2026-03-07 08:15:00,26.36,48.97,36.18,32.3,552,749.3,8,5
2026-03-07 08:20:00,26.88,50.23,36.47,26.7,596,606.6,8,5
2026-03-07 08:25:00,30.01,50.36,36.22,27.13,628,698.1,8,5
2026-03-07 08:30:00,33.25,50.71,36.04,28.16,684,955.4,8,5
2026-03-07 08:35:00,29.05,50.12,36.14,24.95,655,680.4,8,5
2026-03-07 08:40:00,27.55,51.21,36.36,29.57,718,677.4,8,5
2026-03-07 08:45:00,28.58,50.36,36.33,25.42,727,921.4,8,5
2026-03-07 08:50:00,25.52,50.03,36.34,27.47,701,864.9,8,5
2026-03-07 08:55:00,30.0,50.36,36.11,32.12,792,810.3,8,5
2026-03-07 09:00:00,32.5,50.37,36.03,34.2,754,1002.4,9,5
2026-03-07 09:05:00,35.17,51.86,36.72,30.17,783,995.3,9,5
2026-03-07 09:10:00,28.47,52.56,36.09,26.6,705,684.2,9,5
2026-03-07 09:15:00,26.8,52.58,36.55,30.15,846,814.8,9,5
2026-03-07 09:20:00,35.36,54.23,36.48,33.19,836,929.8,9,5
2026-03-07 09:25:00,31.96,54.19,36.56,26.77,775,952.3,9,5
2026-03-07 09:30:00,35.72,54.4,36.02,28.21,834,897.6,9,5
2026-03-07 09:35:00,26.36,54.65,36.25,29.43,794,863.7,9,5
2026-03-07 09:40:00,30.6,55.1,36.34,38.59,823,938.8,9,5
2026-03-07 09:45:00,28.65,55.61,36.83,33.3,910,913.4,9,5
2026-03-07 09:50:00,26.62,56.36,36.59,43.87,816,1140.6,9,5
2026-03-07 09:55:00,29.59,55.44,36.52,41.63,921,1178.8,9,5
2026-03-07 10:00:00,32.15,99.0,36.41,27.48,900,847.0,10,5
2026-03-07 10:05:00,34.93,56.14,36.69,32.53,933,1224.5,10,5
2026-03-07 10:10:00,34.05,57.31,36.3,33.53,925,873.4,10,5
2026-03-07 10:15:00,25.89,57.55,35.88,28.85,915,853.5,10,5
2026-03-07 10:20:00,35.94,57.48,36.47,32.11,983,910.8,10,5
2026-03-07 10:25:00,30.84,57.58,36.52,32.98,937,903.1,10,5
2026-03-07 10:30:00,38.09,57.29,36.66,36.96,1015,1091.6,10,5
2026-03-07 10:35:00,35.92,56.62,36.48,29.08,961,1356.6,10,5
2026-03-07 10:40:00,41.41,57.13,36.77,36.33,1020,1086.2,10,5
2026-03-07 10:45:00,28.69,56.86,36.82,33.13,1030,1207.1,10,5
2026-03-07 10:50:00,28.84,57.0,36.74,39.69,1068,996.9,10,5
2026-03-07 10:55:00,33.79,57.2,35.92,35.9,1052,1007.1,10,5
2026-03-07 11:00:00,30.73,57.33,36.65,34.29,1036,973.8,11,5
2026-03-07 11:05:00,47.99,59.06,36.76,51.42,1084,1498.4,11,5
2026-03-07 11:10:00,38.08,59.31,36.8,43.84,1099,1447.8,11,5
2026-03-07 11:15:00,30.83,59.03,36.33,32.67,1122,1095.2,11,5
2026-03-07 11:20:00,38.2,60.17,36.58,42.85,1097,1470.2,11,5
2026-03-07 11:25:00,31.57,58.85,36.26,30.34,1062,1172.7,11,5
2026-03-07 11:30:00,36.44,59.74,36.76,38.09,1027,1301.3,11,5
2026-03-07 11:35:00,39.32,61.18,36.48,43.14,1051,1395.3,11,5
2026-03-07 11:40:00,37.38,60.37,36.37,41.82,1144,1321.6,11,5
2026-03-07 11:45:00,38.82,59.48,36.79,44.41,1105,1367.1,11,5
2026-03-07 11:50:00,45.45,60.82,36.8,47.19,1211,1693.8,11,5
2026-03-07 11:55:00,46.72,60.55,37.1,38.37,1097,1476.9,11,5
2026-03-07 12:00:00,40.88,60.39,36.66,50.43,1104,1483.5,12,5
2026-03-07 12:05:00,38.44,60.38,36.79,39.87,1199,1327.6,12,5
2026-03-07 12:10:00,37.89,61.32,36.37,35.72,1220,1117.0,12,5
2026-03-07 12:15:00,49.0,62.36,37.4,48.0,1172,1546.7,12,5
2026-03-07 12:20:00,46.38,63.27,36.72,40.1,1157,1593.6,12,5
2026-03-07 12:25:00,40.74,64.05,36.89,50.49,1286,1726.8,12,5
2026-03-07 12:30:00,41.32,63.6,36.4,53.25,1201,1591.1,12,5
2026-03-07 12:35:00,43.0,64.61,36.35,37.33,1230,1426.2,12,5
2026-03-07 12:40:00,49.53,64.28,36.84,49.33,1297,1744.1,12,5
2026-03-07 12:45:00,43.6,65.72,36.8,44.64,1288,1543.5,12,5
2026-03-07 12:50:00,39.0,66.09,36.65,44.93,1241,1528.1,12,5
2026-03-07 12:55:00,42.01,67.29,36.62,43.44,1278,1537.3,12,5
2026-03-07 13:00:00,43.83,66.66,36.49,48.12,1255,1720.4,13,5
2026-03-07 13:05:00,35.92,68.12,36.81,37.65,1307,1439.7,13,5
2026-03-07 13:10:00,44.53,67.02,37.1,49.8,1316,1824.0,13,5
2026-03-07 13:15:00,42.79,66.28,37.69,45.64,1242,1468.4,13,5
2026-03-07 13:20:00,32.08,66.25,37.42,43.47,1348,1536.0,13,5
2026-03-07 13:25:00,46.26,66.56,37.08,50.63,1394,1880.4,13,5
2026-03-07 13:30:00,38.99,66.74,37.01,42.97,1277,1419.8,13,5
2026-03-07 13:35:00,38.15,66.86,36.94,45.42,1323,1350.2,13,5
2026-03-07 13:40:00,37.43,65.51,37.3,38.1,1275,1214.6,13,5
2026-03-07 13:45:00,44.02,65.94,36.84,50.88,1339,1413.2,13,5
2026-03-07 13:50:00,41.17,67.2,36.75,48.24,1371,1697.2,13,5
2026-03-07 13:55:00,29.06,66.9,37.06,31.74,1331,1209.1,13,5
2026-03-07 14:00:00,38.03,66.36,37.2,52.25,1340,1773.9,14,5
2026-03-07 14:05:00,37.73,65.69,36.88,39.4,1373,1440.6,14,5
2026-03-07 14:10:00,38.35,66.25,36.92,38.51,1302,1267.1,14,5
2026-03-07 14:15:00,38.0,66.16,37.42,41.91,1283,1230.6,14,5
2026-03-07 14:20:00,41.62,66.46,36.47,44.73,1383,1448.5,14,5
2026-03-07 14:25:00,47.15,66.22,37.1,51.78,1397,1786.0,14,5
2026-03-07 14:30:00,48.77,66.14,37.26,51.07,1439,1945.6,14,5
2026-03-07 14:35:00,42.07,66.43,37.38,59.02,1398,1815.2,14,5
2026-03-07 14:40:00,38.78,66.84,36.57,54.7,1393,1740.8,14,5
2026-03-07 14:45:00,49.74,67.34,37.13,48.71,1409,1880.8,14,5
2026-03-07 14:50:00,39.18,67.85,37.66,44.07,1433,1507.2,14,5
2026-03-07 14:55:00,38.8,67.81,37.24,47.08,1399,1572.5,14,5
2026-03-07 15:00:00,45.66,69.07,37.59,53.79,1348,1575.2,15,5
2026-03-07 15:05:00,40.73,69.34,36.58,41.98,1383,1561.1,15,5
2026-03-07 15:10:00,37.15,68.99,37.39,42.3,1394,1370.4,15,5
2026-03-07 15:15:00,52.68,69.95,37.05,65.02,1467,2038.3,15,5
2026-03-07 15:20:00,49.91,69.48,37.57,52.96,1455,1929.8,15,5
2026-03-07 15:25:00,30.88,69.88,36.92,47.25,1379,1649.0,15,5
2026-03-07 15:30:00,39.04,68.84,37.0,38.74,1409,1391.7,15,5
2026-03-07 15:35:00,47.07,68.71,37.9,53.15,1409,1750.9,15,5
2026-03-07 15:40:00,37.18,67.77,38.06,39.12,1374,1266.8,15,5
2026-03-07 15:45:00,38.84,67.41,37.41,50.08,1438,1696.0,15,5
2026-03-07 15:50:00,40.13,67.6,37.54,35.25,1378,1380.6,15,5
2026-03-07 15:55:00,49.09,67.69,37.44,53.22,1461,1938.5,15,5
2026-03-07 16:00:00,44.64,67.03,37.16,61.0,1416,1945.3,16,5
2026-03-07 16:05:00,54.65,67.91,37.58,58.71,1455,2127.0,16,5
2026-03-07 16:10:00,44.92,66.54,37.27,51.74,1476,1909.1,16,5
2026-03-07 16:15:00,38.73,65.12,37.8,43.49,1449,1484.0,16,5
2026-03-07 16:20:00,40.53,64.93,37.26,51.17,1428,1553.3,16,5
2026-03-07 16:25:00,42.67,65.41,37.9,49.9,1448,1483.8,16,5
2026-03-07 16:30:00,43.17,65.78,37.25,53.95,1376,1585.4,16,5
2026-03-07 16:35:00,45.33,67.54,37.42,59.45,1388,1968.2,16,5
2026-03-07 16:40:00,33.0,67.04,37.59,41.27,1456,1360.3,16,5
2026-03-07 16:45:00,50.45,67.64,37.55,44.24,1437,1548.9,16,5
2026-03-07 16:50:00,36.27,67.5,37.56,38.58,1337,1241.1,16,5
2026-03-07 16:55:00,80.2,68.61,37.09,50.6,1406,1797.9,16,5
2026-03-07 17:00:00,45.96,69.07,37.51,42.86,1364,1508.8,17,5
2026-03-07 17:05:00,39.88,67.55,37.54,46.72,1308,1350.9,17,5
2026-03-07 17:10:00,43.94,69.93,37.29,47.09,1394,1381.6,17,5
2026-03-07 17:15:00,38.96,68.37,37.36,41.23,1339,1477.4,17,5
2026-03-07 17:20:00,49.5,68.99,37.57,48.74,1406,1830.3,17,5
2026-03-07 17:25:00,37.68,67.5,37.76,48.74,1290,1635.0,17,5
2026-03-07 17:30:00,44.23,66.51,37.47,53.2,1364,1674.7,17,5
2026-03-07 17:35:00,45.26,64.88,38.11,51.55,1317,1547.0,17,5
2026-03-07 17:40:00,43.7,65.02,37.63,47.2,1326,1780.2,17,5
2026-03-07 17:45:00,48.92,65.29,37.92,54.07,1289,1618.5,17,5
2026-03-07 17:50:00,39.89,64.57,37.45,41.8,1293,1479.8,17,5
2026-03-07 17:55:00,42.96,64.58,37.04,45.57,1306,1503.7,17,5
2026-03-07 18:00:00,38.93,64.7,37.71,51.4,1346,1763.1,18,5
2026-03-07 18:05:00,41.03,64.99,37.62,36.39,1360,1437.0,18,5
2026-03-07 18:10:00,32.34,64.01,37.9,38.61,1239,1389.8,18,5
2026-03-07 18:15:00,37.3,65.54,38.17,42.88,1243,1489.5,18,5
2026-03-07 18:20:00,36.82,64.83,37.93,41.36,1237,1339.8,18,5
2026-03-07 18:25:00,38.37,63.17,37.75,43.97,1258,1449.4,18,5
2026-03-07 18:30:00,31.97,62.94,37.61,37.55,1259,1273.6,18,5
2026-03-07 18:35:00,34.77,62.87,38.04,32.8,1250,1308.6,18,5
2026-03-07 18:40:00,45.1,63.58,37.63,36.33,1212,1183.6,18,5
2026-03-07 18:45:00,39.01,64.57,38.35,51.3,1229,1687.2,18,5
2026-03-07 18:50:00,44.21,64.08,38.01,37.47,1196,1192.0,18,5
2026-03-07 18:55:00,38.12,64.55,37.84,41.94,1222,1287.7,18,5
2026-03-07 19:00:00,33.33,66.06,37.96,45.02,1218,1411.5,19,5
2026-03-07 19:05:00,33.99,64.68,37.53,40.06,1176,1258.9,19,5
2026-03-07 19:10:00,39.94,63.88,37.51,37.77,1181,1295.9,19,5
2026-03-07 19:15:00,31.78,64.26,38.11,35.13,1231,1183.5,19,5
2026-03-07 19:20:00,31.82,64.2,37.72,30.69,1092,1074.1,19,5
2026-03-07 19:25:00,32.57,64.51,37.73,40.26,1172,1177.5,19,5
2026-03-07 19:30:00,37.95,62.55,38.26,43.15,1065,1493.9,19,5
2026-03-07 19:35:00,41.07,61.39,37.74,36.04,1077,1164.2,19,5
2026-03-07 19:40:00,35.06,61.34,37.85,35.55,1092,1141.6,19,5
2026-03-07 19:45:00,38.14,61.49,38.45,45.05,1099,1516.3,19,5
2026-03-07 19:50:00,42.62,60.93,37.57,45.41,1111,1481.2,19,5
2026-03-07 19:55:00,43.64,62.43,38.2,48.66,1102,1528.4,19,5
2026-03-07 20:00:00,34.7,62.47,38.07,30.02,1015,1009.1,20,5
2026-03-07 20:05:00,37.49,61.75,37.98,49.08,1071,1463.4,20,5
2026-03-07 20:10:00,38.05,61.35,37.9,32.52,990,1125.5,20,5
2026-03-07 20:15:00,37.8,59.62,37.87,41.31,1063,1418.5,20,5
2026-03-07 20:20:00,30.36,60.0,37.96,32.3,1051,1028.8,20,5
2026-03-07 20:25:00,32.56,59.96,37.98,47.89,1027,1351.7,20,5
2026-03-07 20:30:00,33.96,91.22,38.6,45.33,1063,1127.0,20,5
2026-03-07 20:35:00,35.06,60.69,38.26,31.51,957,1002.1,20,5
2026-03-07 20:40:00,38.96,60.01,37.63,35.62,918,1224.5,20,5
2026-03-07 20:45:00,32.57,59.67,38.53,32.6,900,1010.5,20,5
2026-03-07 20:50:00,31.16,58.84,38.23,36.01,954,1152.5,20,5
2026-03-07 20:55:00,39.03,57.83,38.39,37.22,948,1317.1,20,5
2026-03-07 21:00:00,30.72,59.09,38.66,26.71,979,970.4,21,5
2026-03-07 21:05:00,30.04,58.16,38.28,28.32,963,892.3,21,5
2026-03-07 21:10:00,30.24,57.88,38.82,32.76,874,1038.1,21,5
2026-03-07 21:15:00,42.54,57.63,37.97,35.81,852,1193.4,21,5
2026-03-07 21:20:00,25.89,56.65,38.12,33.09,945,1009.5,21,5
2026-03-07 21:25:00,21.19,56.22,38.49,27.5,874,835.2,21,5
2026-03-07 21:30:00,34.46,56.19,38.28,36.8,882,1028.9,21,5
2026-03-07 21:35:00,34.79,55.27,38.17,29.78,807,1075.8,21,5
2026-03-07 21:40:00,30.47,55.2,38.31,39.93,840,1045.8,21,5
2026-03-07 21:45:00,30.39,54.18,38.49,35.41,842,1059.5,21,5
2026-03-07 21:50:00,48.82,65.35,38.49,43.82,1227,1246.9,21,5
2026-03-07 21:55:00,28.95,55.77,38.14,41.64,750,977.6,21,5
2026-03-07 22:00:00,36.85,56.62,38.4,27.36,774,1048.5,22,5
2026-03-07 22:05:00,29.61,56.86,38.82,23.37,734,744.8,22,5
2026-03-07 22:10:00,37.7,56.26,39.18,38.24,778,1072.6,22,5
2026-03-07 22:15:00,24.04,55.17,37.76,31.82,774,783.5,22,5
2026-03-07 22:20:00,32.11,55.84,38.22,32.36,708,939.6,22,5
2026-03-07 22:25:00,29.34,55.11,38.36,26.35,684,819.6,22,5
2026-03-07 22:30:00,24.88,55.26,38.48,30.7,707,731.8,22,5
2026-03-07 22:35:00,27.37,52.3,38.38,29.79,683,583.5,22,5
2026-03-07 22:40:00,27.99,51.36,38.55,36.92,655,842.1,22,5
2026-03-07 22:45:00,29.82,50.85,38.39,24.99,580,582.9,22,5
2026-03-07 22:50:00,34.16,50.36,38.12,26.67,661,758.0,22,5
2026-03-07 22:55:00,42.96,50.65,57.01,26.92,654,782.4,22,5
2026-03-07 23:00:00,25.04,51.01,38.41,31.19,671,744.1,23,5
2026-03-07 23:05:00,19.92,49.18,38.51,25.86,714,675.3,23,5
2026-03-07 23:10:00,36.53,49.39,38.58,35.73,748,1058.0,23,5
2026-03-07 23:15:00,23.34,49.44,37.96,18.97,583,593.4,23,5
2026-03-07 23:20:00,30.56,49.95,38.68,29.46,593,669.9,23,5
2026-03-07 23:25:00,26.68,50.99,38.91,25.67,565,794.1,23,5
2026-03-07 23:30:00,30.21,51.03,38.71,27.55,594,806.6,23,5
2026-03-07 23:35:00,25.82,51.21,38.6,27.9,577,750.1,23,5
2026-03-07 23:40:00,23.11,50.89,38.54,26.95,634,611.7,23,5
2026-03-07 23:45:00,21.07,50.08,38.1,16.69,506,484.2,23,5
2026-03-07 23:50:00,26.44,48.21,38.62,22.32,443,507.2,23,5
2026-03-07 23:55:00,26.12,47.52,38.07,26.88,478,610.9,23,5
2026-03-08 00:00:00,18.57,46.5,35.42,21.92,408,423.3,0,6
2026-03-08 00:05:00,30.07,46.07,34.84,21.61,500,559.4,0,6
2026-03-08 00:10:00,24.4,45.96,34.94,23.37,447,472.0,0,6
2026-03-08 00:15:00,20.24,47.51,34.89,24.18,486,542.7,0,6
2026-03-08 00:20:00,30.37,47.77,35.42,27.8,483,675.0,0,6
2026-03-08 00:25:00,26.57,47.76,35.54,21.73,421,582.3,0,6
2026-03-08 00:30:00,27.56,47.49,35.18,21.51,417,569.7,0,6
2026-03-08 00:35:00,27.98,46.96,34.61,22.62,465,478.6,0,6
2026-03-08 00:40:00,24.12,47.36,35.34,28.56,480,620.2,0,6
2026-03-08 00:45:00,28.39,46.27,35.28,35.03,490,544.1,0,6
2026-03-08 00:50:00,23.61,46.7,35.11,22.56,435,515.9,0,6
2026-03-08 00:55:00,21.2,46.38,34.84,22.32,422,593.9,0,6
2026-03-08 01:00:00,23.59,45.8,35.85,15.73,362,397.2,1,6
2026-03-08 01:05:00,30.09,45.69,35.51,19.82,397,446.8,1,6
2026-03-08 01:10:00,21.95,45.13,35.22,30.81,336,359.5,1,6
2026-03-08 01:15:00,22.83,45.31,35.12,21.7,356,481.4,1,6
2026-03-08 01:20:00,28.26,43.96,35.29,19.38,375,435.8,1,6
2026-03-08 01:25:00,28.56,45.04,35.47,25.96,390,522.7,1,6
2026-03-08 01:30:00,20.63,44.27,35.26,15.41,331,356.3,1,6
2026-03-08 01:35:00,18.99,45.25,35.43,26.89,352,405.7,1,6
2026-03-08 01:40:00,21.84,46.14,35.27,27.73,299,292.1,1,6
2026-03-08 01:45:00,19.32,46.54,35.05,17.9,374,436.3,1,6
2026-03-08 01:50:00,26.95,47.68,35.23,17.84,360,344.5,1,6
2026-03-08 01:55:00,16.49,47.65,35.47,24.59,418,397.2,1,6
2026-03-08 02:00:00,28.52,47.07,35.12,20.13,372,411.2,2,6
2026-03-08 02:05:00,18.32,46.32,35.09,13.29,260,305.5,2,6
2026-03-08 02:10:00,20.23,46.3,35.25,22.73,305,391.3,2,6
2026-03-08 02:15:00,16.61,46.07,35.28,17.52,244,257.6,2,6
2026-03-08 02:20:00,24.74,45.88,34.95,11.78,490,435.4,2,6
2026-03-08 02:25:00,23.13,45.24,35.15,18.27,277,266.6,2,6
2026-03-08 02:30:00,30.52,61.06,36.02,24.31,399,414.1,2,6
2026-03-08 02:35:00,25.5,44.2,35.61,20.1,205,218.7,2,6
2026-03-08 02:40:00,19.65,45.01,35.46,11.42,263,320.5,2,6
2026-03-08 02:45:00,14.42,44.29,35.34,15.98,198,192.2,2,6
2026-03-08 02:50:00,23.35,44.91,35.8,22.75,328,366.5,2,6
2026-03-08 02:55:00,22.59,46.06,35.79,13.99,301,301.8,2,6
2026-03-08 03:00:00,23.68,44.84,35.81,13.51,248,266.6,3,6
2026-03-08 03:05:00,22.8,43.85,35.69,12.76,233,221.4,3,6
2026-03-08 03:10:00,27.15,43.32,35.87,19.44,287,336.4,3,6
2026-03-08 03:15:00,23.34,43.5,35.3,11.85,259,284.4,3,6
2026-03-08 03:20:00,24.26,44.88,35.18,20.73,242,337.0,3,6
2026-03-08 03:25:00,21.46,43.84,35.25,13.15,284,401.1,3,6
2026-03-08 03:30:00,20.11,44.15,35.57,20.67,234,259.4,3,6
2026-03-08 03:35:00,14.85,44.39,35.14,18.61,338,340.2,3,6
2026-03-08 03:40:00,21.03,43.82,35.4,21.36,204,216.5,3,6
2026-03-08 03:45:00,20.75,43.1,35.63,18.66,285,341.6,3,6
2026-03-08 03:50:00,25.08,43.05,35.77,18.16,252,348.3,3,6
2026-03-08 03:55:00,18.93,41.64,35.91,14.88,234,237.5,3,6
2026-03-08 04:00:00,18.21,43.17,35.72,19.57,281,276.9,4,6
2026-03-08 04:05:00,21.73,42.77,35.33,22.4,273,301.8,4,6
2026-03-08 04:10:00,22.53,42.91,35.72,24.36,339,409.7,4,6
2026-03-08 04:15:00,24.52,44.24,35.45,18.74,286,370.3,4,6
2026-03-08 04:20:00,17.64,44.83,35.52,21.1,299,279.4,4,6
2026-03-08 04:25:00,17.61,44.11,35.88,19.47,289,240.0,4,6
2026-03-08 04:30:00,17.29,44.63,35.86,18.43,293,325.8,4,6
2026-03-08 04:35:00,25.96,44.42,35.89,17.74,222,214.8,4,6
2026-03-08 04:40:00,22.58,44.82,35.98,8.66,284,270.1,4,6
2026-03-08 04:45:00,26.41,44.72,35.71,20.12,303,407.7,4,6
2026-03-08 04:50:00,16.61,45.19,35.11,23.11,274,253.5,4,6
2026-03-08 04:55:00,18.76,47.02,35.65,16.21,313,322.3,4,6
2026-03-08 05:00:00,17.59,45.14,35.83,22.91,238,326.6,5,6
2026-03-08 05:05:00,28.95,46.27,35.26,24.11,317,419.0,5,6
2026-03-08 05:10:00,16.77,45.56,35.56,17.12,346,404.6,5,6
2026-03-08 05:15:00,23.71,45.88,36.09,12.59,313,355.5,5,6
2026-03-08 05:20:00,20.35,46.51,36.04,22.39,318,384.2,5,6
2026-03-08 05:25:00,26.53,45.67,35.53,19.78,399,441.2,5,6
2026-03-08 05:30:00,27.71,44.42,35.83,22.44,323,326.8,5,6
2026-03-08 05:35:00,18.87,44.54,36.22,20.79,301,325.8,5,6
2026-03-08 05:40:00,19.32,44.7,35.76,18.84,381,345.8,5,6
2026-03-08 05:45:00,18.01,44.51,36.15,18.68,354,332.3,5,6
2026-03-08 05:50:00,24.51,44.77,35.74,25.47,343,404.7,5,6
2026-03-08 05:55:00,24.1,46.26,36.15,22.46,398,456.4,5,6
2026-03-08 06:00:00,27.45,45.4,36.2,26.33,394,556.3,6,6
2026-03-08 06:05:00,22.75,46.48,36.56,24.93,463,494.8,6,6
2026-03-08 06:10:00,19.4,46.46,36.01,20.6,397,520.7,6,6
2026-03-08 06:15:00,25.27,45.56,35.89,31.33,413,431.7,6,6
2026-03-08 06:20:00,19.88,46.28,35.99,20.8,417,453.9,6,6
2026-03-08 06:25:00,20.53,46.56,36.07,27.1,387,508.9,6,6
2026-03-08 06:30:00,20.28,46.12,35.93,30.06,442,517.6,6,6
2026-03-08 06:35:00,24.6,46.65,36.27,19.83,479,576.2,6,6
2026-03-08 06:40:00,26.09,47.3,36.0,20.61,470,616.4,6,6
2026-03-08 06:45:00,23.27,46.41,35.78,23.66,382,471.5,6,6
2026-03-08 06:50:00,22.25,45.82,35.38,19.79,409,455.8,6,6
2026-03-08 06:55:00,24.28,47.01,35.81,24.05,394,501.2,6,6
2026-03-08 07:00:00,21.78,46.14,35.78,18.5,453,431.2,7,6
2026-03-08 07:05:00,30.22,46.53,35.66,29.8,500,705.5,7,6
2026-03-08 07:10:00,23.44,47.61,35.75,22.28,511,677.0,7,6
2026-03-08 07:15:00,25.97,46.54,36.16,24.6,423,598.7,7,6
2026-03-08 07:20:00,24.48,46.89,36.4,20.89,504,586.8,7,6
2026-03-08 07:25:00,23.82,47.55,36.38,29.75,571,634.8,7,6
2026-03-08 07:30:00,23.58,47.78,36.13,30.38,539,790.4,7,6
2026-03-08 07:35:00,24.46,48.29,36.36,26.94,627,669.4,7,6
2026-03-08 07:40:00,26.29,49.03,36.64,25.54,620,667.4,7,6
2026-03-08 07:45:00,37.5,57.48,36.13,48.17,1014,1212.6,7,6
2026-03-08 07:50:00,31.89,49.46,35.77,24.85,590,657.6,7,6
2026-03-08 07:55:00,31.27,49.39,36.13,25.83,675,939.7,7,6
2026-03-08 08:00:00,27.83,47.65,36.01,27.16,599,898.9,8,6
2026-03-08 08:05:00,24.69,48.14,35.69,26.67,613,604.4,8,6
2026-03-08 08:10:00,29.71,47.81,36.69,24.94,655,688.2,8,6
2026-03-08 08:15:00,27.33,48.7,36.55,33.47,666,642.7,8,6
2026-03-08 08:20:00,25.29,49.45,36.68,26.2,649,699.7,8,6
2026-03-08 08:25:00,29.96,50.58,37.09,25.01,712,687.8,8,6
2026-03-08 08:30:00,35.38,49.77,36.59,27.5,684,686.6,8,6
2026-03-08 08:35:00,30.26,49.93,36.2,38.86,779,902.7,8,6
2026-03-08 08:40:00,27.64,49.55,36.09,25.21,650,780.5,8,6
2026-03-08 08:45:00,24.27,48.47,36.78,29.77,635,779.1,8,6
2026-03-08 08:50:00,29.46,50.41,36.43,33.13,749,1048.5,8,6
2026-03-08 08:55:00,34.22,51.29,36.48,23.17,709,929.4,8,6
2026-03-08 09:00:00,25.06,50.38,36.3,26.29,699,701.4,9,6
2026-03-08 09:05:00,32.2,50.23,36.29,30.7,752,973.0,9,6
2026-03-08 09:10:00,28.2,50.49,35.96,29.17,692,820.5,9,6
2026-03-08 09:15:00,33.72,50.39,36.59,35.1,741,1065.3,9,6
2026-03-08 09:20:00,28.96,50.97,36.3,32.31,866,825.3,9,6
2026-03-08 09:25:00,30.93,51.92,36.4,33.19,841,749.5,9,6
2026-03-08 09:30:00,33.42,53.56,36.07,31.82,855,1024.5,9,6
2026-03-08 09:35:00,25.44,54.92,36.65,31.7,818,779.9,9,6
2026-03-08 09:40:00,32.54,54.97,36.8,37.25,856,1143.6,9,6
2026-03-08 09:45:00,35.54,56.36,36.44,29.06,854,1113.1,9,6
2026-03-08 09:50:00,39.73,56.52,36.35,43.04,893,937.3,9,6
2026-03-08 09:55:00,32.52,56.36,36.52,30.46,830,839.7,9,6
2026-03-08 10:00:00,34.78,55.37,36.57,27.72,885,940.8,10,6
2026-03-08 10:05:00,35.21,56.12,36.33,41.56,886,1172.4,10,6
2026-03-08 10:10:00,27.59,56.79,36.79,29.02,849,969.2,10,6
2026-03-08 10:15:00,36.89,56.61,36.75,27.88,899,1245.9,10,6
2026-03-08 10:20:00,36.22,56.88,36.51,39.47,929,1411.8,10,6
2026-03-08 10:25:00,27.41,56.14,36.63,36.5,891,952.9,10,6
2026-03-08 10:30:00,39.17,56.67,36.56,47.74,945,1371.9,10,6
2026-03-08 10:35:00,43.95,57.93,36.57,39.29,1035,1459.3,10,6
2026-03-08 10:40:00,29.65,56.88,36.9,31.69,955,950.3,10,6
2026-03-08 10:45:00,30.37,57.58,36.73,29.46,1022,982.8,10,6
2026-03-08 10:50:00,43.59,57.12,36.76,37.17,963,1365.4,10,6
2026-03-08 10:55:00,42.14,57.14,36.36,40.47,1092,1195.8,10,6
2026-03-08 11:00:00,40.12,57.85,36.7,44.68,1029,1406.9,11,6
2026-03-08 11:05:00,31.63,58.37,37.19,34.99,1036,1085.8,11,6
2026-03-08 11:10:00,34.89,57.57,36.15,36.68,1028,1164.7,11,6
2026-03-08 11:15:00,37.0,58.37,36.98,33.57,1045,1185.4,11,6
2026-03-08 11:20:00,36.31,58.3,36.64,47.57,1117,1271.7,11,6
2026-03-08 11:25:00,41.57,59.22,36.34,35.43,1063,1280.9,11,6
2026-03-08 11:30:00,37.93,59.08,36.86,35.71,1056,1027.7,11,6
2026-03-08 11:35:00,34.16,59.42,36.67,33.6,1151,1152.9,11,6
2026-03-08 11:40:00,34.9,59.58,37.23,36.03,1169,1065.2,11,6
2026-03-08 11:45:00,41.07,60.01,36.48,39.17,1098,1395.8,11,6
2026-03-08 11:50:00,41.35,59.29,36.47,38.78,1105,1413.1,11,6
2026-03-08 11:55:00,33.98,59.36,37.02,37.78,1134,990.3,11,6
2026-03-08 12:00:00,33.09,59.35,36.62,32.57,1225,1125.9,12,6
2026-03-08 12:05:00,41.21,59.24,36.96,36.74,1195,1258.2,12,6
2026-03-08 12:10:00,35.42,58.98,37.0,44.15,1175,1101.1,12,6
2026-03-08 12:15:00,43.86,58.53,37.09,53.92,1198,1528.3,12,6
2026-03-08 12:20:00,38.9,59.21,36.61,39.9,1179,1296.2,12,6
2026-03-08 12:25:00,36.68,61.26,36.32,41.81,1277,1354.4,12,6
2026-03-08 12:30:00,40.32,61.36,36.64,46.9,1256,1409.9,12,6
2026-03-08 12:35:00,40.48,61.74,36.81,48.23,1247,1518.0,12,6
2026-03-08 12:40:00,45.8,61.41,37.34,48.67,1286,1620.3,12,6
2026-03-08 12:45:00,46.06,62.82,37.32,46.14,1311,1682.9,12,6
2026-03-08 12:50:00,38.61,62.36,36.49,37.38,1224,1156.5,12,6
2026-03-08 12:55:00,41.6,63.35,37.31,55.15,1255,1800.9,12,6
2026-03-08 13:00:00,49.99,63.71,37.01,51.4,1354,1861.1,13,6
2026-03-08 13:05:00,36.43,64.14,36.81,37.64,1318,1276.6,13,6
2026-03-08 13:10:00,38.53,64.35,37.66,42.03,1294,1545.4,13,6
2026-03-08 13:15:00,33.2,64.88,37.04,39.35,1230,1306.1,13,6
2026-03-08 13:20:00,40.43,64.36,36.67,45.45,1394,1429.0,13,6
2026-03-08 13:25:00,38.96,64.61,36.7,43.59,1409,1439.2,13,6
2026-03-08 13:30:00,48.34,63.91,37.13,44.8,1287,1629.7,13,6
2026-03-08 13:35:00,29.18,63.07,36.96,36.57,1295,1130.8,13,6
2026-03-08 13:40:00,43.35,63.69,37.39,39.19,1305,1528.3,13,6
2026-03-08 13:45:00,33.66,62.53,36.93,38.33,1280,1110.8,13,6
2026-03-08 13:50:00,29.76,62.67,37.62,36.33,1304,1313.4,13,6
2026-03-08 13:55:00,49.93,63.12,37.33,55.61,1376,1971.6,13,6
2026-03-08 14:00:00,45.17,63.01,37.27,51.39,1297,1812.8,14,6
2026-03-08 14:05:00,40.69,63.31,37.15,39.01,1378,1506.6,14,6
2026-03-08 14:10:00,34.85,63.68,36.95,37.75,1374,1249.2,14,6
2026-03-08 14:15:00,36.59,64.19,37.33,33.09,1335,1275.0,14,6
2026-03-08 14:20:00,39.8,65.34,37.0,45.13,1362,1536.3,14,6
2026-03-08 14:25:00,39.26,65.96,37.07,34.57,1388,1414.1,14,6
2026-03-08 14:30:00,42.46,65.26,37.03,44.15,1377,1508.7,14,6
2026-03-08 14:35:00,41.63,65.72,37.51,42.21,1527,1618.4,14,6
2026-03-08 14:40:00,38.61,66.32,37.31,32.95,1346,1587.1,14,6
2026-03-08 14:45:00,42.92,65.47,37.55,49.52,1373,1798.2,14,6
2026-03-08 14:50:00,37.94,65.42,37.66,34.35,1348,1249.6,14,6
2026-03-08 14:55:00,45.76,65.83,37.81,50.56,1434,1908.7,14,6
2026-03-08 15:00:00,49.69,65.84,37.26,50.15,1432,1882.2,15,6
2026-03-08 15:05:00,33.66,64.99,36.8,47.89,1293,1510.6,15,6
2026-03-08 15:10:00,42.31,64.97,36.92,41.65,1449,1530.1,15,6
2026-03-08 15:15:00,43.96,64.37,37.34,56.07,1431,1913.0,15,6
2026-03-08 15:20:00,44.68,63.82,37.46,56.98,1477,1780.5,15,6
2026-03-08 15:25:00,51.56,63.77,37.85,54.67,1404,1839.2,15,6
2026-03-08 15:30:00,39.97,64.05,37.19,44.11,1433,1340.8,15,6
2026-03-08 15:35:00,37.01,64.74,36.97,42.74,1361,1547.1,15,6
2026-03-08 15:40:00,48.82,64.37,37.37,52.79,1455,1752.1,15,6
2026-03-08 15:45:00,45.88,64.47,38.02,56.18,1454,1919.6,15,6
2026-03-08 15:50:00,45.37,65.01,37.4,46.99,1401,1539.0,15,6
2026-03-08 15:55:00,44.44,64.57,37.54,51.4,1367,1752.6,15,6
2026-03-08 16:00:00,48.64,64.8,37.26,42.77,1429,1731.3,16,6
2026-03-08 16:05:00,49.78,64.87,37.94,53.24,1395,1941.6,16,6
2026-03-08 16:10:00,42.34,64.47,37.23,34.7,1323,1390.5,16,6
2026-03-08 16:15:00,39.59,64.79,36.93,40.12,1356,1424.7,16,6
2026-03-08 16:20:00,44.04,64.76,37.2,51.98,1433,1591.6,16,6
2026-03-08 16:25:00,36.67,64.84,37.48,38.23,1395,1424.1,16,6
2026-03-08 16:30:00,42.83,64.72,37.46,42.82,1369,1542.4,16,6
2026-03-08 16:35:00,43.45,65.89,37.76,51.04,1427,1712.3,16,6
2026-03-08 16:40:00,48.09,67.45,37.12,48.45,1375,1564.6,16,6
2026-03-08 16:45:00,40.57,68.32,37.48,51.97,1356,1720.1,16,6
2026-03-08 16:50:00,42.7,68.79,37.57,43.85,1385,1571.2,16,6
2026-03-08 16:55:00,50.9,68.38,37.49,47.64,1403,1728.0,16,6
2026-03-08 17:00:00,44.35,68.34,37.56,42.55,1497,1581.9,17,6
2026-03-08 17:05:00,38.34,67.79,37.8,37.48,1439,1381.3,17,6
2026-03-08 17:10:00,47.24,68.33,38.06,56.22,1373,1877.3,17,6
2026-03-08 17:15:00,45.41,68.45,37.5,56.14,1386,1842.3,17,6
2026-03-08 17:20:00,42.67,67.03,37.49,47.51,1337,1509.8,17,6
2026-03-08 17:25:00,43.59,68.4,37.62,49.86,1391,1760.5,17,6
2026-03-08 17:30:00,38.57,66.13,37.46,32.69,1240,1245.4,17,6
2026-03-08 17:35:00,39.47,65.86,38.01,46.74,1260,1599.9,17,6
2026-03-08 17:40:00,39.38,64.73,37.94,38.29,1327,1476.6,17,6
2026-03-08 17:45:00,47.41,64.03,37.14,48.04,1276,1556.8,17,6
2026-03-08 17:50:00,45.92,64.2,37.71,52.79,1322,1883.1,17,6
2026-03-08 17:55:00,38.55,62.96,37.94,39.99,1293,1277.4,17,6
2026-03-08 18:00:00,34.08,62.07,37.75,31.22,1291,1177.9,18,6
2026-03-08 18:05:00,44.95,61.9,37.48,53.65,1332,1908.0,18,6
2026-03-08 18:10:00,43.87,62.39,37.97,41.0,1338,1487.3,18,6
2026-03-08 18:15:00,44.52,62.53,37.85,49.28,1283,1731.6,18,6
2026-03-08 18:20:00,36.24,62.38,37.77,38.52,1213,1073.1,18,6
2026-03-08 18:25:00,47.43,63.62,38.24,44.76,1291,1677.1,18,6
2026-03-08 18:30:00,39.54,64.08,37.23,49.14,1293,1577.1,18,6
2026-03-08 18:35:00,35.42,63.59,37.99,37.53,1195,1331.4,18,6
2026-03-08 18:40:00,44.22,64.56,37.59,42.15,1205,1468.2,18,6
2026-03-08 18:45:00,36.86,65.29,37.74,39.31,1294,1254.8,18,6
2026-03-08 18:50:00,35.77,64.33,37.85,39.98,1207,1417.1,18,6
2026-03-08 18:55:00,38.0,65.29,37.54,50.41,1204,1519.3,18,6
2026-03-08 19:00:00,43.6,64.59,38.28,50.59,1254,1577.5,19,6
2026-03-08 19:05:00,35.13,65.14,37.57,44.74,1185,1229.1,19,6
2026-03-08 19:10:00,33.59,64.21,37.43,38.1,1203,1386.2,19,6
2026-03-08 19:15:00,39.01,64.55,37.97,54.74,1121,1606.5,19,6
2026-03-08 19:20:00,38.63,63.07,38.42,38.25,1147,1300.3,19,6
2026-03-08 19:25:00,38.61,63.44,38.51,45.68,1184,1501.7,19,6
2026-03-08 19:30:00,28.95,62.33,38.4,31.61,1077,944.4,19,6
2026-03-08 19:35:00,41.16,63.27,38.23,42.63,1084,1310.4,19,6
2026-03-08 19:40:00,40.2,63.02,37.83,41.93,1119,1341.6,19,6
2026-03-08 19:45:00,31.73,62.95,38.1,44.1,1164,1164.8,19,6
2026-03-08 19:50:00,38.2,62.16,37.95,36.61,1097,1287.9,19,6
2026-03-08 19:55:00,30.41,61.58,37.92,33.51,1021,971.6,19,6
2026-03-08 20:00:00,40.57,62.05,37.56,48.91,1134,1522.7,20,6
2026-03-08 20:05:00,30.39,61.9,38.43,33.75,1062,1399.8,20,6
2026-03-08 20:10:00,33.29,60.15,38.49,35.18,1027,1128.6,20,6
2026-03-08 20:15:00,26.97,60.33,38.51,37.0,1069,954.5,20,6
2026-03-08 20:20:00,29.45,60.58,38.28,42.24,1049,950.6,20,6
2026-03-08 20:25:00,32.42,60.61,38.23,27.32,1065,1168.3,20,6
2026-03-08 20:30:00,30.33,59.02,37.87,29.57,966,1068.5,20,6
2026-03-08 20:35:00,27.32,58.41,37.89,36.51,1032,962.4,20,6
2026-03-08 20:40:00,35.74,59.01,38.45,36.97,968,1169.4,20,6
2026-03-08 20:45:00,29.4,57.69,38.67,40.44,923,1155.4,20,6
2026-03-08 20:50:00,34.18,58.65,38.47,33.36,1009,1196.3,20,6
2026-03-08 20:55:00,36.8,57.54,38.22,38.24,886,1011.1,20,6
2026-03-08 21:00:00,33.16,57.75,37.8,40.43,928,1102.4,21,6
2026-03-08 21:05:00,35.46,56.51,38.59,40.3,964,1145.3,21,6
2026-03-08 21:10:00,38.39,57.0,38.29,43.97,1001,1303.6,21,6
2026-03-08 21:15:00,26.93,56.01,38.25,28.82,928,984.7,21,6
2026-03-08 21:20:00,35.71,54.48,37.32,30.25,883,992.1,21,6
2026-03-08 21:25:00,41.49,55.94,37.69,36.26,949,1230.4,21,6
2026-03-08 21:30:00,30.15,55.74,37.92,29.32,917,886.8,21,6
2026-03-08 21:35:00,34.31,55.45,38.01,32.6,905,1078.6,21,6
2026-03-08 21:40:00,35.85,55.12,37.89,33.79,878,1161.7,21,6
2026-03-08 21:45:00,33.28,55.5,38.58,32.86,808,819.0,21,6
2026-03-08 21:50:00,32.01,55.71,38.29,37.73,822,1079.7,21,6
2026-03-08 21:55:00,33.12,55.17,38.72,40.42,784,910.8,21,6
2026-03-08 22:00:00,21.45,54.42,38.38,29.7,864,904.8,22,6
2026-03-08 22:05:00,27.61,52.71,37.95,36.02,754,1110.2,22,6
2026-03-08 22:10:00,30.84,53.37,38.59,35.7,788,1078.8,22,6
2026-03-08 22:15:00,38.25,54.53,38.79,44.84,855,1232.7,22,6
2026-03-08 22:20:00,25.67,55.39,38.01,32.87,699,894.7,22,6
2026-03-08 22:25:00,26.31,54.89,38.32,25.85,754,697.8,22,6
2026-03-08 22:30:00,24.5,55.15,38.78,35.47,788,934.2,22,6
2026-03-08 22:35:00,30.78,54.2,38.71,34.5,749,917.9,22,6
2026-03-08 22:40:00,28.2,54.35,38.39,32.03,780,844.8,22,6
2026-03-08 22:45:00,22.73,54.18,38.66,24.44,670,667.3,22,6
2026-03-08 22:50:00,30.48,53.68,38.34,27.34,647,706.8,22,6
2026-03-08 22:55:00,28.44,53.46,38.02,32.24,586,663.2,22,6
2026-03-08 23:00:00,23.79,54.51,38.11,28.47,674,791.8,23,6
2026-03-08 23:05:00,23.16,53.88,38.69,20.21,609,688.9,23,6
2026-03-08 23:10:00,30.57,53.37,38.78,25.33,599,745.1,23,6
2026-03-08 23:15:00,28.97,52.36,38.92,26.25,615,866.3,23,6
2026-03-08 23:20:00,29.59,51.75,38.64,29.26,508,481.1,23,6
2026-03-08 23:25:00,28.6,50.68,38.78,32.13,604,735.2,23,6
2026-03-08 23:30:00,20.07,49.58,38.53,20.15,445,471.3,23,6
2026-03-08 23:35:00,27.69,49.61,38.5,30.18,552,669.2,23,6
2026-03-08 23:40:00,35.15,49.42,38.14,31.07,611,791.1,23,6
2026-03-08 23:45:00,27.01,50.42,38.92,24.09,581,687.5,23,6
2026-03-08 23:50:00,24.17,49.74,38.63,29.99,561,575.4,23,6
2026-03-08 23:55:00,28.82,48.9,38.76,21.15,471,695.6,23,6
2026-03-09 00:00:00,34.57,50.0,34.93,26.33,689,923.9,0,0
2026-03-09 00:05:00,32.17,50.18,35.05,37.04,757,926.4,0,0
2026-03-09 00:10:00,31.11,51.23,34.57,28.63,705,752.9,0,0
2026-03-09 00:15:00,36.68,51.7,35.4,36.25,683,979.6,0,0
2026-03-09 00:20:00,30.89,50.52,35.07,29.43,677,716.4,0,0
2026-03-09 00:25:00,32.18,50.11,34.97,27.67,664,757.6,0,0
2026-03-09 00:30:00,28.06,51.42,34.84,24.35,672,871.4,0,0
2026-03-09 00:35:00,29.26,52.44,35.07,34.7,654,916.2,0,0
2026-03-09 00:40:00,24.15,52.09,35.12,20.58,592,556.4,0,0
2026-03-09 00:45:00,30.28,52.38,34.75,26.53,632,903.7,0,0
2026-03-09 00:50:00,26.05,52.78,35.4,24.13,572,768.3,0,0
2026-03-09 00:55:00,31.1,53.09,35.36,31.34,580,752.0,0,0
2026-03-09 01:00:00,24.77,52.06,35.34,26.37,588,649.3,1,0
2026-03-09 01:05:00,26.64,52.12,35.21,28.04,603,654.4,1,0
2026-03-09 01:10:00,25.39,50.92,35.47,27.14,592,606.4,1,0
2026-03-09 01:15:00,27.99,50.83,35.33,24.34,579,762.7,1,0
2026-03-09 01:20:00,23.44,49.87,35.29,28.85,540,576.8,1,0
2026-03-09 01:25:00,21.65,48.91,35.96,22.87,574,545.9,1,0
2026-03-09 01:30:00,24.33,48.49,35.12,20.52,474,513.3,1,0
2026-03-09 01:35:00,28.41,49.46,35.49,26.32,513,545.8,1,0
2026-03-09 01:40:00,32.38,65.28,35.15,27.03,652,620.1,1,0
2026-03-09 01:45:00,24.38,49.58,35.29,24.35,497,516.6,1,0
2026-03-09 01:50:00,20.3,49.43,35.19,19.62,407,436.2,1,0
2026-03-09 01:55:00,26.33,48.75,34.85,22.56,500,568.5,1,0
2026-03-09 02:00:00,22.64,48.31,35.49,30.05,456,675.8,2,0
2026-03-09 02:05:00,31.58,47.68,35.5,26.11,418,575.9,2,0
2026-03-09 02:10:00,21.81,45.01,35.57,27.02,396,468.6,2,0
2026-03-09 02:15:00,16.51,44.98,35.28,17.65,466,459.6,2,0
2026-03-09 02:20:00,29.38,45.69,36.04,19.24,449,634.7,2,0
2026-03-09 02:25:00,27.5,45.86,35.1,20.91,436,499.6,2,0
2026-03-09 02:30:00,23.17,46.04,35.29,24.25,385,481.2,2,0
2026-03-09 02:35:00,17.84,45.75,35.6,20.96,444,516.5,2,0
2026-03-09 02:40:00,15.01,45.53,35.11,20.25,441,420.7,2,0
2026-03-09 02:45:00,20.91,44.71,35.06,17.62,481,470.7,2,0
2026-03-09 02:50:00,18.43,43.24,35.37,22.73,399,403.8,2,0
2026-03-09 02:55:00,28.8,44.05,35.3,22.22,429,616.6,2,0
2026-03-09 03:00:00,25.44,44.87,35.57,22.58,361,440.6,3,0
2026-03-09 03:05:00,20.66,46.41,35.23,24.34,403,543.5,3,0
2026-03-09 03:10:00,26.54,46.69,35.57,25.84,439,538.3,3,0
2026-03-09 03:15:00,28.26,46.86,35.12,25.3,364,447.4,3,0
2026-03-09 03:20:00,23.72,47.45,35.26,20.12,340,443.6,3,0
2026-03-09 03:25:00,23.21,48.05,35.82,17.51,373,361.8,3,0
2026-03-09 03:30:00,26.05,48.8,35.27,25.43,362,530.3,3,0
2026-03-09 03:35:00,20.28,48.93,35.48,27.6,459,454.8,3,0
2026-03-09 03:40:00,22.08,47.55,35.58,24.4,412,469.7,3,0
2026-03-09 03:45:00,19.6,46.83,35.12,24.42,307,406.1,3,0
2026-03-09 03:50:00,19.28,46.45,36.13,25.01,395,462.8,3,0
2026-03-09 03:55:00,27.74,45.35,35.72,19.68,374,328.7,3,0
2026-03-09 04:00:00,23.11,46.23,35.1,26.06,491,583.8,4,0
2026-03-09 04:05:00,27.54,46.78,35.91,6.69,453,440.7,4,0
2026-03-09 04:10:00,23.17,46.3,35.85,26.8,405,440.5,4,0
2026-03-09 04:15:00,25.69,46.18,36.02,30.35,377,454.7,4,0
2026-03-09 04:20:00,22.23,45.72,36.08,21.42,405,435.6,4,0
2026-03-09 04:25:00,18.16,46.03,35.58,20.6,338,284.4,4,0
2026-03-09 04:30:00,32.93,46.33,35.66,21.94,441,597.3,4,0
2026-03-09 04:35:00,27.38,47.56,35.71,30.69,425,519.4,4,0
2026-03-09 04:40:00,23.72,46.99,35.82,24.87,480,613.5,4,0
2026-03-09 04:45:00,24.29,47.17,36.26,22.94,420,481.6,4,0
2026-03-09 04:50:00,22.46,45.07,36.28,18.46,400,457.5,4,0
2026-03-09 04:55:00,24.89,44.76,35.14,21.08,483,542.7,4,0
2026-03-09 05:00:00,21.11,43.82,35.72,19.63,391,408.0,5,0
2026-03-09 05:05:00,20.13,43.3,35.36,19.46,450,547.6,5,0
2026-03-09 05:10:00,19.02,44.44,36.13,17.29,391,451.9,5,0
2026-03-09 05:15:00,19.63,43.51,35.99,19.21,404,464.3,5,0
2026-03-09 05:20:00,21.85,43.16,35.41,25.79,433,558.1,5,0
2026-03-09 05:25:00,24.92,45.33,35.93,27.33,442,552.8,5,0
2026-03-09 05:30:00,31.15,45.39,35.28,31.39,489,644.8,5,0
2026-03-09 05:35:00,19.28,44.76,36.26,22.1,407,440.8,5,0
2026-03-09 05:40:00,24.27,46.2,36.36,26.86,479,700.6,5,0
2026-03-09 05:45:00,21.91,46.46,36.25,20.17,416,384.3,5,0
2026-03-09 05:50:00,34.86,46.49,35.94,37.85,686,1008.1,5,0
2026-03-09 05:55:00,24.29,45.75,35.86,22.75,517,631.6,5,0
2026-03-09 06:00:00,26.18,45.86,35.79,27.42,604,733.6,6,0
2026-03-09 06:05:00,22.06,46.72,35.94,23.0,523,532.9,6,0
2026-03-09 06:10:00,22.91,46.37,35.86,28.17,546,560.9,6,0
2026-03-09 06:15:00,36.81,47.65,36.01,25.04,599,780.6,6,0
2026-03-09 06:20:00,25.32,47.0,35.86,23.96,589,659.3,6,0
2026-03-09 06:25:00,28.37,47.8,35.81,25.28,678,919.4,6,0
2026-03-09 06:30:00,24.84,48.14,35.84,27.02,578,771.6,6,0
2026-03-09 06:35:00,27.54,48.47,35.81,33.21,534,704.5,6,0
2026-03-09 06:40:00,29.5,49.1,35.71,20.99,584,620.5,6,0
2026-03-09 06:45:00,30.65,49.62,35.46,19.06,598,599.6,6,0
2026-03-09 06:50:00,31.98,50.65,36.09,23.25,672,830.1,6,0
2026-03-09 06:55:00,34.8,51.4,36.09,40.39,734,977.8,6,0
2026-03-09 07:00:00,22.43,51.27,36.13,32.43,716,856.6,7,0
2026-03-09 07:05:00,33.3,51.92,36.46,36.01,784,1066.6,7,0
2026-03-09 07:10:00,33.72,52.93,36.3,27.61,791,787.3,7,0
2026-03-09 07:15:00,28.66,53.68,35.67,41.19,710,1045.7,7,0
2026-03-09 07:20:00,37.33,54.45,36.34,37.04,821,1133.9,7,0
2026-03-09 07:25:00,25.89,52.99,36.13,30.05,717,680.8,7,0
2026-03-09 07:30:00,29.79,52.93,36.12,29.95,855,790.3,7,0
2026-03-09 07:35:00,31.54,53.86,36.12,22.72,831,732.8,7,0
2026-03-09 07:40:00,32.36,54.51,36.11,35.79,768,1071.1,7,0
2026-03-09 07:45:00,25.02,54.58,36.45,31.51,832,934.6,7,0
2026-03-09 07:50:00,31.54,54.0,36.16,25.06,829,839.7,7,0
2026-03-09 07:55:00,27.02,55.04,36.05,36.28,935,1042.2,7,0
2026-03-09 08:00:00,33.17,55.95,36.61,40.29,917,1144.1,8,0
2026-03-09 08:05:00,33.96,55.15,36.5,36.3,894,1156.5,8,0
2026-03-09 08:10:00,29.87,55.46,36.1,39.88,911,868.0,8,0
2026-03-09 08:15:00,29.65,56.02,36.41,40.65,966,1002.3,8,0
2026-03-09 08:20:00,25.71,55.97,36.31,29.86,927,902.8,8,0
2026-03-09 08:25:00,31.88,56.8,35.82,36.79,964,1349.4,8,0
2026-03-09 08:30:00,40.35,56.26,36.05,41.91,931,1336.9,8,0
2026-03-09 08:35:00,38.69,56.91,36.07,35.29,988,1273.5,8,0
2026-03-09 08:40:00,30.87,56.85,36.49,33.2,1000,1029.0,8,0
2026-03-09 08:45:00,39.15,57.26,36.16,36.04,955,1319.8,8,0
2026-03-09 08:50:00,33.12,57.52,35.82,37.78,1037,1263.1,8,0
2026-03-09 08:55:00,40.26,58.07,36.16,43.67,1065,1501.0,8,0
2026-03-09 09:00:00,39.65,58.33,36.24,45.79,1054,1494.7,9,0
2026-03-09 09:05:00,35.58,58.5,36.38,37.08,1197,1227.1,9,0
2026-03-09 09:10:00,34.82,59.21,36.08,38.29,1124,1176.0,9,0
2026-03-09 09:15:00,29.28,59.36,36.4,41.81,1082,1235.5,9,0
2026-03-09 09:20:00,41.06,58.85,36.72,40.42,1204,1605.3,9,0
2026-03-09 09:25:00,36.58,58.96,36.36,37.13,1159,1455.8,9,0
2026-03-09 09:30:00,53.43,60.5,36.72,56.37,1280,1802.6,9,0
2026-03-09 09:35:00,39.75,59.47,36.81,48.25,1178,1593.8,9,0
2026-03-09 09:40:00,46.83,60.59,36.01,48.09,1260,1723.8,9,0
2026-03-09 09:45:00,43.21,62.41,35.89,46.83,1273,1427.4,9,0
2026-03-09 09:50:00,33.98,63.01,36.31,38.22,1218,1238.5,9,0
2026-03-09 09:55:00,37.42,63.54,36.03,35.92,1240,1426.5,9,0
2026-03-09 10:00:00,41.44,63.78,35.94,34.66,1202,1258.1,10,0
2026-03-09 10:05:00,41.91,64.16,36.04,46.27,1292,1662.6,10,0
2026-03-09 10:10:00,44.28,64.29,36.63,51.19,1362,1822.3,10,0
2026-03-09 10:15:00,40.37,65.06,36.6,31.98,1309,1231.6,10,0
2026-03-09 10:20:00,40.8,65.4,35.82,50.67,1378,1657.6,10,0
2026-03-09 10:25:00,37.4,65.06,37.0,51.64,1275,1651.4,10,0
2026-03-09 10:30:00,41.13,64.37,36.86,42.53,1343,1617.8,10,0
2026-03-09 10:35:00,41.46,65.44,36.22,60.8,1477,1906.2,10,0
2026-03-09 10:40:00,42.16,74.57,36.02,58.16,2044,1941.6,10,0
2026-03-09 10:45:00,50.48,64.96,36.22,53.7,1458,1860.7,10,0
2026-03-09 10:50:00,51.0,64.35,36.01,53.53,1401,1719.5,10,0
2026-03-09 10:55:00,45.7,65.63,36.48,53.05,1462,1941.1,10,0
2026-03-09 11:00:00,46.64,64.85,36.74,55.42,1503,1746.2,11,0
2026-03-09 11:05:00,32.35,65.42,36.59,42.74,1447,1195.6,11,0
2026-03-09 11:10:00,38.21,65.12,36.72,36.54,1517,1400.2,11,0
2026-03-09 11:15:00,40.34,65.99,36.71,47.82,1476,1458.0,11,0
2026-03-09 11:20:00,42.89,67.62,36.84,52.69,1541,1858.8,11,0
2026-03-09 11:25:00,44.11,68.37,36.21,48.35,1545,1807.2,11,0
2026-03-09 11:30:00,40.38,69.14,37.15,56.15,1610,1740.1,11,0
2026-03-09 11:35:00,55.95,68.88,36.39,64.38,1605,2306.5,11,0
2026-03-09 11:40:00,48.77,69.31,36.68,50.72,1641,1976.3,11,0
2026-03-09 11:45:00,46.66,70.75,37.21,54.71,1648,2139.7,11,0
2026-03-09 11:50:00,59.6,71.66,37.19,62.62,1717,2120.9,11,0
2026-03-09 11:55:00,41.14,72.15,36.87,49.58,1683,1856.8,11,0
2026-03-09 12:00:00,44.11,71.74,36.99,46.45,1677,1600.5,12,0
2026-03-09 12:05:00,43.62,72.0,37.22,53.23,1636,1765.3,12,0
2026-03-09 12:10:00,55.86,72.63,36.58,59.12,1655,2167.2,12,0
2026-03-09 12:15:00,38.46,73.68,36.64,56.93,1730,1592.1,12,0
2026-03-09 12:20:00,46.09,73.52,37.12,48.5,1683,1672.8,12,0
2026-03-09 12:25:00,52.53,73.8,36.95,56.02,1738,2297.9,12,0
2026-03-09 12:30:00,82.89,87.87,37.24,95.8,2911,3603.1,12,0
2026-03-09 12:35:00,51.36,74.21,36.5,62.46,1750,2112.8,12,0
2026-03-09 12:40:00,53.54,72.88,37.41,55.55,1790,1997.5,12,0
2026-03-09 12:45:00,44.18,73.38,36.9,51.55,1783,1686.4,12,0
2026-03-09 12:50:00,51.99,73.01,37.16,54.72,1834,1726.2,12,0
2026-03-09 12:55:00,48.47,72.77,37.53,55.71,1756,2236.4,12,0
2026-03-09 13:00:00,50.01,73.35,36.86,59.9,1783,2072.9,13,0
2026-03-09 13:05:00,52.14,72.97,37.08,54.84,1762,2267.5,13,0
2026-03-09 13:10:00,47.52,73.94,36.43,51.76,1847,1945.1,13,0
2026-03-09 13:15:00,46.0,74.57,36.86,53.07,1887,1983.3,13,0
2026-03-09 13:20:00,47.87,74.98,36.72,55.52,1847,1799.6,13,0
2026-03-09 13:25:00,61.45,76.52,37.09,62.97,1958,2216.8,13,0
2026-03-09 13:30:00,58.48,76.22,37.09,60.2,1900,2558.2,13,0
2026-03-09 13:35:00,55.76,75.78,36.55,54.0,1818,2027.6,13,0
2026-03-09 13:40:00,55.9,74.69,37.37,63.03,1918,2488.9,13,0
2026-03-09 13:45:00,49.8,75.76,36.49,57.09,1883,2008.0,13,0
2026-03-09 13:50:00,60.88,76.6,37.23,62.95,1953,2557.1,13,0
2026-03-09 13:55:00,50.39,76.8,36.78,56.66,1981,2178.7,13,0
2026-03-09 14:00:00,61.85,76.98,36.96,65.45,2051,2409.3,14,0
2026-03-09 14:05:00,52.33,76.87,37.78,65.62,1991,2272.1,14,0
2026-03-09 14:10:00,51.86,76.27,37.49,52.2,1955,1975.8,14,0
2026-03-09 14:15:00,60.06,76.93,37.54,70.5,1986,2493.8,14,0
2026-03-09 14:20:00,48.91,77.24,36.86,58.57,2024,2135.5,14,0
2026-03-09 14:25:00,49.76,75.85,36.91,57.76,2019,2179.0,14,0
2026-03-09 14:30:00,48.09,77.21,37.32,55.4,2073,1996.1,14,0
2026-03-09 14:35:00,52.16,75.91,37.29,58.27,2005,2012.6,14,0
2026-03-09 14:40:00,51.55,76.24,36.54,62.75,1980,2554.7,14,0
2026-03-09 14:45:00,53.42,74.9,37.33,65.95,2012,2365.6,14,0
2026-03-09 14:50:00,59.19,74.1,37.05,59.36,1990,2354.7,14,0
2026-03-09 14:55:00,52.91,74.59,36.95,66.61,2013,2620.6,14,0
2026-03-09 15:00:00,59.29,75.89,37.54,77.91,1946,2664.7,15,0
2026-03-09 15:05:00,49.71,75.8,37.19,60.74,2013,2090.9,15,0
2026-03-09 15:10:00,58.09,76.59,36.68,68.61,1919,2585.4,15,0
2026-03-09 15:15:00,62.0,76.92,37.26,64.97,2048,2537.7,15,0
2026-03-09 15:20:00,50.57,76.38,37.11,65.95,2057,2316.4,15,0
2026-03-09 15:25:00,51.88,77.02,37.09,63.71,2032,2396.2,15,0
2026-03-09 15:30:00,55.96,77.65,37.69,66.95,1939,2441.8,15,0
2026-03-09 15:35:00,51.58,76.86,37.57,47.04,1973,1948.0,15,0
2026-03-09 15:40:00,48.15,76.8,37.27,46.71,1941,1679.8,15,0
2026-03-09 15:45:00,56.87,77.22,37.67,59.35,1974,2237.6,15,0
2026-03-09 15:50:00,52.28,77.57,37.34,55.39,1986,2219.9,15,0
2026-03-09 15:55:00,55.62,78.42,37.62,62.87,2035,2472.9,15,0
2026-03-09 16:00:00,46.16,78.19,36.95,53.22,2021,1947.9,16,0
2026-03-09 16:05:00,48.6,79.3,36.94,54.35,1943,2060.1,16,0
2026-03-09 16:10:00,67.58,80.18,36.62,72.96,2035,2842.9,16,0
2026-03-09 16:15:00,57.63,79.59,37.02,68.51,1969,2634.7,16,0
2026-03-09 16:20:00,59.95,79.18,37.17,68.73,1981,2553.7,16,0
2026-03-09 16:25:00,99.5,96.71,37.81,99.0,3369,4263.1,16,0
2026-03-09 16:30:00,57.63,80.19,37.17,55.25,2048,2534.5,16,0
2026-03-09 16:35:00,75.03,96.03,37.36,79.67,3079,3336.1,16,0
2026-03-09 16:40:00,56.04,79.38,37.36,64.66,1992,2532.5,16,0
2026-03-09 16:45:00,54.6,78.81,37.43,59.14,1919,2138.5,16,0
2026-03-09 16:50:00,61.77,80.08,37.43,66.84,1968,2574.3,16,0
2026-03-09 16:55:00,63.03,81.09,37.01,58.64,1995,2542.6,16,0
2026-03-09 17:00:00,49.93,80.1,37.36,58.54,1923,1892.3,17,0
2026-03-09 17:05:00,64.34,80.16,37.22,66.84,1985,2457.0,17,0
2026-03-09 17:10:00,46.17,79.07,37.45,61.26,1941,2241.5,17,0
2026-03-09 17:15:00,53.74,78.89,37.99,74.72,1941,2518.1,17,0
2026-03-09 17:20:00,55.28,79.91,37.36,71.17,1972,2562.6,17,0
2026-03-09 17:25:00,51.61,78.75,37.48,55.03,1959,2231.7,17,0
2026-03-09 17:30:00,55.78,77.55,37.89,67.44,1959,2510.8,17,0
2026-03-09 17:35:00,53.83,76.91,37.27,57.39,1927,2173.9,17,0
2026-03-09 17:40:00,49.56,79.19,37.78,42.85,1913,1690.1,17,0
2026-03-09 17:45:00,47.49,79.71,37.41,54.17,1809,1925.6,17,0
2026-03-09 17:50:00,47.15,80.11,37.25,56.85,1830,2080.1,17,0
2026-03-09 17:55:00,48.92,80.34,38.27,56.96,1841,2203.9,17,0
2026-03-09 18:00:00,40.65,79.27,37.65,44.24,1798,1741.5,18,0
2026-03-09 18:05:00,46.76,78.4,37.95,50.2,1764,1609.6,18,0
2026-03-09 18:10:00,40.17,76.74,38.24,49.04,1822,1662.0,18,0
2026-03-09 18:15:00,45.38,75.71,37.65,64.57,1818,2433.4,18,0
2026-03-09 18:20:00,43.18,77.32,37.49,50.54,1858,1710.4,18,0
2026-03-09 18:25:00,58.34,77.54,37.54,65.9,1858,2380.4,18,0
2026-03-09 18:30:00,60.59,75.3,37.26,64.56,1796,2615.1,18,0
2026-03-09 18:35:00,44.23,74.94,37.44,57.19,1726,1927.7,18,0
2026-03-09 18:40:00,46.63,73.75,37.72,56.36,1776,2046.7,18,0
2026-03-09 18:45:00,82.64,75.02,54.65,65.85,1810,2280.8,18,0
2026-03-09 18:50:00,43.85,73.69,38.07,49.52,1710,1799.0,18,0
2026-03-09 18:55:00,54.76,75.01,37.5,61.22,1793,2521.5,18,0
2026-03-09 19:00:00,49.15,76.25,37.22,41.71,1761,1622.8,19,0
2026-03-09 19:05:00,55.94,77.82,37.56,58.96,1708,2280.6,19,0
2026-03-09 19:10:00,43.63,76.92,37.3,49.2,1731,1748.7,19,0
2026-03-09 19:15:00,44.95,77.17,37.92,49.01,1641,1881.3,19,0
2026-03-09 19:20:00,49.84,75.82,37.94,49.49,1608,1782.3,19,0
2026-03-09 19:25:00,45.79,75.21,37.38,56.72,1639,2012.1,19,0
2026-03-09 19:30:00,49.35,74.91,38.21,58.49,1638,1911.6,19,0
2026-03-09 19:35:00,48.95,75.81,38.4,54.35,1586,2226.5,19,0
2026-03-09 19:40:00,57.31,75.0,37.86,63.47,1688,2376.7,19,0
2026-03-09 19:45:00,45.92,73.51,38.1,52.14,1597,1766.4,19,0
2026-03-09 19:50:00,44.0,73.05,37.8,59.72,1521,1846.4,19,0
2026-03-09 19:55:00,53.1,73.49,37.8,62.32,1588,2269.2,19,0
2026-03-09 20:00:00,47.56,72.24,37.8,63.81,1536,2052.2,20,0
2026-03-09 20:05:00,49.99,71.54,37.95,66.28,1591,2081.4,20,0
2026-03-09 20:10:00,42.52,70.88,37.53,53.39,1429,1740.3,20,0
2026-03-09 20:15:00,51.34,70.57,38.0,53.46,1468,1926.9,20,0
2026-03-09 20:20:00,36.65,69.08,38.06,43.62,1464,1438.6,20,0
2026-03-09 20:25:00,43.28,69.7,38.18,46.73,1384,1802.7,20,0
2026-03-09 20:30:00,43.07,67.67,37.7,49.3,1446,1561.8,20,0
2026-03-09 20:35:00,36.29,66.76,37.91,44.99,1384,1397.3,20,0
2026-03-09 20:40:00,36.03,64.7,37.64,35.47,1317,1237.8,20,0
2026-03-09 20:45:00,40.51,64.52,37.75,36.75,1369,1447.4,20,0
2026-03-09 20:50:00,39.97,64.19,37.75,41.19,1362,1392.9,20,0
2026-03-09 20:55:00,38.26,63.95,38.04,50.57,1374,1532.5,20,0
2026-03-09 21:00:00,34.92,64.78,37.63,42.93,1392,1311.7,21,0
2026-03-09 21:05:00,40.64,64.42,37.89,44.42,1276,1746.6,21,0
2026-03-09 21:10:00,49.58,64.16,37.8,50.82,1330,1774.4,21,0
2026-03-09 21:15:00,41.33,63.55,38.38,46.86,1285,1649.2,21,0
2026-03-09 21:20:00,37.97,63.39,38.19,36.79,1266,1177.9,21,0
2026-03-09 21:25:00,41.94,63.42,37.76,44.41,1252,1721.8,21,0
2026-03-09 21:30:00,40.58,64.24,38.13,35.0,1246,1087.5,21,0
2026-03-09 21:35:00,33.56,63.77,38.43,34.8,1255,1272.8,21,0
2026-03-09 21:40:00,41.45,64.72,37.94,37.76,1205,1215.8,21,0
2026-03-09 21:45:00,39.15,64.08,37.8,41.62,1101,1301.4,21,0
2026-03-09 21:50:00,34.31,64.6,38.01,40.92,1099,1294.5,21,0
2026-03-09 21:55:00,35.56,64.14,38.56,41.33,1214,1502.2,21,0
2026-03-09 22:00:00,42.49,63.71,38.09,45.68,1118,1579.1,22,0
2026-03-09 22:05:00,34.55,64.45,38.47,33.55,1150,1048.4,22,0
2026-03-09 22:10:00,39.09,63.68,37.87,44.63,1140,1369.2,22,0
2026-03-09 22:15:00,38.37,61.74,37.84,35.93,1110,1232.2,22,0
2026-03-09 22:20:00,38.16,60.93,38.36,42.75,1029,1277.1,22,0
2026-03-09 22:25:00,39.18,61.14,38.63,36.09,1067,1365.6,22,0
2026-03-09 22:30:00,29.35,58.53,38.02,34.07,974,922.7,22,0
2026-03-09 22:35:00,28.2,57.43,38.08,35.29,974,867.9,22,0
2026-03-09 22:40:00,36.6,57.3,38.26,41.98,942,1300.8,22,0
2026-03-09 22:45:00,37.34,57.66,38.16,47.05,959,1330.3,22,0
2026-03-09 22:50:00,33.55,57.03,38.2,34.26,895,939.8,22,0
2026-03-09 22:55:00,30.3,56.92,38.03,29.39,917,765.8,22,0
2026-03-09 23:00:00,36.33,57.4,37.85,34.46,885,1245.7,23,0
2026-03-09 23:05:00,28.23,57.3,38.13,31.96,829,879.4,23,0
2026-03-09 23:10:00,34.58,56.24,38.66,35.52,902,1040.6,23,0
2026-03-09 23:15:00,38.61,56.15,38.51,41.46,870,1197.7,23,0
2026-03-09 23:20:00,31.02,54.74,39.23,38.11,867,1080.4,23,0
2026-03-09 23:25:00,36.72,55.06,38.2,32.5,789,961.7,23,0
2026-03-09 23:30:00,46.15,55.77,38.33,37.89,827,1181.0,23,0
2026-03-09 23:35:00,30.73,55.11,39.13,34.28,792,1075.5,23,0
2026-03-09 23:40:00,26.79,52.94,38.26,41.23,796,992.4,23,0
2026-03-09 23:45:00,25.18,52.83,38.41,28.4,736,924.3,23,0
2026-03-09 23:50:00,23.16,53.55,38.42,34.38,798,801.9,23,0
2026-03-09 23:55:00,25.79,53.22,38.57,30.34,796,864.2,23,0
2026-03-10 00:00:00,31.09,52.56,34.61,21.75,706,727.6,0,1
2026-03-10 00:05:00,25.84,51.51,35.0,32.45,691,807.9,0,1
2026-03-10 00:10:00,30.79,50.98,34.69,28.18,707,1019.2,0,1
2026-03-10 00:15:00,36.93,49.87,35.0,33.38,658,815.6,0,1
2026-03-10 00:20:00,33.42,50.33,34.7,29.21,626,677.6,0,1
2026-03-10 00:25:00,23.16,50.2,34.86,28.33,686,647.3,0,1
2026-03-10 00:30:00,34.86,50.37,34.89,31.56,689,792.2,0,1
2026-03-10 00:35:00,30.2,50.56,35.25,35.29,586,741.5,0,1
2026-03-10 00:40:00,32.93,51.28,34.9,30.83,696,1003.9,0,1
2026-03-10 00:45:00,33.33,51.73,35.4,32.62,634,835.8,0,1
2026-03-10 00:50:00,27.27,51.7,35.05,29.63,645,784.1,0,1
2026-03-10 00:55:00,32.49,51.96,35.65,24.29,571,748.2,0,1
2026-03-10 01:00:00,22.33,50.97,34.51,30.03,544,789.4,1,1
2026-03-10 01:05:00,28.91,51.38,35.11,24.2,548,623.6,1,1
2026-03-10 01:10:00,27.83,50.78,35.33,21.67,496,450.8,1,1
2026-03-10 01:15:00,29.91,51.47,35.0,28.32,533,669.4,1,1
2026-03-10 01:20:00,20.48,50.14,35.32,23.33,583,628.1,1,1
2026-03-10 01:25:00,22.69,62.28,35.22,35.68,622,725.5,1,1
2026-03-10 01:30:00,22.1,48.11,35.34,20.6,501,612.2,1,1
2026-03-10 01:35:00,22.36,46.96,35.42,17.41,525,477.9,1,1
2026-03-10 01:40:00,48.16,47.03,54.91,25.02,535,568.0,1,1
2026-03-10 01:45:00,17.82,46.73,36.02,23.69,486,447.1,1,1
2026-03-10 01:50:00,23.51,46.65,35.24,25.14,485,431.8,1,1
2026-03-10 01:55:00,32.96,47.96,35.38,27.14,527,609.2,1,1
2026-03-10 02:00:00,23.72,47.89,35.29,26.26,488,455.5,2,1
2026-03-10 02:05:00,20.81,47.11,35.46,23.52,428,347.3,2,1
2026-03-10 02:10:00,20.76,45.19,35.07,24.21,306,305.6,2,1
2026-03-10 02:15:00,25.75,45.96,35.36,24.27,356,494.5,2,1
2026-03-10 02:20:00,20.43,47.09,35.46,29.55,470,581.7,2,1
2026-03-10 02:25:00,18.72,46.32,35.72,14.94,392,458.4,2,1
2026-03-10 02:30:00,25.48,46.32,34.88,18.49,386,351.2,2,1
2026-03-10 02:35:00,22.69,46.41,35.33,23.75,430,472.6,2,1
2026-03-10 02:40:00,26.67,47.09,35.53,24.14,434,478.6,2,1
2026-03-10 02:45:00,24.85,46.34,35.44,30.14,444,634.8,2,1
2026-03-10 02:50:00,21.89,47.6,35.55,19.64,456,423.2,2,1
2026-03-10 02:55:00,23.88,47.52,35.68,34.16,461,551.8,2,1
2026-03-10 03:00:00,23.23,45.87,35.04,17.86,370,420.4,3,1
2026-03-10 03:05:00,20.08,46.33,35.77,17.17,373,456.0,3,1
2026-03-10 03:10:00,17.84,46.64,35.11,28.05,396,438.0,3,1
2026-03-10 03:15:00,29.21,47.26,35.49,27.75,477,636.7,3,1
2026-03-10 03:20:00,22.57,46.42,35.71,26.08,451,499.6,3,1
2026-03-10 03:25:00,20.26,46.62,35.7,21.02,394,435.5,3,1
2026-03-10 03:30:00,25.5,46.43,35.54,17.34,454,416.4,3,1
2026-03-10 03:35:00,22.49,46.35,35.36,19.53,398,451.4,3,1
2026-03-10 03:40:00,17.13,45.58,35.81,16.39,414,381.8,3,1
2026-03-10 03:45:00,23.37,44.91,35.5,16.49,341,406.5,3,1
2026-03-10 03:50:00,17.92,46.19,34.82,21.06,421,414.1,3,1
2026-03-10 03:55:00,16.85,44.81,35.36,19.65,366,375.6,3,1
2026-03-10 04:00:00,18.83,45.71,35.4,16.62,403,378.7,4,1
2026-03-10 04:05:00,22.61,47.13,35.52,20.22,425,431.7,4,1
2026-03-10 04:10:00,22.45,47.35,35.56,22.62,295,286.7,4,1
2026-03-10 04:15:00,21.47,46.72,35.93,29.65,359,423.7,4,1
2026-03-10 04:20:00,24.22,46.11,35.43,18.56,447,424.9,4,1
2026-03-10 04:25:00,32.47,46.73,34.99,23.22,458,535.0,4,1
2026-03-10 04:30:00,19.87,45.69,34.89,23.21,398,372.6,4,1
2026-03-10 04:35:00,27.92,45.4,35.78,24.8,353,492.7,4,1
2026-03-10 04:40:00,26.3,45.29,35.51,21.89,431,448.9,4,1
2026-03-10 04:45:00,19.47,46.41,36.38,18.03,434,403.7,4,1
2026-03-10 04:50:00,18.22,45.78,35.7,27.38,436,566.6,4,1
2026-03-10 04:55:00,21.41,44.72,35.15,23.56,414,543.2,4,1
2026-03-10 05:00:00,18.47,45.4,36.35,29.08,420,513.6,5,1
2026-03-10 05:05:00,24.68,44.22,35.37,26.31,423,451.4,5,1
2026-03-10 05:10:00,20.63,45.38,35.29,21.87,453,543.1,5,1
2026-03-10 05:15:00,24.0,44.21,35.54,21.69,404,500.3,5,1
2026-03-10 05:20:00,25.85,44.95,35.64,20.76,354,327.7,5,1
2026-03-10 05:25:00,31.31,45.99,35.64,26.47,552,603.8,5,1
2026-03-10 05:30:00,25.43,46.12,35.54,29.79,436,554.3,5,1
2026-03-10 05:35:00,21.67,44.75,35.92,15.71,503,548.4,5,1
2026-03-10 05:40:00,17.8,45.7,36.16,21.42,554,519.8,5,1
2026-03-10 05:45:00,31.58,45.99,35.87,24.06,543,733.9,5,1
2026-03-10 05:50:00,27.98,45.93,36.47,23.06,499,656.9,5,1
2026-03-10 05:55:00,25.58,47.16,35.58,23.22,613,700.2,5,1
2026-03-10 06:00:00,20.9,47.43,35.94,24.17,560,558.9,6,1
2026-03-10 06:05:00,21.85,47.86,36.29,22.16,480,414.0,6,1
2026-03-10 06:10:00,32.63,49.07,35.65,33.64,598,807.0,6,1
2026-03-10 06:15:00,30.57,48.37,36.13,23.92,560,645.5,6,1
2026-03-10 06:20:00,27.99,47.77,36.49,25.36,551,651.6,6,1
2026-03-10 06:25:00,29.3,48.62,35.62,23.72,601,580.9,6,1
2026-03-10 06:30:00,25.08,47.75,36.1,38.01,665,920.3,6,1
2026-03-10 06:35:00,26.69,48.03,35.9,21.62,634,649.1,6,1
2026-03-10 06:40:00,28.79,48.79,36.41,31.52,653,935.6,6,1
2026-03-10 06:45:00,33.57,49.62,36.52,25.22,677,650.4,6,1
2026-03-10 06:50:00,27.83,50.25,36.23,28.92,718,853.6,6,1
2026-03-10 06:55:00,22.77,48.61,35.6,19.58,560,575.3,6,1
2026-03-10 07:00:00,31.84,49.2,36.25,39.05,736,1003.7,7,1
2026-03-10 07:05:00,27.08,49.23,35.76,29.33,735,732.0,7,1
2026-03-10 07:10:00,32.88,49.11,35.41,28.9,691,883.1,7,1
2026-03-10 07:15:00,25.38,48.68,36.06,40.5,696,901.7,7,1
2026-03-10 07:20:00,32.98,49.0,35.98,29.58,669,822.5,7,1
2026-03-10 07:25:00,29.49,50.17,36.3,33.21,791,798.3,7,1
2026-03-10 07:30:00,31.38,50.65,36.15,37.5,802,1004.3,7,1
2026-03-10 07:35:00,32.02,49.98,36.17,31.95,755,688.5,7,1
2026-03-10 07:40:00,28.69,50.08,36.45,31.17,812,858.7,7,1
2026-03-10 07:45:00,54.01,64.61,35.88,58.56,1454,1477.9,7,1
2026-03-10 07:50:00,25.94,51.91,36.32,35.68,859,1031.1,7,1
2026-03-10 07:55:00,34.15,52.65,36.16,28.99,888,902.2,7,1
2026-03-10 08:00:00,28.67,53.23,36.5,27.88,914,961.3,8,1
2026-03-10 08:05:00,37.17,54.35,36.37,33.53,797,1025.7,8,1
2026-03-10 08:10:00,29.8,54.6,36.44,29.49,907,858.5,8,1
2026-03-10 08:15:00,30.89,54.51,36.24,34.11,989,1122.0,8,1
2026-03-10 08:20:00,36.73,54.38,36.38,32.78,1020,1116.9,8,1
2026-03-10 08:25:00,34.11,53.93,35.83,31.45,985,1116.3,8,1
2026-03-10 08:30:00,32.96,53.41,36.52,40.81,1019,1196.4,8,1
2026-03-10 08:35:00,36.49,56.07,36.21,40.11,932,1121.0,8,1
2026-03-10 08:40:00,29.89,55.48,36.76,33.63,961,812.7,8,1
2026-03-10 08:45:00,35.77,56.02,36.9,34.81,958,991.1,8,1
2026-03-10 08:50:00,36.56,55.63,36.34,42.5,1062,1268.1,8,1
2026-03-10 08:55:00,41.08,55.06,36.34,43.33,1057,1326.9,8,1
2026-03-10 09:00:00,31.52,55.88,36.32,34.21,1075,1088.9,9,1
2026-03-10 09:05:00,39.49,56.75,36.19,33.6,1121,1273.1,9,1
2026-03-10 09:10:00,35.24,57.75,36.62,48.44,1123,1307.9,9,1
2026-03-10 09:15:00,34.57,57.84,36.95,39.61,1144,1185.0,9,1
2026-03-10 09:20:00,35.55,58.6,36.61,40.91,1116,1324.7,9,1
2026-03-10 09:25:00,40.87,59.94,36.5,40.72,1179,1374.2,9,1
2026-03-10 09:30:00,40.06,59.85,37.2,36.69,1254,1382.7,9,1
2026-03-10 09:35:00,42.24,60.38,36.14,52.48,1209,1828.4,9,1
2026-03-10 09:40:00,34.71,61.14,36.24,36.01,1230,1270.2,9,1
2026-03-10 09:45:00,38.16,61.13,36.65,47.06,1157,1284.0,9,1
2026-03-10 09:50:00,44.54,61.05,36.24,50.89,1167,1606.8,9,1
2026-03-10 09:55:00,36.31,61.75,36.67,47.2,1225,1561.0,9,1
2026-03-10 10:00:00,44.03,62.48,36.93,53.76,1333,1632.7,10,1
2026-03-10 10:05:00,42.74,63.09,36.9,47.47,1282,1775.8,10,1
2026-03-10 10:10:00,41.0,63.2,36.53,44.42,1337,1694.5,10,1
2026-03-10 10:15:00,46.43,63.51,36.8,50.62,1311,1660.1,10,1
2026-03-10 10:20:00,45.23,64.07,36.17,54.81,1386,1486.3,10,1
2026-03-10 10:25:00,42.6,64.1,36.45,45.86,1488,1780.9,10,1
2026-03-10 10:30:00,46.48,64.74,35.93,52.47,1356,1684.8,10,1
2026-03-10 10:35:00,41.15,65.52,37.03,35.28,1359,1311.5,10,1
2026-03-10 10:40:00,48.24,66.0,36.09,53.86,1539,2112.6,10,1
2026-03-10 10:45:00,41.78,64.37,37.16,49.33,1449,1585.2,10,1
2026-03-10 10:50:00,37.1,64.73,36.83,46.82,1420,1504.4,10,1
2026-03-10 10:55:00,35.04,64.87,36.64,44.28,1470,1562.3,10,1
2026-03-10 11:00:00,68.9,78.6,36.84,99.0,2086,2900.4,11,1
2026-03-10 11:05:00,33.75,99.0,36.66,52.0,1452,1618.8,11,1
2026-03-10 11:10:00,36.81,65.09,37.24,52.88,1541,1519.3,11,1
2026-03-10 11:15:00,33.88,65.92,36.43,44.77,1487,1434.4,11,1
2026-03-10 11:20:00,51.54,67.18,36.32,56.24,1526,1917.5,11,1
2026-03-10 11:25:00,48.49,67.29,36.83,50.2,1581,1836.3,11,1
2026-03-10 11:30:00,52.7,68.09,37.06,66.88,1654,2242.6,11,1
2026-03-10 11:35:00,41.25,69.44,37.0,43.29,1690,1525.3,11,1
2026-03-10 11:40:00,73.64,78.45,37.23,78.47,2599,2722.9,11,1
2026-03-10 11:45:00,54.02,69.31,37.44,61.52,1679,2303.3,11,1
2026-03-10 11:50:00,38.28,70.04,36.87,45.55,1614,1542.0,11,1
2026-03-10 11:55:00,52.71,69.5,37.19,56.13,1745,1940.4,11,1
2026-03-10 12:00:00,45.61,70.27,36.42,46.35,1631,1774.2,12,1
2026-03-10 12:05:00,45.21,70.6,36.69,54.42,1650,1934.5,12,1
2026-03-10 12:10:00,50.51,71.69,36.75,52.25,1662,1674.6,12,1
2026-03-10 12:15:00,55.44,72.04,36.69,57.55,1704,2174.8,12,1
2026-03-10 12:20:00,46.79,73.48,37.05,57.01,1740,1833.6,12,1
2026-03-10 12:25:00,52.16,74.08,36.77,61.02,1811,2236.6,12,1
2026-03-10 12:30:00,46.11,73.74,37.46,59.8,1774,1992.7,12,1
2026-03-10 12:35:00,49.49,74.27,36.81,47.08,1771,1904.8,12,1
2026-03-10 12:40:00,62.55,74.55,37.56,70.13,1751,2527.2,12,1
2026-03-10 12:45:00,49.77,74.01,36.88,49.55,1769,1887.3,12,1
2026-03-10 12:50:00,51.11,72.01,36.45,54.64,1722,2263.2,12,1
2026-03-10 12:55:00,46.35,71.2,37.19,53.18,1797,1838.9,12,1
2026-03-10 13:00:00,41.18,73.54,37.46,54.56,1797,1815.9,13,1
2026-03-10 13:05:00,58.42,74.64,36.95,65.02,1732,2477.3,13,1
2026-03-10 13:10:00,41.6,73.71,37.28,45.73,1825,1578.1,13,1
2026-03-10 13:15:00,53.89,74.35,37.06,65.42,1858,2396.0,13,1
2026-03-10 13:20:00,98.52,86.63,36.91,94.99,2965,3835.5,13,1
2026-03-10 13:25:00,65.05,86.27,37.44,79.84,3015,2944.9,13,1
2026-03-10 13:30:00,51.31,77.78,36.75,51.81,1863,1894.9,13,1
2026-03-10 13:35:00,52.26,77.93,36.83,66.28,1940,2592.4,13,1
2026-03-10 13:40:00,55.25,77.9,36.56,57.94,1882,2270.6,13,1
2026-03-10 13:45:00,44.11,76.92,37.44,42.34,1844,1629.9,13,1
2026-03-10 13:50:00,54.52,78.18,37.4,72.78,1949,2571.5,13,1
2026-03-10 13:55:00,42.02,77.78,37.46,42.46,1965,1706.3,13,1
2026-03-10 14:00:00,47.22,79.39,36.89,52.81,1909,1890.2,14,1
2026-03-10 14:05:00,62.12,78.21,37.06,56.64,1996,2420.0,14,1
2026-03-10 14:10:00,63.96,79.46,36.86,64.57,1888,2556.5,14,1
2026-03-10 14:15:00,39.52,79.08,37.17,48.13,1872,1660.8,14,1
2026-03-10 14:20:00,43.94,78.88,37.24,59.11,1908,2127.4,14,1
2026-03-10 14:25:00,50.93,79.56,36.96,52.23,1986,1935.6,14,1
2026-03-10 14:30:00,38.96,79.26,37.24,54.09,1954,1806.8,14,1
2026-03-10 14:35:00,90.78,92.53,37.01,99.0,3289,3631.0,14,1
2026-03-10 14:40:00,58.19,80.55,37.16,63.42,2028,2453.6,14,1
2026-03-10 14:45:00,57.86,81.29,36.94,65.94,2055,2423.1,14,1
2026-03-10 14:50:00,51.01,81.58,37.29,60.54,2008,2023.3,14,1
2026-03-10 14:55:00,58.55,80.42,36.89,67.45,2020,2814.5,14,1
2026-03-10 15:00:00,43.65,78.81,37.46,49.26,2021,1900.1,15,1
2026-03-10 15:05:00,52.85,80.37,36.94,52.41,2041,2072.3,15,1
2026-03-10 15:10:00,58.99,79.3,37.36,68.43,1969,2742.0,15,1
2026-03-10 15:15:00,55.68,78.36,37.79,58.68,1949,2468.7,15,1
2026-03-10 15:20:00,52.59,79.22,37.56,69.83,1952,2575.0,15,1
2026-03-10 15:25:00,50.18,78.98,37.43,60.47,2087,2254.7,15,1
2026-03-10 15:30:00,49.37,80.58,37.57,50.74,2051,1887.5,15,1
2026-03-10 15:35:00,51.75,80.96,37.02,60.83,2026,2248.7,15,1
2026-03-10 15:40:00,53.96,80.54,37.33,45.85,2020,1952.2,15,1
2026-03-10 15:45:00,51.07,80.93,37.33,58.75,2039,2221.8,15,1
2026-03-10 15:50:00,61.19,81.02,37.51,71.69,2000,2659.6,15,1
2026-03-10 15:55:00,46.67,81.24,37.45,65.11,2012,2335.6,15,1
2026-03-10 16:00:00,50.31,81.77,37.55,55.8,2002,2268.8,16,1
2026-03-10 16:05:00,53.26,80.92,37.93,50.85,1969,2390.0,16,1
2026-03-10 16:10:00,59.74,81.34,37.46,61.79,1979,2658.8,16,1
2026-03-10 16:15:00,67.39,80.54,37.68,67.36,1994,2480.0,16,1
2026-03-10 16:20:00,48.57,80.45,37.93,67.93,1978,2126.6,16,1
2026-03-10 16:25:00,50.01,78.29,37.71,49.4,1958,2058.9,16,1
2026-03-10 16:30:00,59.07,79.13,37.81,75.88,2087,2641.8,16,1
2026-03-10 16:35:00,48.74,79.97,37.58,46.02,2012,1857.3,16,1
2026-03-10 16:40:00,57.31,79.74,37.67,60.12,2008,2291.8,16,1
2026-03-10 16:45:00,55.02,80.06,37.04,51.86,1974,2004.9,16,1
2026-03-10 16:50:00,52.7,78.91,37.64,63.98,1991,2107.1,16,1
2026-03-10 16:55:00,54.04,79.07,37.15,59.76,1886,2263.9,16,1
2026-03-10 17:00:00,54.46,78.75,37.37,67.34,1954,2425.2,17,1
2026-03-10 17:05:00,44.92,80.15,37.98,48.45,1868,1794.4,17,1
2026-03-10 17:10:00,57.61,80.7,37.38,72.38,1930,2704.0,17,1
2026-03-10 17:15:00,65.23,79.29,37.31,71.38,1974,2843.6,17,1
2026-03-10 17:20:00,47.48,77.98,37.37,52.7,1838,1898.2,17,1
2026-03-10 17:25:00,50.27,78.56,37.54,57.48,1898,1959.1,17,1
2026-03-10 17:30:00,54.55,78.4,37.5,56.05,1900,2064.6,17,1
2026-03-10 17:35:00,52.37,77.61,37.53,65.82,1794,2342.1,17,1
2026-03-10 17:40:00,45.5,76.52,37.07,46.35,1936,1873.0,17,1
2026-03-10 17:45:00,63.11,78.19,38.0,59.49,1814,2424.4,17,1
2026-03-10 17:50:00,45.35,76.57,37.66,54.17,1799,1838.7,17,1
2026-03-10 17:55:00,50.19,76.72,37.76,52.38,1882,1997.5,17,1
2026-03-10 18:00:00,45.59,76.57,37.46,41.47,1862,1640.9,18,1
2026-03-10 18:05:00,48.02,75.98,37.63,57.6,1792,2028.6,18,1
2026-03-10 18:10:00,47.16,74.95,37.75,51.21,1785,1779.6,18,1
2026-03-10 18:15:00,56.05,74.74,37.33,55.32,1782,2217.6,18,1
2026-03-10 18:20:00,60.88,74.9,38.05,68.73,1835,2685.9,18,1
2026-03-10 18:25:00,49.59,74.52,37.99,56.16,1756,2020.6,18,1
2026-03-10 18:30:00,48.38,74.01,38.24,50.03,1794,1661.0,18,1
2026-03-10 18:35:00,43.85,74.58,37.67,42.86,1680,1564.7,18,1
2026-03-10 18:40:00,49.78,74.35,37.81,50.43,1720,1765.1,18,1
2026-03-10 18:45:00,43.06,73.89,37.88,58.17,1662,2034.1,18,1
2026-03-10 18:50:00,51.2,73.56,37.73,59.0,1735,1876.2,18,1
2026-03-10 18:55:00,52.03,74.57,37.64,63.33,1797,2278.4,18,1
2026-03-10 19:00:00,50.47,73.71,38.14,61.78,1729,2365.8,19,1
2026-03-10 19:05:00,45.73,73.75,37.84,46.56,1694,1701.6,19,1
2026-03-10 19:10:00,51.64,73.51,38.61,54.91,1582,1964.7,19,1
2026-03-10 19:15:00,49.48,74.03,38.01,56.15,1654,1959.4,19,1
2026-03-10 19:20:00,47.82,73.47,37.05,52.76,1731,2033.1,19,1
2026-03-10 19:25:00,54.88,73.41,38.35,56.76,1651,2010.7,19,1
2026-03-10 19:30:00,46.82,72.85,38.04,49.53,1618,1909.1,19,1
2026-03-10 19:35:00,49.1,72.68,37.98,53.39,1601,2105.8,19,1
2026-03-10 19:40:00,49.78,72.83,38.21,53.04,1451,1948.9,19,1
2026-03-10 19:45:00,56.18,73.1,37.72,55.29,1582,2287.3,19,1
2026-03-10 19:50:00,82.78,73.2,55.66,54.88,1634,2016.4,19,1
2026-03-10 19:55:00,39.71,71.6,37.97,46.21,1460,1534.2,19,1
2026-03-10 20:00:00,42.54,71.2,37.68,41.44,1533,1576.5,20,1
2026-03-10 20:05:00,51.22,70.26,37.7,57.29,1519,2084.2,20,1
2026-03-10 20:10:00,52.91,69.28,38.21,55.38,1468,1860.4,20,1
2026-03-10 20:15:00,41.4,69.25,37.47,42.1,1579,1500.6,20,1
2026-03-10 20:20:00,44.84,67.68,37.93,49.18,1500,1603.0,20,1
2026-03-10 20:25:00,43.58,68.68,38.02,44.98,1461,1597.1,20,1
2026-03-10 20:30:00,47.25,70.01,37.61,43.49,1397,1554.4,20,1
2026-03-10 20:35:00,96.81,69.75,38.11,53.37,1382,2056.7,20,1
2026-03-10 20:40:00,44.82,69.19,37.73,50.51,1434,1883.8,20,1
2026-03-10 20:45:00,32.72,68.09,38.51,31.6,1419,1232.5,20,1
2026-03-10 20:50:00,41.83,66.2,38.2,37.7,1371,1560.0,20,1
2026-03-10 20:55:00,34.37,64.69,37.65,35.63,1310,1306.6,20,1
2026-03-10 21:00:00,50.35,65.44,38.49,36.71,1250,1538.1,21,1
2026-03-10 21:05:00,44.65,66.39,38.19,52.34,1337,1785.0,21,1
2026-03-10 21:10:00,49.23,66.93,38.18,47.73,1263,1562.9,21,1
2026-03-10 21:15:00,48.44,66.11,38.19,45.3,1334,1655.9,21,1
2026-03-10 21:20:00,38.66,66.34,38.48,33.61,1242,1187.3,21,1
2026-03-10 21:25:00,33.6,65.36,38.3,34.96,1234,1127.0,21,1
2026-03-10 21:30:00,29.87,64.82,38.38,38.24,1147,1256.3,21,1
2026-03-10 21:35:00,38.39,63.16,37.97,39.2,1157,1166.8,21,1
2026-03-10 21:40:00,38.68,63.68,37.9,37.08,1276,1390.9,21,1
2026-03-10 21:45:00,47.67,64.06,38.82,57.02,1245,1680.0,21,1
2026-03-10 21:50:00,35.86,63.02,38.34,35.93,1122,1263.3,21,1
2026-03-10 21:55:00,31.55,63.13,37.73,43.06,1094,1088.7,21,1
2026-03-10 22:00:00,43.43,64.84,38.11,45.56,1125,1371.7,22,1
2026-03-10 22:05:00,35.95,64.09,37.93,39.52,1039,1452.6,22,1
2026-03-10 22:10:00,38.96,63.75,38.54,48.12,1085,1472.4,22,1
2026-03-10 22:15:00,36.59,63.47,38.61,47.25,1118,1356.1,22,1
2026-03-10 22:20:00,29.94,62.76,38.59,35.79,949,1083.6,22,1
2026-03-10 22:25:00,39.69,62.43,38.39,41.44,1072,1519.1,22,1
2026-03-10 22:30:00,25.13,60.44,38.35,39.8,1001,1084.5,22,1
2026-03-10 22:35:00,35.6,59.65,37.78,28.85,1013,944.2,22,1
2026-03-10 22:40:00,42.84,59.83,38.9,40.56,992,1279.8,22,1
2026-03-10 22:45:00,37.65,58.87,38.49,38.41,917,1238.1,22,1
2026-03-10 22:50:00,29.59,59.03,38.61,24.96,867,842.9,22,1
2026-03-10 22:55:00,39.68,59.92,38.46,32.44,941,1274.9,22,1
2026-03-10 23:00:00,30.2,58.78,38.3,29.4,910,885.7,23,1
2026-03-10 23:05:00,33.65,56.89,38.81,36.83,943,927.4,23,1
2026-03-10 23:10:00,28.04,55.93,38.51,33.84,868,939.6,23,1
2026-03-10 23:15:00,29.03,54.82,38.33,34.33,790,765.6,23,1
2026-03-10 23:20:00,34.94,54.37,38.33,34.01,833,909.6,23,1
2026-03-10 23:25:00,31.15,55.44,38.49,25.86,873,927.3,23,1
2026-03-10 23:30:00,31.21,54.25,38.29,40.32,838,1189.6,23,1
2026-03-10 23:35:00,31.06,54.94,38.44,29.63,745,796.5,23,1
2026-03-10 23:40:00,32.96,55.69,38.79,33.93,732,909.8,23,1
2026-03-10 23:45:00,27.89,54.98,39.45,28.05,742,747.8,23,1
2026-03-10 23:50:00,28.7,55.29,38.22,30.35,730,876.2,23,1
2026-03-10 23:55:00,37.47,56.51,39.02,28.75,736,734.0,23,1
2026-03-11 00:00:00,23.87,56.16,35.17,29.87,753,948.5,0,2
2026-03-11 00:05:00,27.89,57.38,34.97,30.69,733,828.4,0,2
2026-03-11 00:10:00,31.96,57.16,35.01,27.65,698,839.9,0,2
2026-03-11 00:15:00,33.22,55.8,35.09,32.0,729,904.1,0,2
2026-03-11 00:20:00,22.9,54.22,34.65,28.46,607,697.7,0,2
2026-03-11 00:25:00,27.59,53.17,34.94,40.42,743,1004.8,0,2
2026-03-11 00:30:00,26.66,52.37,34.83,28.12,617,829.3,0,2
2026-03-11 00:35:00,34.46,53.06,34.91,26.84,657,730.8,0,2
2026-03-11 00:40:00,32.17,53.19,35.11,27.15,721,921.7,0,2
2026-03-11 00:45:00,31.64,53.39,34.9,32.93,617,847.9,0,2
2026-03-11 00:50:00,32.22,52.86,35.12,26.04,649,1006.2,0,2
2026-03-11 00:55:00,18.49,52.22,35.35,22.42,598,502.0,0,2
2026-03-11 01:00:00,25.51,53.17,35.04,27.91,617,720.8,1,2
2026-03-11 01:05:00,29.57,51.42,35.57,27.14,439,526.8,1,2
2026-03-11 01:10:00,21.22,49.99,35.0,25.67,568,585.7,1,2
2026-03-11 01:15:00,19.63,50.3,34.97,21.47,528,501.1,1,2
2026-03-11 01:20:00,27.07,49.81,35.61,22.14,499,621.0,1,2
2026-03-11 01:25:00,28.42,47.65,35.27,25.72,449,602.3,1,2
2026-03-11 01:30:00,26.9,47.32,34.95,22.78,500,564.2,1,2
2026-03-11 01:35:00,25.34,47.42,35.39,17.96,537,559.8,1,2
2026-03-11 01:40:00,24.36,46.09,34.68,26.5,466,588.7,1,2
2026-03-11 01:45:00,30.28,46.9,34.97,30.18,506,547.2,1,2
2026-03-11 01:50:00,20.59,47.62,35.36,24.56,553,704.0,1,2
2026-03-11 01:55:00,22.77,47.35,35.47,21.12,487,487.4,1,2
2026-03-11 02:00:00,60.26,45.38,59.11,18.59,414,414.9,2,2
2026-03-11 02:05:00,20.21,44.71,34.65,22.55,477,484.5,2,2
2026-03-11 02:10:00,28.31,44.41,35.45,22.93,448,476.6,2,2
2026-03-11 02:15:00,30.37,45.14,35.67,22.13,474,572.1,2,2
2026-03-11 02:20:00,24.56,45.37,35.39,24.82,395,385.0,2,2
2026-03-11 02:25:00,25.4,44.81,35.29,20.13,413,442.1,2,2
2026-03-11 02:30:00,19.24,44.7,35.75,12.71,410,404.9,2,2
2026-03-11 02:35:00,25.86,45.62,35.94,27.25,416,612.3,2,2
2026-03-11 02:40:00,20.86,46.02,35.87,23.97,373,473.7,2,2
2026-03-11 02:45:00,15.05,45.99,35.51,24.01,476,436.0,2,2
2026-03-11 02:50:00,32.95,45.0,35.67,26.54,548,742.1,2,2
2026-03-11 02:55:00,26.05,45.18,35.63,23.03,403,407.2,2,2
2026-03-11 03:00:00,17.53,45.48,35.88,21.44,421,403.2,3,2
2026-03-11 03:05:00,21.7,44.89,35.81,20.0,380,585.5,3,2
2026-03-11 03:10:00,18.38,44.58,35.69,19.49,338,370.6,3,2
2026-03-11 03:15:00,27.05,45.88,35.16,26.24,373,404.1,3,2
2026-03-11 03:20:00,18.9,45.83,35.49,23.96,387,415.8,3,2
2026-03-11 03:25:00,27.8,45.79,35.51,16.08,383,388.8,3,2
2026-03-11 03:30:00,20.5,45.75,35.71,27.65,387,451.9,3,2
2026-03-11 03:35:00,24.99,46.82,35.45,17.6,396,387.3,3,2
2026-03-11 03:40:00,25.19,46.83,35.52,22.87,358,368.1,3,2
2026-03-11 03:45:00,20.29,47.16,35.78,30.1,370,496.4,3,2
2026-03-11 03:50:00,19.14,46.54,35.4,25.61,381,535.9,3,2
2026-03-11 03:55:00,18.23,44.86,35.62,14.41,322,355.9,3,2
2026-03-11 04:00:00,22.36,45.45,35.84,19.82,346,467.4,4,2
2026-03-11 04:05:00,17.22,45.79,35.52,19.09,322,332.3,4,2
2026-03-11 04:10:00,23.57,45.56,36.04,15.74,327,439.1,4,2
2026-03-11 04:15:00,27.64,46.04,35.27,26.01,447,503.4,4,2
2026-03-11 04:20:00,19.93,46.92,35.99,23.22,381,518.7,4,2
2026-03-11 04:25:00,21.41,46.68,35.54,15.37,387,369.5,4,2
2026-03-11 04:30:00,26.46,47.53,35.67,14.66,420,368.7,4,2
2026-03-11 04:35:00,27.73,47.17,35.62,26.71,462,544.6,4,2
2026-03-11 04:40:00,23.78,48.13,36.24,17.49,513,480.9,4,2
2026-03-11 04:45:00,23.29,46.65,35.59,30.36,455,503.0,4,2
2026-03-11 04:50:00,21.26,46.37,35.67,20.92,453,515.2,4,2
2026-03-11 04:55:00,22.95,46.77,35.95,17.93,413,538.1,4,2
2026-03-11 05:00:00,24.62,46.56,35.38,19.06,429,512.0,5,2
2026-03-11 05:05:00,19.75,46.38,35.43,20.83,484,589.2,5,2
2026-03-11 05:10:00,20.28,46.54,36.03,21.92,451,543.5,5,2
2026-03-11 05:15:00,20.89,46.76,36.17,16.55,370,401.5,5,2
2026-03-11 05:20:00,23.62,47.02,36.44,22.85,472,568.4,5,2
2026-03-11 05:25:00,22.77,46.96,35.9,29.94,533,666.7,5,2
2026-03-11 05:30:00,28.06,48.12,35.55,32.02,528,759.6,5,2
2026-03-11 05:35:00,20.05,48.29,35.91,32.1,452,571.5,5,2
2026-03-11 05:40:00,25.09,48.12,36.45,22.8,553,506.6,5,2
2026-03-11 05:45:00,20.71,47.96,35.96,23.17,512,531.1,5,2
2026-03-11 05:50:00,26.89,48.02,35.98,25.34,477,538.9,5,2
2026-03-11 05:55:00,29.62,47.94,36.04,25.95,550,636.2,5,2
2026-03-11 06:00:00,32.37,46.99,36.04,23.59,518,751.5,6,2
2026-03-11 06:05:00,17.91,47.99,36.29,23.97,551,487.4,6,2
2026-03-11 06:10:00,22.92,47.32,35.65,25.64,574,715.9,6,2
2026-03-11 06:15:00,28.69,49.13,35.65,24.9,611,834.1,6,2
2026-03-11 06:20:00,28.39,49.83,35.74,25.1,608,752.6,6,2
2026-03-11 06:25:00,25.1,49.27,35.76,22.55,662,650.9,6,2
2026-03-11 06:30:00,28.54,49.94,36.1,30.75,663,813.6,6,2
2026-03-11 06:35:00,28.29,50.15,36.25,33.18,605,670.2,6,2
2026-03-11 06:40:00,32.34,50.06,36.08,27.44,623,743.2,6,2
2026-03-11 06:45:00,18.58,50.92,36.16,27.0,605,655.5,6,2
2026-03-11 06:50:00,31.02,51.94,35.82,34.14,669,912.3,6,2
2026-03-11 06:55:00,27.06,50.94,36.25,24.16,701,663.7,6,2
2026-03-11 07:00:00,25.21,50.57,35.68,21.34,674,734.5,7,2
2026-03-11 07:05:00,25.17,49.53,36.04,29.38,705,866.5,7,2
2026-03-11 07:10:00,24.27,48.74,35.73,21.8,685,679.2,7,2
2026-03-11 07:15:00,36.39,49.05,36.37,27.23,746,928.1,7,2
2026-03-11 07:20:00,32.81,48.46,36.54,31.56,787,1085.2,7,2
2026-03-11 07:25:00,30.25,49.32,36.06,41.63,716,1028.8,7,2
2026-03-11 07:30:00,31.12,50.04,35.79,33.44,808,958.3,7,2
2026-03-11 07:35:00,22.62,52.5,36.04,33.18,812,864.6,7,2
2026-03-11 07:40:00,34.11,53.85,36.36,34.7,903,1171.2,7,2
2026-03-11 07:45:00,22.21,54.54,35.73,25.61,810,718.0,7,2
2026-03-11 07:50:00,28.58,55.38,36.36,29.05,883,848.6,7,2
2026-03-11 07:55:00,77.58,54.9,36.25,42.47,840,1060.5,7,2
2026-03-11 08:00:00,31.67,54.97,36.17,83.52,959,1078.3,8,2
2026-03-11 08:05:00,28.29,56.17,36.56,31.51,882,918.0,8,2
2026-03-11 08:10:00,30.97,56.78,36.8,31.68,914,878.3,8,2
2026-03-11 08:15:00,36.43,56.99,36.53,31.98,881,1080.3,8,2
2026-03-11 08:20:00,40.82,56.52,35.8,41.4,956,1332.1,8,2
2026-03-11 08:25:00,36.63,59.23,35.85,30.66,1016,1128.2,8,2
2026-03-11 08:30:00,29.92,58.48,36.54,34.39,937,1101.9,8,2
2026-03-11 08:35:00,40.66,59.23,36.4,47.25,1005,1378.3,8,2
2026-03-11 08:40:00,33.24,59.71,36.26,22.62,1017,1021.1,8,2
2026-03-11 08:45:00,40.14,60.13,36.26,41.6,1075,1554.6,8,2
2026-03-11 08:50:00,36.6,61.09,36.3,39.47,1084,1221.7,8,2
2026-03-11 08:55:00,37.04,59.53,36.65,45.57,1040,1294.0,8,2
2026-03-11 09:00:00,39.55,58.81,36.84,36.21,1119,1229.0,9,2
2026-03-11 09:05:00,36.61,60.1,36.18,34.82,1070,1112.4,9,2
2026-03-11 09:10:00,36.86,59.46,35.97,35.18,1061,1108.9,9,2
2026-03-11 09:15:00,42.35,60.37,35.67,42.05,1163,1610.1,9,2
2026-03-11 09:20:00,36.57,59.65,36.56,38.78,1047,1407.4,9,2
2026-03-11 09:25:00,39.23,59.19,36.01,35.24,1077,1289.6,9,2
2026-03-11 09:30:00,41.31,59.82,36.47,43.76,1201,1626.8,9,2
2026-03-11 09:35:00,34.27,60.39,36.64,41.29,1191,1389.0,9,2
2026-03-11 09:40:00,46.08,61.6,36.12,42.32,1223,1426.7,9,2
2026-03-11 09:45:00,37.31,62.82,36.01,48.67,1245,1720.5,9,2
2026-03-11 09:50:00,44.19,62.45,36.44,47.41,1226,1787.4,9,2
2026-03-11 09:55:00,35.44,61.63,36.98,42.77,1263,1281.0,9,2
2026-03-11 10:00:00,39.83,62.51,36.97,42.37,1243,1687.8,10,2
2026-03-11 10:05:00,37.41,62.5,36.33,34.16,1333,1343.8,10,2
2026-03-11 10:10:00,43.44,63.5,36.53,44.31,1299,1617.2,10,2
2026-03-11 10:15:00,39.81,63.61,36.19,37.44,1341,1479.0,10,2
2026-03-11 10:20:00,35.97,63.54,36.43,47.92,1384,1343.9,10,2
2026-03-11 10:25:00,36.54,65.33,36.79,31.7,1366,1165.5,10,2
2026-03-11 10:30:00,41.7,66.12,36.59,46.68,1472,1474.6,10,2
2026-03-11 10:35:00,40.89,66.37,36.27,38.11,1351,1455.3,10,2
2026-03-11 10:40:00,47.48,67.75,36.71,63.16,1367,1871.3,10,2
2026-03-11 10:45:00,49.31,66.9,36.64,59.2,1546,2066.1,10,2
2026-03-11 10:50:00,43.42,67.56,36.48,48.42,1403,1596.9,10,2
2026-03-11 10:55:00,48.09,67.5,36.39,56.04,1504,1860.9,10,2
2026-03-11 11:00:00,43.97,68.92,36.95,49.26,1473,1403.7,11,2
2026-03-11 11:05:00,38.76,70.4,37.09,40.78,1472,1424.3,11,2
2026-03-11 11:10:00,49.51,68.1,37.03,57.46,1495,2001.7,11,2
2026-03-11 11:15:00,45.96,68.65,36.85,55.23,1519,1764.4,11,2
2026-03-11 11:20:00,42.28,69.11,36.81,44.37,1539,1725.2,11,2
2026-03-11 11:25:00,58.91,69.8,36.64,54.42,1523,1968.8,11,2
2026-03-11 11:30:00,44.01,69.83,37.24,57.11,1620,1865.1,11,2
2026-03-11 11:35:00,43.09,69.9,36.45,44.38,1567,1475.0,11,2
2026-03-11 11:40:00,41.42,69.43,36.81,42.72,1570,1515.1,11,2
2026-03-11 11:45:00,52.23,69.73,36.46,57.73,1588,2012.0,11,2
2026-03-11 11:50:00,36.12,68.94,37.15,41.56,1591,1481.0,11,2
2026-03-11 11:55:00,51.14,69.52,36.99,63.23,1723,2208.5,11,2
2026-03-11 12:00:00,60.62,71.03,36.44,58.47,1659,2072.0,12,2
2026-03-11 12:05:00,51.64,69.99,36.94,53.69,1684,2177.2,12,2
2026-03-11 12:10:00,51.37,70.71,36.82,62.53,1698,2204.6,12,2
2026-03-11 12:15:00,49.12,72.36,37.48,49.94,1731,2282.3,12,2
2026-03-11 12:20:00,43.35,72.67,36.81,47.7,1714,1666.2,12,2
2026-03-11 12:25:00,54.91,72.76,36.79,57.54,1715,2166.6,12,2
2026-03-11 12:30:00,46.35,71.93,36.56,61.32,1765,1889.9,12,2
2026-03-11 12:35:00,50.05,73.46,37.56,53.9,1862,1961.7,12,2
2026-03-11 12:40:00,47.26,73.6,36.67,50.81,1821,1775.9,12,2
2026-03-11 12:45:00,41.89,73.79,37.12,60.11,1812,1915.6,12,2
2026-03-11 12:50:00,49.79,75.22,36.63,44.94,1736,1773.3,12,2
2026-03-11 12:55:00,47.19,75.33,37.44,56.21,1844,2171.6,12,2
2026-03-11 13:00:00,47.75,75.23,37.05,48.68,1849,1859.2,13,2
2026-03-11 13:05:00,57.54,75.16,37.15,67.34,1803,2519.7,13,2
2026-03-11 13:10:00,52.83,74.65,36.74,59.71,1845,2146.0,13,2
2026-03-11 13:15:00,63.46,75.29,37.02,69.98,1905,2552.0,13,2
2026-03-11 13:20:00,51.95,75.99,37.45,53.06,1923,1814.6,13,2
2026-03-11 13:25:00,42.16,75.05,37.35,44.14,1935,1725.9,13,2
2026-03-11 13:30:00,49.07,73.93,37.17,61.82,1868,2335.5,13,2
2026-03-11 13:35:00,53.0,74.0,37.04,55.18,1944,2059.6,13,2
2026-03-11 13:40:00,63.65,74.96,36.82,69.52,1900,2675.9,13,2
2026-03-11 13:45:00,43.31,75.5,36.94,55.08,1912,1891.6,13,2
2026-03-11 13:50:00,51.17,75.31,36.74,56.79,2002,2156.0,13,2
2026-03-11 13:55:00,65.34,75.49,37.12,75.16,1937,2881.4,13,2
2026-03-11 14:00:00,52.32,75.44,37.02,60.04,1940,2336.1,14,2
2026-03-11 14:05:00,47.66,75.89,37.11,48.86,1963,1748.5,14,2
2026-03-11 14:10:00,53.91,76.3,37.31,61.5,2012,2590.9,14,2
2026-03-11 14:15:00,64.06,78.25,37.4,63.4,2044,2627.0,14,2
2026-03-11 14:20:00,90.48,78.17,53.74,60.04,1932,2070.9,14,2
2026-03-11 14:25:00,39.63,78.78,37.41,57.15,1955,2068.9,14,2
2026-03-11 14:30:00,47.12,80.07,36.79,53.16,2021,1777.7,14,2
2026-03-11 14:35:00,48.9,78.72,37.45,52.57,1949,1895.1,14,2
2026-03-11 14:40:00,57.81,77.94,37.74,64.18,1989,2543.7,14,2
2026-03-11 14:45:00,49.04,77.6,37.77,66.15,2007,2135.7,14,2
2026-03-11 14:50:00,43.12,79.13,37.77,45.84,2024,1667.4,14,2
2026-03-11 14:55:00,55.34,77.42,37.12,59.16,2010,2293.2,14,2
2026-03-11 15:00:00,54.81,77.21,37.16,62.25,1987,2524.4,15,2
2026-03-11 15:05:00,53.17,76.07,36.81,61.91,1994,2391.6,15,2
2026-03-11 15:10:00,81.85,76.89,52.88,50.58,2039,2163.9,15,2
2026-03-11 15:15:00,57.2,76.46,37.01,58.37,2017,2468.4,15,2
2026-03-11 15:20:00,60.93,77.24,37.39,59.34,1969,2478.1,15,2
2026-03-11 15:25:00,57.16,78.37,37.57,66.09,2059,2576.3,15,2
2026-03-11 15:30:00,44.54,78.58,37.1,44.93,2030,1754.0,15,2
2026-03-11 15:35:00,63.78,78.5,37.63,64.28,2000,2785.2,15,2
2026-03-11 15:40:00,57.12,77.96,37.38,70.67,2122,2691.1,15,2
2026-03-11 15:45:00,58.63,77.67,37.27,64.35,2039,2394.9,15,2
2026-03-11 15:50:00,62.08,77.61,37.43,60.51,1996,2287.5,15,2
2026-03-11 15:55:00,55.27,77.8,37.38,62.78,2081,2342.9,15,2
2026-03-11 16:00:00,48.65,79.26,36.92,53.51,2020,1943.5,16,2
2026-03-11 16:05:00,53.03,80.01,37.33,57.66,1969,2313.9,16,2
2026-03-11 16:10:00,51.58,79.25,37.52,61.99,1972,2134.0,16,2
2026-03-11 16:15:00,55.78,79.94,37.15,64.43,2031,2271.5,16,2
2026-03-11 16:20:00,58.04,79.13,37.52,65.35,1947,2399.7,16,2
2026-03-11 16:25:00,51.84,78.22,37.48,51.8,1946,1866.0,16,2
2026-03-11 16:30:00,70.15,78.35,37.37,84.7,2080,2972.4,16,2
2026-03-11 16:35:00,71.06,95.29,37.52,89.18,2898,3138.5,16,2
2026-03-11 16:40:00,51.66,77.2,37.91,55.75,1995,2274.5,16,2
2026-03-11 16:45:00,60.31,77.21,37.17,65.14,1978,2699.2,16,2
2026-03-11 16:50:00,49.21,77.33,38.09,54.58,1972,1957.6,16,2
2026-03-11 16:55:00,44.38,77.46,37.34,56.97,1963,2109.2,16,2
2026-03-11 17:00:00,58.6,78.34,36.85,67.73,1918,2353.6,17,2
2026-03-11 17:05:00,53.58,78.57,37.06,63.86,1934,2274.2,17,2
2026-03-11 17:10:00,51.42,78.15,36.92,63.49,2025,2406.5,17,2
2026-03-11 17:15:00,39.46,78.09,37.58,48.51,1914,1699.4,17,2
2026-03-11 17:20:00,44.41,78.67,37.58,53.4,1911,1902.2,17,2
2026-03-11 17:25:00,46.51,79.48,37.8,54.52,1891,1939.5,17,2
2026-03-11 17:30:00,51.64,79.55,38.07,56.32,1959,2167.0,17,2
2026-03-11 17:35:00,57.78,79.87,37.65,70.5,1860,2595.3,17,2
2026-03-11 17:40:00,50.81,79.05,38.01,56.28,1897,2105.7,17,2
2026-03-11 17:45:00,52.32,75.47,37.68,51.34,1859,2123.5,17,2
2026-03-11 17:50:00,52.3,75.89,37.49,53.06,1890,1917.1,17,2
2026-03-11 17:55:00,48.71,76.18,37.79,57.08,1902,1793.0,17,2
2026-03-11 18:00:00,63.98,77.01,37.91,68.96,1879,2747.8,18,2
2026-03-11 18:05:00,41.95,75.7,38.18,50.09,1859,1706.8,18,2
2026-03-11 18:10:00,48.18,74.98,37.59,50.21,1790,1972.4,18,2
2026-03-11 18:15:00,59.72,76.26,37.58,66.58,1936,2551.2,18,2
2026-03-11 18:20:00,58.25,75.44,38.16,63.1,1798,2502.2,18,2
2026-03-11 18:25:00,61.36,76.23,38.35,64.42,1858,2327.6,18,2
2026-03-11 18:30:00,60.0,77.53,38.04,61.28,1824,2469.4,18,2
2026-03-11 18:35:00,47.05,78.33,37.9,56.62,1747,1787.1,18,2
2026-03-11 18:40:00,62.83,92.03,38.0,70.43,2417,2535.2,18,2
2026-03-11 18:45:00,45.15,76.98,37.44,51.38,1707,1853.6,18,2
2026-03-11 18:50:00,44.15,75.47,37.62,46.74,1687,1751.8,18,2
2026-03-11 18:55:00,40.52,73.99,37.72,46.68,1747,1718.4,18,2
2026-03-11 19:00:00,50.17,73.7,37.96,59.76,1717,2231.3,19,2
2026-03-11 19:05:00,38.55,74.16,37.84,46.26,1590,1658.3,19,2
2026-03-11 19:10:00,39.2,73.89,37.45,51.42,1637,1697.8,19,2
2026-03-11 19:15:00,45.78,73.03,37.68,55.06,1732,1706.1,19,2
2026-03-11 19:20:00,41.84,72.92,38.18,45.95,1734,1524.2,19,2
2026-03-11 19:25:00,46.17,72.51,37.47,46.74,1660,1568.6,19,2
2026-03-11 19:30:00,57.77,72.3,38.5,57.69,1542,2148.8,19,2
2026-03-11 19:35:00,36.23,71.41,37.71,48.65,1570,1421.4,19,2
2026-03-11 19:40:00,38.65,70.76,37.94,46.86,1567,1560.1,19,2
2026-03-11 19:45:00,36.78,72.01,38.29,44.65,1610,1495.5,19,2
2026-03-11 19:50:00,50.32,72.9,37.96,47.41,1505,1967.8,19,2
2026-03-11 19:55:00,43.07,72.62,38.95,54.26,1555,1931.0,19,2
2026-03-11 20:00:00,42.41,71.29,38.3,41.11,1493,1459.4,20,2
2026-03-11 20:05:00,43.69,70.88,37.43,47.78,1559,1587.9,20,2
2026-03-11 20:10:00,45.34,70.39,38.12,53.84,1556,1824.9,20,2
2026-03-11 20:15:00,44.25,68.81,37.75,45.12,1401,1638.9,20,2
2026-03-11 20:20:00,41.73,68.44,37.91,37.7,1437,1437.1,20,2
2026-03-11 20:25:00,37.53,68.41,37.26,46.98,1443,1512.4,20,2
2026-03-11 20:30:00,43.44,68.63,38.3,52.02,1501,1730.1,20,2
2026-03-11 20:35:00,45.53,68.87,37.57,44.41,1432,1476.9,20,2
2026-03-11 20:40:00,35.8,69.04,37.75,40.47,1390,1403.2,20,2
2026-03-11 20:45:00,45.41,68.01,37.99,38.48,1387,1598.9,20,2
2026-03-11 20:50:00,48.25,67.76,37.73,47.77,1359,1710.2,20,2
2026-03-11 20:55:00,46.23,67.43,38.02,44.05,1303,1742.4,20,2
2026-03-11 21:00:00,38.31,66.68,37.75,44.36,1358,1304.0,21,2
2026-03-11 21:05:00,38.93,66.97,38.57,39.97,1257,1351.8,21,2
2026-03-11 21:10:00,40.74,66.91,38.72,40.53,1323,1311.0,21,2
2026-03-11 21:15:00,44.66,66.03,38.02,48.95,1291,1729.7,21,2
2026-03-11 21:20:00,46.43,65.58,38.4,42.44,1264,1236.1,21,2
2026-03-11 21:25:00,34.3,66.22,38.46,32.18,1251,1195.5,21,2
2026-03-11 21:30:00,35.63,66.36,38.37,38.81,1197,1397.1,21,2
2026-03-11 21:35:00,32.19,65.21,38.13,40.51,1176,1063.6,21,2
2026-03-11 21:40:00,38.84,64.06,38.67,33.97,1127,1125.1,21,2
2026-03-11 21:45:00,44.14,62.48,37.95,40.16,1105,1466.2,21,2
2026-03-11 21:50:00,43.9,61.83,38.26,53.79,1177,1688.8,21,2
2026-03-11 21:55:00,37.18,61.07,38.06,32.18,1176,1063.3,21,2
2026-03-11 22:00:00,32.77,61.29,38.15,31.96,1099,1107.0,22,2
2026-03-11 22:05:00,30.12,61.42,37.92,36.13,1007,935.8,22,2
2026-03-11 22:10:00,41.02,61.59,37.9,32.55,1120,1022.8,22,2
2026-03-11 22:15:00,33.88,61.93,38.3,35.69,1027,1140.2,22,2
2026-03-11 22:20:00,32.05,61.34,38.51,42.13,982,1171.1,22,2
2026-03-11 22:25:00,33.2,59.79,38.36,35.76,1041,1177.6,22,2
2026-03-11 22:30:00,37.68,59.08,38.69,44.54,1020,1352.9,22,2
2026-03-11 22:35:00,40.9,59.3,38.21,43.35,998,1391.9,22,2
2026-03-11 22:40:00,40.3,59.4,38.17,37.62,965,1334.9,22,2
2026-03-11 22:45:00,31.66,58.51,38.27,34.18,908,998.3,22,2
2026-03-11 22:50:00,42.42,69.8,38.19,47.3,1402,1222.4,22,2
2026-03-11 22:55:00,34.94,57.1,38.15,36.15,866,1160.7,22,2
2026-03-11 23:00:00,33.48,57.12,38.67,31.43,842,1163.8,23,2
2026-03-11 23:05:00,62.04,69.75,38.14,53.79,1565,1900.7,23,2
2026-03-11 23:10:00,34.3,56.4,38.4,42.83,916,1038.0,23,2
2026-03-11 23:15:00,46.45,56.13,37.99,45.16,871,1269.6,23,2
2026-03-11 23:20:00,31.01,55.21,38.6,37.59,840,911.6,23,2
2026-03-11 23:25:00,30.63,54.57,38.94,35.37,833,1013.3,23,2
2026-03-11 23:30:00,39.64,55.41,38.46,28.7,831,1068.9,23,2
2026-03-11 23:35:00,29.17,55.35,39.31,32.84,777,856.8,23,2
2026-03-11 23:40:00,32.64,54.78,38.28,28.99,756,889.1,23,2
2026-03-11 23:45:00,32.57,55.19,39.2,31.48,736,851.5,23,2
2026-03-11 23:50:00,29.8,53.72,38.8,29.28,719,762.7,23,2
2026-03-11 23:55:00,28.42,52.65,38.51,36.27,796,924.3,23,2
2026-03-12 00:00:00,26.35,52.92,34.66,22.61,769,711.7,0,3
2026-03-12 00:05:00,32.18,53.86,35.32,31.91,720,930.6,0,3
2026-03-12 00:10:00,32.93,53.85,34.87,32.08,743,1024.7,0,3
2026-03-12 00:15:00,41.09,53.21,34.94,33.1,673,937.8,0,3
2026-03-12 00:20:00,24.9,53.39,34.78,30.98,696,861.8,0,3
2026-03-12 00:25:00,26.39,53.87,34.96,26.76,711,781.6,0,3
2026-03-12 00:30:00,29.19,54.38,34.72,22.75,691,805.5,0,3
2026-03-12 00:35:00,36.09,55.23,35.2,34.05,730,734.8,0,3
2026-03-12 00:40:00,31.23,54.5,35.4,31.96,619,889.6,0,3
2026-03-12 00:45:00,25.32,52.38,35.45,24.46,523,684.3,0,3
2026-03-12 00:50:00,26.76,51.38,35.13,30.69,608,574.9,0,3
2026-03-12 00:55:00,27.52,50.74,34.82,24.1,627,709.7,0,3
2026-03-12 01:00:00,18.27,49.39,35.06,20.63,552,547.5,1,3
2026-03-12 01:05:00,22.01,49.72,35.07,25.68,506,480.1,1,3
2026-03-12 01:10:00,33.15,49.05,34.8,27.85,540,712.7,1,3
2026-03-12 01:15:00,32.79,49.1,35.2,34.02,627,815.8,1,3
2026-03-12 01:20:00,20.75,47.91,35.73,29.47,478,604.3,1,3
2026-03-12 01:25:00,27.82,47.46,34.28,23.66,525,720.4,1,3
2026-03-12 01:30:00,19.98,47.51,34.82,22.19,445,452.5,1,3
2026-03-12 01:35:00,30.62,48.81,34.65,20.2,481,541.6,1,3
2026-03-12 01:40:00,25.34,47.85,35.51,24.12,531,510.9,1,3
2026-03-12 01:45:00,19.31,49.35,35.33,20.13,575,592.3,1,3
2026-03-12 01:50:00,29.18,48.65,35.28,19.55,498,613.7,1,3
2026-03-12 01:55:00,29.09,48.28,35.46,29.57,502,674.5,1,3
2026-03-12 02:00:00,25.91,49.57,35.58,15.95,505,563.2,2,3
2026-03-12 02:05:00,25.58,50.14,34.65,23.29,479,580.8,2,3
2026-03-12 02:10:00,20.31,48.5,35.54,22.38,420,498.1,2,3
2026-03-12 02:15:00,67.95,48.1,34.83,24.59,521,702.8,2,3
2026-03-12 02:20:00,20.69,46.4,35.51,21.57,425,561.3,2,3
2026-03-12 02:25:00,20.65,46.12,35.7,17.57,476,423.7,2,3
2026-03-12 02:30:00,28.65,44.61,35.05,26.32,379,481.7,2,3
2026-03-12 02:35:00,20.9,43.34,35.01,21.59,377,518.4,2,3
2026-03-12 02:40:00,21.46,43.11,34.56,19.26,464,513.5,2,3
2026-03-12 02:45:00,25.7,43.38,35.28,27.17,455,609.8,2,3
2026-03-12 02:50:00,27.93,45.14,35.37,26.07,382,556.2,2,3
2026-03-12 02:55:00,15.93,45.34,35.29,22.74,413,471.3,2,3
2026-03-12 03:00:00,19.25,46.0,35.05,16.67,419,394.8,3,3
2026-03-12 03:05:00,24.6,46.31,35.21,13.63,313,320.5,3,3
2026-03-12 03:10:00,21.35,44.56,34.9,23.37,394,534.5,3,3
2026-03-12 03:15:00,25.26,44.8,35.66,28.54,424,410.4,3,3
2026-03-12 03:20:00,22.51,44.25,35.93,24.27,428,421.1,3,3
2026-03-12 03:25:00,24.97,44.77,36.08,29.87,436,553.2,3,3
2026-03-12 03:30:00,27.52,44.3,35.51,27.65,399,591.0,3,3
2026-03-12 03:35:00,22.68,43.64,35.6,21.04,301,424.1,3,3
2026-03-12 03:40:00,17.7,43.46,35.51,23.15,432,465.8,3,3
2026-03-12 03:45:00,20.65,43.57,35.91,22.11,397,496.2,3,3
2026-03-12 03:50:00,23.34,43.86,35.54,21.83,359,430.4,3,3
2026-03-12 03:55:00,24.18,43.37,35.35,23.22,461,683.3,3,3
2026-03-12 04:00:00,29.37,43.66,35.35,25.02,439,613.0,4,3
2026-03-12 04:05:00,29.57,45.4,35.28,25.61,456,601.1,4,3
2026-03-12 04:10:00,26.49,45.05,36.01,22.46,449,494.8,4,3
2026-03-12 04:15:00,30.7,45.26,35.56,21.09,431,583.8,4,3
2026-03-12 04:20:00,29.69,45.2,35.44,20.89,447,415.1,4,3
2026-03-12 04:25:00,21.32,46.49,35.36,11.15,448,437.1,4,3
2026-03-12 04:30:00,19.76,46.36,35.43,24.4,431,398.0,4,3
2026-03-12 04:35:00,13.02,45.76,35.47,23.05,340,400.1,4,3
2026-03-12 04:40:00,21.22,44.14,35.81,22.36,473,422.8,4,3
2026-03-12 04:45:00,22.4,45.56,35.75,26.55,454,556.8,4,3
2026-03-12 04:50:00,25.1,46.0,35.58,20.86,428,525.2,4,3
2026-03-12 04:55:00,24.27,45.55,35.63,11.28,434,402.8,4,3
2026-03-12 05:00:00,25.42,45.08,35.27,28.13,480,544.5,5,3
2026-03-12 05:05:00,17.38,45.48,35.86,22.59,458,477.7,5,3
2026-03-12 05:10:00,18.11,45.18,34.94,17.15,473,453.0,5,3
2026-03-12 05:15:00,22.83,44.84,35.55,25.71,483,646.0,5,3
2026-03-12 05:20:00,23.95,46.0,35.33,27.43,506,533.9,5,3
2026-03-12 05:25:00,21.56,45.4,35.73,20.56,418,476.2,5,3
2026-03-12 05:30:00,28.33,45.01,36.16,28.64,489,616.9,5,3
2026-03-12 05:35:00,22.83,44.42,35.59,23.45,552,574.2,5,3
2026-03-12 05:40:00,32.56,44.72,35.48,26.81,493,670.3,5,3
2026-03-12 05:45:00,20.04,45.15,35.07,34.81,551,573.7,5,3
2026-03-12 05:50:00,23.71,45.17,35.67,18.07,461,420.7,5,3
2026-03-12 05:55:00,21.69,45.7,36.06,30.86,539,523.4,5,3
2026-03-12 06:00:00,23.17,44.39,36.28,27.88,567,682.4,6,3
2026-03-12 06:05:00,25.3,43.02,35.68,23.16,486,525.8,6,3
2026-03-12 06:10:00,27.67,43.04,35.6,24.3,551,595.0,6,3
2026-03-12 06:15:00,30.34,44.55,36.03,19.59,619,725.8,6,3
2026-03-12 06:20:00,21.27,45.92,35.66,21.3,547,561.9,6,3
2026-03-12 06:25:00,34.54,45.46,35.87,24.18,614,806.8,6,3
2026-03-12 06:30:00,29.42,46.47,36.03,25.56,608,745.8,6,3
2026-03-12 06:35:00,21.27,46.77,35.94,30.02,616,679.7,6,3
2026-03-12 06:40:00,36.57,48.83,35.88,34.48,716,971.9,6,3
2026-03-12 06:45:00,31.33,49.26,36.19,26.56,703,817.5,6,3
2026-03-12 06:50:00,26.21,49.01,35.59,23.87,597,568.7,6,3
2026-03-12 06:55:00,30.97,48.85,36.09,35.94,624,934.3,6,3
2026-03-12 07:00:00,35.08,50.46,36.23,36.18,653,954.6,7,3
2026-03-12 07:05:00,22.49,49.97,36.06,38.56,636,737.7,7,3
2026-03-12 07:10:00,30.16,49.89,36.28,33.9,701,903.3,7,3
2026-03-12 07:15:00,26.13,50.85,35.63,28.56,685,692.5,7,3
2026-03-12 07:20:00,25.82,50.65,35.9,32.23,739,944.9,7,3
2026-03-12 07:25:00,35.57,51.14,36.48,34.99,838,1078.1,7,3
2026-03-12 07:30:00,33.24,52.75,35.46,36.0,850,1049.1,7,3
2026-03-12 07:35:00,22.24,52.69,35.67,27.47,800,861.8,7,3
2026-03-12 07:40:00,29.62,52.07,36.16,34.2,684,790.5,7,3
2026-03-12 07:45:00,24.03,52.86,35.99,33.03,854,826.3,7,3
2026-03-12 07:50:00,35.08,52.12,36.38,34.91,827,1041.6,7,3
2026-03-12 07:55:00,33.79,54.03,36.11,39.01,930,1122.2,7,3
2026-03-12 08:00:00,25.09,53.25,36.22,35.08,901,983.0,8,3
2026-03-12 08:05:00,41.15,54.74,35.54,35.71,809,1081.6,8,3
2026-03-12 08:10:00,29.97,55.36,36.24,39.08,856,1063.1,8,3
2026-03-12 08:15:00,37.21,54.77,36.11,35.12,983,1198.6,8,3
2026-03-12 08:20:00,32.92,55.61,36.57,29.26,923,1106.0,8,3
2026-03-12 08:25:00,32.38,55.46,36.43,37.62,914,955.7,8,3
2026-03-12 08:30:00,39.11,56.76,35.84,37.63,956,1315.5,8,3
2026-03-12 08:35:00,28.03,56.53,35.63,29.59,993,947.6,8,3
2026-03-12 08:40:00,31.92,56.25,36.12,33.54,954,1108.8,8,3
2026-03-12 08:45:00,35.16,56.68,35.79,31.9,1102,942.6,8,3
2026-03-12 08:50:00,30.96,55.89,36.52,35.76,995,978.0,8,3
2026-03-12 08:55:00,42.95,56.55,36.22,46.61,1071,1447.2,8,3
2026-03-12 09:00:00,34.68,57.29,36.14,43.62,1087,1299.5,9,3
2026-03-12 09:05:00,37.83,58.27,36.96,38.85,1082,1249.0,9,3
2026-03-12 09:10:00,38.57,57.15,36.16,37.74,1056,1263.4,9,3
2026-03-12 09:15:00,33.14,58.03,36.21,31.88,1029,1179.2,9,3
2026-03-12 09:20:00,38.51,59.32,36.15,38.46,1100,1201.1,9,3
2026-03-12 09:25:00,40.28,60.09,36.12,42.55,1185,1469.4,9,3
2026-03-12 09:30:00,30.78,59.13,35.9,35.55,1113,1017.3,9,3
2026-03-12 09:35:00,40.4,59.56,36.14,41.18,1147,1655.9,9,3
2026-03-12 09:40:00,35.66,61.39,36.65,34.19,1259,1204.6,9,3
2026-03-12 09:45:00,38.99,60.78,36.36,46.43,1273,1384.2,9,3
2026-03-12 09:50:00,37.07,60.15,35.87,44.16,1272,1415.8,9,3
2026-03-12 09:55:00,41.88,59.69,36.63,44.96,1275,1516.9,9,3
2026-03-12 10:00:00,40.86,60.03,36.5,37.88,1286,1193.0,10,3
2026-03-12 10:05:00,33.78,59.71,36.47,39.04,1326,1224.8,10,3
2026-03-12 10:10:00,46.99,61.06,36.51,41.49,1276,1530.9,10,3
2026-03-12 10:15:00,34.52,60.81,35.96,37.61,1293,1157.9,10,3
2026-03-12 10:20:00,46.8,61.43,36.81,30.74,1393,1393.4,10,3
2026-03-12 10:25:00,42.52,61.77,36.65,49.98,1442,1636.8,10,3
2026-03-12 10:30:00,36.39,62.48,36.4,38.95,1406,1255.0,10,3
2026-03-12 10:35:00,45.91,63.83,36.48,55.53,1369,1889.7,10,3
2026-03-12 10:40:00,40.21,65.94,36.59,43.63,1512,1507.4,10,3
2026-03-12 10:45:00,33.51,66.07,36.26,37.98,1376,1273.9,10,3
2026-03-12 10:50:00,48.07,66.69,36.58,55.18,1421,2041.5,10,3
2026-03-12 10:55:00,58.42,67.58,36.48,42.57,1329,1814.5,10,3
2026-03-12 11:00:00,48.05,67.91,36.95,49.6,1474,1693.0,11,3
2026-03-12 11:05:00,45.46,68.59,36.71,42.24,1498,1776.6,11,3
2026-03-12 11:10:00,36.09,68.15,36.41,36.92,1518,1376.8,11,3
2026-03-12 11:15:00,49.6,67.91,36.39,56.04,1595,1864.4,11,3
2026-03-12 11:20:00,60.16,69.23,36.81,63.14,1559,2252.8,11,3
2026-03-12 11:25:00,44.09,68.89,36.98,40.42,1625,1590.3,11,3
2026-03-12 11:30:00,43.85,69.33,36.82,53.32,1641,1842.3,11,3
2026-03-12 11:35:00,40.32,69.31,37.26,46.73,1637,1714.0,11,3
2026-03-12 11:40:00,50.13,70.98,36.43,59.5,1571,2039.5,11,3
2026-03-12 11:45:00,49.96,69.42,36.58,54.22,1588,1931.4,11,3
2026-03-12 11:50:00,44.13,70.05,36.47,50.95,1598,1708.8,11,3
2026-03-12 11:55:00,44.32,69.62,36.49,56.77,1662,2119.2,11,3
2026-03-12 12:00:00,41.07,68.58,36.04,43.64,1588,1507.1,12,3
2026-03-12 12:05:00,42.97,68.44,36.83,49.61,1637,1356.3,12,3
2026-03-12 12:10:00,50.97,68.81,37.11,60.3,1724,2331.7,12,3
2026-03-12 12:15:00,49.85,70.45,37.34,56.96,1768,2081.8,12,3
2026-03-12 12:20:00,56.33,70.69,36.39,62.45,1761,2520.3,12,3
2026-03-12 12:25:00,48.07,70.06,36.86,52.42,1853,1952.7,12,3
2026-03-12 12:30:00,41.84,70.18,36.8,49.01,1814,1798.8,12,3
2026-03-12 12:35:00,48.59,71.56,36.91,47.45,1771,1903.6,12,3
2026-03-12 12:40:00,57.85,73.09,36.6,51.52,1778,2243.7,12,3
2026-03-12 12:45:00,50.1,74.54,36.84,58.28,1845,2075.4,12,3
2026-03-12 12:50:00,49.06,74.66,37.01,53.49,1802,2074.5,12,3
2026-03-12 12:55:00,57.03,73.48,37.03,55.68,1832,2075.2,12,3
2026-03-12 13:00:00,51.96,71.67,36.54,51.4,1831,2084.6,13,3
2026-03-12 13:05:00,46.07,73.63,37.05,54.7,1828,1825.6,13,3
2026-03-12 13:10:00,51.1,74.36,37.06,61.84,1857,2155.1,13,3
2026-03-12 13:15:00,52.93,75.48,36.85,63.81,1854,2485.1,13,3
2026-03-12 13:20:00,52.71,74.24,37.22,55.44,1836,2184.2,13,3
2026-03-12 13:25:00,43.23,73.93,37.08,60.61,1890,1930.3,13,3
2026-03-12 13:30:00,52.44,75.15,36.97,56.85,1898,2144.3,13,3
2026-03-12 13:35:00,53.9,74.45,36.78,59.07,1919,2031.3,13,3
2026-03-12 13:40:00,47.88,74.32,36.6,52.71,1911,2153.0,13,3
2026-03-12 13:45:00,51.11,74.65,36.86,54.86,1868,1935.1,13,3
2026-03-12 13:50:00,55.17,75.29,37.04,63.63,1945,2276.4,13,3
2026-03-12 13:55:00,59.26,76.02,37.92,61.22,1869,2411.9,13,3
2026-03-12 14:00:00,60.4,76.15,37.05,70.16,1979,2557.3,14,3
2026-03-12 14:05:00,45.22,74.33,36.75,55.75,1939,1977.8,14,3
2026-03-12 14:10:00,47.48,74.21,36.88,48.59,1951,1878.6,14,3
2026-03-12 14:15:00,50.67,76.62,37.14,61.94,1990,2264.0,14,3
2026-03-12 14:20:00,54.63,76.94,36.96,61.89,1960,2516.6,14,3
2026-03-12 14:25:00,56.85,76.96,37.37,65.92,1969,2497.8,14,3
2026-03-12 14:30:00,56.74,76.69,37.09,55.18,2000,2101.1,14,3
2026-03-12 14:35:00,64.39,77.36,37.27,74.87,1967,2781.1,14,3
2026-03-12 14:40:00,55.49,77.64,37.57,53.58,2001,2246.0,14,3
2026-03-12 14:45:00,66.59,78.93,37.37,73.65,1962,2901.4,14,3
2026-03-12 14:50:00,46.62,79.5,36.94,60.56,1965,2064.9,14,3
2026-03-12 14:55:00,44.36,78.83,36.91,52.74,1962,1710.7,14,3
2026-03-12 15:00:00,44.48,77.74,37.17,52.03,1928,1885.1,15,3
2026-03-12 15:05:00,62.2,77.14,37.04,67.89,1961,2541.7,15,3
2026-03-12 15:10:00,68.69,76.7,36.6,79.98,2056,2908.4,15,3
2026-03-12 15:15:00,54.3,76.92,37.3,57.99,2004,2154.6,15,3
2026-03-12 15:20:00,47.54,77.22,37.29,46.71,1990,1758.9,15,3
2026-03-12 15:25:00,59.82,76.88,36.86,69.28,2048,2613.8,15,3
2026-03-12 15:30:00,59.42,76.25,37.17,63.31,2067,2541.4,15,3
2026-03-12 15:35:00,56.04,76.87,37.29,61.0,2100,2061.4,15,3
2026-03-12 15:40:00,52.55,76.44,37.27,60.85,1940,2208.4,15,3
2026-03-12 15:45:00,49.19,76.82,37.61,53.58,2004,2022.5,15,3
2026-03-12 15:50:00,60.23,77.74,37.81,63.13,2073,2524.6,15,3
2026-03-12 15:55:00,47.96,77.25,37.09,57.52,2074,2040.9,15,3
2026-03-12 16:00:00,50.25,78.69,37.47,51.39,2009,2224.6,16,3
2026-03-12 16:05:00,57.24,79.01,37.44,62.26,2034,2396.9,16,3
2026-03-12 16:10:00,61.48,79.76,37.42,68.88,2039,2287.8,16,3
2026-03-12 16:15:00,90.6,88.65,37.46,99.0,3491,3613.4,16,3
2026-03-12 16:20:00,55.8,80.19,37.17,72.42,1964,2831.6,16,3
2026-03-12 16:25:00,50.76,79.79,37.03,53.47,1988,2109.6,16,3
2026-03-12 16:30:00,55.9,80.13,37.07,65.9,2026,2258.3,16,3
2026-03-12 16:35:00,61.32,80.3,37.55,72.82,2047,2770.0,16,3
2026-03-12 16:40:00,73.14,80.37,37.42,83.25,2018,3165.1,16,3
2026-03-12 16:45:00,69.57,81.15,37.75,73.37,2069,3006.5,16,3
2026-03-12 16:50:00,49.58,81.94,37.31,57.66,2038,2242.5,16,3
2026-03-12 16:55:00,50.56,81.17,37.06,60.05,1990,2268.6,16,3
2026-03-12 17:00:00,94.48,96.86,37.51,99.0,3158,4081.0,17,3
2026-03-12 17:05:00,50.63,81.4,37.37,57.53,1904,2084.7,17,3
2026-03-12 17:10:00,51.64,80.45,37.6,48.87,1962,1983.9,17,3
2026-03-12 17:15:00,57.42,79.37,37.44,71.97,1910,2556.9,17,3
2026-03-12 17:20:00,58.67,78.26,37.96,67.11,1942,2504.1,17,3
2026-03-12 17:25:00,56.54,78.35,37.74,68.17,1923,2460.4,17,3
2026-03-12 17:30:00,57.76,79.11,37.6,60.29,1834,2029.2,17,3
2026-03-12 17:35:00,59.88,79.81,37.36,64.34,1932,2333.7,17,3
2026-03-12 17:40:00,63.2,80.01,37.44,65.39,1901,2551.8,17,3
2026-03-12 17:45:00,59.39,80.99,37.5,64.77,1883,2490.1,17,3
2026-03-12 17:50:00,47.8,79.58,38.14,51.47,1902,2193.9,17,3
2026-03-12 17:55:00,47.38,79.86,37.97,52.69,1822,1947.5,17,3
2026-03-12 18:00:00,53.22,79.72,38.06,64.25,1849,2247.5,18,3
2026-03-12 18:05:00,46.77,79.25,37.75,53.24,1812,2016.4,18,3
2026-03-12 18:10:00,39.2,77.99,37.67,40.86,1853,1672.5,18,3
2026-03-12 18:15:00,45.31,78.36,37.56,50.21,1850,2007.3,18,3
2026-03-12 18:20:00,45.95,76.53,38.03,50.6,1852,1809.1,18,3
2026-03-12 18:25:00,49.17,76.61,37.58,53.19,1850,2158.1,18,3
2026-03-12 18:30:00,48.63,76.13,38.3,55.81,1771,1917.9,18,3
2026-03-12 18:35:00,50.04,75.98,37.94,51.62,1766,1992.2,18,3
2026-03-12 18:40:00,40.34,75.66,38.0,49.28,1785,1701.0,18,3
2026-03-12 18:45:00,45.1,75.57,38.11,50.83,1745,1890.2,18,3
2026-03-12 18:50:00,53.29,76.72,37.59,62.33,1751,2233.5,18,3
2026-03-12 18:55:00,50.69,76.88,37.64,56.4,1657,2218.9,18,3
2026-03-12 19:00:00,48.71,76.06,37.88,58.6,1733,2196.4,19,3
2026-03-12 19:05:00,51.89,74.46,37.77,70.19,1731,2246.8,19,3
2026-03-12 19:10:00,45.21,72.98,37.01,56.53,1647,1774.8,19,3
2026-03-12 19:15:00,38.51,72.39,38.53,45.6,1688,1650.5,19,3
2026-03-12 19:20:00,44.24,71.12,37.88,54.72,1679,1905.6,19,3
2026-03-12 19:25:00,35.6,70.89,37.94,45.16,1548,1395.1,19,3
2026-03-12 19:30:00,49.77,70.28,38.45,45.83,1633,2060.0,19,3
2026-03-12 19:35:00,47.61,69.91,38.09,56.9,1627,1791.6,19,3
2026-03-12 19:40:00,38.29,69.42,38.29,45.28,1608,1438.9,19,3
2026-03-12 19:45:00,49.79,69.71,37.43,50.78,1546,1872.3,19,3
2026-03-12 19:50:00,52.09,69.63,37.11,55.13,1618,1897.3,19,3
2026-03-12 19:55:00,53.79,69.32,38.29,63.22,1467,2156.0,19,3
2026-03-12 20:00:00,48.57,66.37,38.29,58.16,1487,1856.5,20,3
2026-03-12 20:05:00,40.93,67.61,37.78,50.79,1492,1583.0,20,3
2026-03-12 20:10:00,43.28,66.56,38.34,54.03,1548,1586.5,20,3
2026-03-12 20:15:00,47.8,66.82,37.95,53.81,1488,1998.2,20,3
2026-03-12 20:20:00,47.58,66.91,38.09,54.92,1484,2076.8,20,3
2026-03-12 20:25:00,39.65,65.59,38.39,40.77,1417,1627.6,20,3
2026-03-12 20:30:00,47.89,68.23,37.71,47.39,1452,1843.0,20,3
2026-03-12 20:35:00,43.29,68.78,37.76,49.86,1463,1916.4,20,3
2026-03-12 20:40:00,40.81,68.83,38.25,45.19,1486,1520.4,20,3
2026-03-12 20:45:00,48.34,70.43,37.89,45.57,1407,1798.5,20,3
2026-03-12 20:50:00,49.85,70.37,38.2,50.83,1296,1806.5,20,3
2026-03-12 20:55:00,41.17,70.4,38.13,53.95,1347,1784.7,20,3
2026-03-12 21:00:00,41.47,69.52,38.63,38.5,1366,1471.2,21,3
2026-03-12 21:05:00,36.28,68.71,38.06,38.37,1275,1316.8,21,3
2026-03-12 21:10:00,47.24,68.25,38.14,44.9,1308,1712.9,21,3
2026-03-12 21:15:00,49.29,67.06,37.86,48.34,1239,1640.9,21,3
2026-03-12 21:20:00,41.93,67.22,38.07,43.23,1278,1637.7,21,3
2026-03-12 21:25:00,38.61,68.57,37.83,39.71,1236,1283.9,21,3
2026-03-12 21:30:00,42.19,67.17,38.38,39.36,1231,1316.3,21,3
2026-03-12 21:35:00,32.68,66.43,38.39,42.23,1201,1245.3,21,3
2026-03-12 21:40:00,37.38,65.62,38.31,32.66,1188,1149.2,21,3
2026-03-12 21:45:00,62.68,75.58,38.4,52.6,1904,1863.4,21,3
2026-03-12 21:50:00,39.52,62.7,38.41,50.22,1184,1601.7,21,3
2026-03-12 21:55:00,36.51,62.5,38.13,40.34,1172,1295.1,21,3
2026-03-12 22:00:00,33.16,61.81,37.97,39.8,1086,1099.9,22,3
2026-03-12 22:05:00,36.75,61.54,38.56,45.97,1094,1446.2,22,3
2026-03-12 22:10:00,26.61,60.41,37.99,34.84,1048,1009.9,22,3
2026-03-12 22:15:00,35.81,62.42,38.07,33.36,1019,1185.2,22,3
2026-03-12 22:20:00,29.55,63.25,38.59,34.15,1073,1021.8,22,3
2026-03-12 22:25:00,28.78,62.82,38.72,41.96,1045,1341.3,22,3
2026-03-12 22:30:00,37.32,62.84,38.1,36.52,1007,1191.1,22,3
2026-03-12 22:35:00,40.17,62.95,38.9,40.69,984,1234.1,22,3
2026-03-12 22:40:00,35.51,62.04,38.59,35.75,902,1183.8,22,3
2026-03-12 22:45:00,30.76,60.16,38.45,34.62,968,967.7,22,3
2026-03-12 22:50:00,41.19,60.26,38.31,32.43,995,1141.0,22,3
2026-03-12 22:55:00,36.36,60.8,38.52,34.74,939,1219.9,22,3
2026-03-12 23:00:00,44.46,72.5,38.57,46.6,1243,1209.0,23,3
2026-03-12 23:05:00,35.02,57.85,38.48,35.13,881,983.0,23,3
2026-03-12 23:10:00,26.89,57.55,38.88,33.92,967,791.5,23,3
2026-03-12 23:15:00,35.2,57.35,38.66,32.17,840,1053.1,23,3
2026-03-12 23:20:00,29.48,58.13,37.85,38.71,922,1230.8,23,3
2026-03-12 23:25:00,27.24,57.8,38.2,27.7,789,692.8,23,3
2026-03-12 23:30:00,35.46,58.13,38.75,37.47,829,1170.3,23,3
2026-03-12 23:35:00,30.17,56.71,38.03,39.39,753,907.1,23,3
2026-03-12 23:40:00,28.22,56.33,38.55,37.49,767,881.3,23,3
2026-03-12 23:45:00,40.67,57.37,38.95,33.09,839,1084.8,23,3
2026-03-12 23:50:00,25.63,57.26,38.76,37.87,746,901.9,23,3
2026-03-12 23:55:00,32.55,55.88,38.78,34.71,721,918.7,23,3
2026-03-13 00:00:00,30.32,55.88,35.26,25.46,723,732.0,0,4
2026-03-13 00:05:00,35.94,55.28,34.91,36.28,717,946.8,0,4
2026-03-13 00:10:00,20.73,54.36,35.12,24.6,639,721.3,0,4
2026-03-13 00:15:00,29.6,54.44,34.89,35.37,656,845.4,0,4
2026-03-13 00:20:00,31.78,53.35,35.22,22.94,600,560.9,0,4
2026-03-13 00:25:00,31.56,52.12,35.37,27.97,694,917.2,0,4
2026-03-13 00:30:00,18.59,51.84,34.95,23.78,702,747.1,0,4
2026-03-13 00:35:00,30.23,52.95,34.69,31.47,624,654.0,0,4
2026-03-13 00:40:00,23.78,53.5,35.42,25.09,566,719.0,0,4
2026-03-13 00:45:00,29.58,52.38,34.74,25.63,575,615.6,0,4
2026-03-13 00:50:00,30.53,52.68,35.34,26.58,640,738.8,0,4
2026-03-13 00:55:00,32.57,52.18,35.09,31.55,603,851.8,0,4
2026-03-13 01:00:00,28.51,51.89,34.84,20.79,520,608.1,1,4
2026-03-13 01:05:00,23.02,51.65,35.08,21.35,464,474.0,1,4
2026-03-13 01:10:00,24.87,51.11,35.38,28.59,552,561.7,1,4
2026-03-13 01:15:00,30.9,51.06,35.53,26.58,520,566.2,1,4
2026-03-13 01:20:00,26.57,50.09,34.58,32.27,500,695.5,1,4
2026-03-13 01:25:00,22.15,49.91,35.46,22.82,603,584.9,1,4
2026-03-13 01:30:00,20.86,50.02,35.28,27.03,525,550.4,1,4
2026-03-13 01:35:00,24.72,49.07,35.7,24.54,473,625.6,1,4
2026-03-13 01:40:00,25.27,50.24,35.28,31.62,494,717.9,1,4
2026-03-13 01:45:00,27.04,49.62,35.14,30.6,476,458.9,1,4
2026-03-13 01:50:00,27.45,49.2,35.22,23.46,532,465.7,1,4
2026-03-13 01:55:00,31.0,48.26,35.36,26.25,486,681.7,1,4
2026-03-13 02:00:00,23.42,47.8,34.88,19.01,415,428.0,2,4
2026-03-13 02:05:00,20.18,48.14,35.18,18.88,457,413.6,2,4
2026-03-13 02:10:00,20.78,47.64,35.29,21.22,480,427.7,2,4
2026-03-13 02:15:00,25.43,47.94,35.3,25.87,470,584.0,2,4
2026-03-13 02:20:00,24.16,48.9,34.66,21.84,388,520.0,2,4
2026-03-13 02:25:00,22.33,48.49,35.54,22.08,359,350.7,2,4
2026-03-13 02:30:00,22.16,47.13,35.27,25.25,435,549.7,2,4
2026-03-13 02:35:00,19.59,46.91,35.54,19.53,397,384.8,2,4
2026-03-13 02:40:00,23.12,46.49,35.63,19.53,328,337.6,2,4
2026-03-13 02:45:00,19.87,45.17,35.48,23.54,425,601.8,2,4
2026-03-13 02:50:00,23.46,45.59,35.55,18.12,398,379.3,2,4
2026-03-13 02:55:00,29.47,56.7,35.52,30.16,572,642.0,2,4
2026-03-13 03:00:00,24.66,44.2,35.61,21.05,378,395.5,3,4
2026-03-13 03:05:00,22.59,44.22,35.19,25.29,423,517.6,3,4
2026-03-13 03:10:00,21.85,44.31,35.08,22.53,391,409.6,3,4
2026-03-13 03:15:00,27.79,44.43,35.17,23.4,411,406.7,3,4
2026-03-13 03:20:00,19.66,45.27,35.64,22.74,451,611.6,3,4
2026-03-13 03:25:00,21.15,46.8,35.59,22.57,301,335.6,3,4
2026-03-13 03:30:00,13.53,45.62,35.79,19.71,418,371.6,3,4
2026-03-13 03:35:00,21.0,45.6,35.28,27.69,416,417.5,3,4
2026-03-13 03:40:00,16.72,46.32,35.31,15.42,406,392.7,3,4
2026-03-13 03:45:00,20.3,46.04,35.76,22.65,359,509.6,3,4
2026-03-13 03:50:00,26.29,47.3,35.66,16.55,360,434.7,3,4
2026-03-13 03:55:00,23.92,47.89,35.28,20.09,377,343.8,3,4
2026-03-13 04:00:00,17.68,47.67,35.7,14.68,392,431.0,4,4
2026-03-13 04:05:00,17.93,46.51,35.69,19.3,344,324.2,4,4
2026-03-13 04:10:00,23.58,45.28,34.85,20.8,325,342.0,4,4
2026-03-13 04:15:00,21.56,44.89,35.6,27.64,424,555.3,4,4
2026-03-13 04:20:00,27.41,45.06,35.9,18.04,390,386.4,4,4
2026-03-13 04:25:00,27.33,44.83,35.13,25.9,382,579.9,4,4
2026-03-13 04:30:00,18.58,44.79,36.09,25.49,417,558.1,4,4
2026-03-13 04:35:00,31.11,60.84,35.97,33.71,646,787.7,4,4
2026-03-13 04:40:00,26.69,45.77,35.64,17.16,401,390.6,4,4
2026-03-13 04:45:00,22.93,46.64,35.54,18.53,432,527.0,4,4
2026-03-13 04:50:00,21.99,48.4,36.1,16.79,394,405.7,4,4
2026-03-13 04:55:00,25.18,47.66,35.61,30.63,467,535.7,4,4
2026-03-13 05:00:00,18.06,46.94,36.62,22.55,432,375.2,5,4
2026-03-13 05:05:00,24.14,47.18,35.72,26.13,447,501.5,5,4
2026-03-13 05:10:00,24.93,46.79,35.57,21.04,424,534.1,5,4
2026-03-13 05:15:00,27.92,45.5,35.74,24.49,459,462.9,5,4
2026-03-13 05:20:00,21.51,44.97,36.07,22.85,467,599.3,5,4
2026-03-13 05:25:00,26.89,45.22,36.08,16.71,404,387.0,5,4
2026-03-13 05:30:00,28.88,45.34,35.24,32.8,469,677.1,5,4
2026-03-13 05:35:00,20.18,45.34,35.64,24.54,443,513.7,5,4
2026-03-13 05:40:00,24.72,46.29,35.85,21.23,452,647.2,5,4
2026-03-13 05:45:00,22.11,44.96,35.77,28.68,490,665.4,5,4
2026-03-13 05:50:00,29.93,44.71,36.23,30.81,498,649.0,5,4
2026-03-13 05:55:00,23.33,46.2,35.61,22.44,453,476.0,5,4
2026-03-13 06:00:00,26.27,46.68,36.44,25.08,522,600.5,6,4
2026-03-13 06:05:00,29.14,46.31,36.08,26.42,658,852.4,6,4
2026-03-13 06:10:00,31.09,46.55,36.04,30.19,612,833.1,6,4
2026-03-13 06:15:00,25.28,47.08,36.3,27.67,458,627.8,6,4
2026-03-13 06:20:00,28.01,48.53,36.3,29.01,603,763.2,6,4
2026-03-13 06:25:00,30.91,49.71,36.26,29.15,603,848.5,6,4
2026-03-13 06:30:00,25.56,49.06,35.72,35.71,574,681.9,6,4
2026-03-13 06:35:00,27.53,49.28,35.61,27.57,623,692.8,6,4
2026-03-13 06:40:00,27.6,48.81,35.86,31.93,623,752.5,6,4
2026-03-13 06:45:00,21.91,49.42,36.77,30.7,608,809.8,6,4
2026-03-13 06:50:00,25.69,48.17,35.55,29.01,669,780.5,6,4
2026-03-13 06:55:00,25.03,49.69,36.09,27.41,663,785.5,6,4
2026-03-13 07:00:00,31.32,50.37,36.06,29.78,739,951.9,7,4
2026-03-13 07:05:00,24.04,51.04,36.11,21.44,715,636.6,7,4
2026-03-13 07:10:00,26.9,51.1,36.16,25.88,698,908.0,7,4
2026-03-13 07:15:00,29.44,50.31,36.24,34.04,745,885.9,7,4
2026-03-13 07:20:00,29.77,50.19,36.32,33.37,684,913.1,7,4
2026-03-13 07:25:00,33.76,50.67,35.97,32.95,791,973.2,7,4
2026-03-13 07:30:00,18.98,49.69,36.27,19.26,763,637.7,7,4
2026-03-13 07:35:00,31.06,49.67,36.63,34.39,825,905.2,7,4
2026-03-13 07:40:00,28.54,49.6,36.65,26.25,834,784.3,7,4
2026-03-13 07:45:00,32.87,49.34,36.49,29.54,847,814.6,7,4
2026-03-13 07:50:00,34.34,49.46,35.76,30.98,870,1057.9,7,4
2026-03-13 07:55:00,37.65,50.14,36.11,36.6,831,1043.7,7,4
2026-03-13 08:00:00,26.56,50.06,36.15,33.11,809,705.5,8,4
2026-03-13 08:05:00,34.77,49.41,36.25,41.15,899,956.4,8,4
2026-03-13 08:10:00,39.84,49.21,36.39,41.57,919,1210.4,8,4
2026-03-13 08:15:00,33.08,50.74,36.03,29.6,913,960.6,8,4
2026-03-13 08:20:00,35.85,50.83,36.62,34.31,990,915.0,8,4
2026-03-13 08:25:00,27.51,52.31,35.78,25.93,1108,1028.4,8,4
2026-03-13 08:30:00,38.1,54.15,36.94,39.87,1015,1405.4,8,4
2026-03-13 08:35:00,42.56,53.9,36.48,38.49,1006,1413.8,8,4
2026-03-13 08:40:00,36.92,53.0,36.45,36.36,926,1245.1,8,4
2026-03-13 08:45:00,32.99,54.21,36.22,43.54,1074,1562.7,8,4
2026-03-13 08:50:00,32.4,55.48,36.47,37.59,1116,1104.4,8,4
2026-03-13 08:55:00,33.9,56.39,36.29,36.37,1057,1132.7,8,4
2026-03-13 09:00:00,36.54,56.14,36.26,31.79,1044,1232.1,9,4
2026-03-13 09:05:00,34.91,90.2,36.54,35.88,1065,1047.9,9,4
2026-03-13 09:10:00,37.0,57.16,35.94,35.31,1053,1184.7,9,4
2026-03-13 09:15:00,33.4,57.6,36.2,35.2,1029,1149.1,9,4
2026-03-13 09:20:00,41.25,58.63,36.48,43.16,1127,1500.6,9,4
2026-03-13 09:25:00,29.69,58.46,36.58,46.24,1150,1254.0,9,4
2026-03-13 09:30:00,34.93,59.73,35.97,52.48,1142,1420.5,9,4
2026-03-13 09:35:00,42.7,69.27,36.27,66.54,1702,1712.9,9,4
2026-03-13 09:40:00,48.35,60.56,35.46,51.4,1247,1757.6,9,4
2026-03-13 09:45:00,36.16,62.16,35.93,35.38,1280,1259.7,9,4
2026-03-13 09:50:00,34.11,61.79,36.63,45.06,1181,1446.4,9,4
2026-03-13 09:55:00,46.6,62.59,36.88,53.71,1314,1803.4,9,4
2026-03-13 10:00:00,36.26,63.46,36.63,42.31,1289,1385.0,10,4
2026-03-13 10:05:00,38.04,64.47,36.59,41.54,1256,1484.2,10,4
2026-03-13 10:10:00,43.74,63.34,36.31,48.63,1293,1688.9,10,4
2026-03-13 10:15:00,49.6,64.36,36.17,51.3,1346,1659.8,10,4
2026-03-13 10:20:00,42.04,64.08,36.84,44.5,1400,1608.2,10,4
2026-03-13 10:25:00,38.87,63.5,36.3,43.86,1248,1318.8,10,4
2026-03-13 10:30:00,40.06,64.22,36.41,42.69,1373,1389.7,10,4
2026-03-13 10:35:00,43.07,64.74,35.99,50.47,1513,1617.2,10,4
2026-03-13 10:40:00,46.91,66.49,36.2,54.72,1419,1705.4,10,4
2026-03-13 10:45:00,51.92,67.79,36.27,53.97,1486,1984.4,10,4
2026-03-13 10:50:00,51.68,69.29,36.91,49.48,1487,2058.7,10,4
2026-03-13 10:55:00,46.05,67.63,36.53,60.88,1436,2051.1,10,4
2026-03-13 11:00:00,50.81,67.05,37.04,59.69,1458,2027.5,11,4
2026-03-13 11:05:00,45.51,66.94,36.78,54.09,1619,1939.2,11,4
2026-03-13 11:10:00,44.3,69.6,36.58,43.64,1500,1658.6,11,4
2026-03-13 11:15:00,38.14,67.94,36.51,49.32,1441,1448.7,11,4
2026-03-13 11:20:00,46.26,68.59,36.7,57.78,1562,1984.9,11,4
2026-03-13 11:25:00,43.43,68.32,36.64,47.24,1637,1813.3,11,4
2026-03-13 11:30:00,45.36,67.53,37.05,46.2,1504,1654.9,11,4
2026-03-13 11:35:00,44.81,68.87,36.48,51.9,1660,1975.1,11,4
2026-03-13 11:40:00,53.86,69.9,36.95,58.57,1674,2194.8,11,4
2026-03-13 11:45:00,58.62,68.65,37.36,64.8,1663,2304.7,11,4
2026-03-13 11:50:00,41.19,69.77,36.9,45.06,1681,1690.6,11,4
2026-03-13 11:55:00,44.6,69.52,37.04,38.84,1623,1488.8,11,4
2026-03-13 12:00:00,40.93,69.8,36.87,47.16,1691,1644.6,12,4
2026-03-13 12:05:00,48.44,70.07,36.84,50.51,1678,1929.9,12,4
2026-03-13 12:10:00,50.34,71.75,37.25,48.7,1676,1865.2,12,4
2026-03-13 12:15:00,46.55,73.2,36.75,50.81,1728,1897.8,12,4
2026-03-13 12:20:00,51.19,73.8,37.0,47.9,1738,1909.4,12,4
2026-03-13 12:25:00,61.75,73.99,36.89,63.14,1757,2427.2,12,4
2026-03-13 12:30:00,45.99,73.62,36.44,53.19,1730,1872.1,12,4
2026-03-13 12:35:00,55.11,74.13,36.86,70.01,1828,2416.3,12,4
2026-03-13 12:40:00,47.93,74.1,36.37,58.89,1739,2152.3,12,4
2026-03-13 12:45:00,56.28,73.83,36.85,51.72,1706,2015.1,12,4
2026-03-13 12:50:00,48.18,75.12,37.24,49.83,1901,1733.8,12,4
2026-03-13 12:55:00,61.64,76.49,36.93,68.88,1851,2587.7,12,4
2026-03-13 13:00:00,46.88,77.11,36.96,54.25,1857,1810.0,13,4
2026-03-13 13:05:00,50.96,77.47,37.11,59.84,1875,1976.1,13,4
2026-03-13 13:10:00,48.14,77.79,37.33,58.6,1843,1745.1,13,4
2026-03-13 13:15:00,51.24,78.73,36.54,55.16,1971,2269.0,13,4
2026-03-13 13:20:00,50.35,79.03,37.03,59.85,1871,1819.2,13,4
2026-03-13 13:25:00,48.53,80.81,36.91,50.34,1932,1946.1,13,4
2026-03-13 13:30:00,60.67,79.67,37.09,62.15,1916,2437.9,13,4
2026-03-13 13:35:00,60.97,80.16,37.15,66.58,1956,2659.8,13,4
2026-03-13 13:40:00,44.55,78.44,37.53,58.16,1840,1976.1,13,4
2026-03-13 13:45:00,48.59,78.73,36.55,48.19,1927,1906.6,13,4
2026-03-13 13:50:00,51.47,77.76,36.88,48.63,1948,1728.0,13,4
2026-03-13 13:55:00,49.56,77.45,37.46,51.95,1915,1828.7,13,4
2026-03-13 14:00:00,51.21,78.85,37.26,46.8,1916,1857.0,14,4
2026-03-13 14:05:00,60.46,78.61,37.39,66.59,2019,2574.7,14,4
2026-03-13 14:10:00,54.32,78.14,37.86,61.03,1991,2350.5,14,4
2026-03-13 14:15:00,48.06,77.27,37.14,53.38,1957,2044.6,14,4
2026-03-13 14:20:00,59.13,76.72,37.02,69.0,1872,2530.7,14,4
2026-03-13 14:25:00,54.21,77.45,37.47,64.67,1961,2306.3,14,4
2026-03-13 14:30:00,49.35,77.05,36.96,60.12,2041,2286.7,14,4
2026-03-13 14:35:00,60.88,77.95,36.9,64.02,2042,2737.2,14,4
2026-03-13 14:40:00,49.4,75.87,36.93,53.75,1972,1905.6,14,4
2026-03-13 14:45:00,50.44,76.21,37.54,48.62,1984,1882.7,14,4
2026-03-13 14:50:00,46.82,75.58,37.54,54.91,1916,1981.5,14,4
2026-03-13 14:55:00,54.11,74.84,36.99,59.43,1999,1961.7,14,4
2026-03-13 15:00:00,53.59,75.13,37.57,60.9,1924,2178.3,15,4
2026-03-13 15:05:00,44.89,74.88,37.05,54.51,1967,1819.2,15,4
2026-03-13 15:10:00,60.09,76.5,37.13,65.09,2011,2378.4,15,4
2026-03-13 15:15:00,64.46,77.5,37.57,73.46,2058,2966.2,15,4
2026-03-13 15:20:00,66.3,78.37,37.43,66.87,2044,2568.2,15,4
2026-03-13 15:25:00,54.8,77.7,37.48,44.2,1979,1938.2,15,4
2026-03-13 15:30:00,52.52,76.52,37.25,58.25,1964,2165.5,15,4
2026-03-13 15:35:00,67.28,75.91,37.8,69.17,1992,2834.9,15,4
2026-03-13 15:40:00,58.7,76.63,37.8,70.16,2021,2404.2,15,4
2026-03-13 15:45:00,55.37,76.93,37.34,62.36,2066,2235.6,15,4
2026-03-13 15:50:00,53.4,76.27,36.95,60.57,1984,2070.5,15,4
2026-03-13 15:55:00,50.24,76.82,37.39,56.84,1948,2161.1,15,4
2026-03-13 16:00:00,47.96,76.45,37.69,50.58,1975,2000.3,16,4
2026-03-13 16:05:00,58.66,76.79,37.51,68.66,2096,2580.4,16,4
2026-03-13 16:10:00,55.29,77.34,37.32,75.08,1993,2524.3,16,4
2026-03-13 16:15:00,60.97,75.31,37.78,66.47,1968,2202.2,16,4
2026-03-13 16:20:00,44.66,74.98,37.27,54.14,1970,1964.5,16,4
2026-03-13 16:25:00,56.37,76.56,37.32,60.94,2035,2428.7,16,4
2026-03-13 16:30:00,54.21,77.84,37.53,70.34,1937,2485.2,16,4
2026-03-13 16:35:00,51.87,78.16,38.28,61.89,1890,2422.7,16,4
2026-03-13 16:40:00,65.85,76.77,36.54,78.99,1956,2880.2,16,4
2026-03-13 16:45:00,53.23,78.69,37.87,57.47,1971,2187.7,16,4
2026-03-13 16:50:00,52.69,79.46,37.23,57.96,2040,2153.0,16,4
2026-03-13 16:55:00,52.85,79.64,38.1,46.24,1976,1933.1,16,4
2026-03-13 17:00:00,53.5,80.6,38.05,61.73,1962,2235.3,17,4
2026-03-13 17:05:00,50.13,79.73,37.36,62.75,2044,2177.5,17,4
2026-03-13 17:10:00,48.07,77.72,38.06,59.33,1874,2072.0,17,4
2026-03-13 17:15:00,93.08,91.22,37.59,99.0,3349,4108.1,17,4
2026-03-13 17:20:00,54.93,77.95,37.51,65.3,1891,2526.1,17,4
2026-03-13 17:25:00,54.6,77.71,37.49,52.96,1965,1945.5,17,4
2026-03-13 17:30:00,47.32,76.43,38.0,50.19,1839,1868.0,17,4
2026-03-13 17:35:00,44.51,75.54,37.86,49.03,1973,1950.7,17,4
2026-03-13 17:40:00,46.94,76.77,37.3,52.63,1827,1889.7,17,4
2026-03-13 17:45:00,52.09,76.31,37.44,60.17,1945,2030.3,17,4
2026-03-13 17:50:00,52.51,74.94,37.41,54.39,1905,2268.8,17,4
2026-03-13 17:55:00,41.84,74.27,37.86,48.49,1826,1796.1,17,4
2026-03-13 18:00:00,44.61,74.29,38.02,49.15,1801,1800.6,18,4
2026-03-13 18:05:00,53.59,72.68,37.23,58.65,1812,2384.1,18,4
2026-03-13 18:10:00,56.88,73.29,37.28,58.16,1809,2347.2,18,4
2026-03-13 18:15:00,85.46,82.9,37.97,94.99,2652,3680.1,18,4
2026-03-13 18:20:00,41.82,74.16,37.97,51.73,1817,1760.6,18,4
2026-03-13 18:25:00,51.25,75.13,37.32,55.9,1808,2053.6,18,4
2026-03-13 18:30:00,47.73,73.93,37.32,62.1,1691,2249.0,18,4
2026-03-13 18:35:00,55.82,73.71,38.0,62.99,1798,2553.8,18,4
2026-03-13 18:40:00,51.48,73.24,38.33,55.34,1779,1994.1,18,4
2026-03-13 18:45:00,47.73,72.89,37.87,55.82,1788,2036.8,18,4
2026-03-13 18:50:00,39.67,71.41,37.5,52.28,1750,1798.7,18,4
2026-03-13 18:55:00,60.6,71.95,37.97,65.98,1718,2296.7,18,4
2026-03-13 19:00:00,43.18,72.64,37.82,45.99,1762,1634.7,19,4
2026-03-13 19:05:00,43.53,72.71,38.05,46.05,1640,1676.7,19,4
2026-03-13 19:10:00,48.06,72.01,37.91,53.65,1650,2162.7,19,4
2026-03-13 19:15:00,51.48,71.46,38.29,48.51,1570,1927.0,19,4
2026-03-13 19:20:00,50.14,74.32,37.58,54.13,1677,2018.3,19,4
2026-03-13 19:25:00,45.78,73.69,38.09,50.1,1624,1485.5,19,4
2026-03-13 19:30:00,44.05,74.69,37.37,40.63,1578,1623.5,19,4
2026-03-13 19:35:00,52.36,73.21,37.47,58.79,1567,2168.7,19,4
2026-03-13 19:40:00,51.31,73.48,37.93,45.77,1560,1907.2,19,4
2026-03-13 19:45:00,41.0,73.61,37.97,51.56,1644,1441.2,19,4
2026-03-13 19:50:00,41.93,72.28,37.72,50.01,1525,1873.3,19,4
2026-03-13 19:55:00,46.25,71.42,38.58,49.53,1528,2053.5,19,4
2026-03-13 20:00:00,49.02,71.72,37.7,48.98,1632,1962.3,20,4
2026-03-13 20:05:00,41.09,72.71,38.23,56.34,1518,1853.4,20,4
2026-03-13 20:10:00,41.0,73.1,38.22,41.41,1473,1457.0,20,4
2026-03-13 20:15:00,42.19,72.69,38.21,50.28,1532,1934.6,20,4
2026-03-13 20:20:00,40.66,73.0,38.11,39.23,1479,1441.9,20,4
2026-03-13 20:25:00,45.1,72.65,37.57,49.98,1450,1692.0,20,4
2026-03-13 20:30:00,55.2,72.53,37.97,50.93,1407,1813.2,20,4
2026-03-13 20:35:00,43.71,71.73,38.32,45.91,1441,1474.2,20,4
2026-03-13 20:40:00,43.68,69.08,38.41,42.06,1432,1525.3,20,4
2026-03-13 20:45:00,38.55,69.88,38.13,37.01,1448,1350.2,20,4
2026-03-13 20:50:00,37.73,67.4,38.2,31.25,1305,1327.8,20,4
2026-03-13 20:55:00,42.82,66.02,38.65,41.93,1380,1449.7,20,4
2026-03-13 21:00:00,49.35,65.29,38.57,38.47,1312,1774.5,21,4
2026-03-13 21:05:00,43.06,65.37,38.28,41.58,1279,1402.1,21,4
2026-03-13 21:10:00,36.82,66.03,38.34,47.94,1235,1514.4,21,4
2026-03-13 21:15:00,43.2,65.82,38.9,47.59,1264,1750.2,21,4
2026-03-13 21:20:00,41.42,65.91,37.97,41.35,1201,1380.8,21,4
2026-03-13 21:25:00,45.93,64.88,38.11,42.15,1273,1453.6,21,4
2026-03-13 21:30:00,30.76,63.93,38.39,44.68,1249,1213.2,21,4
2026-03-13 21:35:00,31.55,63.01,38.4,37.3,1180,1232.9,21,4
2026-03-13 21:40:00,33.84,63.29,38.42,30.07,1276,1200.6,21,4
2026-03-13 21:45:00,32.71,62.88,38.64,38.94,1171,1293.1,21,4
2026-03-13 21:50:00,42.27,62.16,38.77,43.55,1140,1424.6,21,4
2026-03-13 21:55:00,35.67,61.41,38.71,36.78,1064,1044.9,21,4
2026-03-13 22:00:00,33.98,61.44,38.2,37.97,1171,1156.7,22,4
2026-03-13 22:05:00,34.91,62.56,38.45,39.91,1063,1348.3,22,4
2026-03-13 22:10:00,33.03,62.79,37.98,32.45,1101,1050.8,22,4
2026-03-13 22:15:00,53.02,73.12,37.95,50.7,1605,1824.9,22,4
2026-03-13 22:20:00,32.4,62.09,38.33,36.84,1056,1096.5,22,4
2026-03-13 22:25:00,40.24,70.47,38.27,45.79,1530,1466.1,22,4
2026-03-13 22:30:00,28.97,61.32,38.82,33.69,1003,1130.8,22,4
2026-03-13 22:35:00,36.84,60.05,38.42,46.75,933,1235.6,22,4
2026-03-13 22:40:00,30.36,58.43,38.39,38.18,917,930.1,22,4
2026-03-13 22:45:00,29.93,57.39,38.52,28.51,958,969.0,22,4
2026-03-13 22:50:00,31.63,58.32,38.47,25.61,912,812.6,22,4
2026-03-13 22:55:00,35.61,57.25,38.6,27.62,897,947.1,22,4
2026-03-13 23:00:00,30.8,56.44,38.77,41.16,940,983.4,23,4
2026-03-13 23:05:00,41.21,57.34,38.0,40.13,940,1285.4,23,4
2026-03-13 23:10:00,26.34,56.81,38.92,35.44,839,824.6,23,4
2026-03-13 23:15:00,33.41,57.16,38.26,33.42,874,918.8,23,4
2026-03-13 23:20:00,34.72,56.22,38.65,34.02,815,982.2,23,4
2026-03-13 23:25:00,30.18,55.82,38.23,38.18,846,1081.9,23,4
2026-03-13 23:30:00,21.83,56.96,38.12,33.8,847,822.4,23,4
2026-03-13 23:35:00,31.45,57.91,38.77,38.08,837,1076.3,23,4
2026-03-13 23:40:00,26.98,57.89,38.31,27.89,757,1082.2,23,4
2026-03-13 23:45:00,21.25,56.94,38.53,23.24,671,589.1,23,4
2026-03-13 23:50:00,31.42,55.92,38.92,38.68,696,774.6,23,4
2026-03-13 23:55:00,36.42,67.53,38.67,38.9,1196,1003.0,23,4
2026-03-14 00:00:00,24.51,54.0,35.62,28.43,477,523.7,0,5
2026-03-14 00:05:00,19.74,52.36,35.09,23.85,478,560.5,0,5
2026-03-14 00:10:00,21.49,51.65,35.05,19.74,414,444.0,0,5
2026-03-14 00:15:00,19.95,51.2,34.86,25.06,392,559.4,0,5
2026-03-14 00:20:00,28.83,51.32,34.74,22.92,527,487.4,0,5
2026-03-14 00:25:00,33.19,50.29,34.8,22.45,475,575.4,0,5
2026-03-14 00:30:00,21.22,49.67,35.02,17.43,467,570.5,0,5
2026-03-14 00:35:00,23.2,50.72,35.13,20.76,458,491.4,0,5
2026-03-14 00:40:00,22.65,49.42,35.18,14.25,399,466.4,0,5
2026-03-14 00:45:00,26.67,49.1,34.67,14.54,405,599.0,0,5
2026-03-14 00:50:00,28.41,50.1,35.13,28.25,464,681.5,0,5
2026-03-14 00:55:00,18.15,49.19,35.14,29.51,424,478.9,0,5
2026-03-14 01:00:00,25.12,50.21,35.03,27.43,519,685.6,1,5
2026-03-14 01:05:00,30.99,49.08,35.1,23.44,375,409.2,1,5
2026-03-14 01:10:00,26.04,49.13,34.84,19.94,456,585.6,1,5
2026-03-14 01:15:00,18.78,47.87,35.66,16.01,317,322.4,1,5
2026-03-14 01:20:00,26.27,46.71,35.23,18.28,384,449.4,1,5
2026-03-14 01:25:00,20.38,45.65,34.9,17.19,333,407.4,1,5
2026-03-14 01:30:00,19.13,44.85,35.11,16.89,313,351.4,1,5
2026-03-14 01:35:00,24.67,43.07,35.14,19.44,308,326.1,1,5
2026-03-14 01:40:00,25.22,42.97,35.6,19.67,346,427.9,1,5
2026-03-14 01:45:00,25.8,44.34,35.36,20.43,330,390.4,1,5
2026-03-14 01:50:00,20.53,43.72,35.44,24.0,363,349.3,1,5
2026-03-14 01:55:00,19.01,43.52,34.72,17.0,328,400.9,1,5
2026-03-14 02:00:00,24.22,44.61,34.92,25.31,359,453.8,2,5
2026-03-14 02:05:00,24.81,44.89,35.29,16.47,391,384.5,2,5
2026-03-14 02:10:00,17.91,46.3,34.84,24.25,334,463.9,2,5
2026-03-14 02:15:00,26.46,45.46,34.91,23.39,354,437.6,2,5
2026-03-14 02:20:00,13.41,44.91,35.35,26.09,272,350.8,2,5
2026-03-14 02:25:00,25.76,43.69,35.32,14.89,306,310.5,2,5
2026-03-14 02:30:00,29.6,44.57,35.07,12.7,332,320.4,2,5
2026-03-14 02:35:00,22.65,43.46,35.31,17.75,366,346.6,2,5
2026-03-14 02:40:00,24.63,43.04,35.38,27.74,343,485.4,2,5
2026-03-14 02:45:00,21.1,43.58,35.77,22.47,320,400.1,2,5
2026-03-14 02:50:00,23.83,43.33,35.27,16.94,260,254.0,2,5
2026-03-14 02:55:00,21.91,43.26,35.58,19.65,260,233.2,2,5
2026-03-14 03:00:00,19.57,43.1,35.78,24.72,245,336.6,3,5
2026-03-14 03:05:00,19.2,43.55,35.0,15.86,293,383.1,3,5
2026-03-14 03:10:00,63.93,43.06,35.48,23.42,315,256.6,3,5
2026-03-14 03:15:00,26.83,43.33,35.19,49.31,257,303.5,3,5
2026-03-14 03:20:00,22.59,43.09,34.68,21.72,186,210.5,3,5
2026-03-14 03:25:00,22.9,43.89,35.54,21.98,266,341.6,3,5
2026-03-14 03:30:00,16.77,43.96,35.3,15.79,229,263.3,3,5
2026-03-14 03:35:00,18.93,43.34,35.69,13.67,228,274.6,3,5
2026-03-14 03:40:00,17.74,43.74,35.51,12.56,138,186.9,3,5
2026-03-14 03:45:00,15.6,44.14,35.7,17.02,309,325.5,3,5
2026-03-14 03:50:00,15.73,45.35,36.17,17.77,289,282.4,3,5
2026-03-14 03:55:00,17.28,45.51,35.14,19.98,335,340.8,3,5
2026-03-14 04:00:00,19.71,44.27,35.35,21.19,286,367.4,4,5
2026-03-14 04:05:00,21.58,45.16,35.2,18.4,300,294.8,4,5
2026-03-14 04:10:00,18.56,44.12,36.1,19.75,289,287.7,4,5
2026-03-14 04:15:00,19.09,42.02,35.28,22.95,269,251.7,4,5
2026-03-14 04:20:00,16.7,42.42,34.69,21.28,293,354.3,4,5
2026-03-14 04:25:00,21.11,42.74,35.29,11.59,221,294.8,4,5
2026-03-14 04:30:00,20.78,42.35,35.72,28.25,301,387.7,4,5
2026-03-14 04:35:00,19.05,42.55,35.59,19.32,309,401.9,4,5
2026-03-14 04:40:00,19.72,42.55,36.0,12.51,358,383.7,4,5
2026-03-14 04:45:00,17.21,42.92,36.17,25.6,263,325.3,4,5
2026-03-14 04:50:00,27.75,42.63,35.58,11.98,344,371.7,4,5
2026-03-14 04:55:00,14.91,41.96,36.23,21.33,249,264.8,4,5
2026-03-14 05:00:00,24.07,41.92,35.75,22.75,297,340.7,5,5
2026-03-14 05:05:00,20.73,42.42,36.1,24.17,282,311.6,5,5
2026-03-14 05:10:00,26.75,42.56,35.64,19.22,362,432.5,5,5
2026-03-14 05:15:00,25.3,42.38,35.71,20.76,375,500.6,5,5
2026-03-14 05:20:00,13.6,41.15,35.98,17.6,283,306.5,5,5
2026-03-14 05:25:00,21.89,41.53,35.88,30.03,361,452.8,5,5
2026-03-14 05:30:00,23.53,41.97,35.85,22.93,381,523.7,5,5
2026-03-14 05:35:00,21.79,41.73,35.32,16.82,314,398.5,5,5
2026-03-14 05:40:00,22.05,43.1,35.8,13.77,295,366.3,5,5
2026-03-14 05:45:00,16.77,44.07,36.09,23.46,428,450.8,5,5
2026-03-14 05:50:00,21.4,43.42,35.54,20.71,351,365.7,5,5
2026-03-14 05:55:00,15.23,42.84,35.77,22.17,373,343.8,5,5
2026-03-14 06:00:00,20.39,42.62,35.49,14.35,471,626.5,6,5
2026-03-14 06:05:00,24.59,43.88,36.01,22.99,324,397.3,6,5
2026-03-14 06:10:00,19.92,44.97,35.7,18.24,391,399.7,6,5
2026-03-14 06:15:00,21.89,45.94,36.33,17.77,397,507.8,6,5
2026-03-14 06:20:00,17.27,47.34,35.7,16.55,412,412.3,6,5
2026-03-14 06:25:00,17.93,47.33,36.12,24.5,416,419.6,6,5
2026-03-14 06:30:00,15.79,46.17,35.32,20.41,420,515.8,6,5
2026-03-14 06:35:00,29.13,46.05,36.14,21.15,415,516.3,6,5
2026-03-14 06:40:00,22.44,46.31,36.32,12.9,424,472.9,6,5
2026-03-14 06:45:00,25.44,47.03,36.55,16.0,499,453.2,6,5
2026-03-14 06:50:00,24.99,46.16,36.03,15.55,490,598.7,6,5
2026-03-14 06:55:00,21.44,46.61,36.08,26.82,506,663.9,6,5
2026-03-14 07:00:00,21.39,46.01,36.46,19.79,468,645.0,7,5
2026-03-14 07:05:00,21.58,46.14,35.15,25.58,526,549.7,7,5
2026-03-14 07:10:00,20.3,47.07,35.91,28.14,444,558.6,7,5
2026-03-14 07:15:00,27.39,47.07,35.81,27.47,536,625.5,7,5
2026-03-14 07:20:00,25.55,46.18,36.04,22.28,601,786.9,7,5
2026-03-14 07:25:00,23.43,47.27,36.47,20.71,461,534.1,7,5
2026-03-14 07:30:00,23.95,47.17,36.55,34.1,475,715.7,7,5
2026-03-14 07:35:00,26.22,46.16,35.75,23.13,548,658.4,7,5
2026-03-14 07:40:00,20.42,47.12,36.6,18.83,502,488.1,7,5
2026-03-14 07:45:00,24.0,47.07,36.15,26.18,602,592.2,7,5
2026-03-14 07:50:00,34.14,47.14,36.11,27.15,694,1029.2,7,5
2026-03-14 07:55:00,18.93,47.74,35.7,28.07,605,675.6,7,5
2026-03-14 08:00:00,22.27,47.19,36.24,26.05,567,648.7,8,5
2026-03-14 08:05:00,18.05,47.2,36.47,16.74,596,586.2,8,5
2026-03-14 08:10:00,21.81,47.63,36.36,25.63,619,728.8,8,5
2026-03-14 08:15:00,28.17,48.05,35.85,23.48,629,741.4,8,5
2026-03-14 08:20:00,34.49,48.72,35.98,31.52,635,836.5,8,5
2026-03-14 08:25:00,23.65,48.08,36.16,29.48,659,731.8,8,5
2026-03-14 08:30:00,29.64,48.13,36.01,29.31,681,813.4,8,5
2026-03-14 08:35:00,30.54,49.84,35.89,34.43,720,906.5,8,5
2026-03-14 08:40:00,32.97,49.28,35.9,32.93,704,1021.0,8,5
2026-03-14 08:45:00,28.39,48.48,36.68,29.38,678,866.9,8,5
2026-03-14 08:50:00,22.86,49.54,36.34,28.2,682,610.2,8,5
2026-03-14 08:55:00,33.62,50.34,36.09,28.66,750,1013.3,8,5
2026-03-14 09:00:00,31.41,50.82,36.37,32.72,742,943.0,9,5
2026-03-14 09:05:00,22.87,50.47,36.36,21.24,715,651.2,9,5
2026-03-14 09:10:00,33.85,51.8,36.25,29.83,777,1004.6,9,5
2026-03-14 09:15:00,28.87,53.4,36.21,21.63,766,789.6,9,5
2026-03-14 09:20:00,37.88,53.85,36.22,32.19,799,829.5,9,5
2026-03-14 09:25:00,33.51,54.1,35.91,26.63,839,996.3,9,5
2026-03-14 09:30:00,28.83,52.95,36.29,30.88,861,973.1,9,5
2026-03-14 09:35:00,37.03,53.25,36.33,36.02,879,1014.2,9,5
2026-03-14 09:40:00,35.05,53.54,35.59,34.36,857,1057.9,9,5
2026-03-14 09:45:00,36.66,55.62,36.29,38.89,842,1122.7,9,5
2026-03-14 09:50:00,35.41,55.3,36.63,36.99,911,1066.0,9,5
2026-03-14 09:55:00,39.28,55.47,36.13,43.33,929,1304.4,9,5
2026-03-14 10:00:00,31.29,55.96,36.67,33.35,902,1115.1,10,5
2026-03-14 10:05:00,34.43,55.1,36.64,32.18,867,1149.1,10,5
2026-03-14 10:10:00,29.42,53.81,36.67,30.76,841,780.7,10,5
2026-03-14 10:15:00,30.87,54.18,36.79,29.19,893,1190.4,10,5
2026-03-14 10:20:00,33.61,54.91,36.66,27.81,998,989.0,10,5
2026-03-14 10:25:00,33.37,55.8,36.94,36.1,892,1223.8,10,5
2026-03-14 10:30:00,35.42,55.84,36.02,35.35,967,1064.7,10,5
2026-03-14 10:35:00,33.18,56.39,36.59,35.26,1046,1282.5,10,5
2026-03-14 10:40:00,38.59,57.13,37.05,34.52,1017,1322.2,10,5
2026-03-14 10:45:00,37.95,57.18,36.42,39.37,951,1183.9,10,5
2026-03-14 10:50:00,30.04,57.05,37.26,42.8,1004,1163.6,10,5
2026-03-14 10:55:00,36.35,55.55,36.59,41.65,962,1232.4,10,5
2026-03-14 11:00:00,30.45,57.03,37.38,29.35,1063,976.5,11,5
2026-03-14 11:05:00,33.25,57.31,36.88,45.33,1112,1312.0,11,5
2026-03-14 11:10:00,26.65,57.71,36.78,32.66,1037,994.6,11,5
2026-03-14 11:15:00,40.11,58.48,36.45,35.89,1141,1303.9,11,5
2026-03-14 11:20:00,38.27,59.49,36.25,45.06,1124,1460.6,11,5
2026-03-14 11:25:00,32.87,58.17,35.99,29.91,1123,1044.7,11,5
2026-03-14 11:30:00,33.76,58.52,36.72,39.49,1124,1091.8,11,5
2026-03-14 11:35:00,38.26,58.01,36.51,33.71,1063,1135.6,11,5
2026-03-14 11:40:00,40.86,58.84,37.38,36.61,1135,1375.9,11,5
2026-03-14 11:45:00,43.18,59.79,36.83,41.32,1152,1369.7,11,5
2026-03-14 11:50:00,39.52,60.49,37.04,36.27,1169,1113.0,11,5
2026-03-14 11:55:00,37.49,59.69,37.27,38.53,1184,1165.2,11,5
2026-03-14 12:00:00,37.95,60.8,36.66,43.39,1221,1460.0,12,5
2026-03-14 12:05:00,32.94,60.67,36.94,33.07,1158,1032.7,12,5
2026-03-14 12:10:00,37.65,61.16,36.9,40.01,1249,1204.9,12,5
2026-03-14 12:15:00,38.52,61.34,37.02,41.36,1183,1286.5,12,5
2026-03-14 12:20:00,58.87,78.31,36.87,66.51,2192,2374.8,12,5
2026-03-14 12:25:00,30.06,62.91,36.88,41.99,1265,1242.9,12,5
2026-03-14 12:30:00,37.53,62.79,36.66,51.75,1282,1669.5,12,5
2026-03-14 12:35:00,31.91,62.15,36.97,36.18,1272,1261.1,12,5
2026-03-14 12:40:00,44.92,63.06,36.54,47.02,1274,1557.0,12,5
2026-03-14 12:45:00,39.0,62.41,37.18,54.64,1316,1795.0,12,5
2026-03-14 12:50:00,40.24,63.06,37.47,47.95,1344,1511.3,12,5
2026-03-14 12:55:00,42.18,63.23,36.97,44.18,1399,1303.4,12,5
2026-03-14 13:00:00,52.06,65.05,36.88,50.87,1329,1726.7,13,5
2026-03-14 13:05:00,38.13,64.9,36.51,43.0,1310,1645.5,13,5
2026-03-14 13:10:00,33.52,63.53,37.36,37.69,1297,1384.8,13,5
2026-03-14 13:15:00,45.97,64.29,37.01,44.02,1318,1357.7,13,5
2026-03-14 13:20:00,31.62,65.89,37.34,31.03,1315,1143.1,13,5
2026-03-14 13:25:00,38.27,65.74,37.47,36.25,1310,1322.8,13,5
2026-03-14 13:30:00,39.1,64.63,37.15,47.1,1386,1198.5,13,5
2026-03-14 13:35:00,39.97,65.31,37.14,44.26,1280,1466.3,13,5
2026-03-14 13:40:00,40.7,65.31,36.74,52.65,1389,1666.9,13,5
2026-03-14 13:45:00,34.07,63.63,37.28,41.02,1339,1340.2,13,5
2026-03-14 13:50:00,38.58,64.04,36.47,43.17,1282,1225.0,13,5
2026-03-14 13:55:00,44.73,64.01,36.77,46.74,1350,1712.4,13,5
2026-03-14 14:00:00,49.6,65.67,37.23,53.89,1347,1716.7,14,5
2026-03-14 14:05:00,41.18,66.16,36.86,39.88,1405,1717.1,14,5
2026-03-14 14:10:00,49.77,66.53,37.08,51.66,1351,1945.7,14,5
2026-03-14 14:15:00,62.7,65.76,37.22,39.41,1353,1260.6,14,5
2026-03-14 14:20:00,35.45,66.41,37.38,39.3,1336,1361.1,14,5
2026-03-14 14:25:00,36.18,65.17,37.62,47.99,1354,1475.8,14,5
2026-03-14 14:30:00,43.52,66.83,37.28,58.31,1420,1816.9,14,5
2026-03-14 14:35:00,41.39,67.07,37.51,45.0,1378,1629.8,14,5
2026-03-14 14:40:00,44.85,67.47,37.41,47.01,1365,1778.6,14,5
2026-03-14 14:45:00,44.02,66.57,37.0,54.91,1363,1847.7,14,5
2026-03-14 14:50:00,43.54,66.05,36.88,44.59,1352,1628.3,14,5
2026-03-14 14:55:00,41.99,65.05,37.5,40.72,1342,1769.9,14,5
2026-03-14 15:00:00,42.85,64.85,37.53,53.11,1424,1819.9,15,5
2026-03-14 15:05:00,43.23,66.28,37.46,35.71,1401,1425.3,15,5
2026-03-14 15:10:00,47.11,66.57,36.99,38.47,1367,1461.3,15,5
2026-03-14 15:15:00,39.5,65.86,37.83,39.78,1370,1383.8,15,5
2026-03-14 15:20:00,48.05,66.52,37.5,46.87,1404,1540.0,15,5
2026-03-14 15:25:00,48.18,66.7,37.29,54.5,1449,1941.0,15,5
2026-03-14 15:30:00,42.77,66.0,37.35,44.13,1338,1402.3,15,5
2026-03-14 15:35:00,40.88,66.2,37.35,40.58,1399,1440.1,15,5
2026-03-14 15:40:00,37.99,66.66,37.49,43.51,1431,1382.9,15,5
2026-03-14 15:45:00,45.58,66.88,38.0,53.79,1367,1671.9,15,5
2026-03-14 15:50:00,37.23,66.9,37.41,47.65,1389,1405.5,15,5
2026-03-14 15:55:00,47.57,67.76,36.94,50.39,1351,1528.7,15,5
2026-03-14 16:00:00,49.48,69.37,37.49,46.3,1406,1650.4,16,5
2026-03-14 16:05:00,39.16,68.56,37.31,44.16,1425,1458.9,16,5
2026-03-14 16:10:00,47.02,66.71,37.23,50.74,1446,1724.3,16,5
2026-03-14 16:15:00,39.52,65.95,37.82,53.87,1378,1515.6,16,5
2026-03-14 16:20:00,38.3,66.05,37.42,44.41,1366,1464.2,16,5
2026-03-14 16:25:00,46.84,65.29,37.75,54.36,1445,1857.1,16,5
2026-03-14 16:30:00,52.12,65.17,37.14,48.36,1431,2046.9,16,5
2026-03-14 16:35:00,43.42,65.42,37.6,47.9,1320,1666.9,16,5
2026-03-14 16:40:00,36.29,65.74,37.54,32.61,1439,1218.7,16,5
2026-03-14 16:45:00,38.74,65.84,37.56,49.81,1386,1506.1,16,5
2026-03-14 16:50:00,38.98,66.24,38.33,55.99,1402,1684.0,16,5
2026-03-14 16:55:00,40.99,65.78,37.28,43.22,1370,1621.5,16,5
2026-03-14 17:00:00,43.72,65.42,37.59,45.05,1379,1493.4,17,5
2026-03-14 17:05:00,46.25,66.09,37.77,39.73,1364,1311.9,17,5
2026-03-14 17:10:00,35.42,66.03,37.93,38.09,1276,1210.4,17,5
2026-03-14 17:15:00,36.41,66.1,37.51,39.02,1309,1206.6,17,5
2026-03-14 17:20:00,42.27,67.4,37.53,51.55,1382,1629.4,17,5
2026-03-14 17:25:00,43.75,68.04,37.26,38.7,1251,1442.6,17,5
2026-03-14 17:30:00,36.6,65.52,37.79,45.28,1292,1197.4,17,5
2026-03-14 17:35:00,41.08,64.42,37.73,37.85,1365,1288.7,17,5
2026-03-14 17:40:00,30.75,63.39,38.03,29.36,1269,1161.5,17,5
2026-03-14 17:45:00,45.67,63.5,37.67,39.67,1370,1202.7,17,5
2026-03-14 17:50:00,43.77,64.23,37.93,47.77,1229,1582.4,17,5
2026-03-14 17:55:00,38.44,64.57,37.4,37.2,1284,1490.4,17,5
2026-03-14 18:00:00,36.07,64.6,37.48,38.88,1284,1295.5,18,5
2026-03-14 18:05:00,40.27,64.95,37.13,48.33,1295,1414.6,18,5
2026-03-14 18:10:00,33.47,64.47,37.53,37.57,1254,1230.9,18,5
2026-03-14 18:15:00,31.53,63.97,38.12,28.85,1231,1168.7,18,5
2026-03-14 18:20:00,40.11,63.07,37.22,39.7,1241,1501.5,18,5
2026-03-14 18:25:00,38.96,62.93,38.33,42.82,1245,1484.8,18,5
2026-03-14 18:30:00,39.49,62.85,37.79,48.75,1257,1572.9,18,5
2026-03-14 18:35:00,38.51,63.55,37.56,38.65,1280,1303.0,18,5
2026-03-14 18:40:00,40.68,63.54,37.94,40.5,1220,1251.8,18,5
2026-03-14 18:45:00,42.15,63.98,37.69,38.96,1184,1391.4,18,5
2026-03-14 18:50:00,43.07,63.65,37.98,48.52,1246,1779.9,18,5
2026-03-14 18:55:00,39.89,63.55,37.68,37.39,1173,1315.2,18,5
2026-03-14 19:00:00,45.05,64.92,37.31,46.77,1103,1518.0,19,5
2026-03-14 19:05:00,35.16,64.63,36.97,40.23,1252,1198.2,19,5
2026-03-14 19:10:00,58.53,79.99,37.93,63.57,1862,2034.0,19,5
2026-03-14 19:15:00,46.97,62.55,38.03,37.59,1213,1513.1,19,5
2026-03-14 19:20:00,29.61,61.22,38.02,40.41,1033,1116.0,19,5
2026-03-14 19:25:00,39.8,60.6,37.92,43.6,1178,1377.9,19,5
2026-03-14 19:30:00,36.71,61.05,37.69,38.31,1131,1070.3,19,5
2026-03-14 19:35:00,40.73,61.07,37.7,43.77,1151,1380.7,19,5
2026-03-14 19:40:00,41.56,61.71,38.05,52.27,1112,1584.0,19,5
2026-03-14 19:45:00,43.98,61.53,38.34,46.82,1207,1429.8,19,5
2026-03-14 19:50:00,31.85,60.42,37.7,41.34,1125,1038.8,19,5
2026-03-14 19:55:00,73.37,70.78,37.75,66.48,1746,2285.2,19,5
2026-03-14 20:00:00,30.69,61.77,38.14,34.66,1091,1002.9,20,5
2026-03-14 20:05:00,32.45,59.77,38.32,37.02,1050,928.7,20,5
2026-03-14 20:10:00,33.84,60.35,38.59,40.12,1016,1027.1,20,5
2026-03-14 20:15:00,33.51,59.68,37.45,36.86,1042,1122.9,20,5
2026-03-14 20:20:00,39.75,58.89,38.36,40.1,1061,1337.2,20,5
2026-03-14 20:25:00,38.0,58.82,37.98,37.81,973,1244.9,20,5
2026-03-14 20:30:00,29.75,58.37,37.88,31.19,949,953.4,20,5
2026-03-14 20:35:00,34.86,59.47,38.58,37.24,1021,1150.4,20,5
2026-03-14 20:40:00,25.64,58.58,38.29,33.86,927,786.1,20,5
2026-03-14 20:45:00,39.91,57.58,38.38,35.64,1011,1120.5,20,5
2026-03-14 20:50:00,34.03,56.67,38.67,39.44,916,1199.9,20,5
2026-03-14 20:55:00,36.35,56.43,38.61,34.3,869,922.3,20,5
2026-03-14 21:00:00,31.11,57.43,38.03,28.69,934,868.2,21,5
2026-03-14 21:05:00,35.43,57.89,38.33,36.65,881,1168.2,21,5
2026-03-14 21:10:00,34.75,59.58,38.29,35.44,918,1240.4,21,5
2026-03-14 21:15:00,23.69,58.82,38.34,28.41,843,850.1,21,5
2026-03-14 21:20:00,44.97,73.14,38.37,53.54,1355,1623.8,21,5
2026-03-14 21:25:00,23.12,59.9,38.33,35.83,814,821.2,21,5
2026-03-14 21:30:00,37.47,59.66,38.05,39.59,867,1153.7,21,5
2026-03-14 21:35:00,34.35,58.27,37.95,34.76,867,978.6,21,5
2026-03-14 21:40:00,30.61,57.42,37.71,33.3,843,1065.1,21,5
2026-03-14 21:45:00,33.78,57.29,38.3,39.46,859,1210.0,21,5
2026-03-14 21:50:00,33.41,57.58,37.69,33.46,817,1020.4,21,5
2026-03-14 21:55:00,37.48,56.82,38.85,33.47,770,1041.9,21,5
2026-03-14 22:00:00,32.79,57.09,38.89,31.58,754,1013.2,22,5
2026-03-14 22:05:00,24.41,56.98,37.99,26.16,715,747.5,22,5
2026-03-14 22:10:00,33.02,57.25,38.27,27.05,697,670.3,22,5
2026-03-14 22:15:00,26.53,56.49,38.6,28.14,739,723.5,22,5
2026-03-14 22:20:00,29.97,55.86,38.32,34.6,737,884.8,22,5
2026-03-14 22:25:00,30.63,55.69,37.6,16.68,710,733.5,22,5
2026-03-14 22:30:00,27.87,56.58,38.45,32.41,705,875.6,22,5
2026-03-14 22:35:00,35.02,56.18,38.25,35.34,735,1033.9,22,5
2026-03-14 22:40:00,31.78,56.04,38.9,31.82,669,850.8,22,5
2026-03-14 22:45:00,27.59,55.62,38.38,23.33,693,747.7,22,5
2026-03-14 22:50:00,31.37,55.42,38.69,29.32,718,724.1,22,5
2026-03-14 22:55:00,31.83,54.96,38.73,19.63,608,573.0,22,5
2026-03-14 23:00:00,25.56,54.2,37.97,26.42,570,585.6,23,5
2026-03-14 23:05:00,35.5,54.48,38.44,32.03,666,844.8,23,5
2026-03-14 23:10:00,26.71,54.59,38.47,21.73,613,753.2,23,5
2026-03-14 23:15:00,29.5,54.09,37.89,27.4,640,785.5,23,5
2026-03-14 23:20:00,27.21,53.11,38.67,27.6,611,813.5,23,5
2026-03-14 23:25:00,28.19,52.28,38.17,32.31,594,688.3,23,5
2026-03-14 23:30:00,24.76,51.5,38.37,31.11,598,687.8,23,5
2026-03-14 23:35:00,26.49,51.15,38.33,25.52,506,598.2,23,5
2026-03-14 23:40:00,28.1,49.71,39.08,22.3,585,611.5,23,5
2026-03-14 23:45:00,27.66,50.36,38.63,28.38,549,516.0,23,5
2026-03-14 23:50:00,21.3,49.24,38.62,30.85,506,610.7,23,5
2026-03-14 23:55:00,18.27,48.63,38.29,27.94,504,546.5,23,5
2026-03-15 00:00:00,23.32,48.23,34.75,25.58,520,646.3,0,6
2026-03-15 00:05:00,29.04,48.23,35.31,26.87,553,742.5,0,6
2026-03-15 00:10:00,28.76,48.81,34.96,30.44,506,550.7,0,6
2026-03-15 00:15:00,23.02,47.03,35.7,27.32,509,616.7,0,6
2026-03-15 00:20:00,28.44,47.01,35.6,15.32,391,473.4,0,6
2026-03-15 00:25:00,22.2,48.92,34.85,24.25,448,547.5,0,6
2026-03-15 00:30:00,19.24,48.61,35.27,28.2,449,569.6,0,6
2026-03-15 00:35:00,24.04,46.91,35.4,22.0,488,616.0,0,6
2026-03-15 00:40:00,23.18,45.78,34.86,20.72,471,497.8,0,6
2026-03-15 00:45:00,19.59,45.82,34.95,14.56,428,457.9,0,6
2026-03-15 00:50:00,23.75,45.39,34.86,24.42,424,458.4,0,6
2026-03-15 00:55:00,19.86,44.88,35.11,22.53,387,440.6,0,6
2026-03-15 01:00:00,29.99,45.16,35.16,29.36,379,518.1,1,6
2026-03-15 01:05:00,21.03,47.31,35.24,17.48,321,326.0,1,6
2026-03-15 01:10:00,45.69,46.71,59.88,24.41,431,647.0,1,6
2026-03-15 01:15:00,19.03,46.04,34.82,21.59,321,341.1,1,6
2026-03-15 01:20:00,24.14,45.55,35.08,21.6,403,390.5,1,6
2026-03-15 01:25:00,15.56,44.11,35.25,15.45,288,344.2,1,6
2026-03-15 01:30:00,21.06,45.02,35.14,11.52,334,330.8,1,6
2026-03-15 01:35:00,19.43,45.82,35.72,15.49,287,358.3,1,6
2026-03-15 01:40:00,28.95,46.33,35.33,18.57,354,341.8,1,6
2026-03-15 01:45:00,19.95,46.33,35.89,22.31,323,311.8,1,6
2026-03-15 01:50:00,24.26,45.91,35.54,18.43,331,336.0,1,6
2026-03-15 01:55:00,15.96,45.74,35.36,12.67,270,363.0,1,6
2026-03-15 02:00:00,23.19,44.53,35.12,21.25,282,385.9,2,6
2026-03-15 02:05:00,22.22,43.83,35.14,17.08,329,288.2,2,6
2026-03-15 02:10:00,26.37,44.7,35.96,21.71,323,311.1,2,6
2026-03-15 02:15:00,21.0,45.29,35.79,16.19,307,317.5,2,6
2026-03-15 02:20:00,24.08,45.3,35.25,23.86,335,432.6,2,6
2026-03-15 02:25:00,26.47,44.99,35.07,20.69,241,344.3,2,6
2026-03-15 02:30:00,18.55,45.14,35.34,9.49,257,265.2,2,6
2026-03-15 02:35:00,25.38,45.4,35.2,21.91,333,429.0,2,6
2026-03-15 02:40:00,21.41,44.51,34.82,21.36,254,275.4,2,6
2026-03-15 02:45:00,22.1,43.91,35.59,16.51,336,318.2,2,6
2026-03-15 02:50:00,24.2,44.23,35.55,26.13,304,448.6,2,6
2026-03-15 02:55:00,16.45,43.13,36.0,23.98,263,354.9,2,6
2026-03-15 03:00:00,21.1,43.91,35.67,21.41,263,346.3,3,6
2026-03-15 03:05:00,20.75,44.34,35.84,16.12,296,267.5,3,6
2026-03-15 03:10:00,18.07,43.43,35.43,15.45,227,297.5,3,6
2026-03-15 03:15:00,17.45,42.68,35.71,22.92,288,356.0,3,6
2026-03-15 03:20:00,22.92,43.22,35.25,18.74,227,299.2,3,6
2026-03-15 03:25:00,22.55,43.9,35.29,14.57,285,285.0,3,6
2026-03-15 03:30:00,16.43,43.52,35.39,20.39,273,262.0,3,6
2026-03-15 03:35:00,24.19,43.23,35.4,21.15,223,269.9,3,6
2026-03-15 03:40:00,20.34,42.07,35.86,15.21,275,381.0,3,6
2026-03-15 03:45:00,23.09,42.64,35.18,19.68,277,285.3,3,6
2026-03-15 03:50:00,21.33,43.78,35.44,16.01,285,361.5,3,6
2026-03-15 03:55:00,22.9,43.65,35.57,22.74,218,313.3,3,6
2026-03-15 04:00:00,14.44,43.98,34.79,22.43,306,307.2,4,6
2026-03-15 04:05:00,19.7,42.92,35.66,24.98,319,432.1,4,6
2026-03-15 04:10:00,17.44,43.0,35.57,25.85,332,430.1,4,6
2026-03-15 04:15:00,15.05,43.24,35.71,11.91,138,138.0,4,6
2026-03-15 04:20:00,22.77,43.63,35.72,14.71,231,329.4,4,6
2026-03-15 04:25:00,19.44,43.65,35.97,20.17,238,229.5,4,6
2026-03-15 04:30:00,20.91,43.63,35.62,23.28,298,459.9,4,6
2026-03-15 04:35:00,25.28,43.96,36.06,24.01,290,397.1,4,6
2026-03-15 04:40:00,33.39,55.66,35.31,38.61,619,581.4,4,6
2026-03-15 04:45:00,21.55,43.05,35.27,20.14,309,309.7,4,6
2026-03-15 04:50:00,22.04,42.01,36.12,21.62,339,392.4,4,6
2026-03-15 04:55:00,26.54,42.53,36.1,17.14,346,378.8,4,6
2026-03-15 05:00:00,16.54,43.62,35.7,18.48,221,285.5,5,6
2026-03-15 05:05:00,16.37,44.17,35.53,17.45,263,280.7,5,6
2026-03-15 05:10:00,17.1,43.33,35.69,15.32,263,272.2,5,6
2026-03-15 05:15:00,18.62,44.05,35.33,17.84,292,285.5,5,6
2026-03-15 05:20:00,23.97,43.09,36.01,18.29,405,566.1,5,6
2026-03-15 05:25:00,29.05,54.88,36.0,21.83,515,644.2,5,6
2026-03-15 05:30:00,22.96,42.44,35.49,17.29,382,499.1,5,6
2026-03-15 05:35:00,18.6,43.63,36.18,27.41,403,394.0,5,6
2026-03-15 05:40:00,17.5,43.77,35.51,23.99,374,324.0,5,6
2026-03-15 05:45:00,22.16,43.9,35.52,22.02,321,351.4,5,6
2026-03-15 05:50:00,18.77,43.37,35.65,22.64,361,390.9,5,6
2026-03-15 05:55:00,26.66,43.97,35.82,22.6,388,533.0,5,6
2026-03-15 06:00:00,22.84,44.16,36.07,24.6,414,432.0,6,6
2026-03-15 06:05:00,21.75,44.25,35.98,31.53,433,605.6,6,6
2026-03-15 06:10:00,21.52,43.53,35.13,18.65,361,472.5,6,6
2026-03-15 06:15:00,23.82,42.91,36.08,22.25,342,367.3,6,6
2026-03-15 06:20:00,19.05,44.23,35.63,20.78,409,428.6,6,6
2026-03-15 06:25:00,19.84,44.15,35.61,19.86,447,492.7,6,6
2026-03-15 06:30:00,25.82,45.56,35.8,22.19,484,686.1,6,6
2026-03-15 06:35:00,24.92,45.14,35.95,23.28,431,566.7,6,6
2026-03-15 06:40:00,24.87,45.0,35.16,21.55,487,616.4,6,6
2026-03-15 06:45:00,19.71,45.53,36.48,19.5,425,380.9,6,6
2026-03-15 06:50:00,50.5,53.63,35.8,34.44,768,827.9,6,6
2026-03-15 06:55:00,22.72,46.05,36.19,19.71,457,488.9,6,6
2026-03-15 07:00:00,25.28,45.68,35.88,26.5,488,534.8,7,6
2026-03-15 07:05:00,24.7,45.68,36.11,30.34,459,554.6,7,6
2026-03-15 07:10:00,34.41,45.8,35.83,32.27,498,697.8,7,6
2026-03-15 07:15:00,25.53,46.41,36.13,24.95,469,512.7,7,6
2026-03-15 07:20:00,21.27,45.66,36.16,18.61,474,555.9,7,6
2026-03-15 07:25:00,23.83,45.67,36.06,25.6,572,651.4,7,6
2026-03-15 07:30:00,32.08,45.28,36.14,25.13,511,693.3,7,6
2026-03-15 07:35:00,53.18,53.65,36.0,45.49,885,1085.7,7,6
2026-03-15 07:40:00,24.96,45.05,36.2,38.96,621,761.6,7,6
2026-03-15 07:45:00,24.53,46.43,35.66,25.51,613,638.9,7,6
2026-03-15 07:50:00,18.65,47.01,36.17,22.0,587,616.2,7,6
2026-03-15 07:55:00,23.74,47.29,36.16,30.2,672,763.6,7,6
2026-03-15 08:00:00,20.82,47.31,35.99,25.1,533,675.5,8,6
2026-03-15 08:05:00,35.73,49.93,36.05,29.93,661,700.0,8,6
2026-03-15 08:10:00,34.86,52.32,35.97,31.21,617,731.3,8,6
2026-03-15 08:15:00,23.7,51.59,36.01,31.8,617,720.3,8,6
2026-03-15 08:20:00,43.15,60.63,35.97,33.29,888,964.7,8,6
2026-03-15 08:25:00,31.22,51.08,35.94,31.28,755,808.9,8,6
2026-03-15 08:30:00,32.64,49.63,35.42,32.08,673,622.5,8,6
2026-03-15 08:35:00,31.03,49.21,36.18,30.87,638,788.6,8,6
2026-03-15 08:40:00,25.2,50.05,36.03,22.82,660,795.0,8,6
2026-03-15 08:45:00,21.97,49.53,36.69,32.5,718,626.1,8,6
2026-03-15 08:50:00,33.27,50.05,36.71,30.17,746,1013.7,8,6
2026-03-15 08:55:00,29.19,50.03,36.47,31.68,725,995.0,8,6
2026-03-15 09:00:00,22.39,49.22,36.33,27.67,746,670.2,9,6
2026-03-15 09:05:00,29.74,50.28,36.07,35.31,787,830.8,9,6
2026-03-15 09:10:00,30.77,49.97,36.11,30.68,718,698.1,9,6
2026-03-15 09:15:00,27.83,53.08,35.93,29.06,776,842.0,9,6
2026-03-15 09:20:00,35.22,53.02,36.66,37.67,808,866.9,9,6
2026-03-15 09:25:00,29.03,53.64,36.53,29.15,878,889.5,9,6
2026-03-15 09:30:00,32.8,53.03,36.49,32.63,805,1082.5,9,6
2026-03-15 09:35:00,32.71,51.95,36.39,35.06,839,1175.2,9,6
2026-03-15 09:40:00,34.77,53.98,36.14,33.19,806,1041.6,9,6
2026-03-15 09:45:00,37.57,55.03,36.08,36.1,935,1052.1,9,6
2026-03-15 09:50:00,30.58,54.97,36.44,23.67,889,951.1,9,6
2026-03-15 09:55:00,32.63,54.55,36.63,33.39,881,1128.4,9,6
2026-03-15 10:00:00,35.31,54.03,36.99,32.33,858,1134.2,10,6
2026-03-15 10:05:00,44.98,55.2,36.38,45.06,1007,1475.4,10,6
2026-03-15 10:10:00,32.76,57.1,36.28,35.43,915,1149.1,10,6
2026-03-15 10:15:00,39.17,57.21,36.45,42.05,943,1249.5,10,6
2026-03-15 10:20:00,39.66,56.95,37.24,39.6,977,1188.7,10,6
2026-03-15 10:25:00,40.13,55.85,36.56,35.43,970,1298.2,10,6
2026-03-15 10:30:00,29.81,54.91,36.67,34.75,922,957.0,10,6
2026-03-15 10:35:00,35.56,56.41,36.29,29.97,930,918.3,10,6
2026-03-15 10:40:00,36.46,56.41,36.17,35.01,1027,1196.9,10,6
2026-03-15 10:45:00,36.08,56.78,36.69,39.94,1009,997.1,10,6
2026-03-15 10:50:00,34.81,57.32,36.26,35.5,990,1060.7,10,6
2026-03-15 10:55:00,40.46,57.22,36.68,42.66,1050,1420.6,10,6
2026-03-15 11:00:00,33.56,57.46,36.17,39.33,1058,1286.3,11,6
2026-03-15 11:05:00,35.69,56.88,36.6,41.15,1085,1337.7,11,6
2026-03-15 11:10:00,35.15,59.14,37.27,33.12,1095,1179.7,11,6
2026-03-15 11:15:00,28.38,57.74,36.9,41.27,1065,1147.3,11,6
2026-03-15 11:20:00,38.89,58.39,36.68,44.91,1140,1600.2,11,6
2026-03-15 11:25:00,36.93,59.56,36.82,38.13,1115,960.1,11,6
2026-03-15 11:30:00,29.75,58.61,36.77,36.55,1166,1168.2,11,6
2026-03-15 11:35:00,39.21,59.29,36.63,48.48,1202,1595.8,11,6
2026-03-15 11:40:00,32.74,58.7,36.41,34.56,1097,1263.3,11,6
2026-03-15 11:45:00,35.54,59.96,36.74,36.86,1150,1410.9,11,6
2026-03-15 11:50:00,37.21,58.57,37.35,34.04,1132,1199.2,11,6
2026-03-15 11:55:00,39.63,59.21,36.92,30.09,1154,1109.6,11,6
2026-03-15 12:00:00,44.33,58.72,37.31,46.69,1105,1389.5,12,6
2026-03-15 12:05:00,42.01,58.76,37.02,41.98,1143,1698.1,12,6
2026-03-15 12:10:00,52.48,73.85,37.03,66.16,1716,1877.1,12,6
2026-03-15 12:15:00,29.84,59.35,36.47,38.66,1133,1024.2,12,6
2026-03-15 12:20:00,38.18,59.42,37.23,46.28,1217,1304.7,12,6
2026-03-15 12:25:00,48.27,59.29,37.35,48.15,1189,1682.1,12,6
2026-03-15 12:30:00,42.78,58.43,36.65,44.58,1153,1362.0,12,6
2026-03-15 12:35:00,50.63,71.03,36.29,55.79,1797,2091.3,12,6
2026-03-15 12:40:00,36.78,59.17,36.87,44.65,1159,1513.1,12,6
2026-03-15 12:45:00,44.83,59.99,37.16,47.96,1287,1873.3,12,6
2026-03-15 12:50:00,43.45,61.6,37.22,42.15,1277,1293.2,12,6
2026-03-15 12:55:00,45.6,61.41,36.56,47.82,1322,1710.4,12,6
2026-03-15 13:00:00,39.23,61.2,37.25,40.07,1262,1281.5,13,6
2026-03-15 13:05:00,35.17,61.07,36.91,42.04,1336,1284.0,13,6
2026-03-15 13:10:00,36.19,61.01,37.65,34.79,1205,1205.4,13,6
2026-03-15 13:15:00,36.68,60.44,37.03,35.27,1356,1244.0,13,6
2026-03-15 13:20:00,48.22,60.87,37.06,50.29,1355,1588.4,13,6
2026-03-15 13:25:00,41.07,61.19,36.74,42.72,1304,1740.0,13,6
2026-03-15 13:30:00,33.95,61.08,36.86,41.69,1286,1541.5,13,6
2026-03-15 13:35:00,36.6,62.06,37.61,42.25,1329,1366.0,13,6
2026-03-15 13:40:00,39.07,60.8,37.13,44.34,1348,1809.9,13,6
2026-03-15 13:45:00,45.29,61.57,37.17,50.65,1225,1653.1,13,6
2026-03-15 13:50:00,34.16,99.0,37.07,36.54,1378,1335.9,13,6
2026-03-15 13:55:00,44.71,61.08,37.3,43.23,1399,1578.5,13,6
2026-03-15 14:00:00,28.09,61.68,36.85,31.6,1374,1200.5,14,6
2026-03-15 14:05:00,41.25,62.04,36.84,46.7,1344,1345.3,14,6
2026-03-15 14:10:00,42.21,63.34,37.12,41.95,1360,1520.6,14,6
2026-03-15 14:15:00,36.6,63.09,37.61,34.95,1308,1302.5,14,6
2026-03-15 14:20:00,45.91,71.81,37.34,70.94,2226,1948.0,14,6
2026-03-15 14:25:00,39.47,62.92,37.28,45.13,1396,1592.2,14,6
2026-03-15 14:30:00,44.07,63.24,36.94,40.94,1339,1552.0,14,6
2026-03-15 14:35:00,43.71,64.92,37.38,48.52,1390,1450.0,14,6
2026-03-15 14:40:00,47.54,64.35,37.55,54.48,1328,1982.7,14,6
2026-03-15 14:45:00,46.76,65.73,37.71,53.94,1376,1887.7,14,6
2026-03-15 14:50:00,37.44,64.76,37.19,39.88,1413,1386.1,14,6
2026-03-15 14:55:00,45.98,64.57,37.0,43.71,1409,1615.5,14,6
2026-03-15 15:00:00,48.63,64.14,37.47,50.78,1476,1867.5,15,6
2026-03-15 15:05:00,35.65,63.9,37.76,51.48,1381,1471.9,15,6
2026-03-15 15:10:00,39.03,63.87,36.97,42.84,1386,1460.4,15,6
2026-03-15 15:15:00,84.9,76.81,37.81,86.13,2298,3456.7,15,6
2026-03-15 15:20:00,34.23,64.61,36.86,46.49,1402,1488.0,15,6
2026-03-15 15:25:00,47.22,66.1,37.62,41.58,1371,1691.6,15,6
2026-03-15 15:30:00,35.95,65.4,38.01,41.89,1421,1342.0,15,6
2026-03-15 15:35:00,48.31,66.94,37.49,56.05,1378,2002.6,15,6
2026-03-15 15:40:00,41.03,66.37,37.05,47.6,1427,1763.2,15,6
2026-03-15 15:45:00,40.42,66.81,37.49,41.21,1402,1491.2,15,6
2026-03-15 15:50:00,46.51,66.41,37.56,45.73,1360,1529.7,15,6
2026-03-15 15:55:00,39.03,67.36,37.37,42.31,1322,1405.6,15,6
2026-03-15 16:00:00,40.62,67.23,37.88,42.88,1385,1474.9,16,6
2026-03-15 16:05:00,41.71,68.16,37.52,49.59,1461,1472.2,16,6
2026-03-15 16:10:00,39.18,69.37,37.5,44.3,1420,1385.1,16,6
2026-03-15 16:15:00,31.45,69.52,37.37,42.17,1426,1330.5,16,6
2026-03-15 16:20:00,46.01,68.78,37.21,46.16,1319,1582.2,16,6
2026-03-15 16:25:00,39.39,68.67,37.2,42.26,1384,1534.7,16,6
2026-03-15 16:30:00,45.46,68.12,37.59,46.06,1408,1843.1,16,6
2026-03-15 16:35:00,47.96,68.75,37.18,46.29,1347,1569.0,16,6
2026-03-15 16:40:00,48.67,69.1,37.41,43.75,1474,1734.1,16,6
2026-03-15 16:45:00,38.38,68.53,37.45,36.71,1365,1227.5,16,6
2026-03-15 16:50:00,47.93,70.05,37.38,52.35,1417,1917.7,16,6
2026-03-15 16:55:00,44.09,70.53,37.39,48.52,1413,1690.2,16,6
2026-03-15 17:00:00,31.29,68.84,37.63,37.63,1324,1200.7,17,6
2026-03-15 17:05:00,43.41,68.05,37.84,46.75,1307,1482.8,17,6
2026-03-15 17:10:00,40.57,69.03,37.45,46.37,1405,1534.5,17,6
2026-03-15 17:15:00,39.37,68.79,37.63,42.53,1370,1584.0,17,6
2026-03-15 17:20:00,50.13,68.15,37.88,45.51,1333,1776.0,17,6
2026-03-15 17:25:00,39.26,67.63,38.14,45.76,1288,1586.2,17,6
2026-03-15 17:30:00,44.38,67.31,37.09,54.06,1291,1717.8,17,6
2026-03-15 17:35:00,50.87,66.77,37.36,41.87,1297,1671.3,17,6
2026-03-15 17:40:00,42.86,66.12,37.64,94.44,1393,1828.6,17,6
2026-03-15 17:45:00,36.03,65.25,37.69,39.11,1340,1241.4,17,6
2026-03-15 17:50:00,32.65,64.33,37.27,37.35,1298,1323.0,17,6
2026-03-15 17:55:00,39.97,63.91,38.14,43.4,1325,1380.8,17,6
2026-03-15 18:00:00,40.07,64.42,37.72,35.59,1249,1227.5,18,6
2026-03-15 18:05:00,38.69,65.32,37.73,42.11,1258,1575.3,18,6
2026-03-15 18:10:00,45.21,64.18,37.75,51.57,1261,1722.2,18,6
2026-03-15 18:15:00,33.35,64.26,37.61,32.59,1303,1141.3,18,6
2026-03-15 18:20:00,39.77,63.3,37.29,40.1,1246,1456.1,18,6
2026-03-15 18:25:00,46.36,64.42,37.88,63.94,1325,1844.8,18,6
2026-03-15 18:30:00,41.13,65.27,38.55,46.87,1226,1627.5,18,6
2026-03-15 18:35:00,46.3,64.79,37.78,47.49,1205,1627.8,18,6
2026-03-15 18:40:00,27.91,65.12,37.83,45.13,1251,1229.8,18,6
2026-03-15 18:45:00,46.96,65.26,38.0,47.91,1289,1643.6,18,6
2026-03-15 18:50:00,36.35,64.27,38.12,37.18,1163,1358.9,18,6
2026-03-15 18:55:00,41.61,62.11,38.0,47.75,1235,1527.0,18,6
2026-03-15 19:00:00,42.84,62.96,38.01,37.15,1175,1325.4,19,6
2026-03-15 19:05:00,43.2,64.89,37.77,43.52,1216,1453.3,19,6
2026-03-15 19:10:00,30.07,63.56,37.75,39.17,1179,1213.3,19,6
2026-03-15 19:15:00,43.13,62.24,37.42,47.46,1244,1558.6,19,6
2026-03-15 19:20:00,35.69,62.23,37.52,34.35,1174,1208.7,19,6
2026-03-15 19:25:00,49.29,62.45,37.72,44.92,1094,1523.2,19,6
2026-03-15 19:30:00,42.69,61.75,37.96,35.95,1193,1505.7,19,6
2026-03-15 19:35:00,43.59,61.27,37.82,40.14,1186,1495.6,19,6
2026-03-15 19:40:00,32.52,61.33,37.61,35.72,1114,1156.4,19,6
2026-03-15 19:45:00,42.24,61.99,38.01,40.39,1097,1328.3,19,6
2026-03-15 19:50:00,34.16,61.63,37.64,40.55,1090,1086.5,19,6
2026-03-15 19:55:00,34.65,62.57,37.98,44.87,1016,1303.9,19,6
2026-03-15 20:00:00,32.75,61.94,37.57,37.5,1046,1165.8,20,6
2026-03-15 20:05:00,35.58,61.65,38.6,27.8,1009,993.1,20,6
2026-03-15 20:10:00,31.19,61.5,37.64,46.76,1058,1261.2,20,6
2026-03-15 20:15:00,42.36,59.87,37.75,39.49,972,1231.2,20,6
2026-03-15 20:20:00,38.2,59.64,37.82,43.95,1107,1296.9,20,6
2026-03-15 20:25:00,40.13,59.21,37.56,45.58,1029,1377.3,20,6
2026-03-15 20:30:00,35.33,59.94,37.88,38.93,1028,1242.5,20,6
2026-03-15 20:35:00,34.17,58.27,38.25,42.72,987,1254.5,20,6
2026-03-15 20:40:00,32.74,58.09,37.7,33.19,994,1352.5,20,6
2026-03-15 20:45:00,39.3,57.12,38.49,41.22,964,1349.8,20,6
2026-03-15 20:50:00,36.64,57.98,38.27,39.82,994,1203.6,20,6
2026-03-15 20:55:00,36.41,57.75,37.5,33.21,939,932.1,20,6
2026-03-15 21:00:00,25.82,56.85,38.14,36.73,930,968.3,21,6
2026-03-15 21:05:00,27.37,55.3,37.98,36.45,923,955.9,21,6
2026-03-15 21:10:00,31.51,55.06,38.19,37.12,912,1067.2,21,6
2026-03-15 21:15:00,33.07,54.28,38.13,31.85,957,949.1,21,6
2026-03-15 21:20:00,25.99,54.89,38.22,26.3,873,881.4,21,6
2026-03-15 21:25:00,31.31,54.53,38.08,38.04,839,1257.6,21,6
2026-03-15 21:30:00,36.19,56.49,38.07,35.02,894,1040.1,21,6
2026-03-15 21:35:00,36.26,93.42,38.14,34.07,800,1042.6,21,6
2026-03-15 21:40:00,33.07,54.55,38.21,32.3,740,929.8,21,6
2026-03-15 21:45:00,25.55,54.93,37.94,26.97,802,954.5,21,6
2026-03-15 21:50:00,27.04,56.73,38.5,33.55,754,971.4,21,6
2026-03-15 21:55:00,34.18,55.6,38.77,32.21,784,852.8,21,6
2026-03-15 22:00:00,24.07,53.74,38.64,28.52,803,769.7,22,6
2026-03-15 22:05:00,36.94,54.14,38.56,34.16,843,1189.9,22,6
2026-03-15 22:10:00,26.79,53.03,38.35,28.36,769,815.9,22,6
2026-03-15 22:15:00,26.49,52.91,39.0,26.12,777,748.1,22,6
2026-03-15 22:20:00,31.3,52.32,38.45,31.81,786,802.3,22,6
2026-03-15 22:25:00,20.86,51.77,37.91,23.42,704,611.6,22,6
2026-03-15 22:30:00,37.9,51.26,38.47,29.92,697,832.1,22,6
2026-03-15 22:35:00,28.2,50.74,38.4,26.75,676,815.2,22,6
2026-03-15 22:40:00,24.64,49.95,38.53,27.23,627,593.2,22,6
2026-03-15 22:45:00,26.21,50.1,38.3,32.85,668,747.2,22,6
2026-03-15 22:50:00,25.51,49.26,38.84,27.33,682,607.8,22,6
2026-03-15 22:55:00,24.17,48.19,38.66,25.99,603,741.9,22,6
2026-03-15 23:00:00,30.39,48.61,38.02,25.43,672,670.2,23,6
2026-03-15 23:05:00,23.28,49.28,38.17,24.62,524,540.3,23,6
2026-03-15 23:10:00,44.33,61.74,38.46,44.33,1039,1238.4,23,6
2026-03-15 23:15:00,26.29,51.27,37.92,26.79,672,754.3,23,6
2026-03-15 23:20:00,31.0,51.23,38.42,26.03,548,787.8,23,6
2026-03-15 23:25:00,26.37,50.99,38.77,27.79,626,757.6,23,6
2026-03-15 23:30:00,26.66,51.29,38.52,22.55,567,562.5,23,6
2026-03-15 23:35:00,26.93,51.47,38.3,24.19,544,580.9,23,6
2026-03-15 23:40:00,27.99,50.2,37.86,21.98,604,603.2,23,6
2026-03-15 23:45:00,32.38,48.79,38.8,31.64,586,727.2,23,6
2026-03-15 23:50:00,23.77,47.29,38.82,23.64,514,632.6,23,6
2026-03-15 23:55:00,23.3,47.88,39.02,22.34,537,507.6,23,6
2026-03-16 00:00:00,29.54,50.19,35.11,34.55,713,995.6,0,0
2026-03-16 00:05:00,24.94,50.98,34.8,29.68,745,800.3,0,0
2026-03-16 00:10:00,25.08,50.71,34.52,27.37,706,638.7,0,0
2026-03-16 00:15:00,29.7,51.58,34.39,29.26,704,710.2,0,0
2026-03-16 00:20:00,33.07,51.03,35.24,26.01,680,770.1,0,0
2026-03-16 00:25:00,30.24,51.67,35.34,31.87,672,785.7,0,0
2026-03-16 00:30:00,22.3,50.65,34.83,27.27,608,769.7,0,0
2026-03-16 00:35:00,29.87,50.72,34.89,35.12,667,964.2,0,0
2026-03-16 00:40:00,26.68,50.84,34.56,29.78,576,672.4,0,0
2026-03-16 00:45:00,26.65,50.4,35.08,27.45,587,692.4,0,0
2026-03-16 00:50:00,28.52,50.61,35.47,21.01,497,620.7,0,0
2026-03-16 00:55:00,25.08,50.36,34.87,18.32,590,512.1,0,0
2026-03-16 01:00:00,28.2,50.81,35.52,25.85,499,572.0,1,0
2026-03-16 01:05:00,30.58,50.55,35.13,27.98,541,698.7,1,0
2026-03-16 01:10:00,23.35,49.81,35.07,20.36,542,616.8,1,0
2026-03-16 01:15:00,22.91,48.35,34.97,23.88,509,619.7,1,0
2026-03-16 01:20:00,34.23,49.15,35.08,33.4,597,816.5,1,0
2026-03-16 01:25:00,26.36,48.13,35.3,28.01,472,644.0,1,0
2026-03-16 01:30:00,26.47,48.51,34.94,27.4,483,659.8,1,0
2026-03-16 01:35:00,21.65,48.41,35.02,14.33,471,606.1,1,0
2026-03-16 01:40:00,27.53,47.92,35.21,24.46,607,598.3,1,0
2026-03-16 01:45:00,26.32,47.07,35.06,26.21,442,574.1,1,0
2026-03-16 01:50:00,25.14,47.26,35.47,27.4,522,665.8,1,0
2026-03-16 01:55:00,18.51,48.34,34.76,27.98,455,587.9,1,0
2026-03-16 02:00:00,17.72,46.35,35.5,22.0,378,558.3,2,0
2026-03-16 02:05:00,21.22,47.82,35.15,26.68,416,434.1,2,0
2026-03-16 02:10:00,27.53,46.85,35.65,29.16,471,600.7,2,0
2026-03-16 02:15:00,22.1,46.44,35.33,28.39,420,532.7,2,0
2026-03-16 02:20:00,24.67,47.41,35.69,31.17,440,625.9,2,0
2026-03-16 02:25:00,27.53,47.02,35.75,19.13,471,535.9,2,0
2026-03-16 02:30:00,22.97,47.58,35.26,20.78,390,383.0,2,0
2026-03-16 02:35:00,20.26,45.88,35.7,19.8,428,548.4,2,0
2026-03-16 02:40:00,23.78,45.57,34.89,21.38,354,420.4,2,0
2026-03-16 02:45:00,23.85,45.72,35.62,15.71,403,461.4,2,0
2026-03-16 02:50:00,18.99,46.45,35.15,15.26,360,332.8,2,0
2026-03-16 02:55:00,19.37,47.08,35.34,27.6,409,512.6,2,0
2026-03-16 03:00:00,19.33,47.14,35.57,29.58,443,546.5,3,0
2026-03-16 03:05:00,22.43,45.56,35.72,16.92,289,335.8,3,0
2026-03-16 03:10:00,25.02,47.18,35.66,23.86,385,524.2,3,0
2026-03-16 03:15:00,16.93,46.25,35.47,27.72,341,339.4,3,0
2026-03-16 03:20:00,17.3,46.45,35.61,23.4,318,387.1,3,0
2026-03-16 03:25:00,13.97,47.27,35.9,16.54,378,369.5,3,0
2026-03-16 03:30:00,24.92,46.21,35.83,23.5,364,364.7,3,0
2026-03-16 03:35:00,24.82,47.32,35.37,21.2,336,361.5,3,0
2026-03-16 03:40:00,22.75,47.47,35.47,12.72,412,426.6,3,0
2026-03-16 03:45:00,25.53,47.51,35.43,11.49,420,531.9,3,0
2026-03-16 03:50:00,23.38,46.83,36.04,19.36,332,308.8,3,0
2026-03-16 03:55:00,31.23,46.75,35.42,22.06,357,502.3,3,0
2026-03-16 04:00:00,27.0,47.82,35.43,25.63,408,525.0,4,0
2026-03-16 04:05:00,18.08,48.8,35.57,24.96,397,518.7,4,0
2026-03-16 04:10:00,26.77,46.59,35.99,30.97,364,463.8,4,0
2026-03-16 04:15:00,24.37,47.1,35.73,28.05,408,586.9,4,0
2026-03-16 04:20:00,23.47,47.81,35.74,27.23,457,469.8,4,0
2026-03-16 04:25:00,20.8,94.81,35.65,29.64,434,570.0,4,0
2026-03-16 04:30:00,24.7,46.97,34.95,21.05,407,455.4,4,0
2026-03-16 04:35:00,23.05,47.26,35.76,19.48,407,451.4,4,0
2026-03-16 04:40:00,23.02,46.75,35.47,23.54,505,557.3,4,0
2026-03-16 04:45:00,15.02,47.15,35.21,24.23,511,448.1,4,0
2026-03-16 04:50:00,17.55,47.93,35.55,18.94,374,477.3,4,0
2026-03-16 04:55:00,16.08,47.02,35.49,15.06,395,353.0,4,0
2026-03-16 05:00:00,24.92,45.83,35.71,19.52,405,529.9,5,0
2026-03-16 05:05:00,25.86,45.55,35.48,14.77,447,514.9,5,0
2026-03-16 05:10:00,18.27,46.4,36.38,19.7,512,469.0,5,0
2026-03-16 05:15:00,28.61,46.94,35.88,24.82,459,592.6,5,0
2026-03-16 05:20:00,26.7,47.38,36.55,20.78,477,625.0,5,0
2026-03-16 05:25:00,21.23,46.91,36.03,22.03,582,531.3,5,0
2026-03-16 05:30:00,27.19,47.3,35.29,23.34,448,603.1,5,0
2026-03-16 05:35:00,24.29,60.22,36.36,29.44,688,710.6,5,0
2026-03-16 05:40:00,21.92,46.66,36.05,21.47,547,508.6,5,0
2026-03-16 05:45:00,27.26,47.59,35.19,27.31,497,677.9,5,0
2026-03-16 05:50:00,22.18,48.23,35.88,24.86,462,482.4,5,0
2026-03-16 05:55:00,25.88,47.6,35.68,26.64,488,715.2,5,0
2026-03-16 06:00:00,17.52,48.1,35.82,24.24,512,556.5,6,0
2026-03-16 06:05:00,27.04,48.57,35.91,19.84,451,538.2,6,0
2026-03-16 06:10:00,33.54,49.33,35.81,28.96,609,685.3,6,0
2026-03-16 06:15:00,27.76,49.42,35.97,33.53,614,777.4,6,0
2026-03-16 06:20:00,32.74,48.95,36.53,34.49,674,779.9,6,0
2026-03-16 06:25:00,29.83,48.29,36.06,25.93,584,761.6,6,0
2026-03-16 06:30:00,28.39,49.18,36.05,29.59,609,668.8,6,0
2026-03-16 06:35:00,24.65,50.06,36.62,29.66,576,719.9,6,0
2026-03-16 06:40:00,26.0,50.8,36.29,28.47,651,706.2,6,0
2026-03-16 06:45:00,38.49,51.79,36.27,35.11,715,966.3,6,0
2026-03-16 06:50:00,31.48,50.03,36.07,24.67,596,607.0,6,0
2026-03-16 06:55:00,30.87,50.46,35.83,26.2,696,687.8,6,0
2026-03-16 07:00:00,29.69,49.79,36.19,31.98,693,795.0,7,0
2026-03-16 07:05:00,29.63,50.32,35.27,33.2,751,806.6,7,0
2026-03-16 07:10:00,23.12,50.57,36.5,29.28,695,747.0,7,0
2026-03-16 07:15:00,34.06,51.53,35.91,33.02,752,929.6,7,0
2026-03-16 07:20:00,35.84,52.43,36.05,37.47,786,992.3,7,0
2026-03-16 07:25:00,31.37,53.3,35.94,33.25,816,940.8,7,0
2026-03-16 07:30:00,27.35,53.15,36.42,24.17,786,839.5,7,0
2026-03-16 07:35:00,25.13,53.06,35.95,28.8,849,761.2,7,0
2026-03-16 07:40:00,29.39,52.47,36.25,29.91,849,876.1,7,0
2026-03-16 07:45:00,24.62,52.65,35.96,28.7,831,869.4,7,0
2026-03-16 07:50:00,31.28,52.87,36.4,31.52,871,862.6,7,0
2026-03-16 07:55:00,33.73,53.55,36.13,39.29,893,1217.4,7,0
2026-03-16 08:00:00,40.44,54.17,36.12,38.48,856,1041.5,8,0
2026-03-16 08:05:00,36.58,54.54,36.2,35.42,911,1279.1,8,0
2026-03-16 08:10:00,42.61,55.2,36.35,42.35,937,1460.7,8,0
2026-03-16 08:15:00,38.03,54.77,37.06,30.7,935,966.6,8,0
2026-03-16 08:20:00,28.49,53.54,35.6,35.1,958,869.0,8,0
2026-03-16 08:25:00,32.4,53.67,35.98,29.83,1015,1168.3,8,0
2026-03-16 08:30:00,36.4,53.32,35.7,34.73,975,1010.3,8,0
2026-03-16 08:35:00,33.6,55.32,36.77,36.11,1040,1277.4,8,0
2026-03-16 08:40:00,37.87,88.47,36.09,40.41,1047,1340.7,8,0
2026-03-16 08:45:00,42.73,55.36,36.01,39.56,1054,1506.0,8,0
2026-03-16 08:50:00,26.76,56.35,36.43,34.77,1072,1075.5,8,0
2026-03-16 08:55:00,41.35,57.72,36.1,37.49,1055,1412.3,8,0
2026-03-16 09:00:00,30.87,57.78,36.16,38.99,1131,1090.5,9,0
2026-03-16 09:05:00,33.04,57.99,35.89,36.34,1049,1006.2,9,0
2026-03-16 09:10:00,36.48,58.72,36.69,45.38,1087,1409.9,9,0
2026-03-16 09:15:00,37.11,58.31,35.92,39.5,1131,1243.3,9,0
2026-03-16 09:20:00,32.44,58.84,35.98,40.11,1229,1286.7,9,0
2026-03-16 09:25:00,34.44,59.12,36.16,34.57,1081,1380.9,9,0
2026-03-16 09:30:00,31.74,59.48,36.39,41.51,1137,1120.7,9,0
2026-03-16 09:35:00,38.55,60.17,36.9,36.78,1235,1273.2,9,0
2026-03-16 09:40:00,34.11,61.03,36.2,39.04,1156,964.2,9,0
2026-03-16 09:45:00,39.87,61.16,36.11,38.52,1287,1306.9,9,0
2026-03-16 09:50:00,51.67,62.72,36.79,52.09,1299,1746.6,9,0
2026-03-16 09:55:00,35.22,60.99,36.27,36.23,1162,1360.4,9,0
2026-03-16 10:00:00,37.28,61.22,36.34,44.02,1368,1548.9,10,0
2026-03-16 10:05:00,37.36,61.76,36.57,37.73,1294,1276.7,10,0
2026-03-16 10:10:00,40.63,62.0,36.34,39.02,1304,1295.7,10,0
2026-03-16 10:15:00,39.98,61.68,36.46,38.61,1331,1657.2,10,0
2026-03-16 10:20:00,36.7,63.55,36.7,39.11,1364,1339.7,10,0
2026-03-16 10:25:00,40.22,63.57,36.59,39.5,1350,1293.5,10,0
2026-03-16 10:30:00,46.6,64.45,36.08,38.44,1346,1474.0,10,0
2026-03-16 10:35:00,35.74,64.17,36.47,80.84,1340,1544.8,10,0
2026-03-16 10:40:00,47.79,64.03,36.78,46.55,1499,1818.6,10,0
2026-03-16 10:45:00,42.52,64.71,36.74,46.08,1456,1517.9,10,0
2026-03-16 10:50:00,37.55,65.77,35.93,47.17,1478,1587.6,10,0
2026-03-16 10:55:00,38.4,66.23,36.92,56.24,1490,1898.9,10,0
2026-03-16 11:00:00,41.39,67.4,36.33,53.33,1506,1675.6,11,0
2026-03-16 11:05:00,39.25,67.68,36.93,44.67,1523,1660.5,11,0
2026-03-16 11:10:00,43.43,68.53,36.39,43.43,1591,1392.8,11,0
2026-03-16 11:15:00,50.64,68.82,36.69,52.7,1535,2040.0,11,0
2026-03-16 11:20:00,39.78,67.71,36.37,46.7,1551,1612.3,11,0
2026-03-16 11:25:00,40.88,67.89,36.15,55.93,1602,1861.1,11,0
2026-03-16 11:30:00,37.71,68.29,36.43,35.59,1580,1567.4,11,0
2026-03-16 11:35:00,45.69,69.58,36.55,45.39,1636,1637.9,11,0
2026-03-16 11:40:00,38.05,68.97,36.42,51.74,1660,1602.6,11,0
2026-03-16 11:45:00,49.6,69.36,36.8,51.1,1589,1795.4,11,0
2026-03-16 11:50:00,37.26,69.23,36.23,44.71,1576,1683.7,11,0
2026-03-16 11:55:00,51.59,71.04,36.88,57.34,1713,2256.1,11,0
2026-03-16 12:00:00,54.74,70.35,36.36,50.34,1693,2228.8,12,0
2026-03-16 12:05:00,44.61,70.2,36.76,53.36,1713,1708.4,12,0
2026-03-16 12:10:00,53.68,70.77,36.49,54.94,1712,1901.9,12,0
2026-03-16 12:15:00,39.09,70.16,37.15,55.32,1709,1870.5,12,0
2026-03-16 12:20:00,53.03,69.59,36.8,60.79,1644,2210.0,12,0
2026-03-16 12:25:00,56.2,70.75,36.5,58.74,1658,2235.0,12,0
2026-03-16 12:30:00,44.7,70.88,36.86,58.29,1787,1914.7,12,0
2026-03-16 12:35:00,51.54,71.56,36.91,60.22,1796,2328.7,12,0
2026-03-16 12:40:00,45.19,72.11,36.83,45.43,1833,1742.2,12,0
2026-03-16 12:45:00,58.71,73.19,36.81,64.98,1816,2647.5,12,0
2026-03-16 12:50:00,46.96,73.02,36.64,59.25,1819,1694.1,12,0
2026-03-16 12:55:00,56.94,72.3,37.18,67.05,1785,2370.1,12,0
2026-03-16 13:00:00,64.09,72.86,37.02,66.01,1836,2580.9,13,0
2026-03-16 13:05:00,56.16,72.28,36.29,63.84,1866,2230.0,13,0
2026-03-16 13:10:00,49.86,72.0,36.54,49.46,1863,2002.3,13,0
2026-03-16 13:15:00,60.7,73.75,36.33,62.5,1880,2554.2,13,0
2026-03-16 13:20:00,47.72,75.15,36.75,58.97,1910,2119.3,13,0
2026-03-16 13:25:00,43.8,75.45,36.66,51.17,1926,1782.0,13,0
2026-03-16 13:30:00,46.65,74.31,37.07,49.38,1841,1728.8,13,0
2026-03-16 13:35:00,58.6,75.66,36.62,52.59,1998,2121.1,13,0
2026-03-16 13:40:00,58.63,76.17,36.95,58.82,1856,2335.4,13,0
2026-03-16 13:45:00,53.64,76.2,37.37,62.91,1901,2402.5,13,0
2026-03-16 13:50:00,47.66,75.9,36.74,58.75,1878,2208.1,13,0
2026-03-16 13:55:00,44.15,76.01,36.74,56.71,1843,2115.1,13,0
2026-03-16 14:00:00,52.99,75.77,36.91,55.38,1874,2049.9,14,0
2026-03-16 14:05:00,49.77,76.79,37.13,52.32,1988,2062.7,14,0
2026-03-16 14:10:00,60.71,78.4,37.18,70.76,1894,2546.7,14,0
2026-03-16 14:15:00,55.07,78.18,37.01,74.0,1981,2518.1,14,0
2026-03-16 14:20:00,86.13,78.17,37.33,47.16,1987,1780.9,14,0
2026-03-16 14:25:00,47.36,77.76,36.7,59.26,1929,1878.5,14,0
2026-03-16 14:30:00,44.67,77.41,36.78,52.71,1955,1971.1,14,0
2026-03-16 14:35:00,50.62,77.42,36.87,64.27,1946,2269.3,14,0
2026-03-16 14:40:00,57.88,77.45,37.13,64.18,1974,2523.6,14,0
2026-03-16 14:45:00,62.17,77.1,37.63,70.48,2014,2540.8,14,0
2026-03-16 14:50:00,63.44,76.81,36.69,69.16,1970,2534.0,14,0
2026-03-16 14:55:00,57.61,76.49,36.83,63.37,1959,2499.4,14,0
2026-03-16 15:00:00,53.87,77.44,37.12,60.83,2007,2398.0,15,0
2026-03-16 15:05:00,47.34,78.86,36.64,50.04,1915,2083.9,15,0
2026-03-16 15:10:00,56.42,78.35,36.71,50.95,1976,2069.3,15,0
2026-03-16 15:15:00,57.04,78.84,37.24,70.68,2091,2477.3,15,0
2026-03-16 15:20:00,60.59,78.53,37.68,68.32,1938,2643.0,15,0
2026-03-16 15:25:00,54.85,79.0,37.05,73.81,2073,2537.9,15,0
2026-03-16 15:30:00,47.08,77.4,37.29,53.08,2058,1840.5,15,0
2026-03-16 15:35:00,62.54,79.49,37.0,63.7,2058,2566.7,15,0
2026-03-16 15:40:00,64.36,80.24,37.38,66.2,2149,2774.6,15,0
2026-03-16 15:45:00,45.82,79.2,37.87,53.9,1952,2111.8,15,0
2026-03-16 15:50:00,64.39,78.69,37.16,74.79,2007,2989.7,15,0
2026-03-16 15:55:00,61.53,78.0,37.42,61.42,2061,2298.1,15,0
2026-03-16 16:00:00,49.57,77.09,36.81,57.49,2103,2210.3,16,0
2026-03-16 16:05:00,45.88,78.64,37.46,55.77,2077,2310.9,16,0
2026-03-16 16:10:00,97.35,86.85,37.49,99.0,3170,4102.4,16,0
2026-03-16 16:15:00,63.64,78.23,37.5,77.41,1977,2682.4,16,0
2026-03-16 16:20:00,56.81,77.52,37.23,53.46,2003,2185.4,16,0
2026-03-16 16:25:00,79.73,86.17,37.68,80.14,3049,3217.9,16,0
2026-03-16 16:30:00,58.54,77.62,37.16,66.87,2082,2707.4,16,0
2026-03-16 16:35:00,60.88,77.07,37.59,52.32,1953,2259.4,16,0
2026-03-16 16:40:00,60.09,77.61,37.39,73.7,1974,2731.1,16,0
2026-03-16 16:45:00,67.91,78.62,37.53,77.07,2108,3033.9,16,0
2026-03-16 16:50:00,51.38,79.1,37.45,67.68,2082,2203.0,16,0
2026-03-16 16:55:00,51.76,79.02,37.74,68.94,1936,2380.5,16,0
2026-03-16 17:00:00,53.63,78.43,37.16,60.6,1982,2363.8,17,0
2026-03-16 17:05:00,47.66,76.1,37.56,54.7,1987,1986.9,17,0
2026-03-16 17:10:00,51.25,75.7,37.0,62.73,1951,2362.6,17,0
2026-03-16 17:15:00,54.69,77.18,37.67,47.22,1865,2151.6,17,0
2026-03-16 17:20:00,56.49,77.68,37.69,56.04,2025,2226.7,17,0
2026-03-16 17:25:00,56.1,76.69,37.29,56.76,1894,2038.0,17,0
2026-03-16 17:30:00,63.64,77.02,37.35,67.02,1993,2681.8,17,0
2026-03-16 17:35:00,54.49,76.71,37.93,58.35,1918,2323.6,17,0
2026-03-16 17:40:00,60.73,75.85,37.74,67.02,1944,2542.7,17,0
2026-03-16 17:45:00,53.25,74.25,37.58,56.18,1833,2173.2,17,0
2026-03-16 17:50:00,50.38,76.33,37.63,59.6,1862,2249.9,17,0
2026-03-16 17:55:00,43.93,77.41,37.39,42.85,1770,1912.4,17,0
2026-03-16 18:00:00,49.53,78.03,37.48,49.49,1820,2058.9,18,0
2026-03-16 18:05:00,53.47,80.0,37.86,56.2,1904,2376.2,18,0
2026-03-16 18:10:00,45.13,78.77,37.59,52.52,1785,2018.1,18,0
2026-03-16 18:15:00,46.48,99.0,38.1,57.57,1854,1823.5,18,0
2026-03-16 18:20:00,46.78,77.78,37.53,42.44,1830,1679.3,18,0
2026-03-16 18:25:00,48.01,76.7,37.83,54.77,1784,2012.0,18,0
2026-03-16 18:30:00,57.19,75.51,37.75,62.92,1736,2355.5,18,0
2026-03-16 18:35:00,96.11,74.17,36.92,63.0,1776,2290.1,18,0
2026-03-16 18:40:00,53.88,74.25,37.44,54.03,1751,2032.0,18,0
2026-03-16 18:45:00,64.07,75.15,38.1,71.55,1736,2532.1,18,0
2026-03-16 18:50:00,44.84,73.67,37.34,41.85,1741,1573.7,18,0
2026-03-16 18:55:00,47.88,74.43,37.84,57.72,1776,1873.5,18,0
2026-03-16 19:00:00,52.65,73.14,38.22,64.47,1620,1924.5,19,0
2026-03-16 19:05:00,49.46,72.49,37.76,50.69,1703,1917.5,19,0
2026-03-16 19:10:00,43.01,71.16,37.57,50.25,1725,1569.5,19,0
2026-03-16 19:15:00,45.18,71.41,37.98,51.55,1645,1667.3,19,0
2026-03-16 19:20:00,61.05,72.24,37.66,64.41,1708,2216.2,19,0
2026-03-16 19:25:00,69.29,87.96,38.94,77.24,2790,2761.3,19,0
2026-03-16 19:30:00,37.19,72.24,38.13,40.43,1710,1543.5,19,0
2026-03-16 19:35:00,49.86,71.42,37.91,50.78,1663,1953.4,19,0
2026-03-16 19:40:00,51.96,70.02,37.89,50.62,1588,2242.6,19,0
2026-03-16 19:45:00,47.29,69.79,37.97,53.1,1603,1793.1,19,0
2026-03-16 19:50:00,41.4,70.77,37.86,48.65,1549,1630.7,19,0
2026-03-16 19:55:00,74.92,70.22,37.38,43.75,1543,1667.9,19,0
2026-03-16 20:00:00,45.86,70.36,38.06,53.22,1545,1827.5,20,0
2026-03-16 20:05:00,42.81,69.34,37.93,39.72,1537,1416.3,20,0
2026-03-16 20:10:00,41.99,69.15,38.5,82.6,1463,1475.1,20,0
2026-03-16 20:15:00,35.49,68.54,37.86,34.32,1504,1425.7,20,0
2026-03-16 20:20:00,35.74,69.19,38.05,42.22,1433,1380.8,20,0
2026-03-16 20:25:00,39.99,69.31,37.63,41.41,1431,1294.5,20,0
2026-03-16 20:30:00,39.32,66.46,37.8,34.18,1471,1357.3,20,0
2026-03-16 20:35:00,42.18,65.87,38.57,42.31,1356,1586.3,20,0
2026-03-16 20:40:00,41.11,64.48,38.13,48.33,1439,1447.1,20,0
2026-03-16 20:45:00,52.63,66.7,38.37,57.83,1422,1941.0,20,0
2026-03-16 20:50:00,38.42,66.33,38.7,34.95,1373,1426.9,20,0
2026-03-16 20:55:00,43.2,67.0,38.12,44.52,1284,1448.9,20,0
2026-03-16 21:00:00,40.78,67.36,38.01,42.76,1327,1501.3,21,0
2026-03-16 21:05:00,42.99,66.93,37.92,50.68,1296,1669.1,21,0
2026-03-16 21:10:00,44.72,64.86,38.24,46.64,1320,1510.7,21,0
2026-03-16 21:15:00,45.93,65.65,37.8,46.15,1352,1704.6,21,0
2026-03-16 21:20:00,41.44,64.95,38.68,44.16,1193,1457.6,21,0
2026-03-16 21:25:00,46.36,64.8,38.57,43.63,1216,1589.9,21,0
2026-03-16 21:30:00,43.15,63.97,38.14,44.38,1274,1515.3,21,0
2026-03-16 21:35:00,42.04,63.13,38.05,40.34,1239,1456.5,21,0
2026-03-16 21:40:00,37.23,63.57,37.95,44.75,1115,1309.5,21,0
2026-03-16 21:45:00,39.9,64.34,38.75,47.73,1216,1418.7,21,0
2026-03-16 21:50:00,51.45,63.79,38.25,49.4,1236,1676.6,21,0
2026-03-16 21:55:00,36.9,62.34,38.15,44.05,1165,1533.9,21,0
2026-03-16 22:00:00,40.64,61.23,37.99,37.24,1061,1297.0,22,0
2026-03-16 22:05:00,36.54,62.32,38.18,41.91,1009,1414.7,22,0
2026-03-16 22:10:00,36.46,61.08,38.12,48.14,1100,1494.8,22,0
2026-03-16 22:15:00,37.54,60.44,38.5,47.94,1100,1245.3,22,0
2026-03-16 22:20:00,35.02,59.95,38.18,42.6,1072,1188.6,22,0
2026-03-16 22:25:00,35.3,60.68,38.86,41.46,1021,1424.6,22,0
2026-03-16 22:30:00,32.33,61.11,38.41,32.4,993,1120.5,22,0
2026-03-16 22:35:00,29.49,59.31,38.32,44.41,1035,1350.6,22,0
2026-03-16 22:40:00,33.22,59.89,38.77,33.21,869,1070.1,22,0
2026-03-16 22:45:00,40.0,77.03,38.89,48.8,1436,1604.5,22,0
2026-03-16 22:50:00,34.56,59.37,38.27,33.3,1001,925.9,22,0
2026-03-16 22:55:00,35.36,58.91,38.51,38.64,958,1280.2,22,0
2026-03-16 23:00:00,25.33,56.66,38.53,32.24,863,913.0,23,0
2026-03-16 23:05:00,36.72,56.92,38.43,29.14,900,941.6,23,0
2026-03-16 23:10:00,29.08,54.73,38.87,37.58,821,995.0,23,0
2026-03-16 23:15:00,30.91,53.41,38.37,32.47,834,1011.6,23,0
2026-03-16 23:20:00,34.15,53.19,38.49,37.35,848,898.2,23,0
2026-03-16 23:25:00,33.87,52.16,38.97,35.48,824,1118.6,23,0
2026-03-16 23:30:00,36.52,51.49,38.39,41.23,872,1147.5,23,0
2026-03-16 23:35:00,33.85,52.2,38.75,29.98,836,891.6,23,0
2026-03-16 23:40:00,34.35,53.02,38.89,34.01,767,1015.4,23,0
2026-03-16 23:45:00,30.1,52.85,38.22,26.69,735,861.8,23,0
2026-03-16 23:50:00,33.92,52.93,38.18,34.47,744,1062.2,23,0
2026-03-16 23:55:00,27.36,51.42,38.96,23.15,711,681.1,23,0
2026-03-17 00:00:00,32.8,52.48,34.92,39.82,746,1089.4,0,1
2026-03-17 00:05:00,24.21,52.2,34.46,23.8,685,660.4,0,1
2026-03-17 00:10:00,27.29,51.97,34.86,30.46,642,796.9,0,1
2026-03-17 00:15:00,30.48,52.49,34.88,34.96,617,881.8,0,1
2026-03-17 00:20:00,27.04,52.02,35.19,28.85,629,723.4,0,1
2026-03-17 00:25:00,21.6,52.64,34.99,22.6,557,535.1,0,1
2026-03-17 00:30:00,23.88,52.84,35.24,19.9,598,636.9,0,1
2026-03-17 00:35:00,31.28,52.71,34.87,29.71,661,755.2,0,1
2026-03-17 00:40:00,24.64,52.44,34.59,35.68,701,999.2,0,1
2026-03-17 00:45:00,25.74,51.57,34.94,25.41,656,561.7,0,1
2026-03-17 00:50:00,24.71,51.46,35.39,22.57,609,651.5,0,1
2026-03-17 00:55:00,23.59,50.9,35.29,20.02,475,475.3,0,1
2026-03-17 01:00:00,25.41,50.94,34.79,24.45,586,732.4,1,1
2026-03-17 01:05:00,27.01,50.02,35.24,27.05,523,562.3,1,1
2026-03-17 01:10:00,25.37,49.45,35.42,26.69,584,591.8,1,1
2026-03-17 01:15:00,22.75,48.86,35.4,23.96,512,468.1,1,1
2026-03-17 01:20:00,18.06,48.26,34.98,65.59,510,521.5,1,1
2026-03-17 01:25:00,27.07,48.81,35.6,28.65,504,582.2,1,1
2026-03-17 01:30:00,31.62,48.66,35.27,25.45,563,642.3,1,1
2026-03-17 01:35:00,17.24,48.11,35.63,27.78,423,486.8,1,1
2026-03-17 01:40:00,22.04,48.28,35.51,25.63,543,509.3,1,1
2026-03-17 01:45:00,24.44,47.63,35.4,20.04,512,558.6,1,1
2026-03-17 01:50:00,26.49,48.55,35.14,17.21,466,545.6,1,1
2026-03-17 01:55:00,20.18,48.83,34.94,27.47,539,657.3,1,1
2026-03-17 02:00:00,21.53,48.03,35.54,18.94,437,446.2,2,1
2026-03-17 02:05:00,17.99,48.09,35.12,21.1,309,305.6,2,1
2026-03-17 02:10:00,27.17,47.68,35.29,15.07,385,399.8,2,1
2026-03-17 02:15:00,21.81,46.73,35.44,31.44,453,515.3,2,1
2026-03-17 02:20:00,21.78,46.07,35.86,21.11,438,428.8,2,1
2026-03-17 02:25:00,24.2,46.57,35.67,20.76,418,396.8,2,1
2026-03-17 02:30:00,26.37,46.65,35.37,25.22,489,555.6,2,1
2026-03-17 02:35:00,26.55,46.25,35.77,16.43,388,435.9,2,1
2026-03-17 02:40:00,28.58,47.42,35.46,28.29,432,539.9,2,1
2026-03-17 02:45:00,22.02,45.98,35.19,19.21,400,490.2,2,1
2026-03-17 02:50:00,21.93,45.68,35.48,23.48,471,680.5,2,1
2026-03-17 02:55:00,24.69,46.47,35.57,17.86,384,397.6,2,1
2026-03-17 03:00:00,18.43,46.38,35.14,14.7,475,484.1,3,1
2026-03-17 03:05:00,17.11,45.62,34.88,18.83,386,362.1,3,1
2026-03-17 03:10:00,25.03,47.64,35.21,15.73,387,367.2,3,1
2026-03-17 03:15:00,23.05,47.53,35.79,28.28,368,398.1,3,1
2026-03-17 03:20:00,26.83,47.21,36.21,22.86,364,390.4,3,1
2026-03-17 03:25:00,28.12,46.97,34.99,26.61,417,484.9,3,1
2026-03-17 03:30:00,21.02,45.95,35.43,22.37,304,317.3,3,1
2026-03-17 03:35:00,23.75,46.91,35.4,25.78,300,413.7,3,1
2026-03-17 03:40:00,21.26,45.03,35.53,24.92,352,397.4,3,1
2026-03-17 03:45:00,22.26,45.76,34.92,16.46,313,369.2,3,1
2026-03-17 03:50:00,25.72,45.1,35.77,28.77,398,541.5,3,1
2026-03-17 03:55:00,27.97,45.53,35.79,19.41,412,463.8,3,1
2026-03-17 04:00:00,23.26,45.51,35.68,19.04,379,407.3,4,1
2026-03-17 04:05:00,16.62,45.51,35.4,25.95,369,448.5,4,1
2026-03-17 04:10:00,29.81,45.43,35.83,22.87,460,595.5,4,1
2026-03-17 04:15:00,16.83,45.27,35.35,31.53,362,454.7,4,1
2026-03-17 04:20:00,42.96,60.47,35.63,44.14,738,845.3,4,1
2026-03-17 04:25:00,26.52,45.68,35.71,19.91,430,452.4,4,1
2026-03-17 04:30:00,26.68,45.4,35.97,21.05,435,592.3,4,1
2026-03-17 04:35:00,26.41,45.06,35.62,23.05,429,518.8,4,1
2026-03-17 04:40:00,23.11,44.89,35.03,22.67,413,501.5,4,1
2026-03-17 04:45:00,16.94,44.45,35.63,18.64,418,544.3,4,1
2026-03-17 04:50:00,16.03,43.26,35.83,26.95,378,368.2,4,1
2026-03-17 04:55:00,21.69,44.29,36.14,24.98,444,414.1,4,1
2026-03-17 05:00:00,22.84,46.37,36.1,26.39,380,405.3,5,1
2026-03-17 05:05:00,20.81,46.44,35.76,21.35,419,448.6,5,1
2026-03-17 05:10:00,26.69,46.2,36.09,19.2,472,628.9,5,1
2026-03-17 05:15:00,22.66,46.13,35.59,18.27,438,584.0,5,1
2026-03-17 05:20:00,24.68,46.47,35.44,18.1,449,493.1,5,1
2026-03-17 05:25:00,24.36,47.63,35.99,30.57,488,448.9,5,1
2026-03-17 05:30:00,28.92,47.07,35.45,23.39,522,678.5,5,1
2026-03-17 05:35:00,23.77,46.65,35.83,25.04,521,620.5,5,1
2026-03-17 05:40:00,29.94,46.91,35.67,29.25,646,820.9,5,1
2026-03-17 05:45:00,22.88,48.04,35.66,21.27,459,638.5,5,1
2026-03-17 05:50:00,29.22,49.25,35.75,20.7,487,469.9,5,1
2026-03-17 05:55:00,27.53,50.15,35.59,23.23,514,637.0,5,1
2026-03-17 06:00:00,35.84,49.3,35.52,27.86,553,741.8,6,1
2026-03-17 06:05:00,18.52,49.52,36.32,22.44,526,449.2,6,1
2026-03-17 06:10:00,28.58,49.83,35.73,23.53,462,657.9,6,1
2026-03-17 06:15:00,27.95,50.92,36.18,28.06,623,761.0,6,1
2026-03-17 06:20:00,29.36,51.2,35.96,32.14,587,725.3,6,1
2026-03-17 06:25:00,23.19,50.91,36.4,27.99,550,635.0,6,1
2026-03-17 06:30:00,25.54,50.41,36.04,29.12,552,536.8,6,1
2026-03-17 06:35:00,19.03,49.83,36.18,20.06,622,808.7,6,1
2026-03-17 06:40:00,26.26,49.51,35.52,25.15,636,622.3,6,1
2026-03-17 06:45:00,27.82,50.27,36.17,34.87,693,775.1,6,1
2026-03-17 06:50:00,37.37,49.7,36.4,40.89,696,942.3,6,1
2026-03-17 06:55:00,29.59,50.91,35.96,35.32,665,688.5,6,1
2026-03-17 07:00:00,23.92,51.54,35.98,30.46,697,729.6,7,1
2026-03-17 07:05:00,22.58,50.75,36.37,22.17,694,645.3,7,1
2026-03-17 07:10:00,26.8,49.77,35.56,31.3,739,842.9,7,1
2026-03-17 07:15:00,34.41,50.33,36.01,29.62,759,896.1,7,1
2026-03-17 07:20:00,30.94,51.45,36.12,35.58,727,977.8,7,1
2026-03-17 07:25:00,28.02,51.95,36.25,25.39,755,640.3,7,1
2026-03-17 07:30:00,29.06,52.18,35.85,27.01,753,699.2,7,1
2026-03-17 07:35:00,29.71,52.14,35.79,27.49,836,768.6,7,1
2026-03-17 07:40:00,32.57,53.37,36.09,34.09,821,924.6,7,1
2026-03-17 07:45:00,37.13,53.8,36.44,34.91,862,1128.6,7,1
2026-03-17 07:50:00,27.51,54.25,36.03,25.31,924,935.1,7,1
2026-03-17 07:55:00,34.96,55.71,36.37,35.48,886,1171.4,7,1
2026-03-17 08:00:00,29.35,56.06,36.27,27.07,895,910.0,8,1
2026-03-17 08:05:00,29.89,54.01,36.13,27.98,870,892.2,8,1
2026-03-17 08:10:00,32.78,54.23,36.56,29.52,862,1021.4,8,1
2026-03-17 08:15:00,53.67,68.69,36.71,41.68,1449,1304.2,8,1
2026-03-17 08:20:00,31.6,56.43,36.04,42.98,961,1180.0,8,1
2026-03-17 08:25:00,34.7,57.09,36.49,35.76,999,1019.8,8,1
2026-03-17 08:30:00,34.07,58.07,36.04,33.88,911,900.8,8,1
2026-03-17 08:35:00,26.5,58.39,36.02,30.42,1031,931.1,8,1
2026-03-17 08:40:00,31.8,57.19,36.81,30.01,1000,1018.2,8,1
2026-03-17 08:45:00,35.09,57.99,36.59,31.3,1004,1288.3,8,1
2026-03-17 08:50:00,45.11,59.38,36.31,42.58,1096,1599.6,8,1
2026-03-17 08:55:00,38.22,59.71,35.66,34.98,1074,1180.0,8,1
2026-03-17 09:00:00,34.81,60.06,36.12,35.32,1078,1064.9,9,1
2026-03-17 09:05:00,35.97,59.89,36.41,39.19,1176,1271.1,9,1
2026-03-17 09:10:00,31.9,60.72,36.35,39.41,1086,1226.1,9,1
2026-03-17 09:15:00,44.07,59.57,36.49,42.92,1123,1435.8,9,1
2026-03-17 09:20:00,32.26,59.32,36.59,38.63,1123,1060.8,9,1
2026-03-17 09:25:00,36.23,59.66,36.68,38.78,1131,1061.5,9,1
2026-03-17 09:30:00,61.25,71.48,36.73,73.85,1859,2156.2,9,1
2026-03-17 09:35:00,41.74,60.67,36.89,43.58,1273,1285.6,9,1
2026-03-17 09:40:00,31.84,61.65,36.58,30.16,1121,1070.1,9,1
2026-03-17 09:45:00,37.88,61.86,36.74,50.25,1312,1472.8,9,1
2026-03-17 09:50:00,41.27,62.59,36.58,43.25,1196,1470.6,9,1
2026-03-17 09:55:00,36.51,62.84,36.53,37.69,1264,1279.7,9,1
2026-03-17 10:00:00,39.23,62.82,36.91,47.39,1285,1624.2,10,1
2026-03-17 10:05:00,42.71,61.86,36.72,48.18,1235,1603.4,10,1
2026-03-17 10:10:00,39.19,61.65,36.53,48.8,1304,1772.9,10,1
2026-03-17 10:15:00,46.58,62.23,36.79,56.08,1359,1907.4,10,1
2026-03-17 10:20:00,32.56,62.44,36.6,39.67,1349,1263.7,10,1
2026-03-17 10:25:00,45.27,63.38,36.52,62.56,1453,2076.2,10,1
2026-03-17 10:30:00,41.39,63.45,36.93,36.57,1431,1362.0,10,1
2026-03-17 10:35:00,50.22,63.44,36.84,46.7,1420,1871.8,10,1
2026-03-17 10:40:00,37.79,63.99,36.43,39.84,1457,1417.4,10,1
2026-03-17 10:45:00,51.87,64.09,36.28,50.24,1475,1896.0,10,1
2026-03-17 10:50:00,48.11,65.73,36.77,55.26,1459,1699.0,10,1
2026-03-17 10:55:00,42.61,64.74,37.21,51.07,1378,1668.1,10,1
2026-03-17 11:00:00,49.92,64.73,36.6,53.71,1529,1969.3,11,1
2026-03-17 11:05:00,56.63,65.68,37.07,50.56,1455,2052.3,11,1
2026-03-17 11:10:00,43.89,66.02,36.67,43.75,1567,1461.8,11,1
2026-03-17 11:15:00,39.46,66.76,36.62,43.27,1533,1587.0,11,1
2026-03-17 11:20:00,47.18,67.54,37.11,55.59,1588,2017.2,11,1
2026-03-17 11:25:00,41.84,67.98,36.38,45.71,1634,1543.4,11,1
2026-03-17 11:30:00,40.26,66.59,36.43,53.27,1591,1685.5,11,1
2026-03-17 11:35:00,50.22,68.0,37.32,63.36,1596,2165.3,11,1
2026-03-17 11:40:00,38.98,68.79,36.82,38.35,1638,1359.8,11,1
2026-03-17 11:45:00,42.06,69.42,36.71,48.37,1641,1757.8,11,1
2026-03-17 11:50:00,47.71,70.33,36.55,58.16,1700,1922.6,11,1
2026-03-17 11:55:00,44.67,71.3,36.59,42.62,1468,1709.8,11,1
2026-03-17 12:00:00,50.36,71.95,37.15,53.48,1725,1752.5,12,1
2026-03-17 12:05:00,42.73,70.6,36.93,47.14,1716,1652.0,12,1
2026-03-17 12:10:00,45.57,70.38,36.55,60.66,1723,2122.0,12,1
2026-03-17 12:15:00,56.34,71.77,36.88,72.12,1700,2283.5,12,1
2026-03-17 12:20:00,49.2,72.49,37.16,48.28,1741,1765.1,12,1
2026-03-17 12:25:00,39.23,72.04,37.1,50.64,1855,1735.5,12,1
2026-03-17 12:30:00,46.54,72.69,36.89,56.04,1723,2193.9,12,1
2026-03-17 12:35:00,65.32,89.86,37.19,85.38,2570,2870.3,12,1
2026-03-17 12:40:00,46.5,72.71,37.0,60.21,1778,2024.6,12,1
2026-03-17 12:45:00,55.37,72.77,37.2,51.83,1798,2218.6,12,1
2026-03-17 12:50:00,45.55,72.55,36.99,50.21,1726,1819.4,12,1
2026-03-17 12:55:00,49.9,73.87,37.23,54.88,1822,1960.7,12,1
2026-03-17 13:00:00,51.63,73.62,36.68,62.78,1714,2034.8,13,1
2026-03-17 13:05:00,46.42,73.04,37.44,53.87,1848,2186.2,13,1
2026-03-17 13:10:00,53.47,73.69,36.48,59.06,1799,2149.1,13,1
2026-03-17 13:15:00,45.88,75.29,36.39,45.82,1848,1836.7,13,1
2026-03-17 13:20:00,57.32,76.57,37.59,59.83,1818,2388.2,13,1
2026-03-17 13:25:00,52.2,75.24,37.0,57.93,1828,2159.7,13,1
2026-03-17 13:30:00,58.36,76.0,36.94,74.76,1871,2622.7,13,1
2026-03-17 13:35:00,45.31,76.28,36.92,50.08,1955,1931.5,13,1
2026-03-17 13:40:00,45.72,75.7,36.72,49.51,1884,1912.1,13,1
2026-03-17 13:45:00,43.3,76.48,36.83,53.44,1959,2088.0,13,1
2026-03-17 13:50:00,51.86,76.48,37.08,62.1,1908,2355.3,13,1
2026-03-17 13:55:00,47.87,77.25,37.18,59.19,1945,2232.1,13,1
2026-03-17 14:00:00,50.45,77.42,36.93,59.31,1983,2187.3,14,1
2026-03-17 14:05:00,57.08,76.35,36.53,65.34,1918,2517.9,14,1
2026-03-17 14:10:00,56.52,76.14,37.35,62.45,1878,2041.4,14,1
2026-03-17 14:15:00,64.65,78.29,37.19,65.11,1965,2771.2,14,1
2026-03-17 14:20:00,51.55,78.68,37.37,52.49,1961,2054.1,14,1
2026-03-17 14:25:00,65.36,79.59,37.29,65.72,2014,2613.1,14,1
2026-03-17 14:30:00,59.54,79.91,37.37,70.23,2061,2905.3,14,1
2026-03-17 14:35:00,54.67,79.78,37.3,65.31,1944,2584.5,14,1
2026-03-17 14:40:00,53.83,79.3,37.1,59.81,1903,2353.7,14,1
2026-03-17 14:45:00,57.46,78.0,37.02,64.94,1990,2566.1,14,1
2026-03-17 14:50:00,54.64,78.02,37.16,64.73,2023,2083.7,14,1
2026-03-17 14:55:00,64.38,78.82,37.92,65.6,1920,2440.7,14,1
2026-03-17 15:00:00,60.16,81.03,37.71,70.27,2061,2757.3,15,1
2026-03-17 15:05:00,53.07,82.25,37.07,56.61,2012,2067.4,15,1
2026-03-17 15:10:00,55.62,82.45,37.57,69.04,2085,2553.6,15,1
2026-03-17 15:15:00,56.8,82.81,37.86,70.76,1999,2440.9,15,1
2026-03-17 15:20:00,60.64,83.69,37.8,68.98,2056,2754.3,15,1
2026-03-17 15:25:00,61.84,82.22,36.6,69.64,2065,2775.8,15,1
2026-03-17 15:30:00,62.31,82.44,37.42,65.39,1976,2503.8,15,1
2026-03-17 15:35:00,50.98,82.01,37.12,66.86,2006,2506.7,15,1
2026-03-17 15:40:00,66.32,81.18,37.51,70.96,2020,2706.8,15,1
2026-03-17 15:45:00,50.97,80.66,37.51,58.17,2025,2150.6,15,1
2026-03-17 15:50:00,61.45,79.73,37.6,71.38,2041,2941.8,15,1
2026-03-17 15:55:00,61.38,80.4,37.29,67.46,2013,2488.6,15,1
2026-03-17 16:00:00,63.94,79.44,37.29,70.71,1967,2692.7,16,1
2026-03-17 16:05:00,47.18,78.49,36.4,51.67,1999,2000.8,16,1
2026-03-17 16:10:00,60.75,78.27,37.37,61.2,2008,2469.2,16,1
2026-03-17 16:15:00,46.72,78.76,37.65,55.37,1950,1807.8,16,1
2026-03-17 16:20:00,41.88,78.88,37.8,51.73,1988,1776.6,16,1
2026-03-17 16:25:00,42.32,79.03,37.71,56.88,1973,1662.1,16,1
2026-03-17 16:30:00,58.05,79.2,37.45,66.4,2003,2632.6,16,1
2026-03-17 16:35:00,56.11,79.44,37.22,76.13,2061,2852.4,16,1
2026-03-17 16:40:00,45.22,79.98,37.6,46.54,1992,1968.8,16,1
2026-03-17 16:45:00,48.24,79.63,37.54,54.34,1939,2078.3,16,1
2026-03-17 16:50:00,58.93,79.02,37.9,70.41,1974,2398.8,16,1
2026-03-17 16:55:00,46.28,78.63,37.73,54.59,1984,1948.2,16,1
2026-03-17 17:00:00,58.13,79.76,37.44,72.32,1961,2591.1,17,1
2026-03-17 17:05:00,51.51,78.66,37.66,63.09,1983,2292.7,17,1
2026-03-17 17:10:00,64.67,78.93,38.05,71.08,1912,2628.5,17,1
2026-03-17 17:15:00,45.64,79.2,37.68,62.32,1938,2097.1,17,1
2026-03-17 17:20:00,59.45,78.7,37.34,65.69,1845,2448.3,17,1
2026-03-17 17:25:00,48.56,79.52,37.45,48.61,1889,1851.1,17,1
2026-03-17 17:30:00,50.56,78.16,37.99,58.51,1839,2282.2,17,1
2026-03-17 17:35:00,50.67,78.52,37.47,57.42,1939,2255.0,17,1
2026-03-17 17:40:00,49.19,78.56,37.16,50.63,1868,1888.1,17,1
2026-03-17 17:45:00,54.45,78.05,36.95,51.79,1928,2001.4,17,1
2026-03-17 17:50:00,63.76,78.6,37.81,68.33,1860,2628.5,17,1
2026-03-17 17:55:00,57.45,78.63,37.63,64.65,1847,2411.6,17,1
2026-03-17 18:00:00,51.51,76.68,37.57,61.4,1870,2387.7,18,1
2026-03-17 18:05:00,58.19,77.78,37.77,65.49,1846,2352.4,18,1
2026-03-17 18:10:00,57.28,77.34,37.99,55.98,1858,2152.2,18,1
2026-03-17 18:15:00,60.97,78.2,37.62,70.66,1871,2709.2,18,1
2026-03-17 18:20:00,52.09,79.58,37.96,68.21,1857,2555.6,18,1
2026-03-17 18:25:00,45.2,77.36,38.07,54.1,1847,1875.0,18,1
2026-03-17 18:30:00,61.07,78.37,37.54,61.59,1900,2263.4,18,1
2026-03-17 18:35:00,46.23,78.05,38.27,56.63,1844,1751.1,18,1
2026-03-17 18:40:00,49.88,76.54,37.49,58.47,1806,1893.9,18,1
2026-03-17 18:45:00,52.38,76.18,38.2,55.62,1746,2151.3,18,1
2026-03-17 18:50:00,45.08,76.16,37.62,56.88,1733,1907.2,18,1
2026-03-17 18:55:00,49.77,75.05,37.87,57.02,1740,2086.6,18,1
2026-03-17 19:00:00,53.03,75.32,37.84,48.31,1711,1977.1,19,1
2026-03-17 19:05:00,43.8,72.52,37.84,43.25,1729,1650.5,19,1
2026-03-17 19:10:00,49.72,73.04,38.38,57.77,1689,2057.8,19,1
2026-03-17 19:15:00,83.94,88.88,37.58,90.54,2635,3065.7,19,1
2026-03-17 19:20:00,53.91,73.62,37.42,59.02,1663,2209.9,19,1
2026-03-17 19:25:00,43.22,72.6,38.27,51.99,1648,1642.5,19,1
2026-03-17 19:30:00,45.41,71.9,37.78,46.59,1568,1918.8,19,1
2026-03-17 19:35:00,40.61,72.05,38.08,48.98,1618,1769.1,19,1
2026-03-17 19:40:00,46.56,71.66,37.67,52.12,1611,2048.8,19,1
2026-03-17 19:45:00,38.03,70.43,38.62,38.77,1604,1387.0,19,1
2026-03-17 19:50:00,50.86,69.51,37.89,51.83,1560,1992.7,19,1
2026-03-17 19:55:00,42.48,68.51,38.38,39.91,1538,1683.6,19,1
2026-03-17 20:00:00,47.31,69.61,38.56,39.61,1556,1442.0,20,1
2026-03-17 20:05:00,49.07,69.85,37.81,55.55,1529,2015.1,20,1
2026-03-17 20:10:00,46.74,69.71,38.55,51.84,1588,1758.6,20,1
2026-03-17 20:15:00,38.5,70.26,38.19,45.47,1498,1596.5,20,1
2026-03-17 20:20:00,48.1,70.09,38.26,59.78,1475,1905.9,20,1
2026-03-17 20:25:00,43.63,69.25,37.46,51.35,1407,1543.4,20,1
2026-03-17 20:30:00,42.8,68.55,37.81,46.77,1446,1552.4,20,1
2026-03-17 20:35:00,41.25,68.05,38.42,49.07,1331,1289.6,20,1
2026-03-17 20:40:00,38.86,68.07,38.26,38.55,1391,1332.1,20,1
2026-03-17 20:45:00,40.76,67.7,38.23,54.36,1419,1851.2,20,1
2026-03-17 20:50:00,36.61,68.37,37.93,43.28,1373,1679.5,20,1
2026-03-17 20:55:00,36.34,66.76,38.2,34.66,1384,1229.9,20,1
2026-03-17 21:00:00,41.09,66.6,38.53,45.4,1324,1374.0,21,1
2026-03-17 21:05:00,48.87,67.5,37.79,57.25,1369,1862.7,21,1
2026-03-17 21:10:00,46.76,68.63,38.67,54.2,1302,1681.0,21,1
2026-03-17 21:15:00,38.04,69.14,38.41,40.03,1294,1254.4,21,1
2026-03-17 21:20:00,38.56,68.37,38.51,37.83,1297,1165.6,21,1
2026-03-17 21:25:00,66.81,67.27,60.14,38.19,1239,1352.6,21,1
2026-03-17 21:30:00,36.45,66.36,38.02,41.17,1221,1299.7,21,1
2026-03-17 21:35:00,48.18,66.01,38.83,52.57,1208,1629.5,21,1
2026-03-17 21:40:00,40.07,65.81,38.85,36.93,1224,1094.3,21,1
2026-03-17 21:45:00,40.72,64.83,38.69,40.95,1193,1498.6,21,1
2026-03-17 21:50:00,35.43,63.13,38.64,43.03,1144,1260.5,21,1
2026-03-17 21:55:00,38.29,61.62,38.54,40.22,1136,1130.6,21,1
2026-03-17 22:00:00,39.73,61.9,38.42,30.98,1173,1137.2,22,1
2026-03-17 22:05:00,40.47,62.19,38.27,44.02,1156,1407.4,22,1
2026-03-17 22:10:00,37.49,62.02,38.61,43.05,1116,1309.6,22,1
2026-03-17 22:15:00,39.53,61.59,38.95,50.46,1104,1645.3,22,1
2026-03-17 22:20:00,36.07,61.37,38.99,39.47,1067,1262.4,22,1
2026-03-17 22:25:00,34.44,60.69,38.89,30.86,1010,995.8,22,1
2026-03-17 22:30:00,34.22,61.13,38.82,39.9,1098,1260.4,22,1
2026-03-17 22:35:00,33.27,60.02,38.74,33.57,1001,1091.7,22,1
2026-03-17 22:40:00,45.76,60.62,38.07,42.57,1033,1361.5,22,1
2026-03-17 22:45:00,29.7,60.45,38.35,31.9,889,1001.5,22,1
2026-03-17 22:50:00,32.19,60.05,37.93,34.78,912,1111.6,22,1
2026-03-17 22:55:00,34.72,60.54,38.43,33.27,899,865.1,22,1
2026-03-17 23:00:00,31.0,59.72,38.63,28.45,872,916.4,23,1
2026-03-17 23:05:00,36.09,58.93,38.52,25.79,832,1027.1,23,1
2026-03-17 23:10:00,28.14,57.96,38.54,30.3,831,791.5,23,1
2026-03-17 23:15:00,37.22,56.68,38.99,31.94,807,973.6,23,1
2026-03-17 23:20:00,27.22,56.61,38.67,28.02,736,733.0,23,1
2026-03-17 23:25:00,29.04,56.51,38.49,28.4,859,939.9,23,1
2026-03-17 23:30:00,26.51,56.5,38.36,35.86,730,833.2,23,1
2026-03-17 23:35:00,23.58,55.59,38.12,30.15,862,862.7,23,1
2026-03-17 23:40:00,37.51,55.32,38.12,28.53,806,1054.9,23,1
2026-03-17 23:45:00,32.51,56.1,39.07,35.97,790,979.9,23,1
2026-03-17 23:50:00,38.04,71.31,38.7,51.7,1048,1490.1,23,1
2026-03-17 23:55:00,33.9,56.87,38.84,34.11,747,1133.9,23,1
2026-03-18 00:00:00,29.89,56.36,35.43,29.34,704,733.2,0,2
2026-03-18 00:05:00,34.64,55.14,34.87,25.85,678,680.4,0,2
2026-03-18 00:10:00,20.99,55.47,35.25,14.38,718,716.2,0,2
2026-03-18 00:15:00,27.3,55.51,34.69,25.4,693,888.0,0,2
2026-03-18 00:20:00,22.99,55.38,35.08,29.16,698,718.8,0,2
2026-03-18 00:25:00,22.1,53.2,35.35,19.07,606,514.2,0,2
2026-03-18 00:30:00,29.69,51.48,35.13,33.23,713,978.9,0,2
2026-03-18 00:35:00,28.06,50.45,34.68,25.79,681,803.7,0,2
2026-03-18 00:40:00,29.46,50.73,34.77,28.12,614,857.3,0,2
2026-03-18 00:45:00,17.88,50.31,34.93,26.09,522,556.6,0,2
2026-03-18 00:50:00,32.24,50.28,35.54,25.58,670,812.0,0,2
2026-03-18 00:55:00,29.47,50.75,35.24,28.98,591,729.5,0,2
2026-03-18 01:00:00,23.36,49.59,35.51,17.57,561,537.9,1,2
2026-03-18 01:05:00,27.8,48.45,35.45,24.48,451,540.0,1,2
2026-03-18 01:10:00,26.6,49.52,35.26,21.69,511,518.7,1,2
2026-03-18 01:15:00,25.51,50.11,35.48,27.8,496,711.6,1,2
2026-03-18 01:20:00,26.48,48.39,34.97,19.39,530,556.2,1,2
2026-03-18 01:25:00,33.89,48.21,34.75,13.12,390,491.9,1,2
2026-03-18 01:30:00,21.58,49.23,35.39,19.32,494,476.4,1,2
2026-03-18 01:35:00,18.12,50.1,35.0,21.92,488,453.6,1,2
2026-03-18 01:40:00,27.24,49.67,35.14,20.95,455,571.3,1,2
2026-03-18 01:45:00,31.83,49.63,35.18,28.53,528,789.3,1,2
2026-03-18 01:50:00,31.58,49.24,34.72,18.43,526,622.4,1,2
2026-03-18 01:55:00,21.96,48.26,35.53,27.42,503,628.6,1,2
2026-03-18 02:00:00,24.83,49.61,35.86,21.94,438,456.1,2,2
2026-03-18 02:05:00,21.55,49.28,35.88,23.94,476,492.1,2,2
2026-03-18 02:10:00,20.62,49.47,35.02,31.97,549,724.4,2,2
2026-03-18 02:15:00,29.77,50.31,35.05,24.73,371,537.4,2,2
2026-03-18 02:20:00,21.97,49.61,35.41,21.5,496,468.8,2,2
2026-03-18 02:25:00,17.95,47.74,35.67,23.12,380,521.3,2,2
2026-03-18 02:30:00,20.49,46.54,35.42,24.26,366,472.6,2,2
2026-03-18 02:35:00,20.37,46.49,34.98,19.63,372,474.8,2,2
2026-03-18 02:40:00,28.26,48.33,35.63,26.87,481,545.8,2,2
2026-03-18 02:45:00,26.57,47.4,35.55,20.07,414,446.2,2,2
2026-03-18 02:50:00,22.63,47.31,34.71,23.86,423,486.9,2,2
2026-03-18 02:55:00,28.04,48.12,35.99,25.56,413,477.6,2,2
2026-03-18 03:00:00,28.44,48.03,35.53,28.07,376,563.8,3,2
2026-03-18 03:05:00,19.71,46.52,35.1,17.05,410,365.8,3,2
2026-03-18 03:10:00,21.8,46.4,35.76,20.25,355,406.0,3,2
2026-03-18 03:15:00,20.42,46.61,35.54,20.97,388,410.9,3,2
2026-03-18 03:20:00,25.42,47.24,35.62,20.39,342,419.0,3,2
2026-03-18 03:25:00,26.0,46.9,35.47,16.17,361,347.3,3,2
2026-03-18 03:30:00,22.66,45.75,35.21,20.36,388,504.5,3,2
2026-03-18 03:35:00,25.58,45.0,35.7,22.34,426,520.3,3,2
2026-03-18 03:40:00,19.76,45.4,35.92,20.25,389,477.7,3,2
2026-03-18 03:45:00,51.29,55.25,35.37,43.55,593,801.3,3,2
2026-03-18 03:50:00,20.16,45.73,35.33,16.48,414,477.4,3,2
2026-03-18 03:55:00,29.18,45.11,35.29,20.38,418,550.8,3,2
2026-03-18 04:00:00,17.92,44.69,34.98,23.63,401,461.4,4,2
2026-03-18 04:05:00,19.91,44.73,35.68,25.05,401,520.1,4,2
2026-03-18 04:10:00,26.19,45.51,35.83,24.85,403,509.9,4,2
2026-03-18 04:15:00,21.71,44.3,35.58,25.32,449,568.8,4,2
2026-03-18 04:20:00,25.58,44.7,35.73,26.65,309,441.3,4,2
2026-03-18 04:25:00,17.29,44.4,35.92,14.67,376,382.0,4,2
2026-03-18 04:30:00,23.91,45.25,35.82,13.7,402,454.4,4,2
2026-03-18 04:35:00,23.98,45.28,35.04,30.32,379,481.6,4,2
2026-03-18 04:40:00,20.66,44.63,35.75,16.53,422,445.2,4,2
2026-03-18 04:45:00,31.45,44.19,35.91,18.97,431,590.0,4,2
2026-03-18 04:50:00,25.84,45.21,35.68,21.8,447,438.7,4,2
2026-03-18 04:55:00,19.52,44.38,35.82,25.67,469,715.5,4,2
2026-03-18 05:00:00,25.0,43.51,35.65,23.43,451,590.4,5,2
2026-03-18 05:05:00,24.73,44.73,35.6,25.13,429,517.2,5,2
2026-03-18 05:10:00,17.11,43.94,36.08,20.52,453,489.9,5,2
2026-03-18 05:15:00,23.37,44.5,35.79,21.91,433,497.8,5,2
2026-03-18 05:20:00,22.63,44.66,36.25,19.04,513,515.6,5,2
2026-03-18 05:25:00,25.11,44.79,35.78,19.16,430,499.6,5,2
2026-03-18 05:30:00,25.83,44.87,35.75,24.05,501,547.0,5,2
2026-03-18 05:35:00,27.13,45.02,35.55,27.86,441,472.1,5,2
2026-03-18 05:40:00,19.88,45.78,36.25,29.11,493,439.5,5,2
2026-03-18 05:45:00,25.28,46.11,35.77,22.3,537,603.2,5,2
2026-03-18 05:50:00,21.11,45.43,35.59,19.29,491,481.5,5,2
2026-03-18 05:55:00,26.43,45.83,35.51,13.63,510,473.4,5,2
2026-03-18 06:00:00,27.55,45.16,36.29,25.09,499,490.8,6,2
2026-03-18 06:05:00,22.87,45.75,36.2,20.3,527,526.6,6,2
2026-03-18 06:10:00,24.04,45.14,36.04,22.56,548,542.0,6,2
2026-03-18 06:15:00,27.29,46.68,36.56,33.19,654,678.2,6,2
2026-03-18 06:20:00,24.41,46.96,35.25,31.28,546,598.3,6,2
2026-03-18 06:25:00,30.62,47.35,36.02,29.02,615,771.6,6,2
2026-03-18 06:30:00,26.5,48.54,36.12,22.7,580,641.9,6,2
2026-03-18 06:35:00,32.05,50.14,35.63,25.9,674,829.2,6,2
2026-03-18 06:40:00,26.82,51.49,36.14,22.88,539,506.5,6,2
2026-03-18 06:45:00,36.93,51.1,35.78,28.79,690,949.0,6,2
2026-03-18 06:50:00,30.74,51.28,36.29,30.17,744,611.8,6,2
2026-03-18 06:55:00,27.2,51.8,35.95,34.22,706,730.4,6,2
2026-03-18 07:00:00,22.81,51.57,36.61,32.7,693,661.5,7,2
2026-03-18 07:05:00,29.46,52.13,36.24,28.82,717,845.6,7,2
2026-03-18 07:10:00,22.36,53.15,36.02,30.4,684,660.0,7,2
2026-03-18 07:15:00,32.65,53.82,36.15,30.68,771,976.0,7,2
2026-03-18 07:20:00,35.85,56.09,36.28,42.2,782,1080.0,7,2
2026-03-18 07:25:00,32.86,55.91,35.54,27.12,857,824.6,7,2
2026-03-18 07:30:00,30.6,55.7,36.05,33.52,781,936.4,7,2
2026-03-18 07:35:00,29.39,54.39,36.02,32.09,762,1094.6,7,2
2026-03-18 07:40:00,37.01,54.29,36.45,27.83,807,1081.3,7,2
2026-03-18 07:45:00,38.22,54.36,36.41,33.08,806,1027.8,7,2
2026-03-18 07:50:00,38.8,55.33,36.29,34.25,845,1149.9,7,2
2026-03-18 07:55:00,33.99,56.7,36.05,35.6,871,885.9,7,2
2026-03-18 08:00:00,26.63,55.68,36.49,34.04,833,791.8,8,2
2026-03-18 08:05:00,32.48,56.12,36.47,42.56,975,1135.6,8,2
2026-03-18 08:10:00,34.62,55.54,36.04,39.9,934,1220.1,8,2
2026-03-18 08:15:00,43.83,70.26,36.54,49.4,1247,1572.7,8,2
2026-03-18 08:20:00,27.22,55.17,36.06,28.8,925,804.9,8,2
2026-03-18 08:25:00,38.64,54.29,36.13,46.48,898,1092.3,8,2
2026-03-18 08:30:00,35.78,54.32,36.35,40.77,952,1276.1,8,2
2026-03-18 08:35:00,36.11,54.77,36.02,33.55,1042,1361.3,8,2
2026-03-18 08:40:00,36.52,56.25,36.76,38.48,1044,1029.6,8,2
2026-03-18 08:45:00,31.76,55.3,36.33,42.59,923,1302.1,8,2
2026-03-18 08:50:00,36.1,55.21,36.11,42.86,990,1321.7,8,2
2026-03-18 08:55:00,34.25,56.47,36.55,37.34,1097,1068.7,8,2
2026-03-18 09:00:00,30.51,56.84,36.41,35.86,1073,1087.5,9,2
2026-03-18 09:05:00,43.38,58.19,36.84,37.74,1129,1429.7,9,2
2026-03-18 09:10:00,33.2,59.42,36.36,46.47,1124,1308.8,9,2
2026-03-18 09:15:00,33.36,57.94,36.53,43.73,1117,1384.9,9,2
2026-03-18 09:20:00,39.22,58.5,36.24,37.52,1205,1241.2,9,2
2026-03-18 09:25:00,41.2,57.77,36.47,37.71,1097,1196.5,9,2
2026-03-18 09:30:00,37.86,58.52,36.35,43.8,1137,1565.4,9,2
2026-03-18 09:35:00,29.54,60.31,36.84,39.95,1169,1290.2,9,2
2026-03-18 09:40:00,39.59,60.13,36.18,44.94,1271,1376.4,9,2
2026-03-18 09:45:00,44.26,60.2,36.77,41.48,1158,1451.0,9,2
2026-03-18 09:50:00,44.47,60.4,35.88,50.43,1210,1644.3,9,2
2026-03-18 09:55:00,47.54,60.44,36.47,50.05,1235,1678.6,9,2
2026-03-18 10:00:00,34.1,60.59,36.38,38.36,1312,1192.0,10,2
2026-03-18 10:05:00,32.61,62.02,36.48,39.02,1356,1337.7,10,2
2026-03-18 10:10:00,43.36,62.37,36.41,59.27,1279,1704.1,10,2
2026-03-18 10:15:00,41.32,62.79,36.47,47.77,1375,1670.2,10,2
2026-03-18 10:20:00,51.64,64.08,36.57,46.34,1316,1732.7,10,2
2026-03-18 10:25:00,51.7,64.77,37.0,52.53,1473,1854.1,10,2
2026-03-18 10:30:00,38.97,65.53,36.78,29.68,1311,1216.5,10,2
2026-03-18 10:35:00,46.56,65.43,36.46,48.55,1453,1824.3,10,2
2026-03-18 10:40:00,50.63,65.5,37.03,50.54,1435,1627.5,10,2
2026-03-18 10:45:00,41.47,66.79,37.22,40.63,1432,1575.0,10,2
2026-03-18 10:50:00,41.13,65.82,36.28,44.25,1413,1324.4,10,2
2026-03-18 10:55:00,40.55,64.29,37.25,44.46,1453,1349.5,10,2
2026-03-18 11:00:00,53.92,73.69,37.13,92.09,2353,2631.4,11,2
2026-03-18 11:05:00,39.62,64.54,36.57,48.92,1555,1552.3,11,2
2026-03-18 11:10:00,47.1,67.28,36.51,57.55,1528,1866.5,11,2
2026-03-18 11:15:00,40.08,67.53,36.63,40.58,1521,1365.8,11,2
2026-03-18 11:20:00,41.58,68.58,36.87,43.92,1483,1640.0,11,2
2026-03-18 11:25:00,35.89,68.78,36.37,38.59,1638,1570.2,11,2
2026-03-18 11:30:00,45.03,71.05,37.36,44.33,1591,1571.9,11,2
2026-03-18 11:35:00,52.79,71.52,36.6,55.75,1642,2062.6,11,2
2026-03-18 11:40:00,48.74,72.08,37.31,48.52,1671,1656.5,11,2
2026-03-18 11:45:00,44.35,71.78,36.9,54.0,1564,1929.0,11,2
2026-03-18 11:50:00,46.85,72.63,36.73,51.68,1644,1765.5,11,2
2026-03-18 11:55:00,53.33,73.91,36.61,57.91,1708,2334.3,11,2
2026-03-18 12:00:00,48.43,74.17,36.37,47.97,1711,1880.5,12,2
2026-03-18 12:05:00,59.79,74.4,36.4,54.19,1686,2272.1,12,2
2026-03-18 12:10:00,53.69,73.85,36.58,55.35,1639,2014.2,12,2
2026-03-18 12:15:00,49.13,74.29,36.75,60.35,1771,2150.5,12,2
2026-03-18 12:20:00,52.52,74.35,36.58,65.11,1717,2349.8,12,2
2026-03-18 12:25:00,50.66,74.35,36.95,60.75,1704,2314.0,12,2
2026-03-18 12:30:00,41.3,72.29,37.15,40.77,1816,1609.5,12,2
2026-03-18 12:35:00,57.15,73.77,37.16,54.64,1747,2264.1,12,2
2026-03-18 12:40:00,53.14,75.51,36.89,62.92,1817,2237.4,12,2
2026-03-18 12:45:00,60.95,74.55,36.92,61.02,1728,2484.7,12,2
2026-03-18 12:50:00,54.45,75.14,36.89,47.87,1777,1966.4,12,2
2026-03-18 12:55:00,52.13,75.06,37.13,55.79,1824,2056.7,12,2
2026-03-18 13:00:00,52.15,75.04,36.77,61.54,1842,2301.7,13,2
2026-03-18 13:05:00,45.01,75.64,36.97,48.1,1961,1915.4,13,2
2026-03-18 13:10:00,53.87,76.17,37.17,52.35,1812,2352.9,13,2
2026-03-18 13:15:00,53.45,74.7,37.25,64.43,1904,2391.0,13,2
2026-03-18 13:20:00,59.95,75.31,36.95,64.5,1921,2502.7,13,2
2026-03-18 13:25:00,51.6,75.82,36.59,60.82,1976,2296.4,13,2
2026-03-18 13:30:00,52.54,76.06,36.38,58.51,1932,2023.5,13,2
2026-03-18 13:35:00,56.48,77.12,36.64,59.43,1863,2096.8,13,2
2026-03-18 13:40:00,57.68,78.12,36.98,62.38,1842,2455.3,13,2
2026-03-18 13:45:00,40.69,76.93,37.12,48.86,1851,1773.9,13,2
2026-03-18 13:50:00,56.38,78.64,36.93,62.88,1927,2146.4,13,2
2026-03-18 13:55:00,52.79,79.22,36.75,62.53,1979,2201.7,13,2
2026-03-18 14:00:00,52.38,79.4,36.89,66.25,1906,2320.1,14,2
2026-03-18 14:05:00,58.94,81.25,37.41,70.44,1967,2565.9,14,2
2026-03-18 14:10:00,54.31,81.1,36.98,60.18,1961,2254.6,14,2
2026-03-18 14:15:00,59.23,80.77,36.97,67.92,2022,2649.7,14,2
2026-03-18 14:20:00,51.57,79.66,37.0,51.06,1984,1995.1,14,2
2026-03-18 14:25:00,64.61,80.96,37.83,63.57,2017,2552.2,14,2
2026-03-18 14:30:00,65.08,81.05,37.19,72.61,1945,2562.8,14,2
2026-03-18 14:35:00,36.67,81.44,37.16,48.32,1953,1767.5,14,2
2026-03-18 14:40:00,56.34,80.67,37.12,64.74,1935,2318.9,14,2
2026-03-18 14:45:00,62.25,79.41,36.89,64.95,1961,2761.0,14,2
2026-03-18 14:50:00,46.19,79.65,37.32,60.04,2026,1950.1,14,2
2026-03-18 14:55:00,60.77,80.43,36.95,52.78,2024,2240.7,14,2
2026-03-18 15:00:00,50.16,80.78,37.38,47.8,2029,2016.3,15,2
2026-03-18 15:05:00,58.76,80.26,37.68,64.9,2011,2269.8,15,2
2026-03-18 15:10:00,45.68,79.42,37.13,52.9,1934,1922.1,15,2
2026-03-18 15:15:00,63.32,79.54,37.15,64.68,2085,2558.1,15,2
2026-03-18 15:20:00,44.57,79.27,37.43,53.95,1958,1842.9,15,2
2026-03-18 15:25:00,92.88,92.04,37.17,91.02,2790,3821.2,15,2
2026-03-18 15:30:00,63.97,99.0,37.3,79.0,2051,2793.6,15,2
2026-03-18 15:35:00,57.05,81.45,37.43,64.41,2039,2314.9,15,2
2026-03-18 15:40:00,47.05,80.67,37.01,51.48,1909,1780.1,15,2
2026-03-18 15:45:00,54.85,80.55,37.16,58.89,2005,2485.4,15,2
2026-03-18 15:50:00,56.79,80.04,37.07,65.71,1996,2508.3,15,2
2026-03-18 15:55:00,53.54,79.98,37.67,53.53,2019,1823.5,15,2
2026-03-18 16:00:00,47.88,79.51,37.12,55.59,1974,1842.2,16,2
2026-03-18 16:05:00,60.66,79.76,37.3,64.05,2046,2540.3,16,2
2026-03-18 16:10:00,52.18,79.58,37.47,61.49,2049,1943.0,16,2
2026-03-18 16:15:00,52.18,80.09,37.68,56.8,1994,2140.1,16,2
2026-03-18 16:20:00,58.66,79.37,37.55,65.15,2013,2569.9,16,2
2026-03-18 16:25:00,52.09,79.08,37.34,73.21,2013,2697.4,16,2
2026-03-18 16:30:00,54.3,78.24,37.68,60.08,1903,2421.5,16,2
2026-03-18 16:35:00,49.99,78.2,37.06,49.0,2000,1967.6,16,2
2026-03-18 16:40:00,58.37,78.23,37.97,66.83,1975,2598.7,16,2
2026-03-18 16:45:00,51.71,77.87,37.82,59.69,1934,2121.1,16,2
2026-03-18 16:50:00,55.76,77.0,37.7,53.54,1973,2176.3,16,2
2026-03-18 16:55:00,50.49,76.36,37.38,52.69,1886,1770.6,16,2
2026-03-18 17:00:00,58.03,76.6,37.75,65.19,1963,2428.8,17,2
2026-03-18 17:05:00,63.84,78.07,37.75,81.1,1976,2630.4,17,2
2026-03-18 17:10:00,53.34,76.68,37.42,62.55,1867,2248.2,17,2
2026-03-18 17:15:00,46.13,76.38,37.32,49.74,1888,1914.0,17,2
2026-03-18 17:20:00,57.64,76.02,37.45,68.35,1924,2563.2,17,2
2026-03-18 17:25:00,47.48,75.87,37.72,54.43,1885,1877.4,17,2
2026-03-18 17:30:00,49.88,76.87,38.02,55.71,1932,1883.2,17,2
2026-03-18 17:35:00,46.32,76.56,37.86,50.7,1838,1866.1,17,2
2026-03-18 17:40:00,94.46,87.51,37.98,99.0,3091,3507.7,17,2
2026-03-18 17:45:00,52.56,77.23,37.59,68.53,1910,2333.4,17,2
2026-03-18 17:50:00,54.82,76.84,38.1,60.79,1903,2339.1,17,2
2026-03-18 17:55:00,54.9,77.19,37.61,64.18,1894,2262.3,17,2
2026-03-18 18:00:00,45.36,75.97,37.77,45.24,1838,1781.4,18,2
2026-03-18 18:05:00,51.73,75.54,37.79,60.78,1801,2401.0,18,2
2026-03-18 18:10:00,53.6,75.77,38.1,60.16,1883,2331.6,18,2
2026-03-18 18:15:00,54.31,76.39,37.35,53.08,1801,2157.6,18,2
2026-03-18 18:20:00,52.73,74.99,38.08,65.77,1701,2375.2,18,2
2026-03-18 18:25:00,44.04,76.28,37.51,48.35,1797,1684.3,18,2
2026-03-18 18:30:00,49.38,76.27,37.93,60.12,1775,2179.8,18,2
2026-03-18 18:35:00,47.88,75.86,37.72,57.14,1786,1849.0,18,2
2026-03-18 18:40:00,71.9,92.78,37.92,78.1,2619,2671.5,18,2
2026-03-18 18:45:00,40.34,75.68,38.31,43.47,1749,1589.7,18,2
2026-03-18 18:50:00,50.95,74.98,37.93,54.54,1795,2063.3,18,2
2026-03-18 18:55:00,56.51,73.1,37.55,56.21,1724,2229.7,18,2
2026-03-18 19:00:00,44.58,73.39,38.13,46.2,1663,1824.7,19,2
2026-03-18 19:05:00,41.7,73.55,38.07,44.53,1708,1619.7,19,2
2026-03-18 19:10:00,44.52,74.58,37.62,51.41,1686,1594.7,19,2
2026-03-18 19:15:00,51.31,73.49,37.66,49.99,1632,2139.8,19,2
2026-03-18 19:20:00,35.98,73.68,37.84,42.68,1564,1517.8,19,2
2026-03-18 19:25:00,47.14,71.34,38.06,51.65,1633,1749.2,19,2
2026-03-18 19:30:00,51.34,71.3,38.08,54.09,1650,2053.4,19,2
2026-03-18 19:35:00,34.73,71.0,37.72,43.83,1677,1498.9,19,2
2026-03-18 19:40:00,41.42,70.53,37.63,46.39,1557,1591.2,19,2
2026-03-18 19:45:00,42.77,69.89,37.75,53.18,1509,2051.5,19,2
2026-03-18 19:50:00,34.66,69.13,38.26,38.77,1510,1443.6,19,2
2026-03-18 19:55:00,44.75,67.63,38.32,50.34,1572,1918.1,19,2
2026-03-18 20:00:00,40.88,67.54,38.06,50.75,1517,1599.8,20,2
2026-03-18 20:05:00,38.76,68.01,37.71,46.6,1517,1547.1,20,2
2026-03-18 20:10:00,40.84,68.0,38.22,43.72,1533,1495.9,20,2
2026-03-18 20:15:00,45.33,68.6,38.17,49.16,1478,1665.4,20,2
2026-03-18 20:20:00,41.47,68.69,37.48,51.32,1442,1952.3,20,2
2026-03-18 20:25:00,42.2,69.42,38.2,41.92,1449,1515.5,20,2
2026-03-18 20:30:00,32.6,69.1,37.94,35.61,1469,1323.9,20,2
2026-03-18 20:35:00,42.38,70.02,37.98,41.63,1419,1591.1,20,2
2026-03-18 20:40:00,44.2,69.42,38.15,56.52,1380,1869.4,20,2
2026-03-18 20:45:00,41.4,70.82,38.1,54.55,1421,1787.9,20,2
2026-03-18 20:50:00,47.24,69.78,38.15,51.35,1341,1700.1,20,2
2026-03-18 20:55:00,46.62,69.16,37.81,47.49,1328,1702.3,20,2
2026-03-18 21:00:00,35.78,68.4,38.49,37.39,1321,1286.4,21,2
2026-03-18 21:05:00,37.72,66.43,38.17,38.09,1300,1350.4,21,2
2026-03-18 21:10:00,43.32,65.33,38.75,50.23,1353,1735.0,21,2
2026-03-18 21:15:00,33.6,65.98,38.18,31.35,1347,1181.1,21,2
2026-03-18 21:20:00,43.5,64.3,37.96,36.75,1217,1488.3,21,2
2026-03-18 21:25:00,35.85,63.27,38.05,38.86,1185,1481.4,21,2
2026-03-18 21:30:00,46.96,62.36,37.9,41.35,1155,1412.3,21,2
2026-03-18 21:35:00,38.71,62.84,38.31,37.09,1152,1155.4,21,2
2026-03-18 21:40:00,38.21,62.31,38.19,43.6,1188,1236.0,21,2
2026-03-18 21:45:00,40.03,62.08,38.3,44.19,1180,1553.7,21,2
2026-03-18 21:50:00,35.04,60.57,37.77,41.52,1165,1488.5,21,2
2026-03-18 21:55:00,36.05,61.13,38.31,42.22,1024,1333.8,21,2
2026-03-18 22:00:00,40.27,61.32,38.61,34.85,1126,1157.3,22,2
2026-03-18 22:05:00,36.05,61.06,38.37,48.28,1083,1490.7,22,2
2026-03-18 22:10:00,34.25,61.8,38.84,44.26,1159,1408.9,22,2
2026-03-18 22:15:00,43.13,62.14,38.46,40.09,1017,1432.3,22,2
2026-03-18 22:20:00,35.79,61.66,38.11,43.68,1089,1160.6,22,2
2026-03-18 22:25:00,36.26,61.33,38.31,31.13,1092,1020.8,22,2
2026-03-18 22:30:00,33.01,61.33,37.93,36.38,1020,1140.0,22,2
2026-03-18 22:35:00,33.18,61.62,38.46,48.79,1036,1305.1,22,2
2026-03-18 22:40:00,34.62,61.53,38.47,31.94,1028,1157.9,22,2
2026-03-18 22:45:00,49.75,71.95,38.43,45.73,1467,1642.3,22,2
2026-03-18 22:50:00,36.8,62.4,38.29,34.9,997,1020.4,22,2
2026-03-18 22:55:00,37.81,61.76,37.92,38.28,902,1192.1,22,2
2026-03-18 23:00:00,28.52,62.48,38.23,40.95,944,987.1,23,2
2026-03-18 23:05:00,32.89,60.11,38.52,41.27,786,955.7,23,2
2026-03-18 23:10:00,28.79,59.58,38.32,40.07,867,1004.5,23,2
2026-03-18 23:15:00,37.26,59.44,38.79,35.09,846,1074.5,23,2
2026-03-18 23:20:00,36.3,59.19,38.99,39.73,847,1191.8,23,2
2026-03-18 23:25:00,37.12,59.35,38.32,26.04,830,1037.9,23,2
2026-03-18 23:30:00,31.31,58.91,38.14,44.92,858,1178.1,23,2
2026-03-18 23:35:00,28.85,58.28,38.45,27.31,730,742.9,23,2
2026-03-18 23:40:00,29.72,57.08,39.09,29.29,718,681.5,23,2
2026-03-18 23:45:00,28.83,57.44,38.44,24.21,763,716.1,23,2
2026-03-18 23:50:00,36.18,56.92,39.14,36.55,763,910.7,23,2
2026-03-18 23:55:00,23.63,57.24,38.1,27.78,823,871.0,23,2
2026-03-19 00:00:00,29.98,57.11,35.3,27.75,659,708.7,0,3
2026-03-19 00:05:00,24.31,58.28,34.94,33.86,731,909.0,0,3
2026-03-19 00:10:00,25.94,55.51,34.29,28.73,673,691.0,0,3
2026-03-19 00:15:00,23.51,54.11,35.16,25.43,587,685.3,0,3
2026-03-19 00:20:00,29.79,54.14,34.91,31.05,733,980.2,0,3
2026-03-19 00:25:00,34.93,53.27,35.46,35.25,646,879.7,0,3
2026-03-19 00:30:00,33.01,52.74,35.15,26.18,660,733.5,0,3
2026-03-19 00:35:00,27.11,51.59,35.01,28.66,637,787.6,0,3
2026-03-19 00:40:00,24.46,51.58,35.21,21.18,560,605.0,0,3
2026-03-19 00:45:00,29.96,51.96,35.21,34.17,601,791.6,0,3
2026-03-19 00:50:00,27.07,50.79,35.04,32.52,649,942.1,0,3
2026-03-19 00:55:00,29.97,50.94,35.39,24.34,564,594.1,0,3
2026-03-19 01:00:00,24.91,51.89,35.12,29.2,660,659.6,1,3
2026-03-19 01:05:00,25.37,51.6,34.77,25.03,570,681.2,1,3
2026-03-19 01:10:00,26.28,50.93,35.84,23.79,584,742.4,1,3
2026-03-19 01:15:00,22.66,51.17,35.32,19.7,471,572.6,1,3
2026-03-19 01:20:00,28.38,51.58,35.51,18.17,523,660.1,1,3
2026-03-19 01:25:00,25.11,50.22,35.46,28.25,544,627.3,1,3
2026-03-19 01:30:00,23.09,50.63,34.99,27.6,452,501.2,1,3
2026-03-19 01:35:00,26.97,50.73,34.55,26.98,483,658.7,1,3
2026-03-19 01:40:00,28.03,49.95,34.91,16.3,555,520.7,1,3
2026-03-19 01:45:00,27.23,51.29,35.25,29.85,565,680.3,1,3
2026-03-19 01:50:00,22.69,49.48,35.02,12.21,437,467.1,1,3
2026-03-19 01:55:00,22.39,48.77,35.51,23.44,511,553.2,1,3
2026-03-19 02:00:00,23.17,49.46,34.65,27.37,541,583.2,2,3
2026-03-19 02:05:00,24.58,49.04,35.32,24.43,432,598.8,2,3
2026-03-19 02:10:00,19.69,47.12,34.99,22.76,399,430.1,2,3
2026-03-19 02:15:00,22.58,46.93,34.88,15.51,372,311.9,2,3
2026-03-19 02:20:00,16.87,45.6,35.75,16.65,388,412.5,2,3
2026-03-19 02:25:00,17.6,45.29,35.74,24.98,366,474.9,2,3
2026-03-19 02:30:00,18.53,43.77,35.96,10.65,320,336.8,2,3
2026-03-19 02:35:00,18.57,44.42,35.34,14.64,396,357.2,2,3
2026-03-19 02:40:00,28.34,44.05,35.68,27.63,355,476.8,2,3
2026-03-19 02:45:00,21.42,43.77,35.51,18.63,440,561.6,2,3
2026-03-19 02:50:00,24.95,44.47,35.71,20.4,339,357.8,2,3
2026-03-19 02:55:00,21.86,43.98,35.5,27.87,392,417.9,2,3
2026-03-19 03:00:00,22.78,44.39,35.22,21.76,410,554.4,3,3
2026-03-19 03:05:00,20.01,42.69,35.49,7.89,388,440.2,3,3
2026-03-19 03:10:00,22.8,42.43,35.55,18.47,416,395.8,3,3
2026-03-19 03:15:00,22.57,42.06,35.5,20.46,338,362.7,3,3
2026-03-19 03:20:00,27.1,40.44,35.79,21.74,343,420.5,3,3
2026-03-19 03:25:00,22.67,42.63,35.83,19.53,431,544.2,3,3
2026-03-19 03:30:00,24.47,43.8,35.4,18.79,432,494.8,3,3
2026-03-19 03:35:00,28.24,55.33,36.09,32.08,573,553.6,3,3
2026-03-19 03:40:00,24.31,46.25,35.93,22.74,381,446.1,3,3
2026-03-19 03:45:00,24.46,45.89,35.21,21.53,435,433.4,3,3
2026-03-19 03:50:00,16.12,44.57,35.88,27.14,416,508.4,3,3
2026-03-19 03:55:00,19.84,44.62,35.57,19.82,375,499.9,3,3
2026-03-19 04:00:00,19.3,44.87,36.03,17.84,365,435.9,4,3
2026-03-19 04:05:00,23.5,45.02,36.14,13.92,462,479.0,4,3
2026-03-19 04:10:00,20.39,44.88,36.41,28.68,369,473.0,4,3
2026-03-19 04:15:00,25.98,44.99,35.45,26.9,354,465.4,4,3
2026-03-19 04:20:00,27.37,46.3,35.5,21.14,413,513.5,4,3
2026-03-19 04:25:00,26.24,45.92,35.88,17.54,381,472.7,4,3
2026-03-19 04:30:00,24.23,45.27,35.61,24.91,351,503.9,4,3
2026-03-19 04:35:00,24.89,45.81,35.51,11.85,391,410.5,4,3
2026-03-19 04:40:00,17.34,45.07,35.96,16.93,429,429.9,4,3
2026-03-19 04:45:00,30.76,46.17,35.69,30.23,451,513.5,4,3
2026-03-19 04:50:00,23.42,45.05,35.13,21.74,387,433.1,4,3
2026-03-19 04:55:00,21.54,44.86,35.28,21.4,421,385.5,4,3
2026-03-19 05:00:00,26.11,43.92,35.63,24.19,490,529.8,5,3
2026-03-19 05:05:00,20.88,43.92,35.68,18.08,478,506.6,5,3
2026-03-19 05:10:00,23.94,45.0,35.74,17.96,415,388.1,5,3
2026-03-19 05:15:00,19.33,45.45,36.3,19.79,488,525.8,5,3
2026-03-19 05:20:00,23.35,44.24,35.74,24.99,478,494.1,5,3
2026-03-19 05:25:00,20.8,45.0,35.75,25.08,481,550.4,5,3
2026-03-19 05:30:00,28.44,45.99,36.13,20.49,617,747.8,5,3
2026-03-19 05:35:00,21.27,45.51,35.76,19.51,432,387.5,5,3
2026-03-19 05:40:00,25.04,44.9,35.78,20.2,433,525.6,5,3
2026-03-19 05:45:00,23.27,44.44,35.74,27.47,542,540.7,5,3
2026-03-19 05:50:00,26.54,44.5,35.95,27.7,597,653.4,5,3
2026-03-19 05:55:00,26.02,44.83,35.86,19.8,486,575.7,5,3
2026-03-19 06:00:00,26.06,44.83,35.54,23.17,603,561.5,6,3
2026-03-19 06:05:00,24.68,44.05,36.2,19.25,478,509.1,6,3
2026-03-19 06:10:00,24.17,45.11,35.94,27.83,543,679.3,6,3
2026-03-19 06:15:00,23.08,45.54,36.22,28.18,593,619.3,6,3
2026-03-19 06:20:00,24.04,44.71,36.27,22.98,583,551.5,6,3
2026-03-19 06:25:00,27.17,44.89,35.78,23.26,497,459.2,6,3
2026-03-19 06:30:00,29.12,45.64,36.24,28.29,627,718.1,6,3
2026-03-19 06:35:00,27.04,45.74,36.45,31.01,596,833.2,6,3
2026-03-19 06:40:00,36.06,46.94,36.02,26.84,678,628.8,6,3
2026-03-19 06:45:00,33.13,46.91,36.33,36.75,648,951.7,6,3
2026-03-19 06:50:00,26.41,49.05,35.87,23.34,716,624.6,6,3
2026-03-19 06:55:00,30.37,50.25,36.26,27.1,698,734.7,6,3
2026-03-19 07:00:00,28.66,51.33,36.17,19.06,674,751.5,7,3
2026-03-19 07:05:00,28.37,50.06,36.46,39.8,698,796.3,7,3
2026-03-19 07:10:00,33.22,48.71,35.93,29.1,678,862.0,7,3
2026-03-19 07:15:00,27.65,49.16,36.25,36.5,705,986.0,7,3
2026-03-19 07:20:00,28.08,49.33,35.83,21.02,698,641.9,7,3
2026-03-19 07:25:00,31.37,49.3,35.91,32.0,790,975.3,7,3
2026-03-19 07:30:00,30.52,51.21,36.21,29.2,790,1024.1,7,3
2026-03-19 07:35:00,29.0,51.49,36.07,29.79,756,795.1,7,3
2026-03-19 07:40:00,33.27,50.93,36.32,37.75,791,1095.8,7,3
2026-03-19 07:45:00,34.31,52.06,36.43,27.38,850,1055.5,7,3
2026-03-19 07:50:00,30.36,53.31,36.39,34.98,831,736.1,7,3
2026-03-19 07:55:00,35.55,53.44,36.18,36.91,876,1229.8,7,3
2026-03-19 08:00:00,30.21,53.97,36.72,35.06,857,1130.1,8,3
2026-03-19 08:05:00,33.72,52.49,36.01,31.76,1017,1081.7,8,3
2026-03-19 08:10:00,36.17,52.86,36.08,36.23,861,1130.6,8,3
2026-03-19 08:15:00,37.48,55.1,35.93,38.97,901,1180.5,8,3
2026-03-19 08:20:00,29.91,56.22,36.31,28.31,913,1057.7,8,3
2026-03-19 08:25:00,33.71,55.95,36.32,38.12,935,1062.0,8,3
2026-03-19 08:30:00,27.3,56.89,36.56,34.27,933,909.9,8,3
2026-03-19 08:35:00,44.85,59.08,36.36,41.43,1100,1550.0,8,3
2026-03-19 08:40:00,35.39,59.84,36.18,39.66,1056,1312.1,8,3
2026-03-19 08:45:00,41.76,59.19,36.24,35.76,1017,1180.6,8,3
2026-03-19 08:50:00,42.72,59.74,36.11,32.41,1030,1242.5,8,3
2026-03-19 08:55:00,32.39,59.0,36.68,42.49,1096,1227.1,8,3
2026-03-19 09:00:00,31.59,58.4,37.07,32.08,1049,970.5,9,3
2026-03-19 09:05:00,45.77,58.69,36.02,43.74,1166,1502.0,9,3
2026-03-19 09:10:00,36.41,58.44,36.04,37.54,1038,1387.3,9,3
2026-03-19 09:15:00,38.81,59.03,36.45,44.23,1184,1464.8,9,3
2026-03-19 09:20:00,34.92,59.08,36.28,44.33,1162,1044.5,9,3
2026-03-19 09:25:00,44.25,59.69,36.82,42.21,1077,1453.6,9,3
2026-03-19 09:30:00,41.7,59.99,36.54,40.45,1179,1185.6,9,3
2026-03-19 09:35:00,36.63,59.94,36.27,34.94,1164,1169.1,9,3
2026-03-19 09:40:00,32.34,59.78,36.2,35.06,1206,1018.9,9,3
2026-03-19 09:45:00,44.59,59.78,36.03,47.1,1220,1793.3,9,3
2026-03-19 09:50:00,34.96,61.14,36.83,40.44,1336,1485.2,9,3
2026-03-19 09:55:00,31.59,59.35,36.47,27.9,1189,1094.9,9,3
2026-03-19 10:00:00,42.38,60.76,36.53,46.97,1257,1522.9,10,3
2026-03-19 10:05:00,39.54,61.55,36.02,48.15,1306,1366.0,10,3
2026-03-19 10:10:00,39.32,62.19,36.93,47.44,1318,1517.5,10,3
2026-03-19 10:15:00,37.73,63.05,36.68,43.46,1374,1373.1,10,3
2026-03-19 10:20:00,69.42,99.0,36.62,61.22,1919,2260.5,10,3
2026-03-19 10:25:00,44.43,64.55,36.31,48.22,1367,1857.0,10,3
2026-03-19 10:30:00,45.35,64.18,36.49,53.42,1385,1985.3,10,3
2026-03-19 10:35:00,44.11,65.31,36.4,43.39,1405,1562.8,10,3
2026-03-19 10:40:00,48.77,65.02,35.77,56.85,1444,1947.5,10,3
2026-03-19 10:45:00,46.03,63.49,36.58,48.1,1423,1453.8,10,3
2026-03-19 10:50:00,40.08,64.91,36.71,46.2,1400,1435.7,10,3
2026-03-19 10:55:00,49.11,65.86,36.43,56.14,1531,2137.7,10,3
2026-03-19 11:00:00,44.78,65.11,36.81,44.23,1571,1659.1,11,3
2026-03-19 11:05:00,41.45,66.28,37.04,53.21,1552,1680.2,11,3
2026-03-19 11:10:00,42.67,65.72,37.34,40.81,1498,1493.2,11,3
2026-03-19 11:15:00,50.1,65.94,36.54,60.79,1559,2005.1,11,3
2026-03-19 11:20:00,38.97,66.14,36.57,47.21,1570,1525.5,11,3
2026-03-19 11:25:00,43.45,65.81,36.77,46.53,1542,1546.5,11,3
2026-03-19 11:30:00,42.88,67.15,36.25,53.02,1622,1979.3,11,3
2026-03-19 11:35:00,49.77,67.93,36.96,56.13,1591,1987.7,11,3
2026-03-19 11:40:00,49.34,69.44,37.2,59.8,1632,2114.1,11,3
2026-03-19 11:45:00,48.75,70.07,37.04,43.72,1611,1474.5,11,3
2026-03-19 11:50:00,50.55,69.79,36.41,60.66,1675,2082.3,11,3
2026-03-19 11:55:00,38.6,72.41,36.35,50.28,1643,1814.0,11,3
2026-03-19 12:00:00,49.1,72.54,36.36,60.04,1654,2137.2,12,3
2026-03-19 12:05:00,50.46,72.69,36.97,50.3,1702,1842.7,12,3
2026-03-19 12:10:00,47.5,73.32,36.49,60.12,1723,1927.8,12,3
2026-03-19 12:15:00,45.56,73.35,37.24,51.39,1670,1725.9,12,3
2026-03-19 12:20:00,51.43,73.07,36.84,60.52,1728,1977.8,12,3
2026-03-19 12:25:00,56.76,74.27,37.23,62.8,1724,2305.2,12,3
2026-03-19 12:30:00,42.97,73.51,36.77,46.57,1798,1626.6,12,3
2026-03-19 12:35:00,43.73,74.32,37.16,42.55,1779,1775.5,12,3
2026-03-19 12:40:00,45.11,73.45,37.02,49.31,1716,1561.7,12,3
2026-03-19 12:45:00,48.33,73.52,36.36,43.53,1822,1858.4,12,3
2026-03-19 12:50:00,47.49,74.32,37.35,55.02,1786,2068.7,12,3
2026-03-19 12:55:00,46.37,73.38,36.58,41.05,1880,1856.7,12,3
2026-03-19 13:00:00,41.54,73.77,37.19,53.32,1826,1799.8,13,3
2026-03-19 13:05:00,57.79,75.0,37.04,65.9,1827,2533.2,13,3
2026-03-19 13:10:00,59.05,75.52,37.6,60.07,1880,2524.0,13,3
2026-03-19 13:15:00,80.31,93.44,36.96,88.71,3015,3877.3,13,3
2026-03-19 13:20:00,47.83,77.4,37.03,61.96,1883,2246.5,13,3
2026-03-19 13:25:00,44.02,77.55,37.13,54.19,1931,1856.7,13,3
2026-03-19 13:30:00,51.66,79.86,36.77,63.61,1898,2166.0,13,3
2026-03-19 13:35:00,54.88,78.48,37.36,71.84,1839,2497.8,13,3
2026-03-19 13:40:00,51.52,77.95,37.13,59.41,1860,2114.9,13,3
2026-03-19 13:45:00,64.43,77.79,37.3,76.24,1915,2879.6,13,3
2026-03-19 13:50:00,57.45,78.49,36.81,67.43,1970,2364.5,13,3
2026-03-19 13:55:00,49.59,77.79,37.1,55.94,1869,1935.6,13,3
2026-03-19 14:00:00,57.14,77.09,37.17,65.67,1880,2422.9,14,3
2026-03-19 14:05:00,48.04,76.74,37.07,53.0,2004,1855.4,14,3
2026-03-19 14:10:00,62.48,78.1,37.05,59.2,1983,2465.4,14,3
2026-03-19 14:15:00,46.63,76.65,37.37,55.37,1870,1865.5,14,3
2026-03-19 14:20:00,51.23,77.24,37.4,60.23,1974,2315.3,14,3
2026-03-19 14:25:00,59.75,77.97,37.57,59.31,1947,2244.2,14,3
2026-03-19 14:30:00,44.01,76.66,37.21,49.17,1956,1863.9,14,3
2026-03-19 14:35:00,63.55,76.42,37.46,72.42,2059,2757.9,14,3
2026-03-19 14:40:00,67.64,76.06,36.88,69.43,1994,2752.9,14,3
2026-03-19 14:45:00,57.76,76.79,37.21,52.31,1964,2084.9,14,3
2026-03-19 14:50:00,63.46,77.9,36.77,65.4,2015,2681.1,14,3
2026-03-19 14:55:00,49.53,76.86,37.19,53.76,1957,1914.6,14,3
2026-03-19 15:00:00,64.77,78.32,36.98,70.09,1978,2725.2,15,3
2026-03-19 15:05:00,55.02,78.89,37.31,61.54,2011,2245.7,15,3
2026-03-19 15:10:00,44.47,78.12,37.44,59.03,1940,2142.9,15,3
2026-03-19 15:15:00,49.59,78.69,37.14,55.72,1993,1850.4,15,3
2026-03-19 15:20:00,60.88,77.4,37.44,65.14,2031,2482.2,15,3
2026-03-19 15:25:00,48.75,78.83,37.28,58.94,1963,2059.1,15,3
2026-03-19 15:30:00,53.89,77.73,37.09,52.98,2019,2181.9,15,3
2026-03-19 15:35:00,56.62,77.48,37.28,61.84,2022,1986.2,15,3
2026-03-19 15:40:00,50.96,78.46,37.83,68.29,1998,2387.7,15,3
2026-03-19 15:45:00,62.29,79.83,37.62,76.17,2031,2962.1,15,3
2026-03-19 15:50:00,46.26,80.37,36.96,53.67,1897,1886.8,15,3
2026-03-19 15:55:00,57.52,79.39,37.97,62.28,2028,2377.9,15,3
2026-03-19 16:00:00,45.69,79.28,37.51,54.0,2008,1756.5,16,3
2026-03-19 16:05:00,55.59,78.14,37.0,51.9,1970,2111.0,16,3
2026-03-19 16:10:00,50.8,76.89,37.32,60.65,1977,2234.5,16,3
2026-03-19 16:15:00,55.0,76.6,38.21,57.21,2016,2054.7,16,3
2026-03-19 16:20:00,50.66,78.13,37.4,52.95,1968,2123.9,16,3
2026-03-19 16:25:00,55.69,78.27,36.99,58.48,2010,2339.1,16,3
2026-03-19 16:30:00,56.72,78.15,37.23,72.01,1928,2712.8,16,3
2026-03-19 16:35:00,46.82,77.86,37.82,58.34,2003,2224.4,16,3
2026-03-19 16:40:00,57.3,77.73,37.91,63.06,1987,2272.7,16,3
2026-03-19 16:45:00,49.59,77.95,37.04,60.96,1956,2147.5,16,3
2026-03-19 16:50:00,59.69,79.46,37.98,64.61,1980,2297.3,16,3
2026-03-19 16:55:00,48.64,79.37,37.52,63.41,1999,2485.4,16,3
2026-03-19 17:00:00,60.6,80.23,37.65,70.47,1976,2695.7,17,3
2026-03-19 17:05:00,60.92,80.45,37.12,66.04,1900,2676.7,17,3
2026-03-19 17:10:00,41.15,79.91,37.77,45.44,1927,1793.6,17,3
2026-03-19 17:15:00,64.56,78.53,37.17,69.62,1902,2631.6,17,3
2026-03-19 17:20:00,64.47,77.67,37.85,64.5,1936,2734.6,17,3
2026-03-19 17:25:00,51.96,76.64,37.72,59.55,1875,2151.6,17,3
2026-03-19 17:30:00,46.58,78.12,37.28,58.67,1925,2219.1,17,3
2026-03-19 17:35:00,60.64,76.66,37.76,64.68,1939,2481.2,17,3
2026-03-19 17:40:00,53.55,77.13,37.84,65.05,1896,2272.7,17,3
2026-03-19 17:45:00,56.82,77.32,37.47,68.19,1917,2567.0,17,3
2026-03-19 17:50:00,51.3,76.23,37.76,62.47,1723,2037.1,17,3
2026-03-19 17:55:00,50.11,75.65,37.88,56.94,1767,1872.1,17,3
2026-03-19 18:00:00,52.38,75.7,37.83,57.56,1777,2176.9,18,3
2026-03-19 18:05:00,48.46,74.48,37.6,57.31,1772,1945.2,18,3
2026-03-19 18:10:00,64.24,75.04,37.53,70.21,1836,2607.1,18,3
2026-03-19 18:15:00,43.29,74.2,37.39,42.85,1784,1635.7,18,3
2026-03-19 18:20:00,41.63,74.79,37.93,53.1,1829,1709.8,18,3
2026-03-19 18:25:00,45.71,74.69,37.9,51.9,1788,1880.9,18,3
2026-03-19 18:30:00,47.5,74.4,37.64,47.74,1774,2016.8,18,3
2026-03-19 18:35:00,85.25,75.65,37.87,64.51,1773,2431.6,18,3
2026-03-19 18:40:00,51.75,75.42,37.73,49.97,1721,1948.3,18,3
2026-03-19 18:45:00,54.78,76.15,37.3,71.82,1779,2296.7,18,3
2026-03-19 18:50:00,49.02,76.04,38.32,50.99,1705,1711.4,18,3
2026-03-19 18:55:00,53.65,74.03,37.68,61.28,1754,2280.3,18,3
2026-03-19 19:00:00,42.68,73.58,38.07,51.26,1747,1620.3,19,3
2026-03-19 19:05:00,47.49,72.32,37.34,59.75,1689,2251.1,19,3
2026-03-19 19:10:00,51.79,72.47,38.02,50.89,1647,2161.8,19,3
2026-03-19 19:15:00,43.75,71.93,37.54,46.19,1659,1645.6,19,3
2026-03-19 19:20:00,42.18,72.41,37.8,51.78,1618,1632.4,19,3
2026-03-19 19:25:00,43.26,71.72,37.9,45.1,1691,1543.0,19,3
2026-03-19 19:30:00,54.21,71.46,37.47,62.36,1672,2244.9,19,3
2026-03-19 19:35:00,37.79,72.26,37.57,42.76,1630,1644.0,19,3
2026-03-19 19:40:00,48.28,72.71,38.42,50.33,1514,1968.5,19,3
2026-03-19 19:45:00,34.27,72.06,38.24,39.44,1602,1486.8,19,3
2026-03-19 19:50:00,39.67,71.64,37.28,44.68,1542,1538.3,19,3
2026-03-19 19:55:00,60.29,70.62,37.45,61.5,1639,2540.6,19,3
2026-03-19 20:00:00,36.17,69.4,38.0,41.95,1416,1509.5,20,3
2026-03-19 20:05:00,52.44,68.74,37.92,59.56,1552,2168.8,20,3
2026-03-19 20:10:00,41.48,68.83,38.5,40.81,1483,1134.3,20,3
2026-03-19 20:15:00,50.5,69.53,37.85,54.24,1498,1776.2,20,3
2026-03-19 20:20:00,49.27,69.79,38.11,52.41,1508,1906.8,20,3
2026-03-19 20:25:00,46.09,70.69,38.23,47.36,1454,1757.8,20,3
2026-03-19 20:30:00,40.45,69.99,37.71,38.75,1468,1584.4,20,3
2026-03-19 20:35:00,44.01,69.54,38.29,48.17,1398,1726.2,20,3
2026-03-19 20:40:00,51.87,70.99,38.21,54.38,1396,1861.2,20,3
2026-03-19 20:45:00,50.02,68.29,38.26,49.25,1328,1730.8,20,3
2026-03-19 20:50:00,55.97,68.69,37.92,54.74,1359,1957.8,20,3
2026-03-19 20:55:00,42.37,69.48,38.14,45.45,1361,1542.5,20,3
2026-03-19 21:00:00,43.22,69.41,38.18,39.8,1375,1342.7,21,3
2026-03-19 21:05:00,38.85,68.74,38.1,47.16,1358,1392.6,21,3
2026-03-19 21:10:00,33.1,67.12,37.6,39.85,1225,1225.2,21,3
2026-03-19 21:15:00,34.5,66.43,38.4,29.75,1267,1168.6,21,3
2026-03-19 21:20:00,39.14,65.45,38.03,42.52,1349,1476.8,21,3
2026-03-19 21:25:00,34.98,64.45,38.17,37.2,1234,1320.8,21,3
2026-03-19 21:30:00,38.05,63.92,38.11,36.3,1242,1417.7,21,3
2026-03-19 21:35:00,36.53,64.48,38.18,47.55,1176,1504.8,21,3
2026-03-19 21:40:00,41.29,63.74,38.19,56.81,1250,1640.3,21,3
2026-03-19 21:45:00,37.24,63.34,39.04,40.88,1145,1136.0,21,3
2026-03-19 21:50:00,31.37,63.35,38.82,37.15,1167,1327.7,21,3
2026-03-19 21:55:00,42.02,63.67,38.53,39.02,1106,1463.1,21,3
2026-03-19 22:00:00,37.07,62.94,38.5,45.09,1054,1540.3,22,3
2026-03-19 22:05:00,38.31,61.95,38.78,35.79,1133,1174.2,22,3
2026-03-19 22:10:00,35.29,62.34,38.19,25.11,1005,971.0,22,3
2026-03-19 22:15:00,32.03,61.04,38.59,37.29,1022,1004.9,22,3
2026-03-19 22:20:00,34.27,62.38,38.16,30.35,1063,1097.7,22,3
2026-03-19 22:25:00,39.21,61.84,37.94,33.42,1041,1189.0,22,3
2026-03-19 22:30:00,32.61,60.82,38.21,42.42,1011,1121.4,22,3
2026-03-19 22:35:00,33.94,60.27,38.79,34.6,956,1172.7,22,3
2026-03-19 22:40:00,40.56,58.59,38.46,37.81,1007,1167.0,22,3
2026-03-19 22:45:00,34.67,59.08,38.11,35.74,960,1074.3,22,3
2026-03-19 22:50:00,39.45,58.93,37.78,41.19,923,1093.6,22,3
2026-03-19 22:55:00,30.08,57.3,38.25,30.51,912,953.4,22,3
2026-03-19 23:00:00,30.76,57.08,38.45,24.12,809,1110.9,23,3
2026-03-19 23:05:00,29.67,58.66,38.59,26.24,969,927.9,23,3
2026-03-19 23:10:00,33.17,58.55,38.09,33.7,751,892.8,23,3
2026-03-19 23:15:00,25.04,58.48,38.11,30.55,849,906.9,23,3
2026-03-19 23:20:00,32.05,57.68,38.41,30.55,895,895.6,23,3
2026-03-19 23:25:00,28.9,57.78,38.42,38.06,849,980.0,23,3
2026-03-19 23:30:00,32.59,57.48,38.46,32.92,805,1050.7,23,3
2026-03-19 23:35:00,29.69,57.02,38.39,37.55,792,776.0,23,3
2026-03-19 23:40:00,30.93,57.4,39.07,27.58,806,925.3,23,3
2026-03-19 23:45:00,24.29,56.83,38.15,27.7,783,805.4,23,3
2026-03-19 23:50:00,33.22,56.34,38.67,32.76,771,928.0,23,3
2026-03-19 23:55:00,31.73,55.36,38.94,26.21,712,776.1,23,3
2026-03-20 00:00:00,26.72,56.29,34.34,34.91,768,720.1,0,4
2026-03-20 00:05:00,25.76,55.27,34.67,24.1,727,693.0,0,4
2026-03-20 00:10:00,29.71,54.49,35.47,30.78,710,912.9,0,4
2026-03-20 00:15:00,28.64,55.22,35.13,32.5,709,778.8,0,4
2026-03-20 00:20:00,24.76,54.8,34.71,27.94,731,684.0,0,4
2026-03-20 00:25:00,28.21,53.99,35.12,18.21,698,733.9,0,4
2026-03-20 00:30:00,26.48,53.92,35.29,24.8,619,602.4,0,4
2026-03-20 00:35:00,30.26,51.66,35.05,33.64,600,790.0,0,4
2026-03-20 00:40:00,25.76,49.45,35.25,27.48,579,698.6,0,4
2026-03-20 00:45:00,23.12,48.05,35.2,22.07,584,585.5,0,4
2026-03-20 00:50:00,26.64,48.76,34.56,29.45,628,795.9,0,4
2026-03-20 00:55:00,29.29,48.42,35.3,29.3,580,723.9,0,4
2026-03-20 01:00:00,25.24,47.24,35.43,19.37,466,549.4,1,4
2026-03-20 01:05:00,25.69,47.48,35.34,21.43,531,497.5,1,4
2026-03-20 01:10:00,27.99,47.57,35.18,28.47,527,674.8,1,4
2026-03-20 01:15:00,35.29,59.89,34.99,36.3,831,994.0,1,4
2026-03-20 01:20:00,24.46,47.39,35.32,24.76,470,484.9,1,4
2026-03-20 01:25:00,22.19,47.43,35.0,25.73,599,647.0,1,4
2026-03-20 01:30:00,19.95,46.13,35.46,22.13,493,561.6,1,4
2026-03-20 01:35:00,31.65,47.66,35.04,19.65,557,566.2,1,4
2026-03-20 01:40:00,25.42,46.89,35.16,22.91,479,648.4,1,4
2026-03-20 01:45:00,22.59,48.1,35.53,27.14,480,539.4,1,4
2026-03-20 01:50:00,24.71,47.59,34.68,15.93,489,447.7,1,4
2026-03-20 01:55:00,22.01,48.59,35.42,23.1,480,561.0,1,4
2026-03-20 02:00:00,25.63,47.64,35.39,26.12,456,593.6,2,4
2026-03-20 02:05:00,22.27,47.06,35.65,24.95,408,480.7,2,4
2026-03-20 02:10:00,24.12,46.38,35.73,23.31,370,385.2,2,4
2026-03-20 02:15:00,20.92,46.71,34.96,17.06,382,385.4,2,4
