timestamp,cpu_usage,ram_usage,disk_usage,network_usage,active_users,request_rate,hour,day_of_week,previous_cpu,previous_ram,previous_disk,previous_network,previous_request_rate,previous_active_users,rolling_cpu_mean,rolling_ram_mean,rolling_request_rate,target_cpu,target_ram
2026-03-01 00:05:00,23.63,44.36,36.78,14.83,470,453.9,0,6,22.51,45.69,37.24,27.37,665.1,529,23.07,45.025,559.5,18.97,45.58
2026-03-01 00:10:00,24.24,43.59,37.0,21.08,455,525.2,0,6,23.63,44.36,36.78,14.83,453.9,470,23.459999999999997,44.54666666666666,548.0666666666667,20.14,46.41
2026-03-01 00:15:00,20.56,45.46,36.65,21.53,450,447.2,0,6,24.24,43.59,37.0,21.08,525.2,455,22.81,44.47,475.43333333333334,22.82,46.25
2026-03-01 00:20:00,18.97,45.58,37.03,25.73,411,502.8,0,6,20.56,45.46,36.65,21.53,447.2,450,21.256666666666664,44.876666666666665,491.73333333333335,24.59,47.25
2026-03-01 00:25:00,20.14,46.41,36.46,21.82,413,393.9,0,6,18.97,45.58,37.03,25.73,502.8,411,19.89,45.81666666666666,447.9666666666667,25.92,47.33
2026-03-01 00:30:00,22.82,46.25,37.29,26.77,475,627.3,0,6,20.14,46.41,36.46,21.82,393.9,413,20.643333333333334,46.07999999999999,508.0,18.65,46.54
2026-03-01 00:35:00,24.59,47.25,36.82,25.74,493,573.9,0,6,22.82,46.25,37.29,26.77,627.3,475,22.516666666666666,46.63666666666666,531.6999999999999,51.67,46.37
2026-03-01 00:40:00,25.92,47.33,36.43,25.64,583,619.4,0,6,24.59,47.25,36.82,25.74,573.9,493,24.44333333333333,46.943333333333335,606.8666666666667,19.85,45.62
2026-03-01 00:45:00,18.65,46.54,37.15,23.76,388,377.7,0,6,25.92,47.33,36.43,25.64,619.4,583,23.05333333333333,47.04,523.6666666666666,22.63,46.02
2026-03-01 00:50:00,51.67,46.37,56.47,24.33,477,648.7,0,6,18.65,46.54,37.15,23.76,377.7,388,32.08,46.74666666666667,548.6,23.14,45.63
2026-03-01 00:55:00,19.85,45.62,37.45,11.81,357,381.6,0,6,51.67,46.37,56.47,24.33,648.7,477,30.05666666666666,46.176666666666655,469.3333333333333,28.76,45.85
2026-03-01 01:00:00,22.63,46.02,37.01,21.5,448,458.3,1,6,19.85,45.62,37.45,11.81,381.6,357,31.383333333333336,46.00333333333333,496.20000000000005,24.47,43.73
2026-03-01 01:05:00,23.14,45.63,36.91,26.02,480,518.5,1,6,22.63,46.02,37.01,21.5,458.3,448,21.873333333333335,45.75666666666666,452.8,20.72,44.06
2026-03-01 01:10:00,28.76,45.85,37.36,19.07,407,407.8,1,6,23.14,45.63,36.91,26.02,518.5,480,24.843333333333334,45.833333333333336,461.53333333333336,27.52,44.21
2026-03-01 01:15:00,24.47,43.73,37.4,23.89,344,465.0,1,6,28.76,45.85,37.36,19.07,407.8,407,25.456666666666667,45.06999999999999,463.7666666666667,21.08,43.94
2026-03-01 01:20:00,20.72,44.06,37.29,19.34,323,330.8,1,6,24.47,43.73,37.4,23.89,465.0,344,24.650000000000002,44.54666666666666,401.20000000000005,25.99,43.01
2026-03-01 01:25:00,27.52,44.21,37.48,26.24,399,542.4,1,6,20.72,44.06,37.29,19.34,330.8,323,24.236666666666665,44.0,446.0666666666668,24.77,42.2
2026-03-01 01:30:00,21.08,43.94,36.84,17.77,350,355.4,1,6,27.52,44.21,37.48,26.24,542.4,399,23.106666666666666,44.07,409.53333333333336,22.38,42.88
2026-03-01 01:35:00,25.99,43.01,37.31,23.33,378,530.9,1,6,21.08,43.94,36.84,17.77,355.4,350,24.863333333333333,43.72,476.23333333333335,16.04,41.59
2026-03-01 01:40:00,24.77,42.2,37.31,30.16,405,571.1,1,6,25.99,43.01,37.31,23.33,530.9,378,23.94666666666667,43.04999999999999,485.8,16.36,41.5
2026-03-01 01:45:00,22.38,42.88,37.68,30.26,365,456.8,1,6,24.77,42.2,37.31,30.16,571.1,405,24.38,42.696666666666665,519.6,14.35,43.29
2026-03-01 01:50:00,16.04,41.59,37.64,14.57,305,334.3,1,6,22.38,42.88,37.68,30.26,456.8,365,21.063333333333333,42.223333333333336,454.0666666666668,21.08,41.82
2026-03-01 01:55:00,16.36,41.5,37.29,17.56,347,396.1,1,6,16.04,41.59,37.64,14.57,334.3,305,18.26,41.99,395.7333333333334,18.02,42.34
2026-03-01 02:00:00,14.35,43.29,37.6,13.21,314,280.6,2,6,16.36,41.5,37.29,17.56,396.1,347,15.583333333333334,42.12666666666667,337.00000000000006,15.75,42.13
2026-03-01 02:05:00,21.08,41.82,37.09,21.91,298,282.1,2,6,14.35,43.29,37.6,13.21,280.6,314,17.263333333333332,42.203333333333326,319.6000000000001,16.78,41.9
2026-03-01 02:10:00,18.02,42.34,36.66,13.89,294,332.2,2,6,21.08,41.82,37.09,21.91,282.1,298,17.816666666666666,42.48333333333333,298.3,28.67,42.01
2026-03-01 02:15:00,15.75,42.13,37.45,20.44,301,359.7,2,6,18.02,42.34,36.66,13.89,332.2,294,18.28333333333333,42.09666666666667,324.6666666666667,24.3,43.28
2026-03-01 02:20:00,16.78,41.9,37.11,16.08,250,242.8,2,6,15.75,42.13,37.45,20.44,359.7,301,16.849999999999998,42.123333333333335,311.56666666666666,18.42,43.77
2026-03-01 02:25:00,28.67,42.01,37.46,18.54,331,365.9,2,6,16.78,41.9,37.11,16.08,242.8,250,20.400000000000002,42.01333333333333,322.8,17.11,44.8
2026-03-01 02:30:00,24.3,43.28,37.62,24.55,383,472.2,2,6,28.67,42.01,37.46,18.54,365.9,331,23.25,42.39666666666667,360.3,13.76,45.51
2026-03-01 02:35:00,18.42,43.77,37.11,17.75,313,433.4,2,6,24.3,43.28,37.62,24.55,472.2,383,23.79666666666667,43.02,423.8333333333333,24.45,44.49
2026-03-01 02:40:00,17.11,44.8,36.82,19.44,345,352.6,2,6,18.42,43.77,37.11,17.75,433.4,313,19.943333333333335,43.949999999999996,419.40000000000003,16.87,44.8
2026-03-01 02:45:00,13.76,45.51,37.86,27.63,282,380.4,2,6,17.11,44.8,36.82,19.44,352.6,345,16.43,44.69333333333333,388.8,19.4,44.75
2026-03-01 02:50:00,24.45,44.49,37.6,17.02,331,395.4,2,6,13.76,45.51,37.86,27.63,380.4,282,18.44,44.93333333333333,376.1333333333334,16.37,44.11
2026-03-01 02:55:00,16.87,44.8,37.46,16.55,212,192.9,2,6,24.45,44.49,37.6,17.02,395.4,331,18.36,44.93333333333334,322.90000000000003,23.55,44.0
2026-03-01 03:00:00,19.4,44.75,37.89,20.29,289,326.4,3,6,16.87,44.8,37.46,16.55,192.9,212,20.24,44.68,304.90000000000003,13.8,43.24
2026-03-01 03:05:00,16.37,44.11,37.33,23.55,282,373.6,3,6,19.4,44.75,37.89,20.29,326.4,289,17.546666666666667,44.553333333333335,297.6333333333334,18.84,41.3
2026-03-01 03:10:00,23.55,44.0,37.74,14.44,324,439.4,3,6,16.37,44.11,37.33,23.55,373.6,282,19.77333333333333,44.28666666666667,379.8,21.01,40.48
2026-03-01 03:15:00,13.8,43.24,36.86,23.22,229,254.1,3,6,23.55,44.0,37.74,14.44,439.4,324,17.90666666666667,43.78333333333334,355.70000000000005,21.4,40.44
2026-03-01 03:20:00,18.84,41.3,37.19,19.43,312,335.9,3,6,13.8,43.24,36.86,23.22,254.1,229,18.73,42.846666666666664,343.1333333333334,18.08,39.35
2026-03-01 03:25:00,21.01,40.48,37.17,13.02,188,178.5,3,6,18.84,41.3,37.19,19.43,335.9,312,17.883333333333336,41.673333333333325,256.1666666666667,21.12,40.72
2026-03-01 03:30:00,21.4,40.44,37.25,19.4,289,402.8,3,6,21.01,40.48,37.17,13.02,178.5,188,20.416666666666668,40.74,305.73333333333335,21.99,42.25
2026-03-01 03:35:00,18.08,39.35,37.03,24.18,238,245.8,3,6,21.4,40.44,37.25,19.4,402.8,289,20.16333333333333,40.089999999999996,275.70000000000005,18.06,41.99
2026-03-01 03:40:00,21.12,40.72,37.14,17.79,267,328.2,3,6,18.08,39.35,37.03,24.18,245.8,238,20.2,40.169999999999995,325.6000000000001,20.91,41.27
2026-03-01 03:45:00,21.99,42.25,37.36,20.48,335,354.9,3,6,21.12,40.72,37.14,17.79,328.2,267,20.396666666666665,40.77333333333333,309.6333333333334,23.49,41.78
2026-03-01 03:50:00,18.06,41.99,37.28,19.11,345,454.4,3,6,21.99,42.25,37.36,20.48,354.9,335,20.39,41.653333333333336,379.1666666666667,20.52,40.22
2026-03-01 03:55:00,20.91,41.27,37.93,16.94,118,153.2,3,6,18.06,41.99,37.28,19.11,454.4,345,20.319999999999997,41.836666666666666,320.8333333333333,12.47,41.02
2026-03-01 04:00:00,23.49,41.78,37.93,28.16,327,453.6,4,6,20.91,41.27,37.93,16.94,153.2,118,20.819999999999997,41.68,353.7333333333334,20.69,42.27
2026-03-01 04:05:00,20.52,40.22,37.75,21.81,186,276.8,4,6,23.49,41.78,37.93,28.16,453.6,327,21.639999999999997,41.09,294.53333333333336,12.94,42.61
2026-03-01 04:10:00,12.47,41.02,38.18,8.09,210,223.7,4,6,20.52,40.22,37.75,21.81,276.8,186,18.826666666666664,41.00666666666667,318.03333333333336,19.94,41.92
2026-03-01 04:15:00,20.69,42.27,37.68,19.23,306,323.0,4,6,12.47,41.02,38.18,8.09,223.7,210,17.893333333333334,41.17,274.50000000000006,23.98,42.79
2026-03-01 04:20:00,12.94,42.61,37.24,13.94,272,318.2,4,6,20.69,42.27,37.68,19.23,323.0,306,15.366666666666667,41.96666666666667,288.3,21.68,42.23
2026-03-01 04:25:00,19.94,41.92,37.7,17.47,230,250.9,4,6,12.94,42.61,37.24,13.94,318.2,272,17.85666666666667,42.266666666666666,297.36666666666673,30.93,44.06
2026-03-01 04:30:00,23.98,42.79,37.88,18.0,368,347.0,4,6,19.94,41.92,37.7,17.47,250.9,230,18.953333333333333,42.44,305.36666666666673,17.82,42.9
2026-03-01 04:35:00,21.68,42.23,37.27,17.21,303,374.2,4,6,23.98,42.79,37.88,18.0,347.0,368,21.86666666666667,42.31333333333333,324.03333333333336,20.24,43.44
2026-03-01 04:40:00,30.93,44.06,37.96,14.77,410,503.8,4,6,21.68,42.23,37.27,17.21,374.2,303,25.53,43.026666666666664,408.3333333333333,18.77,43.88
2026-03-01 04:45:00,17.82,42.9,37.63,22.98,297,290.4,4,6,30.93,44.06,37.96,14.77,503.8,410,23.476666666666663,43.06333333333333,389.4666666666667,15.22,44.82
2026-03-01 04:50:00,20.24,43.44,37.83,21.85,338,307.3,4,6,17.82,42.9,37.63,22.98,290.4,297,22.99666666666667,43.46666666666667,367.1666666666667,22.14,46.19
2026-03-01 04:55:00,18.77,43.88,38.19,21.55,286,405.6,4,6,20.24,43.44,37.83,21.85,307.3,338,18.94333333333333,43.406666666666666,334.4333333333334,24.56,46.37
2026-03-01 05:00:00,15.22,44.82,37.1,28.11,345,366.0,5,6,18.77,43.88,38.19,21.55,405.6,286,18.076666666666668,44.04666666666666,359.6333333333334,25.01,46.55
2026-03-01 05:05:00,22.14,46.19,37.33,21.34,422,530.9,5,6,15.22,44.82,37.1,28.11,366.0,345,18.71,44.96333333333333,434.16666666666674,20.95,45.04
2026-03-01 05:10:00,24.56,46.37,37.52,19.39,346,452.2,5,6,22.14,46.19,37.33,21.34,530.9,422,20.64,45.79333333333333,449.70000000000005,25.58,45.82
2026-03-01 05:15:00,25.01,46.55,38.39,24.93,402,471.3,5,6,24.56,46.37,37.52,19.39,452.2,346,23.903333333333336,46.370000000000005,484.8,18.83,43.74
2026-03-01 05:20:00,20.95,45.04,37.52,10.91,361,297.5,5,6,25.01,46.55,38.39,24.93,471.3,402,23.506666666666664,45.98666666666667,407.00000000000006,28.79,44.46
2026-03-01 05:25:00,25.58,45.82,37.87,19.61,335,448.1,5,6,20.95,45.04,37.52,10.91,297.5,361,23.846666666666664,45.803333333333335,405.6333333333334,20.58,44.2
2026-03-01 05:30:00,18.83,43.74,38.52,20.41,323,382.3,5,6,25.58,45.82,37.87,19.61,448.1,335,21.786666666666665,44.86666666666667,375.96666666666675,19.53,43.78
2026-03-01 05:35:00,28.79,44.46,37.88,23.62,407,563.2,5,6,18.83,43.74,38.52,20.41,382.3,323,24.399999999999995,44.67333333333334,464.5333333333335,19.02,44.48
2026-03-01 05:40:00,20.58,44.2,38.25,22.72,388,380.2,5,6,28.79,44.46,37.88,23.62,563.2,407,22.73333333333333,44.13333333333333,441.9000000000001,23.11,45.2
2026-03-01 05:45:00,19.53,43.78,37.67,17.49,333,331.4,5,6,20.58,44.2,38.25,22.72,380.2,388,22.966666666666665,44.14666666666667,424.93333333333345,21.57,43.91
2026-03-01 05:50:00,19.02,44.48,38.2,22.41,391,397.1,5,6,19.53,43.78,37.67,17.49,331.4,333,19.71,44.153333333333336,369.5666666666668,16.48,42.39
2026-03-01 05:55:00,23.11,45.2,37.36,23.32,371,440.2,5,6,19.02,44.48,38.2,22.41,397.1,391,20.55333333333333,44.48666666666667,389.5666666666668,23.59,44.37
2026-03-01 06:00:00,21.57,43.91,37.96,19.72,348,367.4,6,6,23.11,45.2,37.36,23.32,440.2,371,21.23333333333333,44.53,401.5666666666668,24.98,44.31
2026-03-01 06:05:00,16.48,42.39,38.18,17.54,362,364.5,6,6,21.57,43.91,37.96,19.72,367.4,348,20.386666666666667,43.833333333333336,390.7000000000001,22.42,43.55
2026-03-01 06:10:00,23.59,44.37,38.69,15.57,409,453.2,6,6,16.48,42.39,38.18,17.54,364.5,362,20.546666666666667,43.556666666666665,395.0333333333335,30.69,44.53
2026-03-01 06:15:00,24.98,44.31,37.91,27.89,378,477.2,6,6,23.59,44.37,38.69,15.57,453.2,409,21.683333333333334,43.69,431.63333333333344,23.9,45.58
2026-03-01 06:20:00,22.42,43.55,38.19,14.32,467,427.4,6,6,24.98,44.31,37.91,27.89,477.2,378,23.66333333333333,44.076666666666675,452.6000000000001,28.62,45.24
2026-03-01 06:25:00,30.69,44.53,37.58,25.04,459,660.0,6,6,22.42,43.55,38.19,14.32,427.4,467,26.03,44.129999999999995,521.5333333333334,20.62,45.29
2026-03-01 06:30:00,23.9,45.58,37.99,23.79,459,451.6,6,6,30.69,44.53,37.58,25.04,660.0,459,25.669999999999998,44.553333333333335,513.0000000000001,27.49,46.59
2026-03-01 06:35:00,28.62,45.24,37.81,27.64,422,552.4,6,6,23.9,45.58,37.99,23.79,451.6,459,27.736666666666665,45.11666666666667,554.6666666666669,20.53,45.83
2026-03-01 06:40:00,20.62,45.29,37.1,33.97,453,600.1,6,6,28.62,45.24,37.81,27.64,552.4,422,24.38,45.370000000000005,534.7000000000002,19.2,45.09
2026-03-01 06:45:00,27.49,46.59,38.35,23.27,482,503.3,6,6,20.62,45.29,37.1,33.97,600.1,453,25.576666666666668,45.70666666666667,551.9333333333335,24.96,45.91
2026-03-01 06:50:00,20.53,45.83,38.22,19.22,461,506.0,6,6,27.49,46.59,38.35,23.27,503.3,482,22.88,45.90333333333333,536.4666666666668,19.96,45.03
2026-03-01 06:55:00,19.2,45.09,37.91,25.95,459,623.7,6,6,20.53,45.83,38.22,19.22,506.0,461,22.406666666666666,45.836666666666666,544.3333333333335,26.31,46.99
2026-03-01 07:00:00,24.96,45.91,37.95,17.99,493,607.0,7,6,19.2,45.09,37.91,25.95,623.7,459,21.563333333333333,45.60999999999999,578.9000000000001,23.48,47.36
2026-03-01 07:05:00,19.96,45.03,37.79,30.37,509,548.4,7,6,24.96,45.91,37.95,17.99,607.0,493,21.373333333333335,45.343333333333334,593.0333333333334,27.01,48.14
2026-03-01 07:10:00,26.31,46.99,38.4,27.95,488,615.3,7,6,19.96,45.03,37.79,30.37,548.4,509,23.743333333333336,45.97666666666667,590.2333333333335,25.36,49.1
2026-03-01 07:15:00,23.48,47.36,38.81,18.95,573,557.8,7,6,26.31,46.99,38.4,27.95,615.3,488,23.25,46.46,573.8333333333334,43.78,60.98
2026-03-01 07:20:00,27.01,48.14,37.84,23.87,514,566.6,7,6,23.48,47.36,38.81,18.95,557.8,573,25.599999999999998,47.49666666666667,579.9000000000001,55.69,47.82
2026-03-01 07:25:00,25.36,49.1,37.67,16.28,573,587.8,7,6,27.01,48.14,37.84,23.87,566.6,514,25.28333333333333,48.199999999999996,570.7333333333335,23.45,48.02
2026-03-01 07:30:00,43.78,60.98,37.36,32.74,847,1024.3,7,6,25.36,49.1,37.67,16.28,587.8,573,32.050000000000004,52.74,726.2333333333335,27.33,48.75
2026-03-01 07:35:00,55.69,47.82,37.89,24.65,553,640.0,7,6,43.78,60.98,37.36,32.74,1024.3,847,41.60999999999999,52.633333333333326,750.7000000000002,26.46,48.59
2026-03-01 07:40:00,23.45,48.02,37.79,28.92,519,500.0,7,6,55.69,47.82,37.89,24.65,640.0,553,40.97333333333333,52.27333333333333,721.4333333333334,24.08,49.04
2026-03-01 07:45:00,27.33,48.75,38.23,23.14,568,729.5,7,6,23.45,48.02,37.79,28.92,500.0,519,35.489999999999995,48.196666666666665,623.1666666666667,26.07,48.75
2026-03-01 07:50:00,26.46,48.59,37.96,26.62,639,798.8,7,6,27.33,48.75,38.23,23.14,729.5,568,25.746666666666666,48.45333333333334,676.1,23.85,50.12
2026-03-01 07:55:00,24.08,49.04,38.33,24.78,581,699.6,7,6,26.46,48.59,37.96,26.62,798.8,639,25.956666666666663,48.79333333333333,742.6333333333333,30.23,51.86
2026-03-01 08:00:00,26.07,48.75,38.25,29.66,571,770.7,8,6,24.08,49.04,38.33,24.78,699.6,581,25.53666666666666,48.79333333333333,756.3666666666668,34.23,52.83
2026-03-01 08:05:00,23.85,50.12,38.24,21.14,542,523.1,8,6,26.07,48.75,38.25,29.66,770.7,571,24.666666666666668,49.303333333333335,664.4666666666668,29.62,52.23
2026-03-01 08:10:00,30.23,51.86,38.08,30.39,686,749.3,8,6,23.85,50.12,38.24,21.14,523.1,542,26.71666666666667,50.24333333333333,681.0333333333334,29.11,53.83
2026-03-01 08:15:00,34.23,52.83,38.39,36.9,662,904.1,8,6,30.23,51.86,38.08,30.39,749.3,686,29.436666666666664,51.60333333333333,725.5,29.36,53.8
2026-03-01 08:20:00,29.62,52.23,38.58,28.78,638,777.6,8,6,34.23,52.83,38.39,36.9,904.1,662,31.36,52.306666666666665,810.3333333333334,28.46,53.73
2026-03-01 08:25:00,29.11,53.83,38.28,25.58,668,691.1,8,6,29.62,52.23,38.58,28.78,777.6,638,30.986666666666665,52.96333333333333,790.9333333333334,25.69,53.81
2026-03-01 08:30:00,29.36,53.8,37.91,36.2,733,929.1,8,6,29.11,53.83,38.28,25.58,691.1,668,29.36333333333333,53.28666666666666,799.2666666666668,37.07,52.87
2026-03-01 08:35:00,28.46,53.73,38.22,37.53,669,899.3,8,6,29.36,53.8,37.91,36.2,929.1,733,28.976666666666663,53.78666666666666,839.8333333333334,21.15,53.69
2026-03-01 08:40:00,25.69,53.81,38.08,30.8,647,832.0,8,6,28.46,53.73,38.22,37.53,899.3,669,27.836666666666662,53.78,886.8000000000002,35.34,54.83
2026-03-01 08:45:00,37.07,52.87,38.07,25.41,704,910.4,8,6,25.69,53.81,38.08,30.8,832.0,647,30.406666666666666,53.47,880.5666666666667,28.99,53.43
2026-03-01 08:50:00,21.15,53.69,38.63,24.83,694,614.1,8,6,37.07,52.87,38.07,25.41,910.4,704,27.97,53.45666666666667,785.5,25.45,51.33
2026-03-01 08:55:00,35.34,54.83,38.52,35.39,770,1055.0,8,6,21.15,53.69,38.63,24.83,614.1,694,31.186666666666667,53.79666666666666,859.8333333333334,39.92,63.83
2026-03-01 09:00:00,28.99,53.43,38.11,30.17,768,824.0,9,6,35.34,54.83,38.52,35.39,1055.0,770,28.49333333333333,53.98333333333333,831.0333333333334,23.93,50.72
2026-03-01 09:05:00,25.45,51.33,38.56,20.71,751,702.2,9,6,28.99,53.43,38.11,30.17,824.0,768,29.926666666666662,53.196666666666665,860.4000000000001,31.96,50.75
2026-03-01 09:10:00,39.92,63.83,38.61,48.85,1133,1048.7,9,6,25.45,51.33,38.56,20.71,702.2,751,31.45333333333333,56.196666666666665,858.3000000000002,41.46,50.98
2026-03-01 09:15:00,23.93,50.72,38.56,34.74,776,725.7,9,6,39.92,63.83,38.61,48.85,1048.7,1133,29.766666666666666,55.29333333333333,825.5333333333334,31.73,53.11
2026-03-01 09:20:00,31.96,50.75,38.5,35.73,812,977.0,9,6,23.93,50.72,38.56,34.74,725.7,776,31.936666666666667,55.1,917.1333333333336,31.28,51.88
2026-03-01 09:25:00,41.46,50.98,38.45,42.94,817,1120.0,9,6,31.96,50.75,38.5,35.73,977.0,812,32.449999999999996,50.81666666666666,940.9000000000001,37.32,52.26
2026-03-01 09:30:00,31.73,53.11,38.53,39.93,778,980.7,9,6,41.46,50.98,38.45,42.94,1120.0,817,35.05,51.61333333333332,1025.8999999999999,30.12,53.06
2026-03-01 09:35:00,31.28,51.88,38.6,35.07,786,1002.2,9,6,31.73,53.11,38.53,39.93,980.7,778,34.82333333333333,51.99,1034.3,34.12,53.22
2026-03-01 09:40:00,37.32,52.26,38.68,34.5,779,1082.0,9,6,31.28,51.88,38.6,35.07,1002.2,786,33.44333333333333,52.416666666666664,1021.6333333333336,26.33,54.45
2026-03-01 09:45:00,30.12,53.06,38.51,35.61,886,1009.7,9,6,37.32,52.26,38.68,34.5,1082.0,779,32.90666666666666,52.4,1031.3000000000002,27.9,53.99
2026-03-01 09:50:00,34.12,53.22,37.58,36.6,889,1004.1,9,6,30.12,53.06,38.51,35.61,1009.7,886,33.85333333333333,52.84666666666667,1031.9333333333334,35.97,54.86
2026-03-01 09:55:00,26.33,54.45,38.56,29.95,903,925.2,9,6,34.12,53.22,37.58,36.6,1004.1,889,30.189999999999998,53.576666666666675,979.6666666666669,38.52,55.18
2026-03-01 10:00:00,27.9,53.99,38.72,40.94,804,1070.2,10,6,26.33,54.45,38.56,29.95,925.2,903,29.45,53.88666666666666,999.8333333333334,40.52,53.29
2026-03-01 10:05:00,35.97,54.86,38.54,40.66,949,1145.3,10,6,27.9,53.99,38.72,40.94,1070.2,804,30.066666666666663,54.43333333333334,1046.9,32.62,55.25
2026-03-01 10:10:00,38.52,55.18,37.88,38.5,925,1222.2,10,6,35.97,54.86,38.54,40.66,1145.3,949,34.13,54.67666666666667,1145.8999999999999,37.55,56.49
2026-03-01 10:15:00,40.52,53.29,38.44,47.89,942,1285.0,10,6,38.52,55.18,37.88,38.5,1222.2,925,38.33666666666667,54.44333333333333,1217.5,34.81,56.84
2026-03-01 10:20:00,32.62,55.25,38.57,35.99,905,1155.3,10,6,40.52,53.29,38.44,47.89,1285.0,942,37.220000000000006,54.57333333333333,1220.8333333333333,35.4,57.37
2026-03-01 10:25:00,37.55,56.49,38.87,43.73,958,1274.2,10,6,32.62,55.25,38.57,35.99,1155.3,905,36.89666666666667,55.01,1238.1666666666667,29.94,55.5
2026-03-01 10:30:00,34.81,56.84,38.65,38.33,937,1168.6,10,6,37.55,56.49,38.87,43.73,1274.2,958,34.99333333333333,56.193333333333335,1199.3666666666668,40.52,55.93
2026-03-01 10:35:00,35.4,57.37,38.95,33.7,908,1068.0,10,6,34.81,56.84,38.65,38.33,1168.6,937,35.919999999999995,56.900000000000006,1170.2666666666667,39.55,57.06
2026-03-01 10:40:00,29.94,55.5,38.15,32.46,938,1074.2,10,6,35.4,57.37,38.95,33.7,1068.0,908,33.38333333333333,56.57,1103.6000000000001,36.67,57.11
2026-03-01 10:45:00,40.52,55.93,39.24,29.6,1057,1288.0,10,6,29.94,55.5,38.15,32.46,1074.2,938,35.28666666666667,56.26666666666667,1143.4,31.7,57.84
2026-03-01 10:50:00,39.55,57.06,38.83,39.01,1084,1149.5,10,6,40.52,55.93,39.24,29.6,1288.0,1057,36.67,56.163333333333334,1170.5666666666668,28.21,58.47
2026-03-01 10:55:00,36.67,57.11,38.55,35.62,1020,1418.1,10,6,39.55,57.06,38.83,39.01,1149.5,1084,38.913333333333334,56.699999999999996,1285.2,37.7,58.77
2026-03-01 11:00:00,31.7,57.84,38.52,33.27,957,1176.2,11,6,36.67,57.11,38.55,35.62,1418.1,1020,35.973333333333336,57.336666666666666,1247.9333333333334,31.76,59.5
2026-03-01 11:05:00,28.21,58.47,38.77,35.41,1137,1096.1,11,6,31.7,57.84,38.52,33.27,1176.2,957,32.193333333333335,57.80666666666667,1230.1333333333334,36.02,60.18
2026-03-01 11:10:00,37.7,58.77,38.42,37.36,1087,1314.4,11,6,28.21,58.47,38.77,35.41,1096.1,1137,32.53666666666667,58.36000000000001,1195.5666666666666,34.29,62.02
2026-03-01 11:15:00,31.76,59.5,39.01,34.91,1064,1124.3,11,6,37.7,58.77,38.42,37.36,1314.4,1087,32.556666666666665,58.913333333333334,1178.2666666666667,35.98,61.65
2026-03-01 11:20:00,36.02,60.18,38.6,34.76,1188,1096.6,11,6,31.76,59.5,39.01,34.91,1124.3,1064,35.160000000000004,59.48333333333333,1178.4333333333334,40.09,60.24
2026-03-01 11:25:00,34.29,62.02,39.14,33.29,1030,1143.4,11,6,36.02,60.18,38.6,34.76,1096.6,1188,34.02333333333333,60.56666666666666,1121.4333333333334,40.21,60.46
2026-03-01 11:30:00,35.98,61.65,38.36,37.55,1124,1301.0,11,6,34.29,62.02,39.14,33.29,1143.4,1030,35.43,61.28333333333333,1180.3333333333333,33.75,61.36
2026-03-01 11:35:00,40.09,60.24,38.92,43.66,1087,1415.7,11,6,35.98,61.65,38.36,37.55,1301.0,1124,36.78666666666667,61.303333333333335,1286.7,50.32,61.97
2026-03-01 11:40:00,40.21,60.46,38.71,48.84,1163,1614.8,11,6,40.09,60.24,38.92,43.66,1415.7,1087,38.76,60.78333333333333,1443.8333333333333,28.3,61.98
2026-03-01 11:45:00,33.75,61.36,38.88,43.02,1101,1243.9,11,6,40.21,60.46,38.71,48.84,1614.8,1163,38.01666666666667,60.68666666666667,1424.8,42.19,62.0
2026-03-01 11:50:00,50.32,61.97,38.62,46.77,1156,1586.7,11,6,33.75,61.36,38.88,43.02,1243.9,1101,41.42666666666667,61.26333333333333,1481.8000000000002,38.52,61.23
2026-03-01 11:55:00,28.3,61.98,38.08,32.24,1115,1150.7,11,6,50.32,61.97,38.62,46.77,1586.7,1156,37.45666666666666,61.77,1327.1000000000001,43.25,60.74
2026-03-01 12:00:00,42.19,62.0,38.65,49.31,1184,1569.5,12,6,28.3,61.98,38.08,32.24,1150.7,1115,40.27,61.98333333333333,1435.6333333333334,38.73,59.48
2026-03-01 12:05:00,38.52,61.23,38.75,39.17,1160,1262.6,12,6,42.19,62.0,38.65,49.31,1569.5,1184,36.336666666666666,61.73666666666666,1327.6000000000001,33.28,60.9
2026-03-01 12:10:00,43.25,60.74,38.67,43.01,1303,1645.9,12,6,38.52,61.23,38.75,39.17,1262.6,1160,41.32,61.32333333333333,1492.6666666666667,32.57,61.13
2026-03-01 12:15:00,38.73,59.48,38.74,37.62,1225,1371.1,12,6,43.25,60.74,38.67,43.01,1645.9,1303,40.166666666666664,60.48333333333333,1426.5333333333335,36.84,61.24
2026-03-01 12:20:00,33.28,60.9,38.7,36.37,1168,1109.7,12,6,38.73,59.48,38.74,37.62,1371.1,1225,38.419999999999995,60.373333333333335,1375.5666666666666,37.07,61.79
2026-03-01 12:25:00,32.57,61.13,38.82,36.3,1204,1104.0,12,6,33.28,60.9,38.7,36.37,1109.7,1168,34.85999999999999,60.50333333333333,1194.9333333333334,43.36,61.87
2026-03-01 12:30:00,36.84,61.24,38.29,40.6,1252,1553.0,12,6,32.57,61.13,38.82,36.3,1104.0,1204,34.23,61.09,1255.5666666666666,41.34,61.71
2026-03-01 12:35:00,37.07,61.79,38.89,36.06,1237,1398.7,12,6,36.84,61.24,38.29,40.6,1553.0,1252,35.49333333333333,61.38666666666666,1351.9,45.13,62.36
2026-03-01 12:40:00,43.36,61.87,38.57,42.11,1203,1410.1,12,6,37.07,61.79,38.89,36.06,1398.7,1237,39.089999999999996,61.63333333333333,1453.9333333333334,43.18,62.82
2026-03-01 12:45:00,41.34,61.71,39.17,35.81,1152,1235.9,12,6,43.36,61.87,38.57,42.11,1410.1,1203,40.59,61.79,1348.2333333333333,39.21,63.51
2026-03-01 12:50:00,45.13,62.36,39.34,51.63,1260,1606.2,12,6,41.34,61.71,39.17,35.81,1235.9,1152,43.27666666666667,61.98,1417.3999999999999,43.96,65.46
2026-03-01 12:55:00,43.18,62.82,38.59,43.44,1276,1718.6,12,6,45.13,62.36,39.34,51.63,1606.2,1260,43.21666666666667,62.29666666666666,1520.2333333333336,42.54,64.77
2026-03-01 13:00:00,39.21,63.51,38.67,41.05,1260,1169.9,13,6,43.18,62.82,38.59,43.44,1718.6,1276,42.50666666666667,62.89666666666667,1498.2333333333333,37.65,65.26
2026-03-01 13:05:00,43.96,65.46,39.19,43.63,1300,1596.1,13,6,39.21,63.51,38.67,41.05,1169.9,1260,42.11666666666667,63.93,1494.8666666666668,41.76,65.89
2026-03-01 13:10:00,42.54,64.77,38.33,43.84,1329,1680.8,13,6,43.96,65.46,39.19,43.63,1596.1,1300,41.903333333333336,64.58,1482.2666666666667,41.43,66.2
2026-03-01 13:15:00,37.65,65.26,38.77,42.4,1281,1258.2,13,6,42.54,64.77,38.33,43.84,1680.8,1329,41.38333333333333,65.16333333333334,1511.7,42.81,66.13
2026-03-01 13:20:00,41.76,65.89,39.3,45.95,1347,1460.5,13,6,37.65,65.26,38.77,42.4,1258.2,1281,40.65,65.30666666666667,1466.5,45.46,65.49
2026-03-01 13:25:00,41.43,66.2,38.97,52.31,1312,1649.9,13,6,41.76,65.89,39.3,45.95,1460.5,1347,40.28,65.78333333333335,1456.2,41.97,65.42
2026-03-01 13:30:00,42.81,66.13,39.17,48.63,1237,1468.5,13,6,41.43,66.2,38.97,52.31,1649.9,1312,42.0,66.07333333333334,1526.3000000000002,50.11,65.23
2026-03-01 13:35:00,45.46,65.49,39.16,48.67,1367,1819.8,13,6,42.81,66.13,39.17,48.63,1468.5,1237,43.23333333333334,65.94,1646.0666666666668,35.12,67.31
2026-03-01 13:40:00,41.97,65.42,39.2,43.17,1312,1600.9,13,6,45.46,65.49,39.16,48.67,1819.8,1367,43.413333333333334,65.67999999999999,1629.7333333333336,51.09,67.02
2026-03-01 13:45:00,50.11,65.23,39.3,49.23,1321,1695.4,13,6,41.97,65.42,39.2,43.17,1600.9,1312,45.846666666666664,65.38,1705.3666666666668,39.76,66.74
2026-03-01 13:50:00,35.12,67.31,39.09,37.3,1399,1286.2,13,6,50.11,65.23,39.3,49.23,1695.4,1321,42.4,65.98666666666666,1527.5,46.13,67.18
2026-03-01 13:55:00,51.09,67.02,39.03,50.43,1426,1946.2,13,6,35.12,67.31,39.09,37.3,1286.2,1399,45.44,66.52,1642.6000000000004,40.21,65.38
2026-03-01 14:00:00,39.76,66.74,38.48,45.08,1400,1677.4,14,6,51.09,67.02,39.03,50.43,1946.2,1426,41.99,67.02333333333333,1636.6000000000001,41.74,63.13
2026-03-01 14:05:00,46.13,67.18,38.77,44.66,1371,1566.6,14,6,39.76,66.74,38.48,45.08,1677.4,1400,45.660000000000004,66.98,1730.0666666666668,39.51,64.54
2026-03-01 14:10:00,40.21,65.38,39.02,44.19,1311,1442.1,14,6,46.13,67.18,38.77,44.66,1566.6,1371,42.03333333333333,66.43333333333334,1562.0333333333335,48.31,64.6
2026-03-01 14:15:00,41.74,63.13,39.61,50.43,1355,1798.7,14,6,40.21,65.38,39.02,44.19,1442.1,1311,42.693333333333335,65.23,1602.4666666666665,42.4,64.64
2026-03-01 14:20:00,39.51,64.54,39.03,38.88,1392,1273.1,14,6,41.74,63.13,39.61,50.43,1798.7,1355,40.48666666666667,64.35,1504.6333333333334,50.21,64.17
2026-03-01 14:25:00,48.31,64.6,38.87,47.02,1342,1638.1,14,6,39.51,64.54,39.03,38.88,1273.1,1392,43.18666666666667,64.08999999999999,1569.9666666666665,34.7,63.58
2026-03-01 14:30:00,42.4,64.64,39.27,43.29,1388,1447.7,14,6,48.31,64.6,38.87,47.02,1638.1,1342,43.406666666666666,64.59333333333333,1452.9666666666665,41.97,64.03
2026-03-01 14:35:00,50.21,64.17,38.72,53.71,1426,1891.9,14,6,42.4,64.64,39.27,43.29,1447.7,1388,46.973333333333336,64.46999999999998,1659.2333333333336,45.85,66.06
2026-03-01 14:40:00,34.7,63.58,39.48,40.64,1353,1299.2,14,6,50.21,64.17,38.72,53.71,1891.9,1426,42.43666666666667,64.13,1546.2666666666667,38.19,65.2
2026-03-01 14:45:00,41.97,64.03,38.27,45.05,1379,1742.3,14,6,34.7,63.58,39.48,40.64,1299.2,1353,42.29333333333333,63.926666666666655,1644.466666666667,45.46,65.36
2026-03-01 14:50:00,45.85,66.06,38.94,47.94,1375,1673.4,14,6,41.97,64.03,38.27,45.05,1742.3,1379,40.839999999999996,64.55666666666666,1571.6333333333332,49.01,64.7
2026-03-01 14:55:00,38.19,65.2,39.66,43.6,1369,1451.6,14,6,45.85,66.06,38.94,47.94,1673.4,1375,42.00333333333333,65.09666666666665,1622.4333333333334,45.16,64.47
2026-03-01 15:00:00,45.46,65.36,40.14,45.49,1383,1596.5,15,6,38.19,65.2,39.66,43.6,1451.6,1369,43.166666666666664,65.54,1573.8333333333333,42.7,65.07
2026-03-01 15:05:00,49.01,64.7,38.99,57.69,1460,1960.7,15,6,45.46,65.36,40.14,45.49,1596.5,1383,44.22,65.08666666666666,1669.6000000000001,59.45,78.9
2026-03-01 15:10:00,45.16,64.47,39.52,45.0,1437,1660.2,15,6,49.01,64.7,38.99,57.69,1960.7,1460,46.54333333333333,64.84333333333332,1739.1333333333332,47.74,66.86
2026-03-01 15:15:00,42.7,65.07,38.9,59.06,1380,1810.9,15,6,45.16,64.47,39.52,45.0,1660.2,1437,45.623333333333335,64.74666666666666,1810.6000000000001,39.55,66.35
2026-03-01 15:20:00,59.45,78.9,39.52,69.9,2209,2450.4,15,6,42.7,65.07,38.9,59.06,1810.9,1380,49.10333333333333,69.48,1973.8333333333333,46.29,67.63
2026-03-01 15:25:00,47.74,66.86,39.58,48.16,1370,1875.2,15,6,59.45,78.9,39.52,69.9,2450.4,2209,49.96333333333334,70.27666666666666,2045.5000000000002,38.27,67.6
2026-03-01 15:30:00,39.55,66.35,39.41,50.42,1402,1636.0,15,6,47.74,66.86,39.58,48.16,1875.2,1370,48.913333333333334,70.70333333333333,1987.2,42.07,67.07
2026-03-01 15:35:00,46.29,67.63,39.12,49.78,1377,1576.8,15,6,39.55,66.35,39.41,50.42,1636.0,1402,44.526666666666664,66.94666666666666,1696.0,50.01,68.56
2026-03-01 15:40:00,38.27,67.6,39.18,44.25,1423,1452.3,15,6,46.29,67.63,39.12,49.78,1576.8,1377,41.37,67.19333333333331,1555.0333333333335,36.24,68.09
2026-03-01 15:45:00,42.07,67.07,39.33,52.27,1468,1783.4,15,6,38.27,67.6,39.18,44.25,1452.3,1423,42.21,67.43333333333332,1604.166666666667,43.75,68.79
2026-03-01 15:50:00,50.01,68.56,39.0,52.29,1351,1905.0,15,6,42.07,67.07,39.33,52.27,1783.4,1468,43.449999999999996,67.74333333333333,1713.5666666666668,38.86,68.03
2026-03-01 15:55:00,36.24,68.09,39.36,42.22,1416,1348.5,15,6,50.01,68.56,39.0,52.29,1905.0,1351,42.77333333333333,67.90666666666667,1678.966666666667,45.07,67.79
2026-03-01 16:00:00,43.75,68.79,39.56,49.89,1412,1868.2,16,6,36.24,68.09,39.36,42.22,1348.5,1416,43.333333333333336,68.48,1707.2333333333336,48.46,68.57
2026-03-01 16:05:00,38.86,68.03,38.84,45.11,1361,1395.9,16,6,43.75,68.79,39.56,49.89,1868.2,1412,39.61666666666667,68.30333333333333,1537.5333333333335,48.57,69.55
2026-03-01 16:10:00,45.07,67.79,39.68,50.33,1420,1775.6,16,6,38.86,68.03,38.84,45.11,1395.9,1361,42.56,68.20333333333333,1679.9000000000003,40.99,69.47
2026-03-01 16:15:00,48.46,68.57,39.55,42.18,1410,1913.1,16,6,45.07,67.79,39.68,50.33,1775.6,1420,44.129999999999995,68.13,1694.8666666666668,32.79,68.18
2026-03-01 16:20:00,48.57,69.55,39.58,53.47,1436,1629.3,16,6,48.46,68.57,39.55,42.18,1913.1,1410,47.36666666666667,68.63666666666666,1772.6666666666667,35.29,67.12
2026-03-01 16:25:00,40.99,69.47,39.88,44.12,1382,1490.9,16,6,48.57,69.55,39.58,53.47,1629.3,1436,46.00666666666667,69.19666666666666,1677.7666666666667,41.56,66.24
2026-03-01 16:30:00,32.79,68.18,39.36,30.49,1371,1125.5,16,6,40.99,69.47,39.88,44.12,1490.9,1382,40.78333333333333,69.06666666666666,1415.2333333333336,33.49,64.72
2026-03-01 16:35:00,35.29,67.12,39.8,39.99,1379,1246.8,16,6,32.79,68.18,39.36,30.49,1125.5,1371,36.35666666666667,68.25666666666666,1287.7333333333333,42.65,64.25
2026-03-01 16:40:00,41.56,66.24,39.41,50.9,1349,1614.5,16,6,35.29,67.12,39.8,39.99,1246.8,1379,36.54666666666667,67.17999999999999,1328.9333333333334,40.47,65.67
2026-03-01 16:45:00,33.49,64.72,39.57,44.07,1363,1446.8,16,6,41.56,66.24,39.41,50.9,1614.5,1349,36.78,66.02666666666666,1436.0333333333335,34.54,65.68
2026-03-01 16:50:00,42.65,64.25,39.21,39.13,1384,1667.8,16,6,33.49,64.72,39.57,44.07,1446.8,1363,39.233333333333334,65.07,1576.3666666666668,47.07,65.92
2026-03-01 16:55:00,40.47,65.67,39.45,48.22,1396,1708.6,16,6,42.65,64.25,39.21,39.13,1667.8,1384,38.87,64.88,1607.7333333333336,48.18,66.21
2026-03-01 17:00:00,34.54,65.68,39.39,41.29,1386,1373.3,17,6,40.47,65.67,39.45,48.22,1708.6,1396,39.22,65.2,1583.2333333333333,42.78,66.02
2026-03-01 17:05:00,47.07,65.92,40.0,45.26,1276,1672.7,17,6,34.54,65.68,39.39,41.29,1373.3,1386,40.693333333333335,65.75666666666667,1584.8666666666668,41.02,65.77
2026-03-01 17:10:00,48.18,66.21,39.72,51.68,1348,1876.8,17,6,47.07,65.92,40.0,45.26,1672.7,1276,43.26333333333333,65.93666666666667,1640.9333333333334,36.56,65.82
2026-03-01 17:15:00,42.78,66.02,39.43,47.08,1426,1843.4,17,6,48.18,66.21,39.72,51.68,1876.8,1348,46.01,66.05,1797.6333333333334,33.86,66.72
2026-03-01 17:20:00,41.02,65.77,39.27,40.25,1351,1632.8,17,6,42.78,66.02,39.43,47.08,1843.4,1426,43.99333333333334,65.99999999999999,1784.3333333333333,46.23,66.98
2026-03-01 17:25:00,36.56,65.82,39.52,43.21,1429,1354.5,17,6,41.02,65.77,39.27,40.25,1632.8,1351,40.12,65.86999999999999,1610.2333333333336,40.6,66.43
2026-03-01 17:30:00,33.86,66.72,39.44,38.95,1288,1153.0,17,6,36.56,65.82,39.52,43.21,1354.5,1429,37.14666666666667,66.10333333333334,1380.1000000000004,36.18,66.29
2026-03-01 17:35:00,46.23,66.98,39.2,45.22,1343,1843.6,17,6,33.86,66.72,39.44,38.95,1153.0,1288,38.88333333333333,66.50666666666666,1450.3666666666668,38.82,66.45
2026-03-01 17:40:00,40.6,66.43,39.36,48.73,1396,1861.3,17,6,46.23,66.98,39.2,45.22,1843.6,1343,40.23,66.71,1619.3000000000002,48.88,66.07
2026-03-01 17:45:00,36.18,66.29,39.28,51.46,1322,1454.4,17,6,40.6,66.43,39.36,48.73,1861.3,1396,41.00333333333333,66.56666666666666,1719.7666666666667,47.96,65.94
2026-03-01 17:50:00,38.82,66.45,39.54,45.29,1325,1640.3,17,6,36.18,66.29,39.28,51.46,1454.4,1322,38.53333333333334,66.39,1652.0,41.18,65.92
2026-03-01 17:55:00,48.88,66.07,39.48,54.08,1317,1913.7,17,6,38.82,66.45,39.54,45.29,1640.3,1325,41.29333333333333,66.27,1669.466666666667,47.6,63.61
2026-03-01 18:00:00,47.96,65.94,39.97,41.18,1293,1692.5,18,6,48.88,66.07,39.48,54.08,1913.7,1317,45.22,66.15333333333332,1748.8333333333337,34.66,62.55
2026-03-01 18:05:00,41.18,65.92,39.69,39.89,1302,1311.8,18,6,47.96,65.94,39.97,41.18,1692.5,1293,46.00666666666667,65.97666666666667,1639.3333333333333,37.7,63.04
2026-03-01 18:10:00,47.6,63.61,39.67,52.78,1336,1780.6,18,6,41.18,65.92,39.69,39.89,1311.8,1302,45.580000000000005,65.15666666666667,1594.966666666667,42.11,62.55
2026-03-01 18:15:00,34.66,62.55,39.88,38.31,1318,1345.0,18,6,47.6,63.61,39.67,52.78,1780.6,1336,41.14666666666667,64.02666666666666,1479.1333333333334,37.75,62.82
2026-03-01 18:20:00,37.7,63.04,39.77,34.63,1243,1175.9,18,6,34.66,62.55,39.88,38.31,1345.0,1318,39.986666666666665,63.06666666666666,1433.8333333333333,33.7,61.99
2026-03-01 18:25:00,42.11,62.55,39.42,45.35,1286,1586.8,18,6,37.7,63.04,39.77,34.63,1175.9,1243,38.156666666666666,62.71333333333333,1369.2333333333336,45.28,61.25
2026-03-01 18:30:00,37.75,62.82,39.42,48.73,1256,1713.9,18,6,42.11,62.55,39.42,45.35,1586.8,1286,39.18666666666667,62.80333333333332,1492.2,42.98,61.86
2026-03-01 18:35:00,33.7,61.99,39.62,42.06,1235,1247.9,18,6,37.75,62.82,39.42,48.73,1713.9,1256,37.85333333333333,62.453333333333326,1516.2,31.92,61.73
2026-03-01 18:40:00,45.28,61.25,39.74,31.81,1237,1488.3,18,6,33.7,61.99,39.62,42.06,1247.9,1235,38.910000000000004,62.01999999999999,1483.3666666666668,36.8,61.23
2026-03-01 18:45:00,42.98,61.86,40.52,49.13,1175,1534.7,18,6,45.28,61.25,39.74,31.81,1488.3,1237,40.653333333333336,61.699999999999996,1423.6333333333334,45.71,61.57
2026-03-01 18:50:00,31.92,61.73,40.04,32.15,1133,1094.0,18,6,42.98,61.86,40.52,49.13,1534.7,1175,40.06,61.61333333333332,1372.3333333333333,43.57,62.95
2026-03-01 18:55:00,36.8,61.23,39.62,33.01,1249,1103.2,18,6,31.92,61.73,40.04,32.15,1094.0,1133,37.23333333333333,61.606666666666655,1243.966666666667,36.57,63.18
2026-03-01 19:00:00,45.71,61.57,39.69,48.22,1243,1617.5,19,6,36.8,61.23,39.62,33.01,1103.2,1249,38.14333333333334,61.50999999999999,1271.5666666666668,44.49,62.34
2026-03-01 19:05:00,43.57,62.95,39.79,43.84,1257,1469.2,19,6,45.71,61.57,39.69,48.22,1617.5,1243,42.026666666666664,61.916666666666664,1396.6333333333334,35.06,62.96
2026-03-01 19:10:00,36.57,63.18,39.05,33.19,1157,1258.3,19,6,43.57,62.95,39.79,43.84,1469.2,1257,41.95,62.56666666666666,1448.3333333333333,31.53,61.67
2026-03-01 19:15:00,44.49,62.34,39.72,50.3,1222,1593.4,19,6,36.57,63.18,39.05,33.19,1258.3,1157,41.54333333333333,62.82333333333333,1440.3000000000002,41.91,62.28
2026-03-01 19:20:00,35.06,62.96,40.25,36.12,1123,1347.8,19,6,44.49,62.34,39.72,50.3,1593.4,1222,38.70666666666667,62.82666666666666,1399.8333333333337,41.47,62.3
2026-03-01 19:25:00,31.53,61.67,39.61,35.44,1107,955.8,19,6,35.06,62.96,40.25,36.12,1347.8,1123,37.02666666666667,62.32333333333332,1299.0000000000002,32.84,60.9
2026-03-01 19:30:00,41.91,62.28,39.7,35.01,1126,1077.3,19,6,31.53,61.67,39.61,35.44,955.8,1107,36.166666666666664,62.30333333333332,1126.966666666667,32.09,60.14
2026-03-01 19:35:00,41.47,62.3,39.97,45.86,1173,1454.4,19,6,41.91,62.28,39.7,35.01,1077.3,1126,38.303333333333335,62.083333333333336,1162.5000000000002,28.59,59.53
2026-03-01 19:40:00,32.84,60.9,39.82,40.37,1159,1293.4,19,6,41.47,62.3,39.97,45.86,1454.4,1173,38.74,61.82666666666666,1275.0333333333335,42.99,58.97
2026-03-01 19:45:00,32.09,60.14,39.33,39.95,1134,1323.6,19,6,32.84,60.9,39.82,40.37,1293.4,1159,35.46666666666667,61.11333333333332,1357.1333333333334,29.93,60.65
2026-03-01 19:50:00,28.59,59.53,39.74,33.0,1117,1050.2,19,6,32.09,60.14,39.33,39.95,1323.6,1134,31.173333333333332,60.19,1222.4000000000003,27.85,61.61
2026-03-01 19:55:00,42.99,58.97,39.48,36.83,1096,1310.2,19,6,28.59,59.53,39.74,33.0,1050.2,1117,34.55666666666667,59.54666666666666,1228.0000000000002,28.43,61.51
2026-03-01 20:00:00,29.93,60.65,39.93,27.89,1085,1041.6,20,6,42.99,58.97,39.48,36.83,1310.2,1096,33.836666666666666,59.71666666666666,1134.0000000000002,40.38,61.32
2026-03-01 20:05:00,27.85,61.61,39.8,32.04,1097,1201.2,20,6,29.93,60.65,39.93,27.89,1041.6,1085,33.59,60.41,1184.3333333333333,39.56,61.48
2026-03-01 20:10:00,28.43,61.51,39.47,43.87,1067,1109.6,20,6,27.85,61.61,39.8,32.04,1201.2,1097,28.736666666666668,61.25666666666666,1117.466666666667,34.99,60.75
2026-03-01 20:15:00,40.38,61.32,40.04,39.29,1060,1393.5,20,6,28.43,61.51,39.47,43.87,1109.6,1067,32.220000000000006,61.48,1234.7666666666667,35.18,60.14
2026-03-01 20:20:00,39.56,61.48,39.9,34.95,1087,1129.4,20,6,40.38,61.32,40.04,39.29,1393.5,1060,36.123333333333335,61.43666666666666,1210.8333333333337,31.5,60.39
2026-03-01 20:25:00,34.99,60.75,39.99,31.24,1041,985.7,20,6,39.56,61.48,39.9,34.95,1129.4,1087,38.31,61.18333333333333,1169.5333333333335,27.91,60.21
2026-03-01 20:30:00,35.18,60.14,40.32,31.37,965,1025.0,20,6,34.99,60.75,39.99,31.24,985.7,1041,36.576666666666675,60.78999999999999,1046.7,32.28,60.4
2026-03-01 20:35:00,31.5,60.39,40.2,27.74,993,1102.5,20,6,35.18,60.14,40.32,31.37,1025.0,965,33.89000000000001,60.42666666666667,1037.7333333333336,25.92,59.84
2026-03-01 20:40:00,27.91,60.21,40.12,30.34,908,836.2,20,6,31.5,60.39,40.2,27.74,1102.5,993,31.53,60.24666666666667,987.9000000000002,56.03,59.46
2026-03-01 20:45:00,32.28,60.4,40.41,33.92,928,1046.9,20,6,27.91,60.21,40.12,30.34,836.2,908,30.563333333333333,60.33333333333332,995.2000000000002,34.74,59.12
2026-03-01 20:50:00,25.92,59.84,40.09,38.79,928,1168.7,20,6,32.28,60.4,40.41,33.92,1046.9,928,28.703333333333337,60.15,1017.2666666666669,33.67,58.09
2026-03-01 20:55:00,56.03,59.46,39.95,36.27,898,1226.9,20,6,25.92,59.84,40.09,38.79,1168.7,928,38.076666666666675,59.9,1147.5000000000002,26.97,56.27
2026-03-01 21:00:00,34.74,59.12,39.72,36.75,990,948.5,21,6,56.03,59.46,39.95,36.27,1226.9,898,38.89666666666667,59.47333333333333,1114.7,34.5,55.47
2026-03-01 21:05:00,33.67,58.09,39.76,37.64,954,1263.6,21,6,34.74,59.12,39.72,36.75,948.5,990,41.480000000000004,58.88999999999999,1146.3333333333335,27.82,55.53
2026-03-01 21:10:00,26.97,56.27,39.5,33.15,915,961.9,21,6,33.67,58.09,39.76,37.64,1263.6,954,31.793333333333337,57.82666666666666,1058.0000000000002,31.44,56.3
2026-03-01 21:15:00,34.5,55.47,40.32,38.47,913,1102.2,21,6,26.97,56.27,39.5,33.15,961.9,915,31.71333333333334,56.60999999999999,1109.2333333333333,27.3,56.36
2026-03-01 21:20:00,27.82,55.53,40.01,28.4,863,803.6,21,6,34.5,55.47,40.32,38.47,1102.2,913,29.763333333333335,55.75666666666666,955.9000000000001,25.39,57.31
2026-03-01 21:25:00,31.44,56.3,39.4,35.86,824,808.5,21,6,27.82,55.53,40.01,28.4,803.6,863,31.253333333333334,55.76666666666666,904.7666666666668,27.79,57.66
2026-03-01 21:30:00,27.3,56.36,40.44,31.07,890,799.2,21,6,31.44,56.3,39.4,35.86,808.5,824,28.853333333333335,56.06333333333333,803.7666666666669,23.88,56.5
2026-03-01 21:35:00,25.39,57.31,39.48,34.47,927,1082.5,21,6,27.3,56.36,40.44,31.07,799.2,890,28.043333333333337,56.65666666666666,896.7333333333336,31.0,55.13
2026-03-01 21:40:00,27.79,57.66,40.48,34.52,838,1049.9,21,6,25.39,57.31,39.48,34.47,1082.5,927,26.82666666666667,57.10999999999999,977.2000000000003,32.4,54.84
2026-03-01 21:45:00,23.88,56.5,40.04,31.17,757,768.3,21,6,27.79,57.66,40.48,34.52,1049.9,838,25.686666666666667,57.15666666666666,966.9000000000002,28.07,56.58
2026-03-01 21:50:00,31.0,55.13,40.09,27.25,772,680.7,21,6,23.88,56.5,40.04,31.17,768.3,757,27.55666666666667,56.43,832.9666666666668,31.58,55.41
2026-03-01 21:55:00,32.4,54.84,40.13,35.42,823,1020.7,21,6,31.0,55.13,40.09,27.25,680.7,772,29.093333333333334,55.49,823.2333333333336,52.71,63.84
2026-03-01 22:00:00,28.07,56.58,40.54,29.6,785,682.5,22,6,32.4,54.84,40.13,35.42,1020.7,823,30.490000000000006,55.51666666666666,794.6333333333336,26.43,55.31
2026-03-01 22:05:00,31.58,55.41,40.7,31.64,715,991.2,22,6,28.07,56.58,40.54,29.6,682.5,785,30.683333333333337,55.60999999999999,898.1333333333336,35.13,54.22
2026-03-01 22:10:00,52.71,63.84,40.9,48.73,1008,1279.0,22,6,31.58,55.41,40.7,31.64,991.2,715,37.45333333333334,58.60999999999999,984.2333333333336,21.87,54.28
2026-03-01 22:15:00,26.43,55.31,40.0,33.18,685,961.9,22,6,52.71,63.84,40.9,48.73,1279.0,1008,36.90666666666667,58.18666666666666,1077.3666666666668,30.96,55.18
2026-03-01 22:20:00,35.13,54.22,40.16,41.13,765,1042.2,22,6,26.43,55.31,40.0,33.18,961.9,685,38.09,57.78999999999999,1094.366666666667,22.51,54.72
2026-03-01 22:25:00,21.87,54.28,40.34,40.78,735,976.2,22,6,35.13,54.22,40.16,41.13,1042.2,765,27.810000000000002,54.603333333333325,993.4333333333335,34.95,54.69
2026-03-01 22:30:00,30.96,55.18,39.86,19.06,663,605.4,22,6,21.87,54.28,40.34,40.78,976.2,735,29.320000000000004,54.559999999999995,874.6000000000003,31.58,53.39
2026-03-01 22:35:00,22.51,54.72,40.65,27.15,736,780.7,22,6,30.96,55.18,39.86,19.06,605.4,663,25.113333333333333,54.72666666666666,787.4333333333335,55.22,53.28
2026-03-01 22:40:00,34.95,54.69,40.2,45.36,664,948.2,22,6,22.51,54.72,40.65,27.15,780.7,736,29.47333333333334,54.86333333333332,778.1000000000003,27.13,53.08
2026-03-01 22:45:00,31.58,53.39,39.49,27.79,739,886.4,22,6,34.95,54.69,40.2,45.36,948.2,664,29.680000000000007,54.26666666666666,871.7666666666669,29.53,52.15
2026-03-01 22:50:00,55.22,53.28,60.54,29.32,693,657.2,22,6,31.58,53.39,39.49,27.79,886.4,739,40.583333333333336,53.78666666666666,830.6000000000004,36.14,51.2
2026-03-01 22:55:00,27.13,53.08,40.17,27.25,551,609.2,22,6,55.22,53.28,60.54,29.32,657.2,693,37.97666666666667,53.25,717.6000000000003,23.81,49.96
2026-03-01 23:00:00,29.53,52.15,41.15,31.86,668,894.3,23,6,27.13,53.08,40.17,27.25,609.2,551,37.29333333333334,52.836666666666666,720.2333333333336,28.66,51.64
2026-03-01 23:05:00,36.14,51.2,39.99,31.32,633,813.2,23,6,29.53,52.15,41.15,31.86,894.3,668,30.933333333333337,52.143333333333324,772.2333333333336,26.63,52.08
2026-03-01 23:10:00,23.81,49.96,40.19,25.25,618,658.9,23,6,36.14,51.2,39.99,31.32,813.2,633,29.82666666666667,51.10333333333333,788.8000000000002,27.89,51.58
2026-03-01 23:15:00,28.66,51.64,39.73,18.26,596,588.2,23,6,23.81,49.96,40.19,25.25,658.9,618,29.536666666666672,50.93333333333333,686.7666666666669,31.16,52.12
2026-03-01 23:20:00,26.63,52.08,40.33,21.04,591,611.2,23,6,28.66,51.64,39.73,18.26,588.2,596,26.36666666666667,51.22666666666667,619.4333333333335,20.59,51.11
2026-03-01 23:25:00,27.89,51.58,39.88,24.51,599,576.7,23,6,26.63,52.08,40.33,21.04,611.2,591,27.72666666666667,51.76666666666666,592.0333333333336,24.12,50.85
2026-03-01 23:30:00,31.16,52.12,40.86,26.92,567,643.7,23,6,27.89,51.58,39.88,24.51,576.7,599,28.560000000000002,51.926666666666655,610.5333333333336,21.5,50.12
2026-03-01 23:35:00,20.59,51.11,40.33,21.56,464,595.6,23,6,31.16,52.12,40.86,26.92,643.7,567,26.54666666666667,51.603333333333325,605.3333333333336,25.94,50.37
2026-03-01 23:40:00,24.12,50.85,40.21,30.86,535,655.9,23,6,20.59,51.11,40.33,21.56,595.6,464,25.290000000000006,51.35999999999999,631.7333333333336,27.7,49.48
2026-03-01 23:45:00,21.5,50.12,39.71,20.44,488,506.7,23,6,24.12,50.85,40.21,30.86,655.9,535,22.070000000000004,50.69333333333333,586.066666666667,37.33,51.0
2026-03-01 23:50:00,25.94,50.37,40.41,20.12,517,515.9,23,6,21.5,50.12,39.71,20.44,506.7,488,23.85333333333334,50.44666666666666,559.5000000000002,24.11,50.41
2026-03-01 23:55:00,27.7,49.48,40.61,31.7,550,657.3,23,6,25.94,50.37,40.41,20.12,515.9,517,25.04666666666667,49.98999999999999,559.9666666666668,34.69,51.12
2026-03-02 00:00:00,37.33,51.0,37.21,33.24,739,955.8,0,0,27.7,49.48,40.61,31.7,657.3,550,30.323333333333338,50.283333333333324,709.6666666666669,21.71,51.45
2026-03-02 00:05:00,24.11,50.41,36.89,30.1,671,686.1,0,0,37.33,51.0,37.21,33.24,955.8,739,29.71333333333334,50.29666666666666,766.4000000000002,22.29,52.35
2026-03-02 00:10:00,34.69,51.12,36.62,35.47,654,922.5,0,0,24.11,50.41,36.89,30.1,686.1,671,32.04333333333334,50.84333333333333,854.8000000000002,20.43,52.95
2026-03-02 00:15:00,21.71,51.45,37.15,18.71,629,598.1,0,0,34.69,51.12,36.62,35.47,922.5,654,26.836666666666673,50.99333333333333,735.566666666667,28.86,52.05
2026-03-02 00:20:00,22.29,52.35,36.95,23.42,637,619.0,0,0,21.71,51.45,37.15,18.71,598.1,629,26.230000000000004,51.63999999999999,713.2000000000003,28.25,51.22
2026-03-02 00:25:00,20.43,52.95,36.91,26.87,671,568.7,0,0,22.29,52.35,36.95,23.42,619.0,637,21.47666666666667,52.25,595.266666666667,33.86,52.91
2026-03-02 00:30:00,28.86,52.05,37.11,25.72,663,571.5,0,0,20.43,52.95,36.91,26.87,568.7,671,23.860000000000003,52.449999999999996,586.4000000000002,23.91,51.91
2026-03-02 00:35:00,28.25,51.22,37.22,16.0,583,524.8,0,0,28.86,52.05,37.11,25.72,571.5,663,25.846666666666675,52.07333333333333,555.0000000000003,28.07,51.16
2026-03-02 00:40:00,33.86,52.91,37.14,34.75,645,881.3,0,0,28.25,51.22,37.22,16.0,524.8,583,30.323333333333338,52.059999999999995,659.2000000000003,24.75,51.79
2026-03-02 00:45:00,23.91,51.91,37.11,31.88,589,796.2,0,0,33.86,52.91,37.14,34.75,881.3,645,28.673333333333336,52.01333333333333,734.1000000000003,31.33,52.82
2026-03-02 00:50:00,28.07,51.16,37.42,33.39,621,776.0,0,0,23.91,51.91,37.11,31.88,796.2,589,28.61333333333334,51.99333333333333,817.8333333333336,16.55,52.16
2026-03-02 00:55:00,24.75,51.79,36.78,31.55,670,836.7,0,0,28.07,51.16,37.42,33.39,776.0,621,25.57666666666667,51.62,802.966666666667,26.86,51.87
2026-03-02 01:00:00,31.33,52.82,37.25,33.51,659,845.9,1,0,24.75,51.79,36.78,31.55,836.7,670,28.050000000000008,51.923333333333325,819.5333333333336,25.73,51.5
2026-03-02 01:05:00,16.55,52.16,37.35,21.78,445,428.2,1,0,31.33,52.82,37.25,33.51,845.9,659,24.210000000000004,52.25666666666666,703.6000000000003,20.7,50.33
2026-03-02 01:10:00,26.86,51.87,37.36,24.08,545,501.9,1,0,16.55,52.16,37.35,21.78,428.2,445,24.913333333333338,52.283333333333324,592.0000000000002,22.25,50.76
2026-03-02 01:15:00,25.73,51.5,37.09,28.91,566,566.7,1,0,26.86,51.87,37.36,24.08,501.9,545,23.04666666666667,51.84333333333333,498.93333333333356,22.16,50.48
2026-03-02 01:20:00,20.7,50.33,37.07,15.1,519,467.4,1,0,25.73,51.5,37.09,28.91,566.7,566,24.430000000000007,51.23333333333333,512.0000000000002,26.52,49.33
2026-03-02 01:25:00,22.25,50.76,36.91,19.68,515,548.0,1,0,20.7,50.33,37.07,15.1,467.4,519,22.893333333333334,50.86333333333332,527.3666666666669,19.28,47.07
2026-03-02 01:30:00,22.16,50.48,37.04,26.13,488,495.0,1,0,22.25,50.76,36.91,19.68,548.0,515,21.703333333333337,50.52333333333333,503.4666666666669,21.08,46.68
2026-03-02 01:35:00,26.52,49.33,37.17,20.7,526,623.7,1,0,22.16,50.48,37.04,26.13,495.0,488,23.643333333333334,50.19,555.566666666667,22.76,45.27
2026-03-02 01:40:00,19.28,47.07,37.67,24.7,487,491.6,1,0,26.52,49.33,37.17,20.7,623.7,526,22.653333333333336,48.96,536.7666666666669,22.42,46.25
2026-03-02 01:45:00,21.08,46.68,37.17,31.59,500,596.4,1,0,19.28,47.07,37.67,24.7,491.6,487,22.29333333333334,47.69333333333333,570.566666666667,23.73,45.92
2026-03-02 01:50:00,22.76,45.27,37.3,22.03,517,560.0,1,0,21.08,46.68,37.17,31.59,596.4,500,21.040000000000006,46.339999999999996,549.3333333333336,24.58,45.53
2026-03-02 01:55:00,22.42,46.25,37.47,18.28,553,684.5,1,0,22.76,45.27,37.3,22.03,560.0,517,22.086666666666673,46.06666666666666,613.6333333333336,24.06,46.05
2026-03-02 02:00:00,23.73,45.92,37.18,22.5,433,418.8,2,0,22.42,46.25,37.47,18.28,684.5,553,22.97000000000001,45.81333333333333,554.4333333333336,22.45,45.49
2026-03-02 02:05:00,24.58,45.53,37.38,25.08,507,535.3,2,0,23.73,45.92,37.18,22.5,418.8,433,23.57666666666667,45.9,546.2000000000002,25.31,45.03
2026-03-02 02:10:00,24.06,46.05,37.46,27.45,464,468.2,2,0,24.58,45.53,37.38,25.08,535.3,507,24.123333333333335,45.83333333333332,474.1000000000002,23.75,44.87
2026-03-02 02:15:00,22.45,45.49,37.53,23.91,438,568.7,2,0,24.06,46.05,37.46,27.45,468.2,464,23.69666666666667,45.69,524.066666666667,20.48,44.48
2026-03-02 02:20:00,25.31,45.03,36.94,17.36,310,362.2,2,0,22.45,45.49,37.53,23.91,568.7,438,23.94,45.52333333333333,466.36666666666696,26.09,44.78
2026-03-02 02:25:00,23.75,44.87,37.22,27.49,451,499.1,2,0,25.31,45.03,36.94,17.36,362.2,310,23.83666666666667,45.129999999999995,476.6666666666669,24.04,45.04
2026-03-02 02:30:00,20.48,44.48,37.15,27.3,397,485.9,2,0,23.75,44.87,37.22,27.49,499.1,451,23.180000000000007,44.79333333333333,449.0666666666669,25.37,45.93
2026-03-02 02:35:00,26.09,44.78,37.25,20.05,385,495.0,2,0,20.48,44.48,37.15,27.3,485.9,397,23.44,44.71,493.33333333333354,23.69,45.12
2026-03-02 02:40:00,24.04,45.04,36.87,23.86,381,423.9,2,0,26.09,44.78,37.25,20.05,495.0,385,23.536666666666672,44.76666666666666,468.2666666666669,25.52,45.89
2026-03-02 02:45:00,25.37,45.93,36.94,16.27,369,402.4,2,0,24.04,45.04,36.87,23.86,423.9,381,25.16666666666667,45.25,440.43333333333356,21.38,46.18
2026-03-02 02:50:00,23.69,45.12,37.43,20.53,451,602.5,2,0,25.37,45.93,36.94,16.27,402.4,369,24.36666666666667,45.36333333333332,476.2666666666669,23.14,47.61
2026-03-02 02:55:00,25.52,45.89,37.41,25.01,394,445.5,2,0,23.69,45.12,37.43,20.53,602.5,451,24.860000000000003,45.64666666666667,483.4666666666669,26.04,48.48
2026-03-02 03:00:00,21.38,46.18,37.64,16.74,357,427.5,3,0,25.52,45.89,37.41,25.01,445.5,394,23.530000000000005,45.73,491.83333333333354,19.32,47.86
2026-03-02 03:05:00,23.14,47.61,36.82,20.93,452,428.3,3,0,21.38,46.18,37.64,16.74,427.5,357,23.346666666666675,46.559999999999995,433.7666666666669,14.82,47.68
2026-03-02 03:10:00,26.04,48.48,37.63,29.71,436,469.9,3,0,23.14,47.61,36.82,20.93,428.3,452,23.520000000000007,47.423333333333325,441.90000000000026,17.11,47.69
2026-03-02 03:15:00,19.32,47.86,37.2,22.5,387,462.1,3,0,26.04,48.48,37.63,29.71,469.9,436,22.83333333333334,47.98333333333333,453.43333333333356,18.12,46.58
2026-03-02 03:20:00,14.82,47.68,37.55,19.14,349,345.5,3,0,19.32,47.86,37.2,22.5,462.1,387,20.060000000000006,48.00666666666666,425.83333333333354,21.98,44.75
2026-03-02 03:25:00,17.11,47.69,37.74,13.38,372,412.5,3,0,14.82,47.68,37.55,19.14,345.5,349,17.08333333333334,47.74333333333333,406.7000000000002,18.16,44.43
2026-03-02 03:30:00,18.12,46.58,37.19,20.35,332,402.3,3,0,17.11,47.69,37.74,13.38,412.5,372,16.683333333333337,47.31666666666666,386.7666666666669,22.73,44.86
2026-03-02 03:35:00,21.98,44.75,37.4,25.84,444,569.0,3,0,18.12,46.58,37.19,20.35,402.3,332,19.070000000000004,46.339999999999996,461.2666666666669,21.47,44.74
2026-03-02 03:40:00,18.16,44.43,37.48,21.61,367,418.3,3,0,21.98,44.75,37.4,25.84,569.0,444,19.420000000000005,45.25333333333333,463.2000000000003,16.36,44.32
2026-03-02 03:45:00,22.73,44.86,37.29,20.01,347,414.3,3,0,18.16,44.43,37.48,21.61,418.3,367,20.95666666666667,44.68,467.2000000000003,28.83,44.22
2026-03-02 03:50:00,21.47,44.74,36.96,17.84,410,472.2,3,0,22.73,44.86,37.29,20.01,414.3,347,20.786666666666672,44.676666666666655,434.93333333333356,22.25,45.36
2026-03-02 03:55:00,16.36,44.32,37.81,19.56,338,324.2,3,0,21.47,44.74,36.96,17.84,472.2,410,20.18666666666667,44.63999999999999,403.5666666666669,20.58,45.04
2026-03-02 04:00:00,28.83,44.22,37.62,30.84,404,507.8,4,0,16.36,44.32,37.81,19.56,324.2,338,22.220000000000002,44.42666666666667,434.7333333333336,24.26,44.88
2026-03-02 04:05:00,22.25,45.36,37.46,25.01,407,470.3,4,0,28.83,44.22,37.62,30.84,507.8,404,22.480000000000004,44.633333333333326,434.1000000000002,13.56,45.65
2026-03-02 04:10:00,20.58,45.04,37.33,26.0,311,371.7,4,0,22.25,45.36,37.46,25.01,470.3,407,23.88666666666667,44.873333333333335,449.93333333333356,17.29,45.79
2026-03-02 04:15:00,24.26,44.88,37.87,28.38,395,525.0,4,0,20.58,45.04,37.33,26.0,371.7,311,22.36333333333334,45.093333333333334,455.6666666666669,19.81,45.52
2026-03-02 04:20:00,13.56,45.65,37.45,18.72,346,375.0,4,0,24.26,44.88,37.87,28.38,525.0,395,19.466666666666672,45.19,423.90000000000026,19.03,46.25
2026-03-02 04:25:00,17.29,45.79,37.42,18.32,399,364.8,4,0,13.56,45.65,37.45,18.72,375.0,346,18.370000000000005,45.44,421.6000000000002,25.04,45.87
2026-03-02 04:30:00,19.81,45.52,37.88,16.1,326,317.7,4,0,17.29,45.79,37.42,18.32,364.8,399,16.88666666666667,45.65333333333333,352.50000000000017,22.65,43.65
2026-03-02 04:35:00,19.03,46.25,37.82,20.53,418,443.3,4,0,19.81,45.52,37.88,16.1,317.7,326,18.710000000000004,45.85333333333333,375.2666666666669,28.29,43.41
2026-03-02 04:40:00,25.04,45.87,37.43,13.83,440,455.8,4,0,19.03,46.25,37.82,20.53,443.3,418,21.293333333333337,45.879999999999995,405.6000000000002,24.81,42.85
2026-03-02 04:45:00,22.65,43.65,37.27,19.63,295,308.9,4,0,25.04,45.87,37.43,13.83,455.8,440,22.24,45.25666666666666,402.6666666666668,22.9,43.12
2026-03-02 04:50:00,28.29,43.41,37.38,27.46,411,428.7,4,0,22.65,43.65,37.27,19.63,308.9,295,25.326666666666668,44.309999999999995,397.8000000000002,18.71,43.19
2026-03-02 04:55:00,24.81,42.85,37.94,23.0,392,417.1,4,0,28.29,43.41,37.38,27.46,428.7,411,25.250000000000004,43.30333333333332,384.90000000000015,28.31,43.28
2026-03-02 05:00:00,22.9,43.12,38.0,25.94,408,537.7,5,0,24.81,42.85,37.94,23.0,417.1,392,25.333333333333332,43.126666666666665,461.1666666666668,27.54,45.37
2026-03-02 05:05:00,18.71,43.19,37.74,29.25,552,591.4,5,0,22.9,43.12,38.0,25.94,537.7,408,22.140000000000004,43.05333333333332,515.4000000000002,26.86,44.55
2026-03-02 05:10:00,28.31,43.28,37.56,28.08,467,640.8,5,0,18.71,43.19,37.74,29.25,591.4,552,23.306666666666672,43.19666666666666,589.9666666666668,23.42,45.26
2026-03-02 05:15:00,27.54,45.37,37.97,30.22,504,547.4,5,0,28.31,43.28,37.56,28.08,640.8,467,24.853333333333335,43.94666666666666,593.2000000000002,22.77,44.72
2026-03-02 05:20:00,26.86,44.55,37.91,20.88,438,565.5,5,0,27.54,45.37,37.97,30.22,547.4,504,27.570000000000004,44.4,584.5666666666667,24.79,44.52
2026-03-02 05:25:00,23.42,45.26,37.7,22.17,441,533.8,5,0,26.86,44.55,37.91,20.88,565.5,438,25.94,45.059999999999995,548.9000000000002,25.39,45.18
2026-03-02 05:30:00,22.77,44.72,37.73,24.98,439,564.7,5,0,23.42,45.26,37.7,22.17,533.8,441,24.350000000000005,44.84333333333333,554.6666666666669,21.58,45.44
2026-03-02 05:35:00,24.79,44.52,37.65,25.9,497,531.2,5,0,22.77,44.72,37.73,24.98,564.7,439,23.660000000000007,44.833333333333336,543.2333333333336,35.03,59.99
2026-03-02 05:40:00,25.39,45.18,38.09,65.46,515,583.4,5,0,24.79,44.52,37.65,25.9,531.2,497,24.316666666666674,44.806666666666665,559.7666666666669,33.11,46.06
2026-03-02 05:45:00,21.58,45.44,37.85,25.22,504,499.0,5,0,25.39,45.18,38.09,65.46,583.4,515,23.92,45.04666666666666,537.8666666666669,17.03,45.93
2026-03-02 05:50:00,35.03,59.99,37.46,26.16,760,677.3,5,0,21.58,45.44,37.85,25.22,499.0,504,27.333333333333332,50.203333333333326,586.5666666666668,24.12,46.49
2026-03-02 05:55:00,33.11,46.06,37.06,26.07,540,737.9,5,0,35.03,59.99,37.46,26.16,677.3,760,29.906666666666666,50.49666666666666,638.066666666667,24.36,47.69
2026-03-02 06:00:00,17.03,45.93,37.72,15.17,541,519.0,6,0,33.11,46.06,37.06,26.07,737.9,540,28.390000000000004,50.66,644.7333333333336,27.21,47.13
2026-03-02 06:05:00,24.12,46.49,37.95,20.54,510,693.2,6,0,17.03,45.93,37.72,15.17,519.0,541,24.753333333333334,46.16,650.0333333333334,22.44,47.54
2026-03-02 06:10:00,24.36,47.69,37.81,32.78,571,700.2,6,0,24.12,46.49,37.95,20.54,693.2,510,21.83666666666667,46.703333333333326,637.4666666666668,25.34,48.65
2026-03-02 06:15:00,27.21,47.13,37.98,27.31,495,524.3,6,0,24.36,47.69,37.81,32.78,700.2,571,25.230000000000004,47.10333333333333,639.2333333333336,31.77,49.05
2026-03-02 06:20:00,22.44,47.54,37.37,35.28,585,792.7,6,0,27.21,47.13,37.98,27.31,524.3,495,24.67,47.453333333333326,672.4000000000002,25.56,50.37
2026-03-02 06:25:00,25.34,48.65,38.08,28.17,550,745.8,6,0,22.44,47.54,37.37,35.28,792.7,585,24.99666666666667,47.77333333333333,687.6000000000003,28.03,52.17
2026-03-02 06:30:00,31.77,49.05,38.21,25.46,589,850.2,6,0,25.34,48.65,38.08,28.17,745.8,550,26.51666666666667,48.41333333333333,796.2333333333336,22.31,51.84
2026-03-02 06:35:00,25.56,50.37,37.67,25.81,659,644.8,6,0,31.77,49.05,38.21,25.46,850.2,589,27.55666666666667,49.35666666666666,746.9333333333335,27.75,51.59
2026-03-02 06:40:00,28.03,52.17,37.23,27.95,631,925.5,6,0,25.56,50.37,37.67,25.81,644.8,659,28.453333333333333,50.529999999999994,806.8333333333335,33.74,51.78
2026-03-02 06:45:00,22.31,51.84,38.13,23.89,626,629.7,6,0,28.03,52.17,37.23,27.95,925.5,631,25.3,51.46,733.3333333333335,21.46,50.63
2026-03-02 06:50:00,27.75,51.59,37.61,25.05,730,768.8,6,0,22.31,51.84,38.13,23.89,629.7,626,26.03,51.86666666666667,774.6666666666669,22.15,50.08
2026-03-02 06:55:00,33.74,51.78,37.47,36.28,664,876.5,6,0,27.75,51.59,37.61,25.05,768.8,730,27.933333333333337,51.73666666666667,758.3333333333335,26.5,50.45
2026-03-02 07:00:00,21.46,50.63,37.64,28.55,625,661.3,7,0,33.74,51.78,37.47,36.28,876.5,664,27.650000000000006,51.333333333333336,768.8666666666668,38.2,65.95
2026-03-02 07:05:00,22.15,50.08,38.34,33.96,773,926.1,7,0,21.46,50.63,37.64,28.55,661.3,625,25.783333333333335,50.830000000000005,821.3000000000002,31.09,50.28
2026-03-02 07:10:00,26.5,50.45,37.56,26.97,734,731.5,7,0,22.15,50.08,38.34,33.96,926.1,773,23.370000000000005,50.38666666666666,772.9666666666668,46.3,63.98
2026-03-02 07:15:00,38.2,65.95,38.2,37.56,1034,963.5,7,0,26.5,50.45,37.56,26.97,731.5,734,28.950000000000003,55.49333333333333,873.7000000000002,34.39,51.35
2026-03-02 07:20:00,31.09,50.28,37.84,33.09,736,836.7,7,0,38.2,65.95,38.2,37.56,963.5,1034,31.930000000000007,55.56,843.9000000000002,32.55,52.41
2026-03-02 07:25:00,46.3,63.98,37.82,38.07,982,1226.0,7,0,31.09,50.28,37.84,33.09,836.7,736,38.53000000000001,60.06999999999999,1008.7333333333336,27.93,52.39
2026-03-02 07:30:00,34.39,51.35,38.3,33.8,753,1006.7,7,0,46.3,63.98,37.82,38.07,1226.0,982,37.260000000000005,55.203333333333326,1023.1333333333336,34.93,51.98
2026-03-02 07:35:00,32.55,52.41,38.3,34.92,699,863.3,7,0,34.39,51.35,38.3,33.8,1006.7,753,37.74666666666667,55.91333333333333,1032.0000000000002,36.85,52.83
2026-03-02 07:40:00,27.93,52.39,38.47,26.98,850,786.8,7,0,32.55,52.41,38.3,34.92,863.3,699,31.623333333333335,52.04999999999999,885.6,32.51,54.01
2026-03-02 07:45:00,34.93,51.98,38.21,31.98,825,1167.8,7,0,27.93,52.39,38.47,26.98,786.8,850,31.803333333333338,52.25999999999999,939.3000000000002,38.78,55.89
2026-03-02 07:50:00,36.85,52.83,37.74,39.76,824,1072.6,7,0,34.93,51.98,38.21,31.98,1167.8,825,33.23666666666667,52.4,1009.0666666666667,32.97,55.15
2026-03-02 07:55:00,32.51,54.01,38.5,33.44,915,1144.7,7,0,36.85,52.83,37.74,39.76,1072.6,824,34.763333333333335,52.94,1128.3666666666668,27.21,55.62
2026-03-02 08:00:00,38.78,55.89,37.94,37.41,845,1154.7,8,0,32.51,54.01,38.5,33.44,1144.7,915,36.046666666666674,54.24333333333333,1124.0000000000002,38.22,55.14
2026-03-02 08:05:00,32.97,55.15,37.82,30.1,909,1098.2,8,0,38.78,55.89,37.94,37.41,1154.7,845,34.75333333333334,55.01666666666666,1132.5333333333335,26.89,55.77
2026-03-02 08:10:00,27.21,55.62,37.91,27.86,895,938.4,8,0,32.97,55.15,37.82,30.1,1098.2,909,32.98666666666667,55.55333333333332,1063.7666666666669,27.65,55.86
2026-03-02 08:15:00,38.22,55.14,38.02,30.65,892,1112.7,8,0,27.21,55.62,37.91,27.86,938.4,895,32.800000000000004,55.30333333333332,1049.7666666666669,37.43,54.88
2026-03-02 08:20:00,26.89,55.77,37.63,27.69,962,883.4,8,0,38.22,55.14,38.02,30.65,1112.7,892,30.77333333333334,55.50999999999999,978.1666666666669,32.16,53.62
2026-03-02 08:25:00,27.65,55.86,38.07,27.2,922,875.2,8,0,26.89,55.77,37.63,27.69,883.4,962,30.92,55.589999999999996,957.1000000000003,37.48,54.53
2026-03-02 08:30:00,37.43,54.88,38.54,37.34,922,1100.1,8,0,27.65,55.86,38.07,27.2,875.2,922,30.65666666666667,55.50333333333333,952.9000000000001,38.2,55.48
2026-03-02 08:35:00,32.16,53.62,38.68,44.76,969,1229.9,8,0,37.43,54.88,38.54,37.34,1100.1,922,32.413333333333334,54.78666666666666,1068.4,27.2,56.59
2026-03-02 08:40:00,37.48,54.53,37.7,46.14,1045,1363.3,8,0,32.16,53.62,38.68,44.76,1229.9,969,35.69,54.343333333333334,1231.1000000000001,32.17,55.86
2026-03-02 08:45:00,38.2,55.48,38.38,37.5,974,991.5,8,0,37.48,54.53,37.7,46.14,1363.3,1045,35.946666666666665,54.54333333333333,1194.9000000000003,35.3,89.93
2026-03-02 08:50:00,27.2,56.59,37.91,26.16,1000,999.1,8,0,38.2,55.48,38.38,37.5,991.5,974,34.29333333333334,55.533333333333324,1117.966666666667,36.92,57.16
2026-03-02 08:55:00,32.17,55.86,37.96,38.43,1077,1316.3,8,0,27.2,56.59,37.91,26.16,999.1,1000,32.52333333333333,55.97666666666666,1102.3000000000002,29.61,56.6
2026-03-02 09:00:00,35.3,89.93,37.94,39.14,1159,1387.2,9,0,32.17,55.86,37.96,38.43,1316.3,1077,31.556666666666672,67.46,1234.2,39.5,57.51
2026-03-02 09:05:00,36.92,57.16,38.38,36.2,1095,1192.7,9,0,35.3,89.93,37.94,39.14,1387.2,1159,34.796666666666674,67.64999999999999,1298.7333333333336,45.44,57.35
2026-03-02 09:10:00,29.61,56.6,38.34,34.85,1107,1018.1,9,0,36.92,57.16,38.38,36.2,1192.7,1095,33.943333333333335,67.89666666666666,1199.3333333333335,35.76,58.65
2026-03-02 09:15:00,39.5,57.51,37.67,42.0,1100,1398.7,9,0,29.61,56.6,38.34,34.85,1018.1,1107,35.343333333333334,57.089999999999996,1203.1666666666667,36.28,60.04
2026-03-02 09:20:00,45.44,57.35,38.49,47.76,1188,1532.3,9,0,39.5,57.51,37.67,42.0,1398.7,1100,38.18333333333334,57.15333333333333,1316.3666666666668,45.85,61.44
2026-03-02 09:25:00,35.76,58.65,38.34,42.69,1179,1444.4,9,0,45.44,57.35,38.49,47.76,1532.3,1188,40.233333333333334,57.836666666666666,1458.466666666667,37.39,60.93
2026-03-02 09:30:00,36.28,60.04,38.07,40.23,1163,1204.6,9,0,35.76,58.65,38.34,42.69,1444.4,1179,39.160000000000004,58.68,1393.7666666666667,38.9,60.19
2026-03-02 09:35:00,45.85,61.44,38.25,48.72,1213,1550.7,9,0,36.28,60.04,38.07,40.23,1204.6,1163,39.296666666666674,60.04333333333333,1399.8999999999999,42.97,60.53
2026-03-02 09:40:00,37.39,60.93,38.45,43.44,1217,1493.3,9,0,45.85,61.44,38.25,48.72,1550.7,1213,39.84,60.80333333333332,1416.2,37.22,59.16
2026-03-02 09:45:00,38.9,60.19,37.73,49.28,1232,1687.3,9,0,37.39,60.93,38.45,43.44,1493.3,1217,40.71333333333334,60.85333333333333,1577.0999999999997,72.44,76.29
2026-03-02 09:50:00,42.97,60.53,38.89,51.74,1198,1668.9,9,0,38.9,60.19,37.73,49.28,1687.3,1232,39.75333333333334,60.54999999999999,1616.5,41.67,60.45
2026-03-02 09:55:00,37.22,59.16,38.15,48.46,1290,1541.2,9,0,42.97,60.53,38.89,51.74,1668.9,1198,39.696666666666665,59.96,1632.4666666666665,41.22,59.53
2026-03-02 10:00:00,72.44,76.29,38.0,80.15,2144,2920.4,10,0,37.22,59.16,38.15,48.46,1541.2,1290,50.876666666666665,65.32666666666667,2043.5,50.23,60.56
2026-03-02 10:05:00,41.67,60.45,38.47,40.98,1308,1758.9,10,0,72.44,76.29,38.0,80.15,2920.4,2144,50.44333333333333,65.3,2073.5000000000005,41.76,60.91
2026-03-02 10:10:00,41.22,59.53,39.05,48.22,1314,1671.0,10,0,41.67,60.45,38.47,40.98,1758.9,1308,51.776666666666664,65.42333333333333,2116.766666666667,31.72,60.49
2026-03-02 10:15:00,50.23,60.56,38.69,51.38,1327,1989.6,10,0,41.22,59.53,39.05,48.22,1671.0,1314,44.373333333333335,60.18,1806.5,39.71,60.74
2026-03-02 10:20:00,41.76,60.91,38.3,46.55,1367,1425.2,10,0,50.23,60.56,38.69,51.38,1989.6,1327,44.40333333333333,60.333333333333336,1695.2666666666667,45.08,61.42
2026-03-02 10:25:00,31.72,60.49,38.43,32.61,1382,1349.3,10,0,41.76,60.91,38.3,46.55,1425.2,1367,41.236666666666665,60.65333333333333,1588.0333333333335,33.99,60.7
2026-03-02 10:30:00,39.71,60.74,38.2,42.12,1341,1346.5,10,0,31.72,60.49,38.43,32.61,1349.3,1382,37.73,60.71333333333333,1373.6666666666667,44.31,62.24
2026-03-02 10:35:00,45.08,61.42,38.4,48.06,1428,1634.9,10,0,39.71,60.74,38.2,42.12,1346.5,1341,38.836666666666666,60.883333333333326,1443.5666666666668,36.99,61.96
2026-03-02 10:40:00,33.99,60.7,38.53,36.94,1394,1391.2,10,0,45.08,61.42,38.4,48.06,1634.9,1428,39.593333333333334,60.953333333333326,1457.5333333333335,43.29,63.4
2026-03-02 10:45:00,44.31,62.24,38.53,49.56,1505,1912.5,10,0,33.99,60.7,38.53,36.94,1391.2,1394,41.126666666666665,61.453333333333326,1646.2,43.47,63.92
2026-03-02 10:50:00,36.99,61.96,38.6,39.62,1450,1363.8,10,0,44.31,62.24,38.53,49.56,1912.5,1505,38.43000000000001,61.633333333333326,1555.8333333333333,49.67,63.5
2026-03-02 10:55:00,43.29,63.4,38.37,41.38,1527,1408.7,10,0,36.99,61.96,38.6,39.62,1363.8,1450,41.53,62.53333333333333,1561.666666666667,34.89,64.46
2026-03-02 11:00:00,43.47,63.92,38.32,49.36,1503,1858.2,11,0,43.29,63.4,38.37,41.38,1408.7,1527,41.25,63.09333333333333,1543.5666666666668,42.99,66.36
2026-03-02 11:05:00,49.67,63.5,38.69,53.89,1462,2052.9,11,0,43.47,63.92,38.32,49.36,1858.2,1503,45.47666666666667,63.60666666666666,1773.266666666667,42.0,67.72
2026-03-02 11:10:00,34.89,64.46,38.49,40.07,1473,1445.1,11,0,49.67,63.5,38.69,53.89,2052.9,1462,42.67666666666667,63.95999999999999,1785.4000000000003,44.38,67.43
2026-03-02 11:15:00,42.99,66.36,38.86,46.15,1491,1567.7,11,0,34.89,64.46,38.49,40.07,1445.1,1473,42.51666666666667,64.77333333333333,1688.5666666666668,49.97,66.63
2026-03-02 11:20:00,42.0,67.72,38.64,52.78,1543,1725.7,11,0,42.99,66.36,38.86,46.15,1567.7,1491,39.96,66.17999999999999,1579.5,51.32,67.35
2026-03-02 11:25:00,44.38,67.43,38.74,56.53,1604,2090.0,11,0,42.0,67.72,38.64,52.78,1725.7,1543,43.123333333333335,67.17,1794.466666666667,45.1,67.92
2026-03-02 11:30:00,49.97,66.63,38.9,57.63,1654,2203.0,11,0,44.38,67.43,38.74,56.53,2090.0,1604,45.449999999999996,67.25999999999999,2006.2333333333336,53.54,99.0
2026-03-02 11:35:00,51.32,67.35,38.33,66.51,1637,2232.2,11,0,49.97,66.63,38.9,57.63,2203.0,1654,48.556666666666665,67.13666666666666,2175.0666666666666,44.41,68.38
2026-03-02 11:40:00,45.1,67.92,38.37,59.86,1566,2044.9,11,0,51.32,67.35,38.33,66.51,2232.2,1637,48.79666666666666,67.3,2160.0333333333333,50.19,69.86
2026-03-02 11:45:00,53.54,99.0,38.14,50.68,1592,1869.6,11,0,45.1,67.92,38.37,59.86,2044.9,1566,49.98666666666667,78.08999999999999,2048.9,46.07,70.95
2026-03-02 11:50:00,44.41,68.38,38.62,54.57,1584,1630.3,11,0,53.54,99.0,38.14,50.68,1869.6,1592,47.68333333333334,78.43333333333332,1848.2666666666667,53.32,71.59
2026-03-02 11:55:00,50.19,69.86,38.49,50.32,1662,1979.0,11,0,44.41,68.38,38.62,54.57,1630.3,1584,49.379999999999995,79.07999999999998,1826.3000000000002,45.95,72.33
2026-03-02 12:00:00,46.07,70.95,38.74,47.14,1737,1702.6,12,0,50.19,69.86,38.49,50.32,1979.0,1662,46.89000000000001,69.72999999999999,1770.6333333333334,46.01,71.93
2026-03-02 12:05:00,53.32,71.59,38.41,54.96,1720,2207.8,12,0,46.07,70.95,38.74,47.14,1702.6,1737,49.86000000000001,70.8,1963.1333333333334,44.5,72.35
2026-03-02 12:10:00,45.95,72.33,38.68,45.37,1763,1687.1,12,0,53.32,71.59,38.41,54.96,2207.8,1720,48.446666666666665,71.62333333333332,1865.8333333333333,40.13,71.81
2026-03-02 12:15:00,46.01,71.93,38.4,46.97,1726,1734.3,12,0,45.95,72.33,38.68,45.37,1687.1,1763,48.42666666666667,71.94999999999999,1876.4000000000003,42.63,72.92
2026-03-02 12:20:00,44.5,72.35,38.49,48.64,1660,1553.9,12,0,46.01,71.93,38.4,46.97,1734.3,1726,45.48666666666667,72.20333333333332,1658.4333333333336,56.95,72.85
2026-03-02 12:25:00,40.13,71.81,38.88,53.1,1778,1775.0,12,0,44.5,72.35,38.49,48.64,1553.9,1660,43.54666666666666,72.02999999999999,1687.7333333333336,45.44,74.23
2026-03-02 12:30:00,42.63,72.92,38.49,49.44,1730,1853.3,12,0,40.13,71.81,38.88,53.1,1775.0,1778,42.42,72.36,1727.4000000000003,52.35,74.55
2026-03-02 12:35:00,56.95,72.85,39.1,64.18,1757,2512.8,12,0,42.63,72.92,38.49,49.44,1853.3,1730,46.57,72.52666666666666,2047.0333333333338,46.87,73.94
2026-03-02 12:40:00,45.44,74.23,38.52,47.49,1717,1698.1,12,0,56.95,72.85,39.1,64.18,2512.8,1757,48.34,73.33333333333333,2021.4000000000003,42.3,73.97
2026-03-02 12:45:00,52.35,74.55,39.11,60.69,1737,2237.6,12,0,45.44,74.23,38.52,47.49,1698.1,1717,51.580000000000005,73.87666666666665,2149.5000000000005,47.35,74.58
2026-03-02 12:50:00,46.87,73.94,38.74,50.87,1827,1991.4,12,0,52.35,74.55,39.11,60.69,2237.6,1737,48.22,74.24,1975.7,50.58,74.12
2026-03-02 12:55:00,42.3,73.97,38.88,51.75,1809,1787.5,12,0,46.87,73.94,38.74,50.87,1991.4,1827,47.173333333333325,74.15333333333332,2005.5,47.24,74.49
2026-03-02 13:00:00,47.35,74.58,38.88,48.98,1877,1981.5,13,0,42.3,73.97,38.88,51.75,1787.5,1809,45.50666666666667,74.16333333333331,1920.133333333334,33.02,74.26
2026-03-02 13:05:00,50.58,74.12,38.95,59.35,1836,2404.6,13,0,47.35,74.58,38.88,48.98,1981.5,1877,46.74333333333333,74.22333333333331,2057.866666666667,49.75,73.75
2026-03-02 13:10:00,47.24,74.49,38.98,53.48,1778,1961.4,13,0,50.58,74.12,38.95,59.35,2404.6,1836,48.39000000000001,74.39666666666666,2115.8333333333335,41.11,72.47
2026-03-02 13:15:00,33.02,74.26,39.31,51.11,1793,1573.2,13,0,47.24,74.49,38.98,53.48,1961.4,1778,43.61333333333334,74.28999999999998,1979.7333333333336,50.22,75.39
2026-03-02 13:20:00,49.75,73.75,39.05,51.14,1843,2059.8,13,0,33.02,74.26,39.31,51.11,1573.2,1793,43.336666666666666,74.16666666666664,1864.8000000000004,52.24,76.37
2026-03-02 13:25:00,41.11,72.47,38.5,51.64,1842,1728.3,13,0,49.75,73.75,39.05,51.14,2059.8,1843,41.29333333333333,73.49333333333333,1787.1000000000004,46.69,77.54
2026-03-02 13:30:00,50.22,75.39,38.74,55.8,1983,2115.1,13,0,41.11,72.47,38.5,51.64,1728.3,1842,47.026666666666664,73.86999999999999,1967.7333333333336,54.79,77.56
2026-03-02 13:35:00,52.24,76.37,38.73,62.0,1859,2127.0,13,0,50.22,75.39,38.74,55.8,2115.1,1983,47.85666666666666,74.74333333333333,1990.1333333333334,47.56,78.26
2026-03-02 13:40:00,46.69,77.54,39.25,48.16,1913,1840.9,13,0,52.24,76.37,38.73,62.0,2127.0,1859,49.71666666666667,76.43333333333334,2027.6666666666667,57.98,77.95
2026-03-02 13:45:00,54.79,77.56,38.38,57.82,1941,2179.8,13,0,46.69,77.54,39.25,48.16,1840.9,1913,51.24,77.15666666666665,2049.2333333333336,49.57,77.81
2026-03-02 13:50:00,47.56,78.26,38.19,55.37,1953,2010.6,13,0,54.79,77.56,38.38,57.82,2179.8,1941,49.68,77.78666666666666,2010.4333333333336,54.8,76.57
2026-03-02 13:55:00,57.98,77.95,38.91,60.65,1935,2273.8,13,0,47.56,78.26,38.19,55.37,2010.6,1953,53.44333333333333,77.92333333333333,2154.733333333334,56.4,78.08
2026-03-02 14:00:00,49.57,77.81,39.1,60.32,1905,2234.2,14,0,57.98,77.95,38.91,60.65,2273.8,1935,51.70333333333334,78.00666666666666,2172.8666666666672,59.7,76.61
2026-03-02 14:05:00,54.8,76.57,38.73,60.5,1977,2216.3,14,0,49.57,77.81,39.1,60.32,2234.2,1905,54.11666666666667,77.44333333333333,2241.433333333334,54.45,76.38
2026-03-02 14:10:00,56.4,78.08,39.04,67.93,1956,2428.4,14,0,54.8,76.57,38.73,60.5,2216.3,1977,53.589999999999996,77.48666666666666,2292.966666666667,73.16,77.65
2026-03-02 14:15:00,59.7,76.61,39.41,69.16,1990,2821.4,14,0,56.4,78.08,39.04,67.93,2428.4,1956,56.96666666666667,77.08666666666666,2488.7000000000003,45.1,77.39
2026-03-02 14:20:00,54.45,76.38,38.85,72.26,1962,2599.6,14,0,59.7,76.61,39.41,69.16,2821.4,1990,56.85,77.02333333333333,2616.466666666667,59.04,76.93
2026-03-02 14:25:00,73.16,77.65,39.25,73.09,2059,2999.0,14,0,54.45,76.38,38.85,72.26,2599.6,1962,62.43666666666667,76.88,2806.6666666666674,57.83,76.94
2026-03-02 14:30:00,45.1,77.39,39.18,48.58,1973,1864.2,14,0,73.16,77.65,39.25,73.09,2999.0,2059,57.57,77.13999999999999,2487.6000000000004,51.56,75.79
2026-03-02 14:35:00,59.04,76.93,38.85,63.88,1989,2311.2,14,0,45.1,77.39,39.18,48.58,1864.2,1973,59.1,77.32333333333332,2391.4666666666667,51.01,75.7
2026-03-02 14:40:00,57.83,76.94,39.19,67.98,1988,2452.3,14,0,59.04,76.93,38.85,63.88,2311.2,1989,53.99,77.08666666666666,2209.233333333334,46.53,77.32
2026-03-02 14:45:00,51.56,75.79,39.21,52.75,1940,2022.8,14,0,57.83,76.94,39.19,67.98,2452.3,1988,56.14333333333334,76.55333333333333,2262.1000000000004,43.38,77.33
2026-03-02 14:50:00,51.01,75.7,38.97,58.17,2033,2211.5,14,0,51.56,75.79,39.21,52.75,2022.8,1940,53.46666666666667,76.14333333333333,2228.8666666666672,52.21,77.54
2026-03-02 14:55:00,46.53,77.32,39.57,51.53,2000,1821.9,14,0,51.01,75.7,38.97,58.17,2211.5,2033,49.699999999999996,76.27,2018.7333333333336,44.09,77.68
2026-03-02 15:00:00,43.38,77.33,38.67,43.15,1996,1588.2,15,0,46.53,77.32,39.57,51.53,1821.9,2000,46.973333333333336,76.78333333333332,1873.866666666667,40.72,77.95
2026-03-02 15:05:00,52.21,77.54,39.03,67.31,2020,2480.5,15,0,43.38,77.33,38.67,43.15,1588.2,1996,47.373333333333335,77.39666666666666,1963.5333333333338,82.43,80.25
2026-03-02 15:10:00,44.09,77.68,38.51,47.62,2040,1929.8,15,0,52.21,77.54,39.03,67.31,2480.5,2020,46.56,77.51666666666667,1999.5000000000002,56.74,80.2
2026-03-02 15:15:00,40.72,77.95,38.78,51.52,1985,1723.7,15,0,44.09,77.68,38.51,47.62,1929.8,2040,45.67333333333334,77.72333333333331,2044.6666666666672,52.79,80.47
2026-03-02 15:20:00,82.43,80.25,59.69,50.97,2018,2242.0,15,0,40.72,77.95,38.78,51.52,1723.7,1985,55.74666666666667,78.62666666666667,1965.1666666666672,55.74,82.13
2026-03-02 15:25:00,56.74,80.2,38.71,66.85,2016,2568.3,15,0,82.43,80.25,59.69,50.97,2242.0,2018,59.96333333333334,79.46666666666665,2178.0000000000005,49.03,82.15
2026-03-02 15:30:00,52.79,80.47,39.11,58.37,1957,2121.7,15,0,56.74,80.2,38.71,66.85,2568.3,2016,63.98666666666667,80.30666666666666,2310.6666666666674,47.28,81.3
2026-03-02 15:35:00,55.74,82.13,39.23,63.43,2056,2498.4,15,0,52.79,80.47,39.11,58.37,2121.7,1957,55.09,80.93333333333332,2396.1333333333337,61.7,80.0
2026-03-02 15:40:00,49.03,82.15,39.84,40.71,2027,1782.3,15,0,55.74,82.13,39.23,63.43,2498.4,2056,52.52,81.58333333333333,2134.1333333333337,66.48,81.12
2026-03-02 15:45:00,47.28,81.3,38.81,52.26,2028,2006.9,15,0,49.03,82.15,39.84,40.71,1782.3,2027,50.68333333333334,81.86,2095.8666666666672,53.48,81.45
2026-03-02 15:50:00,61.7,80.0,38.97,63.1,1980,2553.0,15,0,47.28,81.3,38.81,52.26,2006.9,2028,52.669999999999995,81.14999999999999,2114.066666666667,54.45,79.17
2026-03-02 15:55:00,66.48,81.12,39.38,70.71,2041,2903.7,15,0,61.7,80.0,38.97,63.1,2553.0,1980,58.48666666666667,80.80666666666666,2487.866666666667,55.96,78.73
2026-03-02 16:00:00,53.48,81.45,39.27,55.06,1981,2134.1,16,0,66.48,81.12,39.38,70.71,2903.7,2041,60.553333333333335,80.85666666666665,2530.266666666667,55.14,79.15
2026-03-02 16:05:00,54.45,79.17,38.98,68.33,1940,2373.0,16,0,53.48,81.45,39.27,55.06,2134.1,1981,58.13666666666668,80.58,2470.266666666667,50.53,79.1
2026-03-02 16:10:00,55.96,78.73,38.64,55.63,1966,2368.6,16,0,54.45,79.17,38.98,68.33,2373.0,1940,54.629999999999995,79.78333333333333,2291.9,63.22,79.53
2026-03-02 16:15:00,55.14,79.15,39.38,58.24,1977,2411.2,16,0,55.96,78.73,38.64,55.63,2368.6,1966,55.18333333333334,79.01666666666667,2384.266666666667,62.08,80.64
2026-03-02 16:20:00,50.53,79.1,39.77,62.17,1985,2251.7,16,0,55.14,79.15,39.38,58.24,2411.2,1977,53.876666666666665,78.99333333333333,2343.8333333333335,48.41,81.12
2026-03-02 16:25:00,63.22,79.53,38.94,62.1,1997,2553.9,16,0,50.53,79.1,39.77,62.17,2251.7,1985,56.29666666666666,79.25999999999999,2405.6000000000004,46.81,81.52
2026-03-02 16:30:00,62.08,80.64,39.0,64.84,2021,2574.0,16,0,63.22,79.53,38.94,62.1,2553.9,1997,58.60999999999999,79.75666666666666,2459.8666666666672,51.15,80.66
2026-03-02 16:35:00,48.41,81.12,39.52,57.53,1931,1882.8,16,0,62.08,80.64,39.0,64.84,2574.0,2021,57.90333333333333,80.42999999999999,2336.9000000000005,51.19,81.19
2026-03-02 16:40:00,46.81,81.52,39.46,53.09,2007,2140.5,16,0,48.41,81.12,39.52,57.53,1882.8,1931,52.43333333333334,81.09333333333332,2199.1000000000004,46.01,81.01
2026-03-02 16:45:00,51.15,80.66,39.38,58.87,2012,2022.6,16,0,46.81,81.52,39.46,53.09,2140.5,2007,48.79,81.1,2015.3000000000004,48.95,79.76
2026-03-02 16:50:00,51.19,81.19,39.05,52.08,1989,2275.4,16,0,51.15,80.66,39.38,58.87,2022.6,2012,49.71666666666667,81.12333333333332,2146.1666666666674,45.0,80.04
2026-03-02 16:55:00,46.01,81.01,39.49,54.46,2001,1852.6,16,0,51.19,81.19,39.05,52.08,2275.4,1989,49.449999999999996,80.95333333333332,2050.2000000000003,56.87,79.22
2026-03-02 17:00:00,48.95,79.76,39.15,56.31,1962,2100.9,17,0,46.01,81.01,39.49,54.46,1852.6,2001,48.71666666666666,80.65333333333332,2076.3000000000006,44.32,78.52
2026-03-02 17:05:00,45.0,80.04,40.07,53.62,1898,1849.6,17,0,48.95,79.76,39.15,56.31,2100.9,1962,46.65333333333333,80.27,1934.366666666667,61.44,77.83
2026-03-02 17:10:00,56.87,79.22,39.26,65.11,1986,2339.9,17,0,45.0,80.04,40.07,53.62,1849.6,1898,50.27333333333333,79.67333333333333,2096.8000000000006,46.5,77.9
2026-03-02 17:15:00,44.32,78.52,39.63,58.09,2004,2081.9,17,0,56.87,79.22,39.26,65.11,2339.9,1986,48.73,79.25999999999999,2090.466666666667,64.97,78.12
2026-03-02 17:20:00,61.44,77.83,39.38,65.92,1938,2530.9,17,0,44.32,78.52,39.63,58.09,2081.9,2004,54.21,78.52333333333331,2317.566666666667,54.47,79.44
2026-03-02 17:25:00,46.5,77.9,39.32,58.46,1951,2020.3,17,0,61.44,77.83,39.38,65.92,2530.9,1938,50.75333333333333,78.08333333333333,2211.0333333333338,52.52,80.11
2026-03-02 17:30:00,64.97,78.12,39.41,65.73,1921,2618.7,17,0,46.5,77.9,39.32,58.46,2020.3,1951,57.63666666666666,77.94999999999999,2389.966666666667,51.37,79.69
2026-03-02 17:35:00,54.47,79.44,39.76,64.22,1891,2542.6,17,0,64.97,78.12,39.41,65.73,2618.7,1921,55.31333333333333,78.48666666666666,2393.8666666666672,48.85,79.16
2026-03-02 17:40:00,52.52,80.11,39.79,63.81,1926,2226.9,17,0,54.47,79.44,39.76,64.22,2542.6,1891,57.32,79.22333333333331,2462.733333333334,62.89,78.42
2026-03-02 17:45:00,51.37,79.69,39.92,56.39,1876,2123.2,17,0,52.52,80.11,39.79,63.81,2226.9,1926,52.78666666666667,79.74666666666666,2297.566666666667,44.96,77.71
2026-03-02 17:50:00,48.85,79.16,39.69,57.71,1953,2197.7,17,0,51.37,79.69,39.92,56.39,2123.2,1876,50.913333333333334,79.65333333333332,2182.600000000001,44.94,77.73
2026-03-02 17:55:00,62.89,78.42,39.46,99.0,1809,2499.0,17,0,48.85,79.16,39.69,57.71,2197.7,1953,54.37,79.08999999999999,2273.3000000000006,58.25,77.36
2026-03-02 18:00:00,44.96,77.71,40.01,60.04,1803,1899.0,18,0,62.89,78.42,39.46,99.0,2499.0,1809,52.23333333333333,78.42999999999999,2198.566666666667,51.5,76.8
2026-03-02 18:05:00,44.94,77.73,39.69,36.69,1849,1693.7,18,0,44.96,77.71,40.01,60.04,1899.0,1803,50.93000000000001,77.95333333333332,2030.5666666666673,60.36,75.6
2026-03-02 18:10:00,58.25,77.36,38.69,58.74,1905,2382.0,18,0,44.94,77.73,39.69,36.69,1693.7,1849,49.383333333333326,77.59999999999998,1991.5666666666673,53.71,74.79
2026-03-02 18:15:00,51.5,76.8,39.57,62.4,1770,2398.5,18,0,58.25,77.36,38.69,58.74,2382.0,1905,51.56333333333333,77.29666666666667,2158.066666666667,52.74,75.41
2026-03-02 18:20:00,60.36,75.6,40.12,60.67,1796,2374.7,18,0,51.5,76.8,39.57,62.4,2398.5,1770,56.70333333333334,76.58666666666664,2385.066666666667,63.69,76.17
2026-03-02 18:25:00,53.71,74.79,39.52,60.02,1791,2253.9,18,0,60.36,75.6,40.12,60.67,2374.7,1796,55.19,75.72999999999999,2342.3666666666672,54.35,76.85
2026-03-02 18:30:00,52.74,75.41,39.45,61.31,1807,2243.0,18,0,53.71,74.79,39.52,60.02,2253.9,1791,55.60333333333333,75.26666666666667,2290.533333333334,54.1,75.04
2026-03-02 18:35:00,63.69,76.17,39.73,70.43,1762,2579.7,18,0,52.74,75.41,39.45,61.31,2243.0,1807,56.71333333333333,75.45666666666666,2358.8666666666672,57.26,75.24
2026-03-02 18:40:00,54.35,76.85,39.47,51.31,1759,2048.2,18,0,63.69,76.17,39.73,70.43,2579.7,1762,56.92666666666667,76.14333333333332,2290.3000000000006,48.17,75.42
2026-03-02 18:45:00,54.1,75.04,39.79,63.95,1660,2419.3,18,0,54.35,76.85,39.47,51.31,2048.2,1759,57.379999999999995,76.02,2349.0666666666675,55.88,74.59
2026-03-02 18:50:00,57.26,75.24,39.99,65.72,1661,2407.2,18,0,54.1,75.04,39.79,63.95,2419.3,1660,55.23666666666667,75.71,2291.566666666667,49.22,74.41
2026-03-02 18:55:00,48.17,75.42,39.76,52.02,1767,2008.2,18,0,57.26,75.24,39.99,65.72,2407.2,1661,53.17666666666667,75.23333333333332,2278.233333333334,46.16,74.09
2026-03-02 19:00:00,55.88,74.59,40.05,60.43,1722,2248.3,19,0,48.17,75.42,39.76,52.02,2008.2,1767,53.77,75.08333333333333,2221.233333333334,35.32,73.1
2026-03-02 19:05:00,49.22,74.41,39.9,54.02,1690,1906.8,19,0,55.88,74.59,40.05,60.43,2248.3,1722,51.09,74.80666666666666,2054.433333333334,49.75,73.95
2026-03-02 19:10:00,46.16,74.09,39.19,51.7,1713,1929.4,19,0,49.22,74.41,39.9,54.02,1906.8,1690,50.419999999999995,74.36333333333333,2028.1666666666672,58.19,74.34
2026-03-02 19:15:00,35.32,73.1,39.09,48.89,1632,1637.3,19,0,46.16,74.09,39.19,51.7,1929.4,1713,43.56666666666666,73.86666666666666,1824.5000000000007,45.4,72.83
2026-03-02 19:20:00,49.75,73.95,39.84,46.61,1627,1590.5,19,0,35.32,73.1,39.09,48.89,1637.3,1632,43.74333333333333,73.71333333333332,1719.0666666666673,48.72,71.27
2026-03-02 19:25:00,58.19,74.34,39.92,65.12,1754,2588.7,19,0,49.75,73.95,39.84,46.61,1590.5,1627,47.75333333333333,73.79666666666667,1938.833333333334,51.5,71.09
2026-03-02 19:30:00,45.4,72.83,39.5,40.65,1606,1561.9,19,0,58.19,74.34,39.92,65.12,2588.7,1754,51.11333333333334,73.70666666666666,1913.7000000000007,45.74,71.35
2026-03-02 19:35:00,48.72,71.27,39.51,58.44,1593,1980.4,19,0,45.4,72.83,39.5,40.65,1561.9,1606,50.77,72.81333333333332,2043.6666666666672,43.23,71.13
2026-03-02 19:40:00,51.5,71.09,39.72,50.39,1652,2035.3,19,0,48.72,71.27,39.51,58.44,1980.4,1593,48.54,71.73,1859.2000000000007,42.87,71.25
2026-03-02 19:45:00,45.74,71.35,39.8,43.12,1556,1471.9,19,0,51.5,71.09,39.72,50.39,2035.3,1652,48.653333333333336,71.23666666666666,1829.2000000000007,42.43,72.7
2026-03-02 19:50:00,43.23,71.13,39.57,52.49,1537,1938.0,19,0,45.74,71.35,39.8,43.12,1471.9,1556,46.82333333333333,71.19,1815.0666666666673,54.68,72.29
2026-03-02 19:55:00,42.87,71.25,39.92,50.73,1519,1844.7,19,0,43.23,71.13,39.57,52.49,1938.0,1537,43.946666666666665,71.24333333333333,1751.533333333334,34.72,71.39
2026-03-02 20:00:00,42.43,72.7,39.71,56.56,1499,2019.3,20,0,42.87,71.25,39.92,50.73,1844.7,1519,42.84333333333333,71.69333333333333,1934.0000000000007,40.87,71.35
2026-03-02 20:05:00,54.68,72.29,39.63,55.36,1469,1902.1,20,0,42.43,72.7,39.71,56.56,2019.3,1499,46.66,72.08,1922.033333333334,40.11,71.44
2026-03-02 20:10:00,34.72,71.39,40.14,50.56,1521,1438.8,20,0,54.68,72.29,39.63,55.36,1902.1,1469,43.94333333333333,72.12666666666667,1786.7333333333338,47.07,71.66
2026-03-02 20:15:00,40.87,71.35,40.43,52.65,1433,1885.5,20,0,34.72,71.39,40.14,50.56,1438.8,1521,43.423333333333325,71.67666666666666,1742.133333333334,64.02,70.71
2026-03-02 20:20:00,40.11,71.44,39.68,46.62,1431,1453.7,20,0,40.87,71.35,40.43,52.65,1885.5,1433,38.56666666666666,71.39333333333332,1592.6666666666672,52.39,70.64
2026-03-02 20:25:00,47.07,71.66,39.4,57.35,1476,2088.1,20,0,40.11,71.44,39.68,46.62,1453.7,1431,42.68333333333333,71.48333333333332,1809.1000000000006,41.38,68.23
2026-03-02 20:30:00,64.02,70.71,58.55,46.36,1377,1640.7,20,0,47.07,71.66,39.4,57.35,2088.1,1476,50.4,71.26999999999998,1727.5000000000007,47.9,69.0
2026-03-02 20:35:00,52.39,70.64,40.37,53.81,1431,1841.3,20,0,64.02,70.71,58.55,46.36,1640.7,1377,54.49333333333334,71.00333333333332,1856.7000000000007,44.95,67.79
2026-03-02 20:40:00,41.38,68.23,40.3,46.32,1392,1315.0,20,0,52.39,70.64,40.37,53.81,1841.3,1431,52.59666666666667,69.86,1599.0000000000007,41.64,68.17
2026-03-02 20:45:00,47.9,69.0,39.55,57.04,1370,1918.6,20,0,41.38,68.23,40.3,46.32,1315.0,1392,47.223333333333336,69.29,1691.633333333334,43.39,67.66
2026-03-02 20:50:00,44.95,67.79,40.12,51.13,1460,1897.9,20,0,47.9,69.0,39.55,57.04,1918.6,1370,44.74333333333334,68.33999999999999,1710.5000000000007,36.15,65.94
2026-03-02 20:55:00,41.64,68.17,40.15,45.94,1302,1593.7,20,0,44.95,67.79,40.12,51.13,1897.9,1460,44.830000000000005,68.32,1803.4000000000005,44.86,66.99
2026-03-02 21:00:00,43.39,67.66,40.35,46.6,1362,1790.1,21,0,41.64,68.17,40.15,45.94,1593.7,1302,43.326666666666675,67.87333333333332,1760.5666666666673,35.61,66.81
2026-03-02 21:05:00,36.15,65.94,40.06,50.39,1284,1534.3,21,0,43.39,67.66,40.35,46.6,1790.1,1362,40.39333333333334,67.25666666666666,1639.3666666666675,39.39,65.75
2026-03-02 21:10:00,44.86,66.99,40.06,45.97,1250,1626.4,21,0,36.15,65.94,40.06,50.39,1534.3,1284,41.46666666666667,66.86333333333332,1650.2666666666673,41.45,65.97
2026-03-02 21:15:00,35.61,66.81,40.03,35.64,1244,1225.9,21,0,44.86,66.99,40.06,45.97,1626.4,1250,38.873333333333335,66.57999999999998,1462.2000000000007,39.8,65.84
2026-03-02 21:20:00,39.39,65.75,39.95,37.16,1183,1509.4,21,0,35.61,66.81,40.03,35.64,1225.9,1244,39.953333333333326,66.51666666666665,1453.9000000000008,39.37,65.14
2026-03-02 21:25:00,41.45,65.97,39.99,38.11,1224,1216.7,21,0,39.39,65.75,39.95,37.16,1509.4,1183,38.81666666666667,66.17666666666666,1317.333333333334,47.61,64.37
2026-03-02 21:30:00,39.8,65.84,39.84,42.09,1223,1415.0,21,0,41.45,65.97,39.99,38.11,1216.7,1224,40.21333333333333,65.85333333333332,1380.3666666666675,33.47,64.03
2026-03-02 21:35:00,39.37,65.14,40.46,31.88,1121,1158.6,21,0,39.8,65.84,39.84,42.09,1415.0,1223,40.20666666666667,65.64999999999999,1263.433333333334,38.82,63.63
2026-03-02 21:40:00,47.61,64.37,40.21,49.7,1196,1456.2,21,0,39.37,65.14,40.46,31.88,1158.6,1121,42.26,65.11666666666666,1343.2666666666673,37.96,64.3
2026-03-02 21:45:00,33.47,64.03,40.05,48.65,1236,1500.8,21,0,47.61,64.37,40.21,49.7,1456.2,1196,40.15,64.51333333333332,1371.8666666666675,38.82,63.78
2026-03-02 21:50:00,38.82,63.63,40.0,38.11,1135,1244.5,21,0,33.47,64.03,40.05,48.65,1500.8,1236,39.96666666666667,64.01,1400.5000000000007,34.43,64.85
2026-03-02 21:55:00,37.96,64.3,40.22,40.48,1047,1332.7,21,0,38.82,63.63,40.0,38.11,1244.5,1135,36.75,63.98666666666666,1359.333333333334,28.78,65.37
2026-03-02 22:00:00,38.82,63.78,40.46,41.06,1080,1348.5,22,0,37.96,64.3,40.22,40.48,1332.7,1047,38.53333333333333,63.90333333333333,1308.5666666666673,29.27,64.5
2026-03-02 22:05:00,34.43,64.85,40.31,32.03,1019,938.1,22,0,38.82,63.78,40.46,41.06,1348.5,1080,37.07,64.30999999999999,1206.4333333333338,41.3,76.53
2026-03-02 22:10:00,28.78,65.37,40.06,34.85,1108,1087.9,22,0,34.43,64.85,40.31,32.03,938.1,1019,34.01,64.66666666666664,1124.833333333334,28.42,63.24
2026-03-02 22:15:00,29.27,64.5,40.33,37.31,1099,988.9,22,0,28.78,65.37,40.06,34.85,1087.9,1108,30.826666666666668,64.90666666666665,1004.9666666666673,30.33,62.33
2026-03-02 22:20:00,41.3,76.53,40.96,45.99,1483,1479.2,22,0,29.27,64.5,40.33,37.31,988.9,1099,33.11666666666667,68.8,1185.333333333334,32.6,61.75
2026-03-02 22:25:00,28.42,63.24,40.08,30.18,972,1106.1,22,0,41.3,76.53,40.96,45.99,1479.2,1483,32.99666666666667,68.08999999999999,1191.4000000000005,48.45,71.42
2026-03-02 22:30:00,30.33,62.33,40.26,32.96,981,950.3,22,0,28.42,63.24,40.08,30.18,1106.1,972,33.35,67.36666666666666,1178.5333333333338,37.49,60.03
2026-03-02 22:35:00,32.6,61.75,40.47,42.84,1017,1349.8,22,0,30.33,62.33,40.26,32.96,950.3,981,30.450000000000003,62.43999999999999,1135.4000000000005,31.14,59.3
2026-03-02 22:40:00,48.45,71.42,40.31,50.05,1383,1331.4,22,0,32.6,61.75,40.47,42.84,1349.8,1017,37.12666666666667,65.16666666666664,1210.5000000000007,31.0,57.93
2026-03-02 22:45:00,37.49,60.03,40.28,34.37,955,1206.2,22,0,48.45,71.42,40.31,50.05,1331.4,1383,39.51333333333334,64.39999999999999,1295.8000000000004,35.34,56.23
2026-03-02 22:50:00,31.14,59.3,40.59,35.75,856,960.2,22,0,37.49,60.03,40.28,34.37,1206.2,955,39.02666666666667,63.583333333333314,1165.933333333334,35.65,55.97
2026-03-02 22:55:00,31.0,57.93,40.84,36.02,881,1018.1,22,0,31.14,59.3,40.59,35.75,960.2,856,33.21,59.086666666666645,1061.5000000000007,40.31,55.81
2026-03-02 23:00:00,35.34,56.23,40.38,31.39,930,973.8,23,0,31.0,57.93,40.84,36.02,1018.1,881,32.49333333333334,57.81999999999997,984.0333333333339,35.3,55.5
2026-03-02 23:05:00,35.65,55.97,40.6,29.93,883,994.6,23,0,35.34,56.23,40.38,31.39,973.8,930,33.99666666666667,56.70999999999998,995.5000000000006,27.96,55.61
2026-03-02 23:10:00,40.31,55.81,40.35,34.46,922,1239.4,23,0,35.65,55.97,40.6,29.93,994.6,883,37.1,56.00333333333331,1069.2666666666673,26.25,56.36
2026-03-02 23:15:00,35.3,55.5,39.99,34.05,895,1124.8,23,0,40.31,55.81,40.35,34.46,1239.4,922,37.086666666666666,55.759999999999984,1119.6000000000006,33.02,54.85
2026-03-02 23:20:00,27.96,55.61,40.65,32.48,826,843.7,23,0,35.3,55.5,39.99,34.05,1124.8,895,34.52333333333334,55.639999999999986,1069.3000000000006,26.34,53.64
2026-03-02 23:25:00,26.25,56.36,40.62,32.9,847,941.7,23,0,27.96,55.61,40.65,32.48,843.7,826,29.83666666666667,55.823333333333316,970.0666666666672,37.02,53.19
2026-03-02 23:30:00,33.02,54.85,40.5,40.43,812,1173.7,23,0,26.25,56.36,40.62,32.9,941.7,847,29.07666666666667,55.60666666666665,986.3666666666674,33.98,55.41
2026-03-02 23:35:00,26.34,53.64,40.16,28.1,773,828.3,23,0,33.02,54.85,40.5,40.43,1173.7,812,28.536666666666672,54.94999999999998,981.233333333334,23.97,55.52
2026-03-02 23:40:00,37.02,53.19,40.23,38.68,803,1041.4,23,0,26.34,53.64,40.16,28.1,828.3,773,32.12666666666667,53.89333333333332,1014.4666666666673,34.29,55.71
2026-03-02 23:45:00,33.98,55.41,40.62,25.28,784,843.8,23,0,37.02,53.19,40.23,38.68,1041.4,803,32.446666666666665,54.079999999999984,904.5000000000006,33.66,55.31
2026-03-02 23:50:00,23.97,55.52,40.6,30.13,780,654.4,23,0,33.98,55.41,40.62,25.28,843.8,784,31.656666666666666,54.70666666666665,846.5333333333339,35.83,53.74
2026-03-02 23:55:00,34.29,55.71,40.16,23.24,788,803.7,23,0,23.97,55.52,40.6,30.13,654.4,780,30.74666666666667,55.546666666666646,767.3000000000006,26.08,52.85
2026-03-03 00:00:00,33.66,55.31,36.36,39.67,814,1131.2,0,1,34.29,55.71,40.16,23.24,803.7,788,30.64,55.513333333333314,863.1000000000007,35.82,68.49
2026-03-03 00:05:00,35.83,53.74,36.0,28.65,675,825.7,0,1,33.66,55.31,36.36,39.67,1131.2,814,34.593333333333334,54.91999999999998,920.2000000000006,28.58,51.37
2026-03-03 00:10:00,26.08,52.85,36.23,32.78,627,847.5,0,1,35.83,53.74,36.0,28.65,825.7,675,31.85666666666667,53.96666666666665,934.8000000000006,30.35,50.52
2026-03-03 00:15:00,35.82,68.49,36.37,34.27,1100,1266.0,0,1,26.08,52.85,36.23,32.78,847.5,627,32.57666666666667,58.35999999999998,979.7333333333339,28.42,50.6
2026-03-03 00:20:00,28.58,51.37,36.13,26.73,633,606.1,0,1,35.82,68.49,36.37,34.27,1266.0,1100,30.16,57.56999999999997,906.5333333333339,25.59,50.08
2026-03-03 00:25:00,30.35,50.52,36.22,27.85,607,691.2,0,1,28.58,51.37,36.13,26.73,606.1,633,31.583333333333332,56.793333333333315,854.4333333333338,37.61,62.29
2026-03-03 00:30:00,28.42,50.6,36.29,32.08,552,699.3,0,1,30.35,50.52,36.22,27.85,691.2,607,29.11666666666667,50.82999999999998,665.5333333333339,29.22,49.7
2026-03-03 00:35:00,25.59,50.08,36.25,25.23,548,746.3,0,1,28.42,50.6,36.29,32.08,699.3,552,28.120000000000005,50.39999999999998,712.2666666666672,28.24,49.01
2026-03-03 00:40:00,37.61,62.29,36.03,56.11,1104,1380.6,0,1,25.59,50.08,36.25,25.23,746.3,548,30.540000000000003,54.3233333333333,942.0666666666671,28.37,47.77
2026-03-03 00:45:00,29.22,49.7,36.42,25.73,624,738.4,0,1,37.61,62.29,36.03,56.11,1380.6,1104,30.806666666666672,54.02333333333331,955.1000000000005,25.33,46.73
2026-03-03 00:50:00,28.24,49.01,36.39,25.99,631,854.1,0,1,29.22,49.7,36.42,25.73,738.4,624,31.69,53.666666666666636,991.0333333333338,26.97,46.53
2026-03-03 00:55:00,28.37,47.77,36.21,25.76,521,556.9,0,1,28.24,49.01,36.39,25.99,854.1,631,28.610000000000003,48.82666666666665,716.4666666666672,40.42,47.11
2026-03-03 01:00:00,25.33,46.73,36.47,23.59,485,540.0,1,1,28.37,47.77,36.21,25.76,556.9,521,27.313333333333333,47.836666666666645,650.3333333333338,29.93,48.13
2026-03-03 01:05:00,26.97,46.53,36.07,27.91,550,578.7,1,1,25.33,46.73,36.47,23.59,540.0,485,26.890000000000004,47.009999999999984,558.5333333333338,28.06,49.17
2026-03-03 01:10:00,40.42,47.11,55.42,21.6,523,479.7,1,1,26.97,46.53,36.07,27.91,578.7,550,30.906666666666666,46.78999999999997,532.8000000000004,30.19,48.59
2026-03-03 01:15:00,29.93,48.13,36.08,21.97,576,714.2,1,1,40.42,47.11,55.42,21.6,479.7,523,32.440000000000005,47.25666666666664,590.8666666666671,40.63,58.92
2026-03-03 01:20:00,28.06,49.17,36.38,21.2,537,602.8,1,1,29.93,48.13,36.08,21.97,714.2,576,32.803333333333335,48.13666666666665,598.9000000000004,24.56,48.62
2026-03-03 01:25:00,30.19,48.59,36.64,28.23,609,685.7,1,1,28.06,49.17,36.38,21.2,602.8,537,29.393333333333334,48.629999999999974,667.5666666666672,22.24,49.25
2026-03-03 01:30:00,40.63,58.92,35.89,37.59,661,780.8,1,1,30.19,48.59,36.64,28.23,685.7,609,32.96,52.22666666666665,689.766666666667,23.23,49.58
2026-03-03 01:35:00,24.56,48.62,36.37,30.86,520,693.7,1,1,40.63,58.92,35.89,37.59,780.8,661,31.793333333333337,52.043333333333315,720.0666666666672,24.19,47.83
2026-03-03 01:40:00,22.24,49.25,36.5,24.44,499,466.6,1,1,24.56,48.62,36.37,30.86,693.7,520,29.143333333333334,52.263333333333314,647.0333333333338,21.45,45.73
2026-03-03 01:45:00,23.23,49.58,36.09,22.7,489,574.6,1,1,22.24,49.25,36.5,24.44,466.6,499,23.343333333333334,49.14999999999998,578.3000000000005,27.85,45.8
2026-03-03 01:50:00,24.19,47.83,36.8,22.85,556,600.6,1,1,23.23,49.58,36.09,22.7,574.6,489,23.22,48.886666666666635,547.2666666666672,26.1,45.5
2026-03-03 01:55:00,21.45,45.73,36.62,28.17,428,591.1,1,1,24.19,47.83,36.8,22.85,600.6,556,22.956666666666667,47.71333333333331,588.7666666666672,25.57,44.72
2026-03-03 02:00:00,27.85,45.8,36.26,24.89,525,545.5,2,1,21.45,45.73,36.62,28.17,591.1,428,24.49666666666667,46.45333333333331,579.0666666666672,22.57,44.91
2026-03-03 02:05:00,26.1,45.5,36.35,25.81,522,494.1,2,1,27.85,45.8,36.26,24.89,545.5,525,25.133333333333336,45.67666666666664,543.5666666666671,22.34,43.64
2026-03-03 02:10:00,25.57,44.72,36.45,26.33,478,462.0,2,1,26.1,45.5,36.35,25.81,494.1,522,26.50666666666667,45.339999999999975,500.53333333333376,28.06,60.67
2026-03-03 02:15:00,22.57,44.91,36.71,27.25,421,519.5,2,1,25.57,44.72,36.45,26.33,462.0,478,24.74666666666667,45.043333333333315,491.8666666666671,18.85,41.43
2026-03-03 02:20:00,22.34,43.64,36.82,21.94,410,485.4,2,1,22.57,44.91,36.71,27.25,519.5,421,23.493333333333336,44.42333333333331,488.96666666666715,24.15,42.19
2026-03-03 02:25:00,28.06,60.67,36.51,33.19,702,753.3,2,1,22.34,43.64,36.82,21.94,485.4,410,24.323333333333338,49.739999999999974,586.0666666666671,24.48,42.78
2026-03-03 02:30:00,18.85,41.43,37.3,23.84,415,427.5,2,1,28.06,60.67,36.51,33.19,753.3,702,23.083333333333332,48.57999999999998,555.4000000000004,23.21,42.85
2026-03-03 02:35:00,24.15,42.19,36.42,27.42,491,549.8,2,1,18.85,41.43,37.3,23.84,427.5,415,23.686666666666667,48.09666666666664,576.8666666666671,37.91,53.41
2026-03-03 02:40:00,24.48,42.78,36.77,18.14,407,452.0,2,1,24.15,42.19,36.42,27.42,549.8,491,22.493333333333336,42.133333333333304,476.4333333333338,33.53,43.31
2026-03-03 02:45:00,23.21,42.85,36.57,27.08,379,423.6,2,1,24.48,42.78,36.77,18.14,452.0,407,23.94666666666667,42.60666666666664,475.13333333333384,20.2,42.81
2026-03-03 02:50:00,37.91,53.41,37.38,42.48,675,640.1,2,1,23.21,42.85,36.57,27.08,423.6,379,28.53333333333333,46.34666666666664,505.2333333333338,21.76,44.22
2026-03-03 02:55:00,33.53,43.31,36.47,24.56,441,561.7,2,1,37.91,53.41,37.38,42.48,640.1,675,31.55,46.52333333333331,541.8000000000005,28.06,44.16
2026-03-03 03:00:00,20.2,42.81,37.0,23.29,389,465.9,3,1,33.53,43.31,36.47,24.56,561.7,441,30.546666666666667,46.50999999999997,555.9000000000005,20.83,43.48
2026-03-03 03:05:00,21.76,44.22,36.3,28.65,442,394.8,3,1,20.2,42.81,37.0,23.29,465.9,389,25.163333333333338,43.44666666666664,474.13333333333384,24.38,44.49
2026-03-03 03:10:00,28.06,44.16,36.58,20.49,417,538.5,3,1,21.76,44.22,36.3,28.65,394.8,442,23.340000000000003,43.72999999999998,466.4000000000005,22.73,45.13
2026-03-03 03:15:00,20.83,43.48,36.1,9.59,319,422.4,3,1,28.06,44.16,36.58,20.49,538.5,417,23.55,43.95333333333331,451.9000000000005,22.79,45.18
2026-03-03 03:20:00,24.38,44.49,36.72,20.84,406,384.5,3,1,20.83,43.48,36.1,9.59,422.4,319,24.423333333333336,44.043333333333315,448.46666666666715,22.01,45.56
2026-03-03 03:25:00,22.73,45.13,36.57,11.31,431,501.1,3,1,24.38,44.49,36.72,20.84,384.5,406,22.646666666666665,44.366666666666646,436.00000000000045,23.1,45.2
2026-03-03 03:30:00,22.79,45.18,36.02,25.93,378,364.0,3,1,22.73,45.13,36.57,11.31,501.1,431,23.3,44.933333333333316,416.5333333333338,17.06,46.34
2026-03-03 03:35:00,22.01,45.56,37.02,20.97,490,564.1,3,1,22.79,45.18,36.02,25.93,364.0,378,22.51,45.289999999999985,476.40000000000055,14.08,44.46
2026-03-03 03:40:00,23.1,45.2,36.9,25.45,351,459.5,3,1,22.01,45.56,37.02,20.97,564.1,490,22.633333333333336,45.31333333333331,462.5333333333338,24.64,45.16
2026-03-03 03:45:00,17.06,46.34,37.08,17.75,367,391.7,3,1,23.1,45.2,36.9,25.45,459.5,351,20.72333333333334,45.69999999999998,471.76666666666716,25.16,45.3
2026-03-03 03:50:00,14.08,44.46,37.34,16.31,378,352.3,3,1,17.06,46.34,37.08,17.75,391.7,367,18.080000000000002,45.333333333333314,401.16666666666714,49.44,44.73
2026-03-03 03:55:00,24.64,45.16,36.76,24.87,396,546.6,3,1,14.08,44.46,37.34,16.31,352.3,378,18.593333333333337,45.31999999999997,430.2000000000005,25.19,43.53
2026-03-03 04:00:00,25.16,45.3,37.15,25.58,434,537.6,4,1,24.64,45.16,36.76,24.87,546.6,396,21.293333333333337,44.97333333333331,478.83333333333377,24.25,43.5
2026-03-03 04:05:00,49.44,44.73,51.86,21.62,390,484.9,4,1,25.16,45.3,37.15,25.58,537.6,434,33.080000000000005,45.063333333333304,523.0333333333339,22.81,44.41
2026-03-03 04:10:00,25.19,43.53,36.77,31.4,366,552.7,4,1,49.44,44.73,51.86,21.62,484.9,390,33.263333333333335,44.519999999999975,525.0666666666672,25.39,44.81
2026-03-03 04:15:00,24.25,43.5,37.04,21.7,366,447.4,4,1,25.19,43.53,36.77,31.4,552.7,366,32.96,43.91999999999998,495.0000000000005,27.7,45.23
2026-03-03 04:20:00,22.81,44.41,37.42,21.94,443,484.0,4,1,24.25,43.5,37.04,21.7,447.4,366,24.083333333333332,43.81333333333331,494.7000000000005,25.01,44.74
2026-03-03 04:25:00,25.39,44.81,36.77,38.62,491,664.0,4,1,22.81,44.41,37.42,21.94,484.0,443,24.150000000000006,44.239999999999974,531.8000000000005,22.35,43.8
2026-03-03 04:30:00,27.7,45.23,36.75,13.5,429,500.3,4,1,25.39,44.81,36.77,38.62,664.0,491,25.3,44.81666666666664,549.4333333333337,23.63,43.86
2026-03-03 04:35:00,25.01,44.74,37.08,13.82,429,539.5,4,1,27.7,45.23,36.75,13.5,500.3,429,26.033333333333335,44.92666666666664,567.9333333333338,25.23,43.65
2026-03-03 04:40:00,22.35,43.8,36.9,23.36,503,550.5,4,1,25.01,44.74,37.08,13.82,539.5,429,25.02,44.589999999999975,530.1000000000005,18.9,42.42
2026-03-03 04:45:00,23.63,43.86,37.34,14.37,440,466.0,4,1,22.35,43.8,36.9,23.36,550.5,503,23.663333333333338,44.133333333333304,518.6666666666671,20.89,42.34
2026-03-03 04:50:00,25.23,43.65,36.61,33.34,366,449.5,4,1,23.63,43.86,37.34,14.37,466.0,440,23.736666666666668,43.769999999999975,488.66666666666714,18.21,43.0
2026-03-03 04:55:00,18.9,42.42,36.76,14.03,397,509.8,4,1,25.23,43.65,36.61,33.34,449.5,366,22.58666666666667,43.309999999999974,475.1000000000004,22.01,44.99
2026-03-03 05:00:00,20.89,42.34,36.72,19.22,388,459.5,5,1,18.9,42.42,36.76,14.03,509.8,397,21.673333333333336,42.80333333333331,472.9333333333338,23.54,45.91
2026-03-03 05:05:00,18.21,43.0,37.04,19.82,389,517.7,5,1,20.89,42.34,36.72,19.22,459.5,388,19.333333333333336,42.586666666666645,495.66666666666714,21.65,46.58
2026-03-03 05:10:00,22.01,44.99,36.7,24.28,501,710.8,5,1,18.21,43.0,37.04,19.82,517.7,389,20.370000000000005,43.44333333333331,562.6666666666671,30.84,47.06
2026-03-03 05:15:00,23.54,45.91,37.3,14.42,401,406.1,5,1,22.01,44.99,36.7,24.28,710.8,501,21.253333333333334,44.633333333333304,544.8666666666671,29.57,47.31
2026-03-03 05:20:00,21.65,46.58,36.87,17.4,359,418.8,5,1,23.54,45.91,37.3,14.42,406.1,401,22.400000000000002,45.82666666666665,511.9000000000005,22.52,46.71
2026-03-03 05:25:00,30.84,47.06,36.72,25.36,444,667.4,5,1,21.65,46.58,36.87,17.4,418.8,359,25.343333333333334,46.516666666666644,497.4333333333338,22.79,47.61
2026-03-03 05:30:00,29.57,47.31,37.03,27.31,470,594.3,5,1,30.84,47.06,36.72,25.36,667.4,444,27.353333333333335,46.98333333333331,560.1666666666671,23.47,47.52
2026-03-03 05:35:00,22.52,46.71,36.32,26.04,508,635.8,5,1,29.57,47.31,37.03,27.31,594.3,470,27.643333333333334,47.02666666666664,632.5000000000003,23.27,49.48
2026-03-03 05:40:00,22.79,47.61,36.57,27.52,566,723.9,5,1,22.52,46.71,36.32,26.04,635.8,508,24.960000000000004,47.20999999999998,651.3333333333338,29.37,49.31
2026-03-03 05:45:00,23.47,47.52,37.29,19.12,465,466.2,5,1,22.79,47.61,36.57,27.52,723.9,566,22.926666666666666,47.27999999999997,608.6333333333338,27.12,49.67
2026-03-03 05:50:00,23.27,49.48,36.65,26.04,602,648.5,5,1,23.47,47.52,37.29,19.12,466.2,465,23.176666666666666,48.20333333333331,612.8666666666671,24.41,49.45
2026-03-03 05:55:00,29.37,49.31,36.43,28.44,499,639.1,5,1,23.27,49.48,36.65,26.04,648.5,602,25.37,48.76999999999998,584.6000000000004,27.69,49.68
2026-03-03 06:00:00,27.12,49.67,37.56,22.11,557,658.2,6,1,29.37,49.31,36.43,28.44,639.1,499,26.58666666666667,49.48666666666664,648.6000000000005,23.05,50.15
2026-03-03 06:05:00,24.41,49.45,36.97,28.99,517,711.8,6,1,27.12,49.67,37.56,22.11,658.2,557,26.96666666666667,49.47666666666665,669.7000000000004,29.49,49.57
2026-03-03 06:10:00,27.69,49.68,36.74,28.7,608,564.2,6,1,24.41,49.45,36.97,28.99,711.8,517,26.406666666666666,49.59999999999999,644.7333333333339,27.21,49.7
2026-03-03 06:15:00,23.05,50.15,36.63,21.72,547,513.4,6,1,27.69,49.68,36.74,28.7,564.2,608,25.05,49.75999999999997,596.466666666667,26.04,48.94
2026-03-03 06:20:00,29.49,49.57,37.19,36.73,638,747.6,6,1,23.05,50.15,36.63,21.72,513.4,547,26.74333333333334,49.799999999999976,608.4000000000004,33.11,50.32
2026-03-03 06:25:00,27.21,49.7,36.68,32.93,597,776.9,6,1,29.49,49.57,37.19,36.73,747.6,638,26.583333333333332,49.80666666666664,679.3000000000005,29.37,50.95
2026-03-03 06:30:00,26.04,48.94,37.17,17.89,580,541.2,6,1,27.21,49.7,36.68,32.93,776.9,597,27.580000000000002,49.40333333333331,688.5666666666672,32.1,51.82
2026-03-03 06:35:00,33.11,50.32,37.04,39.27,651,861.4,6,1,26.04,48.94,37.17,17.89,541.2,580,28.786666666666672,49.65333333333331,726.5000000000005,30.1,50.42
2026-03-03 06:40:00,29.37,50.95,37.42,22.48,536,556.9,6,1,33.11,50.32,37.04,39.27,861.4,651,29.50666666666667,50.06999999999997,653.1666666666671,34.36,51.05
2026-03-03 06:45:00,32.1,51.82,37.89,31.7,729,987.5,6,1,29.37,50.95,37.42,22.48,556.9,536,31.52666666666667,51.02999999999997,801.9333333333337,31.31,51.09
2026-03-03 06:50:00,30.1,50.42,37.32,29.09,612,763.0,6,1,32.1,51.82,37.89,31.7,987.5,729,30.523333333333337,51.06333333333331,769.1333333333338,25.67,51.31
2026-03-03 06:55:00,34.36,51.05,37.23,34.31,709,813.0,6,1,30.1,50.42,37.32,29.09,763.0,612,32.18666666666667,51.096666666666636,854.5000000000005,23.64,52.2
2026-03-03 07:00:00,31.31,51.09,37.22,34.22,655,897.7,7,1,34.36,51.05,37.23,34.31,813.0,709,31.923333333333336,50.85333333333332,824.5666666666672,29.3,51.32
2026-03-03 07:05:00,25.67,51.31,37.0,31.27,735,855.6,7,1,31.31,51.09,37.22,34.22,897.7,655,30.446666666666673,51.14999999999998,855.4333333333338,32.0,51.04
2026-03-03 07:10:00,23.64,52.2,36.96,36.07,726,686.8,7,1,25.67,51.31,37.0,31.27,855.6,735,26.873333333333335,51.53333333333331,813.3666666666671,30.09,50.45
2026-03-03 07:15:00,29.3,51.32,36.98,34.07,689,876.6,7,1,23.64,52.2,36.96,36.07,686.8,726,26.203333333333337,51.60999999999998,806.3333333333338,30.99,50.37
2026-03-03 07:20:00,32.0,51.04,37.69,31.24,767,679.3,7,1,29.3,51.32,36.98,34.07,876.6,689,28.313333333333333,51.51999999999998,747.5666666666672,30.72,51.19
2026-03-03 07:25:00,30.09,50.45,37.09,38.73,763,1044.0,7,1,32.0,51.04,37.69,31.24,679.3,767,30.463333333333335,50.936666666666646,866.6333333333338,34.59,50.99
2026-03-03 07:30:00,30.99,50.37,37.35,25.79,680,919.5,7,1,30.09,50.45,37.09,38.73,1044.0,763,31.02666666666667,50.619999999999976,880.9333333333337,31.59,50.4
2026-03-03 07:35:00,30.72,51.19,37.0,27.84,769,769.0,7,1,30.99,50.37,37.35,25.79,919.5,680,30.600000000000005,50.66999999999998,910.8333333333338,46.6,66.89
2026-03-03 07:40:00,34.59,50.99,37.25,34.12,720,820.2,7,1,30.72,51.19,37.0,27.84,769.0,769,32.1,50.84999999999997,836.2333333333339,24.68,51.85
2026-03-03 07:45:00,31.59,50.4,37.57,39.79,762,999.6,7,1,34.59,50.99,37.25,34.12,820.2,720,32.300000000000004,50.85999999999998,862.9333333333338,33.16,51.36
2026-03-03 07:50:00,46.6,66.89,37.7,45.64,1172,1320.6,7,1,31.59,50.4,37.57,39.79,999.6,762,37.59333333333334,56.093333333333305,1046.8000000000004,33.87,51.28
2026-03-03 07:55:00,24.68,51.85,37.21,29.16,852,856.7,7,1,46.6,66.89,37.7,45.64,1320.6,1172,34.29,56.379999999999974,1058.9666666666672,31.83,53.44
2026-03-03 08:00:00,33.16,51.36,37.9,46.28,804,1171.8,8,1,24.68,51.85,37.21,29.16,856.7,852,34.81333333333333,56.69999999999997,1116.366666666667,33.02,54.62
2026-03-03 08:05:00,33.87,51.28,36.85,34.1,983,1198.1,8,1,33.16,51.36,37.9,46.28,1171.8,804,30.570000000000004,51.49666666666664,1075.5333333333338,33.57,55.57
2026-03-03 08:10:00,31.83,53.44,37.26,35.5,882,999.6,8,1,33.87,51.28,36.85,34.1,1198.1,983,32.95333333333333,52.02666666666664,1123.1666666666672,32.12,54.02
2026-03-03 08:15:00,33.02,54.62,37.38,32.97,899,1096.5,8,1,31.83,53.44,37.26,35.5,999.6,882,32.90666666666667,53.11333333333331,1098.066666666667,34.74,54.85
2026-03-03 08:20:00,33.57,55.57,37.57,40.01,1015,1207.0,8,1,33.02,54.62,37.38,32.97,1096.5,899,32.80666666666667,54.5433333333333,1101.0333333333338,29.28,55.76
2026-03-03 08:25:00,32.12,54.02,36.99,40.65,954,1077.7,8,1,33.57,55.57,37.57,40.01,1207.0,1015,32.903333333333336,54.73666666666664,1127.0666666666673,33.34,56.14
2026-03-03 08:30:00,34.74,54.85,37.45,34.97,985,1183.9,8,1,32.12,54.02,36.99,40.65,1077.7,954,33.47666666666667,54.81333333333331,1156.2000000000005,37.34,56.39
2026-03-03 08:35:00,29.28,55.76,37.1,31.07,974,907.2,8,1,34.74,54.85,37.45,34.97,1183.9,985,32.046666666666674,54.876666666666644,1056.266666666667,31.16,56.13
2026-03-03 08:40:00,33.34,56.14,37.5,40.67,1000,1316.8,8,1,29.28,55.76,37.1,31.07,907.2,974,32.45333333333334,55.583333333333314,1135.9666666666672,32.52,57.25
2026-03-03 08:45:00,37.34,56.39,37.9,32.62,1051,1007.2,8,1,33.34,56.14,37.5,40.67,1316.8,1000,33.32000000000001,56.09666666666664,1077.0666666666673,38.26,58.49
2026-03-03 08:50:00,31.16,56.13,37.05,32.83,1004,1013.6,8,1,37.34,56.39,37.9,32.62,1007.2,1051,33.94666666666667,56.21999999999998,1112.5333333333338,34.75,57.61
2026-03-03 08:55:00,32.52,57.25,37.75,39.17,1028,1419.4,8,1,31.16,56.13,37.05,32.83,1013.6,1004,33.67333333333334,56.589999999999975,1146.7333333333338,32.4,57.85
2026-03-03 09:00:00,38.26,58.49,37.35,45.56,1166,1132.1,9,1,32.52,57.25,37.75,39.17,1419.4,1028,33.98000000000001,57.289999999999985,1188.366666666667,34.14,58.05
2026-03-03 09:05:00,34.75,57.61,37.7,36.77,1108,1252.6,9,1,38.26,58.49,37.35,45.56,1132.1,1166,35.17666666666668,57.78333333333331,1268.0333333333338,31.39,58.96
2026-03-03 09:10:00,32.4,57.85,37.39,37.01,1050,1038.3,9,1,34.75,57.61,37.7,36.77,1252.6,1108,35.13666666666667,57.98333333333331,1141.0000000000002,38.68,60.1
2026-03-03 09:15:00,34.14,58.05,37.57,36.69,1106,1146.1,9,1,32.4,57.85,37.39,37.01,1038.3,1050,33.763333333333335,57.836666666666645,1145.666666666667,37.46,61.34
2026-03-03 09:20:00,31.39,58.96,37.49,30.1,1138,1232.2,9,1,34.14,58.05,37.57,36.69,1146.1,1106,32.64333333333334,58.28666666666664,1138.866666666667,35.78,61.29
2026-03-03 09:25:00,38.68,60.1,38.1,49.4,1231,1486.0,9,1,31.39,58.96,37.49,30.1,1232.2,1138,34.73666666666667,59.03666666666664,1288.1000000000004,33.06,60.83
2026-03-03 09:30:00,37.46,61.34,37.91,34.49,1162,1081.6,9,1,38.68,60.1,38.1,49.4,1486.0,1231,35.84333333333334,60.133333333333304,1266.6000000000004,39.17,61.46
2026-03-03 09:35:00,35.78,61.29,37.97,41.99,1184,1317.4,9,1,37.46,61.34,37.91,34.49,1081.6,1162,37.30666666666667,60.909999999999975,1295.0000000000002,37.17,61.95
2026-03-03 09:40:00,33.06,60.83,37.84,37.92,1214,1378.1,9,1,35.78,61.29,37.97,41.99,1317.4,1184,35.43333333333334,61.15333333333331,1259.0333333333338,42.26,62.36
2026-03-03 09:45:00,39.17,61.46,38.02,45.9,1192,1484.8,9,1,33.06,60.83,37.84,37.92,1378.1,1214,36.00333333333334,61.19333333333331,1393.4333333333336,33.46,61.38
2026-03-03 09:50:00,37.17,61.95,37.43,49.06,1242,1661.3,9,1,39.17,61.46,38.02,45.9,1484.8,1192,36.466666666666676,61.413333333333306,1508.0666666666668,60.21,62.44
2026-03-03 09:55:00,42.26,62.36,37.8,38.17,1256,1324.1,9,1,37.17,61.95,37.43,49.06,1661.3,1242,39.53333333333334,61.92333333333331,1490.0666666666668,39.0,62.77
2026-03-03 10:00:00,33.46,61.38,37.56,42.09,1274,1379.1,10,1,42.26,62.36,37.8,38.17,1324.1,1256,37.63,61.89666666666665,1454.8333333333337,67.92,73.39
2026-03-03 10:05:00,60.21,62.44,37.39,46.41,1299,1459.3,10,1,33.46,61.38,37.56,42.09,1379.1,1274,45.31,62.05999999999998,1387.5000000000002,52.56,64.61
2026-03-03 10:10:00,39.0,62.77,37.31,43.35,1289,1694.4,10,1,60.21,62.44,37.39,46.41,1459.3,1299,44.223333333333336,62.19666666666664,1510.9333333333336,44.42,64.38
2026-03-03 10:15:00,67.92,73.39,38.22,74.37,2217,2332.2,10,1,39.0,62.77,37.31,43.35,1694.4,1289,55.71000000000001,66.19999999999997,1828.633333333334,37.52,99.0
2026-03-03 10:20:00,52.56,64.61,38.1,51.15,1338,1974.3,10,1,67.92,73.39,38.22,74.37,2332.2,2217,53.160000000000004,66.9233333333333,2000.3000000000002,36.32,64.63
2026-03-03 10:25:00,44.42,64.38,37.56,46.95,1385,1818.2,10,1,52.56,64.61,38.1,51.15,1974.3,1338,54.966666666666676,67.45999999999998,2041.5666666666668,40.71,65.24
2026-03-03 10:30:00,37.52,99.0,37.64,42.23,1401,1342.6,10,1,44.42,64.38,37.56,46.95,1818.2,1385,44.83333333333334,75.99666666666666,1711.7000000000005,42.03,66.42
2026-03-03 10:35:00,36.32,64.63,37.78,46.68,1403,1469.5,10,1,37.52,99.0,37.64,42.23,1342.6,1401,39.42000000000001,76.00333333333332,1543.4333333333336,44.41,65.21
2026-03-03 10:40:00,40.71,65.24,37.52,46.19,1471,1489.6,10,1,36.32,64.63,37.78,46.68,1469.5,1403,38.183333333333344,76.28999999999998,1433.9000000000003,46.0,65.81
2026-03-03 10:45:00,42.03,66.42,38.51,52.69,1385,1788.9,10,1,40.71,65.24,37.52,46.19,1489.6,1471,39.686666666666675,65.42999999999999,1582.6666666666672,30.08,66.78
2026-03-03 10:50:00,44.41,65.21,38.1,44.06,1441,1532.9,10,1,42.03,66.42,38.51,52.69,1788.9,1385,42.38333333333335,65.62333333333332,1603.8000000000004,37.92,67.46
2026-03-03 10:55:00,46.0,65.81,37.93,53.66,1499,1853.7,10,1,44.41,65.21,38.1,44.06,1532.9,1441,44.146666666666675,65.81333333333332,1725.1666666666672,54.21,68.29
2026-03-03 11:00:00,30.08,66.78,38.24,38.87,1467,1544.0,11,1,46.0,65.81,37.93,53.66,1853.7,1499,40.163333333333334,65.93333333333331,1643.5333333333338,46.18,68.85
2026-03-03 11:05:00,37.92,67.46,37.76,42.08,1505,1537.1,11,1,30.08,66.78,38.24,38.87,1544.0,1467,38.00000000000001,66.68333333333332,1644.9333333333336,46.51,69.45
2026-03-03 11:10:00,54.21,68.29,37.7,61.36,1518,2038.6,11,1,37.92,67.46,37.76,42.08,1537.1,1505,40.73666666666667,67.50999999999998,1706.5666666666673,46.14,67.24
2026-03-03 11:15:00,46.18,68.85,37.81,58.66,1605,2083.5,11,1,54.21,68.29,37.7,61.36,2038.6,1518,46.103333333333346,68.19999999999997,1886.4000000000005,44.73,68.91
2026-03-03 11:20:00,46.51,69.45,37.54,52.83,1651,2120.1,11,1,46.18,68.85,37.81,58.66,2083.5,1605,48.966666666666676,68.8633333333333,2080.7333333333336,46.1,69.55
2026-03-03 11:25:00,46.14,67.24,38.31,45.1,1557,1602.4,11,1,46.51,69.45,37.54,52.83,2120.1,1651,46.27666666666668,68.5133333333333,1935.333333333334,55.99,70.44
2026-03-03 11:30:00,44.73,68.91,37.74,42.35,1576,1629.2,11,1,46.14,67.24,38.31,45.1,1602.4,1557,45.793333333333344,68.53333333333332,1783.9000000000005,41.22,72.06
2026-03-03 11:35:00,46.1,69.55,37.86,54.63,1543,1905.7,11,1,44.73,68.91,37.74,42.35,1629.2,1576,45.65666666666667,68.56666666666665,1712.433333333334,44.35,72.19
2026-03-03 11:40:00,55.99,70.44,38.37,62.11,1581,2203.4,11,1,46.1,69.55,37.86,54.63,1905.7,1543,48.940000000000005,69.63333333333331,1912.7666666666673,40.0,71.68
2026-03-03 11:45:00,41.22,72.06,37.4,54.78,1666,1985.1,11,1,55.99,70.44,38.37,62.11,2203.4,1581,47.77000000000001,70.68333333333332,2031.4000000000008,44.09,71.17
2026-03-03 11:50:00,44.35,72.19,37.56,43.0,1617,1403.1,11,1,41.22,72.06,37.4,54.78,1985.1,1666,47.186666666666675,71.56333333333332,1863.866666666667,46.19,72.35
2026-03-03 11:55:00,40.0,71.68,37.96,41.77,1643,1514.7,11,1,44.35,72.19,37.56,43.0,1403.1,1617,41.856666666666676,71.97666666666665,1634.3000000000004,57.72,72.43
2026-03-03 12:00:00,44.09,71.17,37.59,57.66,1658,2019.2,12,1,40.0,71.68,37.96,41.77,1514.7,1643,42.81333333333334,71.67999999999998,1645.6666666666672,40.7,71.09
2026-03-03 12:05:00,46.19,72.35,37.73,49.49,1740,1684.9,12,1,44.09,71.17,37.59,57.66,2019.2,1658,43.42666666666668,71.73333333333332,1739.6000000000006,42.68,71.28
2026-03-03 12:10:00,57.72,72.43,38.1,63.28,1647,2444.6,12,1,46.19,72.35,37.73,49.49,1684.9,1740,49.33333333333334,71.9833333333333,2049.5666666666675,51.98,70.75
2026-03-03 12:15:00,40.7,71.09,37.94,46.5,1756,1590.3,12,1,57.72,72.43,38.1,63.28,2444.6,1647,48.20333333333334,71.95666666666665,1906.6000000000004,44.18,71.33
2026-03-03 12:20:00,42.68,71.28,38.08,46.61,1748,1585.6,12,1,40.7,71.09,37.94,46.5,1590.3,1756,47.03333333333334,71.59999999999998,1873.5000000000007,53.65,72.37
2026-03-03 12:25:00,51.98,70.75,38.06,53.64,1715,2176.8,12,1,42.68,71.28,38.08,46.61,1585.6,1748,45.120000000000005,71.03999999999998,1784.2333333333343,51.38,73.54
2026-03-03 12:30:00,44.18,71.33,37.84,41.61,1778,1544.3,12,1,51.98,70.75,38.06,53.64,2176.8,1715,46.28000000000001,71.11999999999999,1768.9000000000005,43.7,74.15
2026-03-03 12:35:00,53.65,72.37,38.38,60.01,1719,2271.1,12,1,44.18,71.33,37.84,41.61,1544.3,1778,49.93666666666667,71.4833333333333,1997.4000000000008,45.73,72.97
2026-03-03 12:40:00,51.38,73.54,38.1,57.4,1764,1982.5,12,1,53.65,72.37,38.38,60.01,2271.1,1719,49.73666666666668,72.41333333333331,1932.6333333333341,52.51,73.69
2026-03-03 12:45:00,43.7,74.15,38.34,49.1,1706,1689.7,12,1,51.38,73.54,38.1,57.4,1982.5,1764,49.576666666666675,73.35333333333332,1981.1000000000006,42.0,72.92
2026-03-03 12:50:00,45.73,72.97,37.84,57.48,1821,2074.7,12,1,43.7,74.15,38.34,49.1,1689.7,1706,46.936666666666675,73.55333333333331,1915.6333333333341,48.39,73.46
2026-03-03 12:55:00,52.51,73.69,38.3,61.72,1824,2265.9,12,1,45.73,72.97,37.84,57.48,2074.7,1821,47.31333333333334,73.60333333333331,2010.100000000001,59.45,74.27
2026-03-03 13:00:00,42.0,72.92,37.95,55.0,1752,1883.5,13,1,52.51,73.69,38.3,61.72,2265.9,1824,46.74666666666667,73.19333333333331,2074.7000000000007,55.25,75.24
2026-03-03 13:05:00,48.39,73.46,37.64,51.15,1817,1863.7,13,1,42.0,72.92,37.95,55.0,1883.5,1752,47.63333333333335,73.35666666666664,2004.3666666666677,51.03,75.22
2026-03-03 13:10:00,59.45,74.27,38.23,68.54,1944,2593.6,13,1,48.39,73.46,37.64,51.15,1863.7,1817,49.94666666666668,73.54999999999997,2113.600000000001,52.34,76.48
2026-03-03 13:15:00,55.25,75.24,37.76,58.5,1957,2201.3,13,1,59.45,74.27,38.23,68.54,2593.6,1944,54.363333333333344,74.32333333333331,2219.533333333334,56.84,76.39
2026-03-03 13:20:00,51.03,75.22,37.73,58.17,1910,2152.6,13,1,55.25,75.24,37.76,58.5,2201.3,1957,55.24333333333334,74.90999999999998,2315.8333333333344,42.92,75.8
2026-03-03 13:25:00,52.34,76.48,37.94,47.3,1912,1949.8,13,1,51.03,75.22,37.73,58.17,2152.6,1910,52.87333333333334,75.64666666666665,2101.233333333334,51.94,75.67
2026-03-03 13:30:00,56.84,76.39,37.65,72.53,1959,2775.6,13,1,52.34,76.48,37.94,47.3,1949.8,1912,53.40333333333334,76.02999999999999,2292.6666666666674,67.66,84.92
2026-03-03 13:35:00,42.92,75.8,38.53,45.85,1858,1919.7,13,1,56.84,76.39,37.65,72.53,2775.6,1959,50.70000000000002,76.22333333333331,2215.0333333333338,47.21,75.41
2026-03-03 13:40:00,51.94,75.67,38.33,52.21,1820,1546.7,13,1,42.92,75.8,38.53,45.85,1919.7,1858,50.566666666666684,75.9533333333333,2080.6666666666674,61.64,78.22
2026-03-03 13:45:00,67.66,84.92,38.74,81.64,3019,2806.2,13,1,51.94,75.67,38.33,52.21,1546.7,1820,54.173333333333346,78.79666666666664,2090.8666666666672,51.0,78.13
2026-03-03 13:50:00,47.21,75.41,37.81,51.42,1966,1895.6,13,1,67.66,84.92,38.74,81.64,2806.2,3019,55.603333333333346,78.66666666666664,2082.833333333334,55.41,78.36
2026-03-03 13:55:00,61.64,78.22,38.26,76.73,2042,2882.5,13,1,47.21,75.41,37.81,51.42,1895.6,1966,58.83666666666667,79.51666666666665,2528.1000000000004,46.25,77.56
2026-03-03 14:00:00,51.0,78.13,38.42,63.74,1941,2256.0,14,1,61.64,78.22,38.26,76.73,2882.5,2042,53.28333333333334,77.25333333333332,2344.7000000000007,51.84,78.78
2026-03-03 14:05:00,55.41,78.36,38.45,68.06,2033,2762.6,14,1,51.0,78.13,38.42,63.74,2256.0,1941,56.01666666666667,78.23666666666665,2633.7000000000007,47.88,78.88
2026-03-03 14:10:00,46.25,77.56,38.51,51.26,1892,1993.1,14,1,55.41,78.36,38.45,68.06,2762.6,2033,50.88666666666668,78.01666666666665,2337.233333333334,51.01,79.36
2026-03-03 14:15:00,51.84,78.78,37.69,44.25,1927,1803.6,14,1,46.25,77.56,38.51,51.26,1993.1,1892,51.16666666666668,78.23333333333332,2186.433333333334,64.83,78.66
2026-03-03 14:20:00,47.88,78.88,38.08,50.59,1909,2002.1,14,1,51.84,78.78,37.69,44.25,1803.6,1927,48.65666666666667,78.40666666666665,1932.9333333333336,56.45,78.78
2026-03-03 14:25:00,51.01,79.36,37.99,53.44,2014,1983.6,14,1,47.88,78.88,38.08,50.59,2002.1,1909,50.24333333333335,79.00666666666665,1929.766666666667,40.59,78.26
2026-03-03 14:30:00,64.83,78.66,38.17,67.48,1881,2757.3,14,1,51.01,79.36,37.99,53.44,1983.6,2014,54.573333333333345,78.96666666666664,2247.6666666666674,53.57,78.2
2026-03-03 14:35:00,56.45,78.78,38.39,68.47,1932,2501.7,14,1,64.83,78.66,38.17,67.48,2757.3,1881,57.43000000000001,78.93333333333332,2414.2000000000003,53.85,77.9
2026-03-03 14:40:00,40.59,78.26,38.27,55.07,1894,1713.1,14,1,56.45,78.78,38.39,68.47,2501.7,1932,53.95666666666668,78.56666666666665,2324.033333333334,55.89,78.01
2026-03-03 14:45:00,53.57,78.2,38.23,65.73,2029,2301.0,14,1,40.59,78.26,38.27,55.07,1713.1,1894,50.20333333333334,78.41333333333331,2171.933333333334,52.1,78.36
2026-03-03 14:50:00,53.85,77.9,37.93,67.4,1913,2396.8,14,1,53.57,78.2,38.23,65.73,2301.0,2029,49.33666666666667,78.11999999999999,2136.966666666667,49.06,77.68
2026-03-03 14:55:00,55.89,78.01,38.17,60.11,1952,2244.2,14,1,53.85,77.9,37.93,67.4,2396.8,1913,54.43666666666667,78.03666666666665,2314.0000000000005,56.6,77.97
2026-03-03 15:00:00,52.1,78.36,38.93,54.35,2050,2117.3,15,1,55.89,78.01,38.17,60.11,2244.2,1952,53.94666666666668,78.08999999999999,2252.766666666667,52.34,76.98
2026-03-03 15:05:00,49.06,77.68,39.08,54.51,1954,1962.9,15,1,52.1,78.36,38.93,54.35,2117.3,2050,52.35,78.01666666666665,2108.133333333334,53.09,77.02
2026-03-03 15:10:00,56.6,77.97,38.12,62.7,2075,2293.0,15,1,49.06,77.68,39.08,54.51,1962.9,1954,52.58666666666667,78.00333333333332,2124.400000000001,61.69,78.75
2026-03-03 15:15:00,52.34,76.98,38.37,54.88,1994,2094.3,15,1,56.6,77.97,38.12,62.7,2293.0,2075,52.66666666666668,77.54333333333331,2116.733333333334,71.48,77.14
2026-03-03 15:20:00,53.09,77.02,38.39,59.74,2050,2279.9,15,1,52.34,76.98,38.37,54.88,2094.3,1994,54.01000000000001,77.32333333333331,2222.400000000001,55.95,78.95
2026-03-03 15:25:00,61.69,78.75,38.81,73.61,2041,2602.6,15,1,53.09,77.02,38.39,59.74,2279.9,2050,55.70666666666667,77.58333333333331,2325.600000000001,49.9,79.79
2026-03-03 15:30:00,71.48,77.14,38.79,71.93,2048,2836.8,15,1,61.69,78.75,38.81,73.61,2602.6,2041,62.08666666666667,77.63666666666664,2573.1000000000004,53.57,80.24
2026-03-03 15:35:00,55.95,78.95,38.5,55.87,2061,2057.5,15,1,71.48,77.14,38.79,71.93,2836.8,2048,63.04,78.27999999999997,2498.966666666667,42.21,80.83
2026-03-03 15:40:00,49.9,79.79,37.86,55.14,2082,2085.7,15,1,55.95,78.95,38.5,55.87,2057.5,2061,59.11000000000001,78.62666666666665,2326.6666666666674,42.2,80.77
2026-03-03 15:45:00,53.57,80.24,38.68,59.7,2043,2582.5,15,1,49.9,79.79,37.86,55.14,2085.7,2082,53.14000000000001,79.65999999999998,2241.900000000001,64.58,81.72
2026-03-03 15:50:00,42.21,80.83,38.39,58.32,2055,2155.8,15,1,53.57,80.24,38.68,59.7,2582.5,2043,48.56,80.28666666666665,2274.6666666666674,50.62,80.42
2026-03-03 15:55:00,42.2,80.77,38.24,52.26,1975,1903.6,15,1,42.21,80.83,38.39,58.32,2155.8,2055,45.99333333333334,80.6133333333333,2213.966666666667,67.22,79.74
2026-03-03 16:00:00,64.58,81.72,38.5,67.29,1943,2628.5,16,1,42.2,80.77,38.24,52.26,1903.6,1975,49.663333333333334,81.10666666666664,2229.3000000000006,39.99,79.92
2026-03-03 16:05:00,50.62,80.42,38.44,51.63,2018,2199.4,16,1,64.58,81.72,38.5,67.29,2628.5,1943,52.46666666666667,80.96999999999998,2243.833333333334,55.61,78.96
2026-03-03 16:10:00,67.22,79.74,38.21,63.41,2003,2638.1,16,1,50.62,80.42,38.44,51.63,2199.4,2018,60.80666666666667,80.62666666666665,2488.6666666666674,47.64,77.39
2026-03-03 16:15:00,39.99,79.92,38.85,48.57,1958,1714.6,16,1,67.22,79.74,38.21,63.41,2638.1,2003,52.61000000000001,80.02666666666666,2184.0333333333338,51.09,76.15
2026-03-03 16:20:00,55.61,78.96,38.96,67.33,1951,2750.8,16,1,39.99,79.92,38.85,48.57,1714.6,1958,54.27333333333333,79.53999999999998,2367.833333333334,50.53,76.22
2026-03-03 16:25:00,47.64,77.39,38.44,53.77,1953,1964.8,16,1,55.61,78.96,38.96,67.33,2750.8,1951,47.74666666666667,78.75666666666665,2143.4000000000005,50.25,77.14
2026-03-03 16:30:00,51.09,76.15,38.36,51.08,1996,1957.4,16,1,47.64,77.39,38.44,53.77,1964.8,1953,51.446666666666665,77.49999999999999,2224.333333333334,49.54,76.58
2026-03-03 16:35:00,50.53,76.22,38.57,61.63,1959,2409.8,16,1,51.09,76.15,38.36,51.08,1957.4,1996,49.75333333333334,76.58666666666666,2110.6666666666674,55.32,75.52
2026-03-03 16:40:00,50.25,77.14,38.86,55.58,2005,1887.0,16,1,50.53,76.22,38.57,61.63,2409.8,1959,50.623333333333335,76.50333333333332,2084.733333333334,49.35,75.96
2026-03-03 16:45:00,49.54,76.58,39.18,51.68,2026,2073.4,16,1,50.25,77.14,38.86,55.58,1887.0,2005,50.10666666666666,76.64666666666665,2123.400000000001,68.45,76.32
2026-03-03 16:50:00,55.32,75.52,38.92,54.65,2016,2109.7,16,1,49.54,76.58,39.18,51.68,2073.4,2026,51.703333333333326,76.41333333333331,2023.3666666666675,49.87,77.86
2026-03-03 16:55:00,49.35,75.96,39.14,64.08,1976,1962.5,16,1,55.32,75.52,38.92,54.65,2109.7,2016,51.40333333333333,76.01999999999998,2048.533333333334,59.08,78.36
2026-03-03 17:00:00,68.45,76.32,38.89,68.74,1963,2691.6,17,1,49.35,75.96,39.14,64.08,1962.5,1976,57.70666666666667,75.93333333333331,2254.6000000000004,47.42,78.11
2026-03-03 17:05:00,49.87,77.86,38.43,58.47,1955,2005.1,17,1,68.45,76.32,38.89,68.74,2691.6,1963,55.89000000000001,76.71333333333331,2219.733333333334,63.93,78.44
2026-03-03 17:10:00,59.08,78.36,38.33,52.41,2049,2216.3,17,1,49.87,77.86,38.43,58.47,2005.1,1955,59.13333333333333,77.5133333333333,2304.333333333334,47.73,79.18
2026-03-03 17:15:00,47.42,78.11,38.99,64.71,1926,2153.6,17,1,59.08,78.36,38.33,52.41,2216.3,2049,52.123333333333335,78.10999999999997,2125.0000000000005,61.04,79.54
2026-03-03 17:20:00,63.93,78.44,38.45,69.6,1899,2789.2,17,1,47.42,78.11,38.99,64.71,2153.6,1926,56.81,78.3033333333333,2386.3666666666672,57.96,79.25
2026-03-03 17:25:00,47.73,79.18,38.67,51.59,1881,1849.5,17,1,63.93,78.44,38.45,69.6,2789.2,1899,53.02666666666667,78.57666666666665,2264.1000000000004,45.04,77.12
2026-03-03 17:30:00,61.04,79.54,38.58,68.62,1959,2596.4,17,1,47.73,79.18,38.67,51.59,1849.5,1881,57.56666666666666,79.05333333333331,2411.7000000000003,50.02,78.5
2026-03-03 17:35:00,57.96,79.25,38.48,62.41,1899,2352.0,17,1,61.04,79.54,38.58,68.62,2596.4,1959,55.57666666666666,79.32333333333332,2265.966666666667,54.66,79.36
2026-03-03 17:40:00,45.04,77.12,39.46,51.15,1887,1663.9,17,1,57.96,79.25,38.48,62.41,2352.0,1899,54.68000000000001,78.63666666666666,2204.1000000000004,37.95,79.08
2026-03-03 17:45:00,50.02,78.5,38.65,63.28,1925,2078.3,17,1,45.04,77.12,39.46,51.15,1663.9,1887,51.00666666666667,78.28999999999998,2031.4000000000008,57.96,78.78
2026-03-03 17:50:00,54.66,79.36,39.33,56.53,1963,2091.1,17,1,50.02,78.5,38.65,63.28,2078.3,1925,49.906666666666666,78.32666666666665,1944.433333333334,54.04,78.58
2026-03-03 17:55:00,37.95,79.08,38.55,50.6,1837,1609.4,17,1,54.66,79.36,39.33,56.53,2091.1,1963,47.54333333333333,78.97999999999998,1926.266666666667,57.46,79.54
2026-03-03 18:00:00,57.96,78.78,38.93,61.64,1834,2101.7,18,1,37.95,79.08,38.55,50.6,1609.4,1837,50.19,79.07333333333331,1934.0666666666673,62.67,79.11
2026-03-03 18:05:00,54.04,78.58,38.55,57.54,1824,1851.4,18,1,57.96,78.78,38.93,61.64,2101.7,1834,49.98333333333333,78.81333333333332,1854.1666666666672,40.19,77.73
2026-03-03 18:10:00,57.46,79.54,39.16,60.55,1862,2333.7,18,1,54.04,78.58,38.55,57.54,1851.4,1824,56.48666666666667,78.96666666666665,2095.6000000000004,51.4,77.82
2026-03-03 18:15:00,62.67,79.11,38.8,77.62,1929,2836.1,18,1,57.46,79.54,39.16,60.55,2333.7,1862,58.05666666666667,79.07666666666665,2340.4000000000005,50.27,78.01
2026-03-03 18:20:00,40.19,77.73,38.53,54.45,1849,1733.8,18,1,62.67,79.11,38.8,77.62,2836.1,1929,53.44,78.79333333333332,2301.2000000000003,54.3,77.25
2026-03-03 18:25:00,51.4,77.82,39.1,62.42,1776,2302.5,18,1,40.19,77.73,38.53,54.45,1733.8,1849,51.419999999999995,78.21999999999998,2290.8000000000006,56.27,76.73
2026-03-03 18:30:00,50.27,78.01,39.3,52.14,1753,1935.9,18,1,51.4,77.82,39.1,62.42,2302.5,1776,47.28666666666667,77.85333333333331,1990.7333333333343,47.34,75.71
2026-03-03 18:35:00,54.3,77.25,38.91,57.28,1784,1888.1,18,1,50.27,78.01,39.3,52.14,1935.9,1753,51.99,77.69333333333331,2042.1666666666672,66.53,88.18
2026-03-03 18:40:00,56.27,76.73,39.01,62.02,1788,2234.9,18,1,54.3,77.25,38.91,57.28,1888.1,1784,53.61333333333334,77.32999999999998,2019.633333333334,55.39,73.15
2026-03-03 18:45:00,47.34,75.71,39.05,68.24,1807,2012.9,18,1,56.27,76.73,39.01,62.02,2234.9,1788,52.63666666666666,76.56333333333332,2045.3000000000009,49.88,71.75
2026-03-03 18:50:00,66.53,88.18,38.83,73.87,2485,2365.2,18,1,47.34,75.71,39.05,68.24,2012.9,1807,56.71333333333333,80.20666666666665,2204.333333333334,45.51,72.47
2026-03-03 18:55:00,55.39,73.15,38.94,66.22,1770,2412.2,18,1,66.53,88.18,38.83,73.87,2365.2,2485,56.419999999999995,79.01333333333332,2263.433333333334,69.59,74.21
2026-03-03 19:00:00,49.88,71.75,38.77,49.9,1708,1930.0,19,1,55.39,73.15,38.94,66.22,2412.2,1770,57.26666666666666,77.69333333333333,2235.8000000000006,55.32,73.49
2026-03-03 19:05:00,45.51,72.47,38.64,44.73,1697,1542.7,19,1,49.88,71.75,38.77,49.9,1930.0,1708,50.25999999999999,72.45666666666665,1961.633333333334,41.18,73.98
2026-03-03 19:10:00,69.59,74.21,38.91,72.84,1761,2733.7,19,1,45.51,72.47,38.64,44.73,1542.7,1697,54.99333333333333,72.80999999999997,2068.8000000000006,47.48,74.24
2026-03-03 19:15:00,55.32,73.49,38.64,55.72,1723,2230.9,19,1,69.59,74.21,38.91,72.84,2733.7,1761,56.806666666666665,73.38999999999999,2169.1000000000004,47.3,73.81
2026-03-03 19:20:00,41.18,73.98,38.41,46.8,1625,1724.5,19,1,55.32,73.49,38.64,55.72,2230.9,1723,55.36333333333332,73.8933333333333,2229.7000000000007,54.44,71.88
2026-03-03 19:25:00,47.48,74.24,38.65,56.15,1619,1819.7,19,1,41.18,73.98,38.41,46.8,1724.5,1625,47.99333333333333,73.90333333333331,1925.033333333334,49.65,70.23
2026-03-03 19:30:00,47.3,73.81,39.17,47.86,1522,1740.5,19,1,47.48,74.24,38.65,56.15,1819.7,1619,45.31999999999999,74.00999999999998,1761.5666666666673,42.85,69.22
2026-03-03 19:35:00,54.44,71.88,38.88,60.71,1663,2296.2,19,1,47.3,73.81,39.17,47.86,1740.5,1522,49.73999999999999,73.30999999999999,1952.133333333334,41.68,68.69
2026-03-03 19:40:00,49.65,70.23,39.51,56.52,1467,2003.4,19,1,54.44,71.88,38.88,60.71,2296.2,1663,50.46333333333333,71.97333333333331,2013.3666666666675,51.74,68.38
2026-03-03 19:45:00,42.85,69.22,39.05,42.9,1586,1591.7,19,1,49.65,70.23,39.51,56.52,2003.4,1467,48.97999999999999,70.44333333333331,1963.7666666666673,39.45,67.89
2026-03-03 19:50:00,41.68,68.69,39.09,54.89,1641,1887.7,19,1,42.85,69.22,39.05,42.9,1591.7,1586,44.72666666666666,69.37999999999998,1827.6000000000006,53.55,67.96
2026-03-03 19:55:00,51.74,68.38,39.17,44.05,1591,1729.1,19,1,41.68,68.69,39.09,54.89,1887.7,1641,45.423333333333325,68.7633333333333,1736.1666666666672,43.84,67.78
2026-03-03 20:00:00,39.45,67.89,39.47,48.26,1496,1432.7,20,1,51.74,68.38,39.17,44.05,1729.1,1591,44.29,68.31999999999998,1683.1666666666672,35.99,68.1
2026-03-03 20:05:00,53.55,67.96,39.27,50.22,1546,2206.1,20,1,39.45,67.89,39.47,48.26,1432.7,1496,48.24666666666666,68.07666666666664,1789.3000000000004,42.09,66.07
2026-03-03 20:10:00,43.84,67.78,38.82,53.66,1555,1710.9,20,1,53.55,67.96,39.27,50.22,2206.1,1546,45.61333333333332,67.87666666666665,1783.2333333333343,44.64,66.44
2026-03-03 20:15:00,35.99,68.1,38.78,33.55,1496,1329.3,20,1,43.84,67.78,38.82,53.66,1710.9,1555,44.46,67.94666666666664,1748.7666666666673,45.68,65.59
2026-03-03 20:20:00,42.09,66.07,38.91,41.19,1434,1588.8,20,1,35.99,68.1,38.78,33.55,1329.3,1496,40.63999999999999,67.31666666666665,1543.0000000000007,34.57,65.42
2026-03-03 20:25:00,44.64,66.44,39.45,58.97,1500,2025.8,20,1,42.09,66.07,38.91,41.19,1588.8,1434,40.90666666666666,66.86999999999998,1647.9666666666672,34.82,65.37
2026-03-03 20:30:00,45.68,65.59,38.95,50.74,1447,1840.4,20,1,44.64,66.44,39.45,58.97,2025.8,1500,44.13666666666666,66.03333333333332,1818.333333333334,37.33,64.69
2026-03-03 20:35:00,34.57,65.42,39.26,38.65,1457,1363.1,20,1,45.68,65.59,38.95,50.74,1840.4,1447,41.629999999999995,65.81666666666665,1743.1000000000006,41.24,64.26
2026-03-03 20:40:00,34.82,65.37,38.89,44.37,1379,1570.7,20,1,34.57,65.42,39.26,38.65,1363.1,1457,38.35666666666666,65.45999999999998,1591.4000000000005,41.05,64.37
2026-03-03 20:45:00,37.33,64.69,38.73,42.51,1319,1403.7,20,1,34.82,65.37,38.89,44.37,1570.7,1379,35.57333333333332,65.15999999999998,1445.833333333334,35.68,64.14
2026-03-03 20:50:00,41.24,64.26,38.92,51.41,1411,1706.1,20,1,37.33,64.69,38.73,42.51,1403.7,1319,37.79666666666666,64.77333333333331,1560.1666666666672,35.14,64.46
2026-03-03 20:55:00,41.05,64.37,38.99,41.98,1294,1396.5,20,1,41.24,64.26,38.92,51.41,1706.1,1411,39.87333333333333,64.43999999999998,1502.1000000000006,33.09,63.83
2026-03-03 21:00:00,35.68,64.14,38.79,42.08,1369,1566.8,21,1,41.05,64.37,38.99,41.98,1396.5,1294,39.32333333333333,64.25666666666665,1556.4666666666672,30.2,63.18
2026-03-03 21:05:00,35.14,64.46,39.76,44.72,1357,1485.8,21,1,35.68,64.14,38.79,42.08,1566.8,1369,37.28999999999999,64.32333333333331,1483.0333333333338,35.87,64.41
2026-03-03 21:10:00,33.09,63.83,39.34,38.26,1331,1474.1,21,1,35.14,64.46,39.76,44.72,1485.8,1357,34.63666666666666,64.14333333333332,1508.9000000000005,29.56,64.84
2026-03-03 21:15:00,30.2,63.18,39.51,38.13,1264,1044.2,21,1,33.09,63.83,39.34,38.26,1474.1,1331,32.809999999999995,63.823333333333316,1334.7000000000005,35.4,64.93
2026-03-03 21:20:00,35.87,64.41,39.54,41.79,1234,1258.7,21,1,30.2,63.18,39.51,38.13,1044.2,1264,33.053333333333335,63.80666666666664,1259.0000000000007,42.21,64.08
2026-03-03 21:25:00,29.56,64.84,39.51,39.21,1285,1080.6,21,1,35.87,64.41,39.54,41.79,1258.7,1234,31.87666666666666,64.14333333333332,1127.833333333334,32.09,64.72
2026-03-03 21:30:00,35.4,64.93,39.09,37.06,1186,1338.7,21,1,29.56,64.84,39.51,39.21,1080.6,1285,33.60999999999999,64.72666666666665,1226.0000000000007,34.03,64.14
2026-03-03 21:35:00,42.21,64.08,39.19,39.54,1192,1474.9,21,1,35.4,64.93,39.09,37.06,1338.7,1186,35.72333333333333,64.61666666666665,1298.0666666666673,39.79,63.63
2026-03-03 21:40:00,32.09,64.72,39.1,46.43,1193,1312.6,21,1,42.21,64.08,39.19,39.54,1474.9,1192,36.56666666666666,64.57666666666664,1375.4000000000008,32.01,63.68
2026-03-03 21:45:00,34.03,64.14,38.85,37.71,1150,1180.5,21,1,32.09,64.72,39.1,46.43,1312.6,1193,36.11000000000001,64.31333333333332,1322.6666666666672,40.73,62.33
2026-03-03 21:50:00,39.79,63.63,39.96,47.07,1182,1516.9,21,1,34.03,64.14,38.85,37.71,1180.5,1150,35.303333333333335,64.16333333333331,1336.6666666666672,36.8,61.4
2026-03-03 21:55:00,32.01,63.68,39.89,38.78,1133,1100.9,21,1,39.79,63.63,39.96,47.07,1516.9,1182,35.276666666666664,63.81666666666664,1266.1000000000006,42.37,59.88
2026-03-03 22:00:00,40.73,62.33,39.85,43.8,1174,1506.8,22,1,32.01,63.68,39.89,38.78,1100.9,1133,37.51,63.21333333333331,1374.8666666666675,26.35,60.15
2026-03-03 22:05:00,36.8,61.4,39.52,37.03,1137,1104.3,22,1,40.73,62.33,39.85,43.8,1506.8,1174,36.51333333333333,62.46999999999998,1237.333333333334,35.6,59.17
2026-03-03 22:10:00,42.37,59.88,39.47,49.8,1070,1350.1,22,1,36.8,61.4,39.52,37.03,1104.3,1137,39.96666666666667,61.20333333333331,1320.4000000000005,29.06,60.15
2026-03-03 22:15:00,26.35,60.15,39.41,35.31,1060,1051.8,22,1,42.37,59.88,39.47,49.8,1350.1,1070,35.17333333333333,60.47666666666664,1168.7333333333338,36.08,59.14
2026-03-03 22:20:00,35.6,59.17,39.51,33.26,985,1313.7,22,1,26.35,60.15,39.41,35.31,1051.8,1060,34.77333333333333,59.73333333333331,1238.533333333334,34.24,59.06
2026-03-03 22:25:00,29.06,60.15,39.78,30.89,1020,1249.8,22,1,35.6,59.17,39.51,33.26,1313.7,985,30.33666666666667,59.8233333333333,1205.1000000000006,27.62,60.54
2026-03-03 22:30:00,36.08,59.14,39.78,37.67,1016,1015.5,22,1,29.06,60.15,39.78,30.89,1249.8,1020,33.58,59.48666666666664,1193.0000000000007,31.98,59.65
2026-03-03 22:35:00,34.24,59.06,39.4,36.81,991,955.0,22,1,36.08,59.14,39.78,37.67,1015.5,1016,33.126666666666665,59.44999999999998,1073.433333333334,30.99,57.67
2026-03-03 22:40:00,27.62,60.54,39.37,25.43,1005,940.3,22,1,34.24,59.06,39.4,36.81,955.0,991,32.64666666666667,59.57999999999998,970.2666666666673,36.39,58.47
2026-03-03 22:45:00,31.98,59.65,39.24,33.91,919,1035.2,22,1,27.62,60.54,39.37,25.43,940.3,1005,31.28,59.74999999999998,976.8333333333339,37.98,58.23
2026-03-03 22:50:00,30.99,57.67,38.7,33.96,897,914.8,22,1,31.98,59.65,39.24,33.91,1035.2,919,30.19666666666667,59.28666666666664,963.433333333334,26.35,58.47
2026-03-03 22:55:00,36.39,58.47,39.13,37.31,905,1091.6,22,1,30.99,57.67,38.7,33.96,914.8,897,33.12,58.59666666666664,1013.8666666666672,29.28,57.87
2026-03-03 23:00:00,37.98,58.23,39.37,39.07,1036,1280.0,23,1,36.39,58.47,39.13,37.31,1091.6,905,35.12,58.123333333333306,1095.4666666666672,35.52,58.16
2026-03-03 23:05:00,26.35,58.47,39.77,25.66,899,991.2,23,1,37.98,58.23,39.37,39.07,1280.0,1036,33.57333333333333,58.38999999999998,1120.9333333333338,26.55,57.33
2026-03-03 23:10:00,29.28,57.87,39.77,30.14,789,871.4,23,1,26.35,58.47,39.77,25.66,991.2,899,31.203333333333333,58.189999999999976,1047.533333333334,35.04,57.54
2026-03-03 23:15:00,35.52,58.16,39.7,33.94,878,940.8,23,1,29.28,57.87,39.77,30.14,871.4,789,30.383333333333336,58.16666666666665,934.4666666666673,61.43,56.55
2026-03-03 23:20:00,26.55,57.33,39.45,25.06,829,749.1,23,1,35.52,58.16,39.7,33.94,940.8,878,30.450000000000003,57.78666666666664,853.7666666666673,27.36,56.16
2026-03-03 23:25:00,35.04,57.54,39.85,36.93,798,1107.5,23,1,26.55,57.33,39.45,25.06,749.1,829,32.370000000000005,57.67666666666664,932.4666666666672,29.38,57.15
2026-03-03 23:30:00,61.43,56.55,63.67,40.8,772,1058.1,23,1,35.04,57.54,39.85,36.93,1107.5,798,41.00666666666667,57.13999999999998,971.5666666666672,34.99,56.97
2026-03-03 23:35:00,27.36,56.16,39.49,28.15,813,951.9,23,1,61.43,56.55,63.67,40.8,1058.1,772,41.27666666666667,56.74999999999997,1039.1666666666672,30.81,56.4
2026-03-03 23:40:00,29.38,57.15,39.57,33.83,755,925.7,23,1,27.36,56.16,39.49,28.15,951.9,813,39.39,56.619999999999976,978.5666666666672,24.54,54.99
2026-03-03 23:45:00,34.99,56.97,39.84,20.85,756,705.8,23,1,29.38,57.15,39.57,33.83,925.7,755,30.576666666666664,56.75999999999997,861.133333333334,31.3,55.54
2026-03-03 23:50:00,30.81,56.4,40.02,26.26,795,914.9,23,1,34.99,56.97,39.84,20.85,705.8,756,31.726666666666663,56.839999999999975,848.8000000000005,30.41,56.76
2026-03-03 23:55:00,24.54,54.99,39.93,38.0,734,775.6,23,1,30.81,56.4,40.02,26.26,914.9,795,30.113333333333333,56.119999999999976,798.7666666666673,30.53,55.87
2026-03-04 00:00:00,31.3,55.54,36.17,36.98,628,726.7,0,2,24.54,54.99,39.93,38.0,775.6,734,28.88333333333333,55.64333333333331,805.7333333333339,28.22,54.18
2026-03-04 00:05:00,30.41,56.76,36.61,34.34,762,1076.6,0,2,31.3,55.54,36.17,36.98,726.7,628,28.749999999999996,55.7633333333333,859.6333333333338,28.51,53.97
2026-03-04 00:10:00,30.53,55.87,36.6,34.1,745,943.0,0,2,30.41,56.76,36.61,34.34,1076.6,762,30.746666666666666,56.05666666666664,915.433333333334,19.47,52.79
2026-03-04 00:15:00,28.22,54.18,36.13,15.23,688,790.1,0,2,30.53,55.87,36.6,34.1,943.0,745,29.72,55.60333333333332,936.5666666666672,40.2,61.84
2026-03-04 00:20:00,28.51,53.97,35.92,29.04,621,693.7,0,2,28.22,54.18,36.13,15.23,790.1,688,29.086666666666662,54.67333333333331,808.9333333333338,32.56,51.88
2026-03-04 00:25:00,19.47,52.79,37.04,29.41,702,787.8,0,2,28.51,53.97,35.92,29.04,693.7,621,25.399999999999995,53.64666666666664,757.2000000000006,33.42,52.5
2026-03-04 00:30:00,40.2,61.84,36.58,31.71,816,892.8,0,2,19.47,52.79,37.04,29.41,787.8,702,29.393333333333334,56.19999999999998,791.4333333333338,22.54,52.84
2026-03-04 00:35:00,32.56,51.88,36.44,29.97,719,685.5,0,2,40.2,61.84,36.58,31.71,892.8,816,30.74333333333333,55.50333333333331,788.7000000000004,22.54,51.5
2026-03-04 00:40:00,33.42,52.5,35.72,32.5,640,804.1,0,2,32.56,51.88,36.44,29.97,685.5,719,35.39333333333334,55.406666666666645,794.1333333333338,25.67,49.72
2026-03-04 00:45:00,22.54,52.84,36.52,22.16,606,652.8,0,2,33.42,52.5,35.72,32.5,804.1,640,29.506666666666664,52.406666666666645,714.1333333333338,24.36,50.16
2026-03-04 00:50:00,22.54,51.5,36.25,34.72,684,810.2,0,2,22.54,52.84,36.52,22.16,652.8,606,26.166666666666668,52.27999999999997,755.7000000000004,31.69,50.51
2026-03-04 00:55:00,25.67,49.72,36.52,30.08,571,612.9,0,2,22.54,51.5,36.25,34.72,810.2,684,23.583333333333332,51.35333333333332,691.9666666666672,27.63,50.52
2026-03-04 01:00:00,24.36,50.16,36.54,26.01,561,783.3,1,2,25.67,49.72,36.52,30.08,612.9,571,24.189999999999998,50.45999999999998,735.4666666666672,26.6,50.52
2026-03-04 01:05:00,31.69,50.51,37.35,26.96,552,703.3,1,2,24.36,50.16,36.54,26.01,783.3,561,27.24,50.129999999999974,699.8333333333338,32.11,58.82
2026-03-04 01:10:00,27.63,50.52,37.18,31.02,606,738.5,1,2,31.69,50.51,37.35,26.96,703.3,552,27.89333333333333,50.39666666666665,741.7000000000004,23.38,49.15
2026-03-04 01:15:00,26.6,50.52,37.14,15.54,543,513.0,1,2,27.63,50.52,37.18,31.02,738.5,606,28.639999999999997,50.516666666666644,651.6000000000005,29.72,48.93
2026-03-04 01:20:00,32.11,58.82,36.79,30.98,692,850.7,1,2,26.6,50.52,37.14,15.54,513.0,543,28.78,53.286666666666655,700.7333333333339,18.97,47.18
2026-03-04 01:25:00,23.38,49.15,37.07,23.96,442,578.9,1,2,32.11,58.82,36.79,30.98,850.7,692,27.36333333333333,52.82999999999998,647.5333333333339,22.42,46.47
2026-03-04 01:30:00,29.72,48.93,37.16,21.95,569,574.3,1,2,23.38,49.15,37.07,23.96,578.9,442,28.403333333333332,52.299999999999976,667.9666666666673,23.05,46.61
2026-03-04 01:35:00,18.97,47.18,36.85,25.19,439,379.4,1,2,29.72,48.93,37.16,21.95,574.3,569,24.02333333333333,48.41999999999998,510.86666666666724,23.57,47.18
2026-03-04 01:40:00,22.42,46.47,37.38,23.4,491,565.1,1,2,18.97,47.18,36.85,25.19,379.4,439,23.703333333333333,47.52666666666664,506.26666666666716,24.1,47.98
2026-03-04 01:45:00,23.05,46.61,37.32,22.52,457,594.0,1,2,22.42,46.47,37.38,23.4,565.1,491,21.48,46.75333333333331,512.8333333333338,27.66,47.96
2026-03-04 01:50:00,23.57,47.18,36.87,21.47,523,489.2,1,2,23.05,46.61,37.32,22.52,594.0,457,23.013333333333332,46.75333333333331,549.433333333334,24.36,48.32
2026-03-04 01:55:00,24.1,47.98,36.69,13.88,500,447.4,1,2,23.57,47.18,36.87,21.47,489.2,523,23.573333333333334,47.25666666666664,510.2000000000005,25.58,47.79
2026-03-04 02:00:00,27.66,47.96,36.95,24.36,489,455.6,2,2,24.1,47.98,36.69,13.88,447.4,500,25.11,47.70666666666665,464.06666666666723,19.39,47.81
2026-03-04 02:05:00,24.36,48.32,36.62,30.03,537,528.2,2,2,27.66,47.96,36.95,24.36,455.6,489,25.37333333333333,48.086666666666645,477.06666666666723,30.26,48.5
2026-03-04 02:10:00,25.58,47.79,36.57,27.05,454,658.0,2,2,24.36,48.32,36.62,30.03,528.2,537,25.866666666666664,48.02333333333331,547.2666666666672,28.46,58.01
2026-03-04 02:15:00,19.39,47.81,36.61,17.06,361,417.3,2,2,25.58,47.79,36.57,27.05,658.0,454,23.11,47.97333333333331,534.5000000000006,22.1,45.96
2026-03-04 02:20:00,30.26,48.5,36.41,20.84,462,635.9,2,2,19.39,47.81,36.61,17.06,417.3,361,25.076666666666664,48.03333333333331,570.4000000000005,26.65,45.77
2026-03-04 02:25:00,28.46,58.01,37.05,34.7,561,581.3,2,2,30.26,48.5,36.41,20.84,635.9,462,26.036666666666665,51.439999999999976,544.8333333333338,20.22,46.37
2026-03-04 02:30:00,22.1,45.96,36.66,18.68,369,362.9,2,2,28.46,58.01,37.05,34.7,581.3,561,26.939999999999998,50.8233333333333,526.7000000000006,27.9,47.02
2026-03-04 02:35:00,26.65,45.77,37.15,31.23,504,697.9,2,2,22.1,45.96,36.66,18.68,362.9,369,25.736666666666665,49.913333333333306,547.3666666666671,18.71,46.69
2026-03-04 02:40:00,20.22,46.37,37.0,19.08,402,476.5,2,2,26.65,45.77,37.15,31.23,697.9,504,22.99,46.03333333333331,512.4333333333338,25.64,47.26
2026-03-04 02:45:00,27.9,47.02,36.49,21.61,416,430.9,2,2,20.22,46.37,37.0,19.08,476.5,402,24.92333333333333,46.38666666666665,535.1000000000005,25.77,47.26
2026-03-04 02:50:00,18.71,46.69,37.37,22.88,377,363.2,2,2,27.9,47.02,36.49,21.61,430.9,416,22.27666666666666,46.69333333333331,423.5333333333338,20.14,47.78
2026-03-04 02:55:00,25.64,47.26,36.75,16.06,437,416.7,2,2,18.71,46.69,37.37,22.88,363.2,377,24.083333333333332,46.989999999999974,403.60000000000053,21.48,49.17
2026-03-04 03:00:00,25.77,47.26,36.98,31.53,406,584.3,3,2,25.64,47.26,36.75,16.06,416.7,437,23.37333333333333,47.06999999999997,454.73333333333386,15.38,49.01
2026-03-04 03:05:00,20.14,47.78,37.24,25.99,383,424.0,3,2,25.77,47.26,36.98,31.53,584.3,406,23.849999999999998,47.43333333333331,475.00000000000045,18.53,46.54
2026-03-04 03:10:00,21.48,49.17,36.77,18.48,345,399.3,3,2,20.14,47.78,37.24,25.99,424.0,383,22.463333333333328,48.06999999999997,469.2000000000005,24.46,46.15
2026-03-04 03:15:00,15.38,49.01,37.38,20.77,366,402.8,3,2,21.48,49.17,36.77,18.48,399.3,345,19.0,48.65333333333331,408.70000000000056,24.86,48.23
2026-03-04 03:20:00,18.53,46.54,36.98,16.39,320,313.5,3,2,15.38,49.01,37.38,20.77,402.8,366,18.463333333333335,48.23999999999998,371.86666666666724,21.6,48.37
2026-03-04 03:25:00,24.46,46.15,37.16,15.19,370,380.6,3,2,18.53,46.54,36.98,16.39,313.5,320,19.456666666666667,47.23333333333331,365.6333333333339,23.59,48.71
2026-03-04 03:30:00,24.86,48.23,36.9,26.87,513,589.8,3,2,24.46,46.15,37.16,15.19,380.6,370,22.616666666666664,46.97333333333331,427.96666666666715,17.84,49.47
2026-03-04 03:35:00,21.6,48.37,36.84,25.17,383,415.1,3,2,24.86,48.23,36.9,26.87,589.8,513,23.639999999999997,47.583333333333314,461.8333333333339,20.89,46.82
2026-03-04 03:40:00,23.59,48.71,37.24,21.24,448,502.1,3,2,21.6,48.37,36.84,25.17,415.1,383,23.349999999999998,48.43666666666664,502.3333333333339,17.71,45.69
2026-03-04 03:45:00,17.84,49.47,36.89,25.89,389,446.9,3,2,23.59,48.71,37.24,21.24,502.1,448,21.009999999999998,48.84999999999997,454.70000000000056,27.88,46.64
2026-03-04 03:50:00,20.89,46.82,36.75,22.29,434,443.7,3,2,17.84,49.47,36.89,25.89,446.9,389,20.77333333333333,48.333333333333314,464.23333333333386,25.34,45.77
2026-03-04 03:55:00,17.71,45.69,37.55,21.54,408,446.6,3,2,20.89,46.82,36.75,22.29,443.7,434,18.81333333333333,47.32666666666663,445.73333333333386,21.35,45.01
2026-03-04 04:00:00,27.88,46.64,37.31,31.14,437,548.6,4,2,17.71,45.69,37.55,21.54,446.6,408,22.159999999999997,46.383333333333304,479.63333333333384,22.83,44.99
2026-03-04 04:05:00,25.34,45.77,37.76,19.51,390,425.4,4,2,27.88,46.64,37.31,31.14,548.6,437,23.64333333333333,46.03333333333331,473.5333333333338,20.5,43.88
2026-03-04 04:10:00,21.35,45.01,37.17,23.2,389,419.6,4,2,25.34,45.77,37.76,19.51,425.4,390,24.856666666666666,45.80666666666664,464.5333333333339,22.87,45.64
2026-03-04 04:15:00,22.83,44.99,37.18,26.87,386,492.7,4,2,21.35,45.01,37.17,23.2,419.6,389,23.173333333333332,45.25666666666664,445.9000000000005,21.86,46.01
2026-03-04 04:20:00,20.5,43.88,37.5,22.42,347,467.1,4,2,22.83,44.99,37.18,26.87,492.7,386,21.56,44.626666666666644,459.80000000000047,20.11,46.27
2026-03-04 04:25:00,22.87,45.64,37.43,21.19,439,421.6,4,2,20.5,43.88,37.5,22.42,467.1,347,22.066666666666663,44.836666666666645,460.46666666666715,21.95,44.86
2026-03-04 04:30:00,21.86,46.01,37.28,12.77,430,499.1,4,2,22.87,45.64,37.43,21.19,421.6,439,21.74333333333333,45.17666666666664,462.60000000000053,27.51,44.18
2026-03-04 04:35:00,20.11,46.27,37.39,13.19,426,375.4,4,2,21.86,46.01,37.28,12.77,499.1,430,21.61333333333333,45.97333333333331,432.0333333333338,25.23,45.45
2026-03-04 04:40:00,21.95,44.86,37.62,17.24,465,407.9,4,2,20.11,46.27,37.39,13.19,375.4,426,21.30666666666666,45.71333333333331,427.46666666666715,27.26,45.02
2026-03-04 04:45:00,27.51,44.18,37.5,21.94,426,549.2,4,2,21.95,44.86,37.62,17.24,407.9,465,23.189999999999998,45.10333333333332,444.1666666666672,21.94,44.73
2026-03-04 04:50:00,25.23,45.45,37.32,21.2,342,365.8,4,2,27.51,44.18,37.5,21.94,549.2,426,24.896666666666665,44.82999999999998,440.96666666666715,27.13,45.95
2026-03-04 04:55:00,27.26,45.02,37.81,28.7,503,594.5,4,2,25.23,45.45,37.32,21.2,365.8,342,26.666666666666668,44.883333333333304,503.1666666666672,21.35,46.19
2026-03-04 05:00:00,21.94,44.73,37.48,28.96,520,509.6,5,2,27.26,45.02,37.81,28.7,594.5,503,24.81,45.06666666666664,489.96666666666715,29.23,47.39
2026-03-04 05:05:00,27.13,45.95,37.11,22.1,404,519.7,5,2,21.94,44.73,37.48,28.96,509.6,520,25.44333333333333,45.23333333333331,541.2666666666672,17.03,48.29
2026-03-04 05:10:00,21.35,46.19,37.83,11.75,360,358.9,5,2,27.13,45.95,37.11,22.1,519.7,404,23.47333333333333,45.623333333333306,462.73333333333386,23.9,49.03
2026-03-04 05:15:00,29.23,47.39,37.44,29.29,469,590.4,5,2,21.35,46.19,37.83,11.75,358.9,360,25.903333333333332,46.509999999999984,489.6666666666672,19.66,48.32
2026-03-04 05:20:00,17.03,48.29,37.43,19.69,483,547.6,5,2,29.23,47.39,37.44,29.29,590.4,469,22.536666666666665,47.28999999999997,498.96666666666715,24.38,49.1
2026-03-04 05:25:00,23.9,49.03,37.73,20.05,454,538.9,5,2,17.03,48.29,37.43,19.69,547.6,483,23.386666666666667,48.23666666666664,558.9666666666672,26.14,50.18
2026-03-04 05:30:00,19.66,48.32,37.65,29.54,482,544.9,5,2,23.9,49.03,37.73,20.05,538.9,454,20.196666666666662,48.546666666666646,543.8000000000005,21.95,49.07
2026-03-04 05:35:00,24.38,49.1,37.59,16.45,463,560.8,5,2,19.66,48.32,37.65,29.54,544.9,482,22.646666666666665,48.81666666666664,548.2000000000006,26.52,48.8
2026-03-04 05:40:00,26.14,50.18,37.37,22.68,532,655.1,5,2,24.38,49.1,37.59,16.45,560.8,463,23.39333333333333,49.19999999999998,586.9333333333338,28.58,49.12
2026-03-04 05:45:00,21.95,49.07,38.2,27.83,503,613.8,5,2,26.14,50.18,37.37,22.68,655.1,532,24.156666666666666,49.44999999999998,609.9000000000004,28.91,47.73
2026-03-04 05:50:00,26.52,48.8,37.48,22.81,545,674.2,5,2,21.95,49.07,38.2,27.83,613.8,503,24.869999999999994,49.34999999999997,647.7000000000005,24.67,47.6
2026-03-04 05:55:00,28.58,49.12,37.55,23.74,565,574.9,5,2,26.52,48.8,37.48,22.81,674.2,545,25.683333333333326,48.99666666666664,620.9666666666672,26.59,49.21
2026-03-04 06:00:00,28.91,47.73,37.22,26.7,523,744.8,6,2,28.58,49.12,37.55,23.74,574.9,565,28.00333333333333,48.549999999999976,664.6333333333338,27.25,48.69
2026-03-04 06:05:00,24.67,47.6,37.71,26.23,575,794.6,6,2,28.91,47.73,37.22,26.7,744.8,523,27.386666666666667,48.14999999999998,704.7666666666672,28.31,49.65
2026-03-04 06:10:00,26.59,49.21,37.11,21.68,618,601.5,6,2,24.67,47.6,37.71,26.23,794.6,575,26.72333333333333,48.17999999999997,713.6333333333338,25.71,47.75
2026-03-04 06:15:00,27.25,48.69,37.25,27.84,506,673.1,6,2,26.59,49.21,37.11,21.68,601.5,618,26.169999999999998,48.49999999999998,689.7333333333339,24.6,47.92
2026-03-04 06:20:00,28.31,49.65,37.64,22.1,633,757.5,6,2,27.25,48.69,37.25,27.84,673.1,506,27.38333333333333,49.18333333333331,677.3666666666672,26.13,48.76
2026-03-04 06:25:00,25.71,47.75,37.98,28.96,591,778.8,6,2,28.31,49.65,37.64,22.1,757.5,633,27.09,48.69666666666664,736.4666666666672,24.94,50.82
2026-03-04 06:30:00,24.6,47.92,38.2,27.54,587,743.3,6,2,25.71,47.75,37.98,28.96,778.8,591,26.206666666666663,48.439999999999976,759.8666666666672,21.28,51.31
2026-03-04 06:35:00,26.13,48.76,37.54,19.66,659,714.6,6,2,24.6,47.92,38.2,27.54,743.3,587,25.48,48.14333333333331,745.5666666666672,31.88,51.8
2026-03-04 06:40:00,24.94,50.82,37.52,23.32,671,816.9,6,2,26.13,48.76,37.54,19.66,714.6,659,25.223333333333333,49.166666666666636,758.2666666666672,29.68,52.81
2026-03-04 06:45:00,21.28,51.31,37.52,24.09,692,608.6,6,2,24.94,50.82,37.52,23.32,816.9,671,24.116666666666664,50.296666666666646,713.3666666666672,26.91,52.55
2026-03-04 06:50:00,31.88,51.8,37.33,25.12,726,649.4,6,2,21.28,51.31,37.52,24.09,608.6,692,26.03333333333333,51.309999999999974,691.6333333333338,28.93,52.59
2026-03-04 06:55:00,29.68,52.81,37.97,30.6,746,704.5,6,2,31.88,51.8,37.33,25.12,649.4,726,27.613333333333333,51.97333333333331,654.1666666666671,27.54,53.34
2026-03-04 07:00:00,26.91,52.55,37.2,22.43,694,644.7,7,2,29.68,52.81,37.97,30.6,704.5,746,29.49,52.38666666666665,666.2000000000006,32.2,52.29
2026-03-04 07:05:00,28.93,52.59,37.59,31.55,579,832.6,7,2,26.91,52.55,37.2,22.43,644.7,694,28.506666666666664,52.64999999999998,727.2666666666672,29.31,52.84
2026-03-04 07:10:00,27.54,53.34,37.82,29.37,782,671.0,7,2,28.93,52.59,37.59,31.55,832.6,579,27.793333333333333,52.82666666666665,716.1000000000005,30.08,53.1
2026-03-04 07:15:00,32.2,52.29,37.57,34.86,725,838.5,7,2,27.54,53.34,37.82,29.37,671.0,782,29.55666666666667,52.73999999999998,780.7000000000006,25.06,53.49
2026-03-04 07:20:00,29.31,52.84,37.54,29.2,756,709.2,7,2,32.2,52.29,37.57,34.86,838.5,725,29.683333333333334,52.823333333333316,739.5666666666672,30.24,52.5
2026-03-04 07:25:00,30.08,53.1,37.67,27.02,786,701.1,7,2,29.31,52.84,37.54,29.2,709.2,756,30.53,52.74333333333331,749.6000000000005,31.74,53.61
2026-03-04 07:30:00,25.06,53.49,37.2,33.01,784,842.8,7,2,30.08,53.1,37.67,27.02,701.1,786,28.149999999999995,53.14333333333332,751.0333333333339,35.5,54.1
2026-03-04 07:35:00,30.24,52.5,38.14,20.88,756,781.3,7,2,25.06,53.49,37.2,33.01,842.8,784,28.459999999999997,53.02999999999997,775.0666666666672,28.16,53.58
2026-03-04 07:40:00,31.74,53.61,37.62,35.57,818,1068.8,7,2,30.24,52.5,38.14,20.88,781.3,756,29.013333333333332,53.19999999999998,897.6333333333338,25.71,54.85
2026-03-04 07:45:00,35.5,54.1,37.75,32.48,791,960.1,7,2,31.74,53.61,37.62,35.57,1068.8,818,32.49333333333333,53.40333333333331,936.7333333333337,38.15,54.87
2026-03-04 07:50:00,28.16,53.58,37.92,28.21,815,788.3,7,2,35.5,54.1,37.75,32.48,960.1,791,31.8,53.763333333333314,939.0666666666672,31.46,55.55
2026-03-04 07:55:00,25.71,54.85,37.45,34.95,805,883.0,7,2,28.16,53.58,37.92,28.21,788.3,815,29.790000000000003,54.17666666666664,877.1333333333338,25.02,55.57
2026-03-04 08:00:00,38.15,54.87,37.48,34.58,777,812.7,8,2,25.71,54.85,37.45,34.95,883.0,805,30.673333333333332,54.43333333333331,828.0000000000005,32.02,56.63
2026-03-04 08:05:00,31.46,55.55,37.72,36.21,828,927.9,8,2,38.15,54.87,37.48,34.58,812.7,777,31.77333333333333,55.089999999999975,874.5333333333338,24.83,56.93
2026-03-04 08:10:00,25.02,55.57,37.45,34.76,812,856.4,8,2,31.46,55.55,37.72,36.21,927.9,828,31.543333333333333,55.32999999999998,865.6666666666671,26.33,56.08
2026-03-04 08:15:00,32.02,56.63,37.65,35.89,952,1030.9,8,2,25.02,55.57,37.45,34.76,856.4,812,29.5,55.916666666666636,938.4000000000005,33.82,57.13
2026-03-04 08:20:00,24.83,56.93,38.17,29.91,942,846.2,8,2,32.02,56.63,37.65,35.89,1030.9,952,27.290000000000003,56.376666666666644,911.1666666666673,34.2,58.43
2026-03-04 08:25:00,26.33,56.08,38.31,37.28,992,1019.3,8,2,24.83,56.93,38.17,29.91,846.2,942,27.72666666666667,56.546666666666646,965.4666666666672,22.77,58.4
2026-03-04 08:30:00,33.82,57.13,38.14,41.45,969,1280.2,8,2,26.33,56.08,38.31,37.28,1019.3,992,28.326666666666664,56.71333333333331,1048.5666666666673,36.08,58.66
2026-03-04 08:35:00,34.2,58.43,37.76,33.69,1009,932.3,8,2,33.82,57.13,38.14,41.45,1280.2,969,31.45,57.21333333333331,1077.266666666667,36.7,58.68
2026-03-04 08:40:00,22.77,58.4,37.6,36.98,1026,1110.0,8,2,34.2,58.43,37.76,33.69,932.3,1009,30.263333333333332,57.98666666666664,1107.5000000000005,30.0,58.68
2026-03-04 08:45:00,36.08,58.66,37.89,47.57,1102,1439.0,8,2,22.77,58.4,37.6,36.98,1110.0,1026,31.016666666666662,58.49666666666664,1160.4333333333336,32.69,57.63
2026-03-04 08:50:00,36.7,58.68,37.76,42.22,1034,1297.2,8,2,36.08,58.66,37.89,47.57,1439.0,1102,31.849999999999994,58.57999999999998,1282.066666666667,34.03,58.27
2026-03-04 08:55:00,30.0,58.68,37.93,29.47,1028,1016.3,8,2,36.7,58.68,37.76,42.22,1297.2,1034,34.26,58.67333333333331,1250.833333333334,34.55,59.52
2026-03-04 09:00:00,32.69,57.63,37.68,33.02,1105,1230.6,9,2,30.0,58.68,37.93,29.47,1016.3,1028,33.129999999999995,58.32999999999998,1181.366666666667,44.96,61.04
2026-03-04 09:05:00,34.03,58.27,38.11,32.27,1146,1115.0,9,2,32.69,57.63,37.68,33.02,1230.6,1105,32.24,58.19333333333331,1120.633333333334,44.2,61.81
2026-03-04 09:10:00,34.55,59.52,38.03,38.75,1162,1062.3,9,2,34.03,58.27,38.11,32.27,1115.0,1146,33.75666666666666,58.47333333333331,1135.966666666667,35.9,61.1
2026-03-04 09:15:00,44.96,61.04,37.78,37.52,1098,1380.9,9,2,34.55,59.52,38.03,38.75,1062.3,1162,37.846666666666664,59.60999999999998,1186.066666666667,46.36,61.02
2026-03-04 09:20:00,44.2,61.81,37.43,37.77,1120,1356.5,9,2,44.96,61.04,37.78,37.52,1380.9,1098,41.236666666666665,60.78999999999997,1266.5666666666673,32.54,61.08
2026-03-04 09:25:00,35.9,61.1,37.88,44.73,1165,1593.7,9,2,44.2,61.81,37.43,37.77,1356.5,1120,41.68666666666667,61.31666666666664,1443.7000000000005,39.36,62.07
2026-03-04 09:30:00,46.36,61.02,37.81,42.43,1148,1591.3,9,2,35.9,61.1,37.88,44.73,1593.7,1165,42.15333333333333,61.30999999999998,1513.833333333334,38.99,62.38
2026-03-04 09:35:00,32.54,61.08,38.28,31.29,1139,1251.3,9,2,46.36,61.02,37.81,42.43,1591.3,1148,38.266666666666666,61.06666666666664,1478.766666666667,40.61,62.54
2026-03-04 09:40:00,39.36,62.07,38.21,42.57,1163,1483.9,9,2,32.54,61.08,38.28,31.29,1251.3,1139,39.419999999999995,61.38999999999998,1442.1666666666672,44.34,62.85
2026-03-04 09:45:00,38.99,62.38,37.96,39.94,1238,1596.8,9,2,39.36,62.07,38.21,42.57,1483.9,1163,36.96333333333333,61.843333333333305,1444.0000000000007,38.27,62.07
2026-03-04 09:50:00,40.61,62.54,38.23,42.14,1197,1477.8,9,2,38.99,62.38,37.96,39.94,1596.8,1238,39.653333333333336,62.329999999999984,1519.5000000000002,39.38,61.65
2026-03-04 09:55:00,44.34,62.85,38.07,40.89,1262,1497.7,9,2,40.61,62.54,38.23,42.14,1477.8,1197,41.31333333333333,62.589999999999975,1524.1000000000004,36.84,61.11
2026-03-04 10:00:00,38.27,62.07,38.35,45.17,1276,1443.6,10,2,44.34,62.85,38.07,40.89,1497.7,1262,41.07333333333333,62.48666666666664,1473.0333333333338,41.11,62.36
2026-03-04 10:05:00,39.38,61.65,37.73,50.72,1365,1717.7,10,2,38.27,62.07,38.35,45.17,1443.6,1276,40.663333333333334,62.189999999999976,1553.0000000000002,35.56,61.63
2026-03-04 10:10:00,36.84,61.11,38.83,44.79,1332,1405.6,10,2,39.38,61.65,37.73,50.72,1717.7,1365,38.163333333333334,61.60999999999998,1522.3000000000004,37.49,62.42
2026-03-04 10:15:00,41.11,62.36,38.37,46.96,1252,1483.5,10,2,36.84,61.11,38.83,44.79,1405.6,1332,39.10999999999999,61.70666666666664,1535.6000000000004,40.07,62.75
2026-03-04 10:20:00,35.56,61.63,38.12,39.37,1324,1429.2,10,2,41.11,62.36,38.37,46.96,1483.5,1252,37.836666666666666,61.69999999999997,1439.4333333333336,44.45,63.54
2026-03-04 10:25:00,37.49,62.42,38.29,46.72,1418,1288.2,10,2,35.56,61.63,38.12,39.37,1429.2,1324,38.053333333333335,62.13666666666665,1400.3000000000004,47.16,63.4
2026-03-04 10:30:00,40.07,62.75,38.02,50.46,1309,1551.3,10,2,37.49,62.42,38.29,46.72,1288.2,1418,37.70666666666667,62.266666666666644,1422.9000000000003,46.09,65.03
2026-03-04 10:35:00,44.45,63.54,38.24,54.6,1409,1732.5,10,2,40.07,62.75,38.02,50.46,1551.3,1309,40.669999999999995,62.90333333333331,1524.0000000000007,46.2,64.26
2026-03-04 10:40:00,47.16,63.4,38.21,54.37,1376,1954.5,10,2,44.45,63.54,38.24,54.6,1732.5,1409,43.893333333333324,63.22999999999998,1746.1000000000004,49.25,66.07
2026-03-04 10:45:00,46.09,65.03,37.82,49.84,1449,1924.1,10,2,47.16,63.4,38.21,54.37,1954.5,1376,45.9,63.989999999999974,1870.366666666667,39.57,66.16
2026-03-04 10:50:00,46.2,64.26,37.92,61.03,1518,1878.0,10,2,46.09,65.03,37.82,49.84,1924.1,1449,46.48333333333333,64.22999999999998,1918.866666666667,50.81,67.23
2026-03-04 10:55:00,49.25,66.07,38.24,54.46,1493,1993.9,10,2,46.2,64.26,37.92,61.03,1878.0,1518,47.18,65.11999999999998,1932.0000000000007,41.0,67.62
2026-03-04 11:00:00,39.57,66.16,37.97,44.81,1460,1562.5,11,2,49.25,66.07,38.24,54.46,1993.9,1493,45.00666666666666,65.49666666666664,1811.4666666666672,50.18,68.04
2026-03-04 11:05:00,50.81,67.23,38.26,50.5,1555,2022.8,11,2,39.57,66.16,37.97,44.81,1562.5,1460,46.54333333333333,66.48666666666664,1859.7333333333338,42.29,68.2
2026-03-04 11:10:00,41.0,67.62,38.43,43.8,1551,1552.9,11,2,50.81,67.23,38.26,50.5,2022.8,1555,43.79333333333333,67.00333333333332,1712.7333333333338,45.68,67.42
2026-03-04 11:15:00,50.18,68.04,38.51,56.44,1570,2064.2,11,2,41.0,67.62,38.43,43.8,1552.9,1551,47.330000000000005,67.62999999999998,1879.9666666666672,44.65,67.59
2026-03-04 11:20:00,42.29,68.2,38.19,46.03,1498,1733.7,11,2,50.18,68.04,38.51,56.44,2064.2,1570,44.49,67.95333333333332,1783.6000000000004,50.84,68.86
2026-03-04 11:25:00,45.68,67.42,38.54,47.66,1505,1778.0,11,2,42.29,68.2,38.19,46.03,1733.7,1498,46.050000000000004,67.88666666666664,1858.633333333334,46.55,69.18
2026-03-04 11:30:00,44.65,67.59,38.38,41.35,1608,1854.1,11,2,45.68,67.42,38.54,47.66,1778.0,1505,44.20666666666667,67.73666666666665,1788.6000000000006,54.31,69.84
2026-03-04 11:35:00,50.84,68.86,38.85,59.07,1629,2106.0,11,2,44.65,67.59,38.38,41.35,1854.1,1608,47.05666666666667,67.95666666666665,1912.7000000000007,45.34,70.85
2026-03-04 11:40:00,46.55,69.18,38.63,54.24,1686,1966.0,11,2,50.84,68.86,38.85,59.07,2106.0,1629,47.346666666666664,68.54333333333331,1975.3666666666675,52.86,72.54
2026-03-04 11:45:00,54.31,69.84,38.62,58.54,1597,2168.5,11,2,46.55,69.18,38.63,54.24,1966.0,1686,50.56666666666666,69.29333333333331,2080.1666666666674,48.17,72.67
2026-03-04 11:50:00,45.34,70.85,38.32,46.38,1630,1556.1,11,2,54.31,69.84,38.62,58.54,2168.5,1597,48.73333333333333,69.95666666666665,1896.8666666666675,49.5,73.14
2026-03-04 11:55:00,52.86,72.54,38.37,63.04,1713,2088.8,11,2,45.34,70.85,38.32,46.38,1556.1,1630,50.836666666666666,71.07666666666664,1937.8000000000004,43.83,73.32
2026-03-04 12:00:00,48.17,72.67,39.23,53.89,1643,1788.6,12,2,52.86,72.54,38.37,63.04,2088.8,1713,48.79,72.01999999999998,1811.1666666666672,59.83,73.93
2026-03-04 12:05:00,49.5,73.14,38.28,62.22,1672,2123.9,12,2,48.17,72.67,39.23,53.89,1788.6,1643,50.17666666666667,72.78333333333332,2000.433333333334,51.48,71.9
2026-03-04 12:10:00,43.83,73.32,38.26,46.23,1741,1746.1,12,2,49.5,73.14,38.28,62.22,2123.9,1672,47.166666666666664,73.04333333333331,1886.2000000000007,63.37,72.13
2026-03-04 12:15:00,59.83,73.93,38.44,61.77,1740,2405.3,12,2,43.83,73.32,38.26,46.23,1746.1,1741,51.053333333333335,73.46333333333331,2091.7666666666673,50.12,72.36
2026-03-04 12:20:00,51.48,71.9,38.93,53.61,1632,2021.8,12,2,59.83,73.93,38.44,61.77,2405.3,1740,51.71333333333333,73.04999999999998,2057.733333333334,38.08,72.37
2026-03-04 12:25:00,63.37,72.13,38.57,61.29,1794,2297.2,12,2,51.48,71.9,38.93,53.61,2021.8,1632,58.22666666666666,72.65333333333331,2241.433333333334,52.91,71.41
2026-03-04 12:30:00,50.12,72.36,38.43,55.69,1740,2153.4,12,2,63.37,72.13,38.57,61.29,2297.2,1794,54.99,72.12999999999998,2157.466666666667,45.08,72.3
2026-03-04 12:35:00,38.08,72.37,38.75,45.09,1786,1557.2,12,2,50.12,72.36,38.43,55.69,2153.4,1740,50.52333333333333,72.28666666666665,2002.6000000000006,44.68,71.99
2026-03-04 12:40:00,52.91,71.41,38.34,71.38,1750,2260.8,12,2,38.08,72.37,38.75,45.09,1557.2,1786,47.03666666666666,72.04666666666664,1990.4666666666674,52.48,72.23
2026-03-04 12:45:00,45.08,72.3,38.35,52.72,1753,1935.9,12,2,52.91,71.41,38.34,71.38,2260.8,1750,45.35666666666666,72.02666666666664,1917.9666666666674,57.92,72.77
2026-03-04 12:50:00,44.68,71.99,38.37,51.96,1763,1713.4,12,2,45.08,72.3,38.35,52.72,1935.9,1753,47.556666666666665,71.89999999999998,1970.033333333334,43.03,73.67
2026-03-04 12:55:00,52.48,72.23,39.41,57.04,1831,2011.3,12,2,44.68,71.99,38.37,51.96,1713.4,1763,47.41333333333333,72.1733333333333,1886.8666666666675,56.6,75.31
2026-03-04 13:00:00,57.92,72.77,38.48,54.06,1737,2119.7,13,2,52.48,72.23,39.41,57.04,2011.3,1831,51.69333333333333,72.32999999999997,1948.133333333334,51.9,74.33
2026-03-04 13:05:00,43.03,73.67,38.51,50.04,1802,1727.5,13,2,57.92,72.77,38.48,54.06,2119.7,1737,51.143333333333324,72.88999999999997,1952.833333333334,51.56,75.74
2026-03-04 13:10:00,56.6,75.31,38.31,70.51,1862,2380.2,13,2,43.03,73.67,38.51,50.04,1727.5,1802,52.51666666666667,73.91666666666664,2075.8000000000006,53.34,76.38
2026-03-04 13:15:00,51.9,74.33,39.0,68.94,1847,2552.0,13,2,56.6,75.31,38.31,70.51,2380.2,1862,50.51,74.43666666666665,2219.900000000001,48.85,76.29
2026-03-04 13:20:00,51.56,75.74,38.85,64.03,1808,2260.5,13,2,51.9,74.33,39.0,68.94,2552.0,1847,53.35333333333333,75.12666666666664,2397.5666666666675,52.22,77.29
2026-03-04 13:25:00,53.34,76.38,38.78,56.76,1847,2171.3,13,2,51.56,75.74,38.85,64.03,2260.5,1808,52.26666666666667,75.4833333333333,2327.9333333333343,54.11,76.97
2026-03-04 13:30:00,48.85,76.29,38.52,49.1,1956,1885.3,13,2,53.34,76.38,38.78,56.76,2171.3,1847,51.25,76.13666666666664,2105.7000000000007,47.93,78.56
2026-03-04 13:35:00,52.22,77.29,38.76,69.55,1954,2296.3,13,2,48.85,76.29,38.52,49.1,1885.3,1956,51.47,76.65333333333331,2117.633333333334,46.9,77.9
2026-03-04 13:40:00,54.11,76.97,39.37,61.03,1951,2403.9,13,2,52.22,77.29,38.76,69.55,2296.3,1954,51.72666666666667,76.84999999999998,2195.1666666666674,51.21,77.96
2026-03-04 13:45:00,47.93,78.56,38.91,52.73,1867,1846.8,13,2,54.11,76.97,39.37,61.03,2403.9,1951,51.419999999999995,77.60666666666664,2182.333333333334,47.47,76.99
2026-03-04 13:50:00,46.9,77.9,38.75,52.87,1862,1903.7,13,2,47.93,78.56,38.91,52.73,1846.8,1867,49.64666666666667,77.80999999999997,2051.466666666667,54.56,77.02
2026-03-04 13:55:00,51.21,77.96,39.36,53.55,1864,2070.2,13,2,46.9,77.9,38.75,52.87,1903.7,1862,48.68,78.13999999999997,1940.2333333333338,49.5,78.24
2026-03-04 14:00:00,47.47,76.99,38.54,56.43,1849,1915.3,14,2,51.21,77.96,39.36,53.55,2070.2,1864,48.526666666666664,77.61666666666663,1963.0666666666673,63.7,78.18
2026-03-04 14:05:00,54.56,77.02,38.67,57.73,1974,2161.1,14,2,47.47,76.99,38.54,56.43,1915.3,1849,51.07999999999999,77.32333333333331,2048.8666666666672,53.06,78.88
2026-03-04 14:10:00,49.5,78.24,38.9,58.41,2034,2054.4,14,2,54.56,77.02,38.67,57.73,2161.1,1974,50.51,77.41666666666664,2043.6000000000004,45.17,80.47
2026-03-04 14:15:00,63.7,78.18,38.54,67.2,2013,2659.3,14,2,49.5,78.24,38.9,58.41,2054.4,2034,55.919999999999995,77.81333333333332,2291.6000000000004,62.38,80.37
2026-03-04 14:20:00,53.06,78.88,38.74,67.71,1904,2516.3,14,2,63.7,78.18,38.54,67.2,2659.3,2013,55.419999999999995,78.43333333333331,2410.0000000000005,65.77,79.68
2026-03-04 14:25:00,45.17,80.47,39.05,52.31,1992,2009.2,14,2,53.06,78.88,38.74,67.71,2516.3,1904,53.97666666666667,79.17666666666665,2394.9333333333343,56.42,78.73
2026-03-04 14:30:00,62.38,80.37,38.54,65.22,2009,2608.0,14,2,45.17,80.47,39.05,52.31,2009.2,1992,53.53666666666667,79.90666666666664,2377.833333333334,60.0,79.57
2026-03-04 14:35:00,65.77,79.68,39.29,66.0,1901,2809.6,14,2,62.38,80.37,38.54,65.22,2608.0,2009,57.77333333333333,80.1733333333333,2475.600000000001,58.49,79.69
2026-03-04 14:40:00,56.42,78.73,38.15,66.32,2039,2478.1,14,2,65.77,79.68,39.29,66.0,2809.6,1901,61.52333333333333,79.59333333333332,2631.9000000000005,42.98,79.8
2026-03-04 14:45:00,60.0,79.57,38.66,61.05,2100,2400.8,14,2,56.42,78.73,38.15,66.32,2478.1,2039,60.73,79.32666666666665,2562.833333333334,43.48,79.98
2026-03-04 14:50:00,58.49,79.69,39.18,75.05,2030,2805.5,14,2,60.0,79.57,38.66,61.05,2400.8,2100,58.303333333333335,79.32999999999998,2561.466666666667,56.46,80.42
2026-03-04 14:55:00,42.98,79.8,38.53,55.04,1995,2032.2,14,2,58.49,79.69,39.18,75.05,2805.5,2030,53.82333333333333,79.68666666666664,2412.833333333334,48.39,81.13
2026-03-04 15:00:00,43.48,79.98,38.76,46.83,1904,1743.1,15,2,42.98,79.8,38.53,55.04,2032.2,1995,48.31666666666666,79.82333333333331,2193.600000000001,52.37,80.69
2026-03-04 15:05:00,56.46,80.42,39.24,67.55,2074,2586.9,15,2,43.48,79.98,38.76,46.83,1743.1,1904,47.63999999999999,80.06666666666665,2120.733333333334,57.48,80.95
2026-03-04 15:10:00,48.39,81.13,38.96,60.7,2034,2169.2,15,2,56.46,80.42,39.24,67.55,2586.9,2074,49.44333333333333,80.50999999999998,2166.4000000000005,56.9,80.71
2026-03-04 15:15:00,52.37,80.69,38.79,63.82,1989,2331.3,15,2,48.39,81.13,38.96,60.7,2169.2,2034,52.406666666666666,80.74666666666664,2362.466666666667,53.12,79.59
2026-03-04 15:20:00,57.48,80.95,38.7,67.22,2012,2445.5,15,2,52.37,80.69,38.79,63.82,2331.3,1989,52.74666666666667,80.9233333333333,2315.333333333334,69.51,92.28
2026-03-04 15:25:00,56.9,80.71,38.59,67.39,2070,2266.6,15,2,57.48,80.95,38.7,67.22,2445.5,2012,55.583333333333336,80.78333333333332,2347.8000000000006,56.55,80.14
2026-03-04 15:30:00,53.12,79.59,38.45,63.48,2008,2453.0,15,2,56.9,80.71,38.59,67.39,2266.6,2070,55.833333333333336,80.41666666666664,2388.3666666666672,64.56,79.68
2026-03-04 15:35:00,69.51,92.28,39.31,73.95,3115,2713.8,15,2,53.12,79.59,38.45,63.48,2453.0,2008,59.843333333333334,84.19333333333331,2477.8000000000006,45.5,79.49
2026-03-04 15:40:00,56.55,80.14,39.06,54.81,1983,2074.8,15,2,69.51,92.28,39.31,73.95,2713.8,3115,59.72666666666667,84.00333333333332,2413.8666666666672,57.08,79.16
2026-03-04 15:45:00,64.56,79.68,38.91,70.55,2034,2550.5,15,2,56.55,80.14,39.06,54.81,2074.8,1983,63.54,84.0333333333333,2446.3666666666672,94.42,88.56
2026-03-04 15:50:00,45.5,79.49,39.07,53.12,1970,1808.0,15,2,64.56,79.68,38.91,70.55,2550.5,2034,55.53666666666667,79.76999999999998,2144.4333333333343,48.18,79.26
2026-03-04 15:55:00,57.08,79.16,38.99,69.24,2002,2775.5,15,2,45.5,79.49,39.07,53.12,1808.0,1970,55.71333333333333,79.44333333333331,2378.0000000000005,54.64,77.87
2026-03-04 16:00:00,94.42,88.56,39.31,99.0,3338,4495.8,16,2,57.08,79.16,38.99,69.24,2775.5,2002,65.66666666666667,82.40333333333331,3026.433333333334,81.31,93.51
2026-03-04 16:05:00,48.18,79.26,39.68,54.85,1917,1918.1,16,2,94.42,88.56,39.31,99.0,4495.8,3338,66.56,82.32666666666664,3063.1333333333337,60.48,79.51
2026-03-04 16:10:00,54.64,77.87,39.26,69.12,1987,2257.4,16,2,48.18,79.26,39.68,54.85,1918.1,1917,65.74666666666667,81.89666666666665,2890.433333333334,45.87,79.08
2026-03-04 16:15:00,81.31,93.51,38.62,92.52,3316,3856.9,16,2,54.64,77.87,39.26,69.12,2257.4,1987,61.376666666666665,83.54666666666665,2677.466666666667,54.32,78.13
2026-03-04 16:20:00,60.48,79.51,39.73,67.56,2077,2901.3,16,2,81.31,93.51,38.62,92.52,3856.9,3316,65.47666666666666,83.62999999999998,3005.2000000000007,59.32,78.78
2026-03-04 16:25:00,45.87,79.08,38.7,47.59,1942,1857.1,16,2,60.48,79.51,39.73,67.56,2901.3,2077,62.553333333333335,84.03333333333332,2871.766666666668,68.76,78.05
2026-03-04 16:30:00,54.32,78.13,38.81,60.62,1960,2221.0,16,2,45.87,79.08,38.7,47.59,1857.1,1942,53.556666666666665,78.90666666666664,2326.4666666666676,48.75,78.89
2026-03-04 16:35:00,59.32,78.78,39.41,53.28,2048,2299.9,16,2,54.32,78.13,38.81,60.62,2221.0,1960,53.169999999999995,78.66333333333331,2126.0000000000005,53.12,78.48
2026-03-04 16:40:00,68.76,78.05,38.83,65.3,2003,2735.3,16,2,59.32,78.78,39.41,53.28,2299.9,2048,60.800000000000004,78.31999999999998,2418.733333333334,54.89,78.82
2026-03-04 16:45:00,48.75,78.89,39.16,61.35,1991,2425.3,16,2,68.76,78.05,38.83,65.3,2735.3,2003,58.943333333333335,78.57333333333331,2486.8333333333344,49.62,78.61
2026-03-04 16:50:00,53.12,78.48,39.21,64.36,1962,2211.7,16,2,48.75,78.89,39.16,61.35,2425.3,1991,56.876666666666665,78.47333333333331,2457.433333333334,60.73,77.08
2026-03-04 16:55:00,54.89,78.82,39.35,67.45,1936,2376.3,16,2,53.12,78.48,39.21,64.36,2211.7,1962,52.25333333333333,78.72999999999998,2337.7666666666673,47.84,77.22
2026-03-04 17:00:00,49.62,78.61,39.0,61.77,2004,2355.1,17,2,54.89,78.82,39.35,67.45,2376.3,1936,52.54333333333333,78.63666666666664,2314.3666666666672,51.81,78.04
2026-03-04 17:05:00,60.73,77.08,39.4,70.0,1964,2762.6,17,2,49.62,78.61,39.0,61.77,2355.1,2004,55.07999999999999,78.16999999999997,2498.0000000000005,59.3,76.92
2026-03-04 17:10:00,47.84,77.22,39.66,45.58,1892,1940.5,17,2,60.73,77.08,39.4,70.0,2762.6,1964,52.73,77.63666666666664,2352.733333333334,59.71,77.6
2026-03-04 17:15:00,51.81,78.04,39.15,69.69,1950,2445.0,17,2,47.84,77.22,39.66,45.58,1940.5,1892,53.46,77.44666666666664,2382.7000000000007,49.47,76.4
2026-03-04 17:20:00,59.3,76.92,39.39,68.7,1902,2386.3,17,2,51.81,78.04,39.15,69.69,2445.0,1950,52.98333333333334,77.39333333333332,2257.2666666666673,60.11,76.31
2026-03-04 17:25:00,59.71,77.6,39.19,67.01,1997,2465.6,17,2,59.3,76.92,39.39,68.7,2386.3,1902,56.94,77.51999999999998,2432.3000000000006,46.99,76.16
2026-03-04 17:30:00,49.47,76.4,39.02,57.51,1823,2094.0,17,2,59.71,77.6,39.19,67.01,2465.6,1997,56.160000000000004,76.9733333333333,2315.3000000000006,48.72,74.08
2026-03-04 17:35:00,60.11,76.31,39.89,68.96,1951,2591.4,17,2,49.47,76.4,39.02,57.51,2094.0,1823,56.43,76.76999999999998,2383.6666666666674,54.65,74.8
2026-03-04 17:40:00,46.99,76.16,39.28,65.94,1859,2231.1,17,2,60.11,76.31,39.89,68.96,2591.4,1951,52.19,76.28999999999998,2305.5000000000005,61.48,75.04
2026-03-04 17:45:00,48.72,74.08,39.38,54.07,1799,1841.2,17,2,46.99,76.16,39.28,65.94,2231.1,1859,51.94,75.51666666666664,2221.233333333334,49.75,76.57
2026-03-04 17:50:00,54.65,74.8,39.72,62.65,1887,2309.9,17,2,48.72,74.08,39.38,54.07,1841.2,1799,50.120000000000005,75.0133333333333,2127.4000000000005,44.54,76.38
2026-03-04 17:55:00,61.48,75.04,39.24,58.43,1941,2207.1,17,2,54.65,74.8,39.72,62.65,2309.9,1887,54.949999999999996,74.63999999999997,2119.400000000001,53.05,76.38
2026-03-04 18:00:00,49.75,76.57,39.04,56.2,1870,1917.2,18,2,61.48,75.04,39.24,58.43,2207.1,1941,55.29333333333333,75.46999999999997,2144.733333333334,54.82,75.91
2026-03-04 18:05:00,44.54,76.38,39.62,48.16,1812,1685.5,18,2,49.75,76.57,39.04,56.2,1917.2,1870,51.923333333333325,75.99666666666664,1936.6000000000006,59.51,75.31
2026-03-04 18:10:00,53.05,76.38,39.37,53.96,1825,2240.2,18,2,44.54,76.38,39.62,48.16,1685.5,1812,49.11333333333334,76.44333333333331,1947.633333333334,52.14,74.75
2026-03-04 18:15:00,54.82,75.91,39.1,63.22,1840,2421.5,18,2,53.05,76.38,39.37,53.96,2240.2,1825,50.803333333333335,76.22333333333331,2115.733333333334,46.23,74.34
2026-03-04 18:20:00,59.51,75.31,39.59,71.83,1827,2454.4,18,2,54.82,75.91,39.1,63.22,2421.5,1840,55.79333333333333,75.86666666666663,2372.033333333334,51.55,74.07
2026-03-04 18:25:00,52.14,74.75,39.67,59.85,1731,2107.6,18,2,59.51,75.31,39.59,71.83,2454.4,1827,55.49,75.32333333333331,2327.833333333334,59.53,74.14
2026-03-04 18:30:00,46.23,74.34,39.23,54.98,1711,1998.6,18,2,52.14,74.75,39.67,59.85,2107.6,1731,52.626666666666665,74.79999999999998,2186.8666666666672,56.56,74.95
2026-03-04 18:35:00,51.55,74.07,39.25,54.58,1775,2191.9,18,2,46.23,74.34,39.23,54.98,1998.6,1711,49.97333333333333,74.38666666666664,2099.3666666666672,38.03,75.84
2026-03-04 18:40:00,59.53,74.14,39.85,64.77,1835,2585.2,18,2,51.55,74.07,39.25,54.58,2191.9,1775,52.43666666666667,74.1833333333333,2258.5666666666675,46.39,75.11
2026-03-04 18:45:00,56.56,74.95,39.8,63.68,1752,2294.6,18,2,59.53,74.14,39.85,64.77,2585.2,1835,55.88,74.38666666666664,2357.233333333334,48.85,76.22
2026-03-04 18:50:00,38.03,75.84,39.16,47.32,1797,1809.6,18,2,56.56,74.95,39.8,63.68,2294.6,1752,51.373333333333335,74.97666666666665,2229.8000000000006,47.91,74.35
2026-03-04 18:55:00,46.39,75.11,39.93,56.48,1776,1942.2,18,2,38.03,75.84,39.16,47.32,1809.6,1797,46.99333333333333,75.29999999999997,2015.4666666666674,55.48,74.02
2026-03-04 19:00:00,48.85,76.22,40.09,57.94,1707,2103.9,19,2,46.39,75.11,39.93,56.48,1942.2,1776,44.423333333333325,75.72333333333331,1951.9000000000008,40.3,73.84
2026-03-04 19:05:00,47.91,74.35,39.33,51.11,1632,2076.6,19,2,48.85,76.22,40.09,57.94,2103.9,1707,47.71666666666666,75.22666666666663,2040.9000000000008,40.01,74.95
2026-03-04 19:10:00,55.48,74.02,39.6,52.06,1654,2025.1,19,2,47.91,74.35,39.33,51.11,2076.6,1632,50.74666666666667,74.8633333333333,2068.533333333334,53.41,74.42
2026-03-04 19:15:00,40.3,73.84,39.42,52.33,1612,1739.7,19,2,55.48,74.02,39.6,52.06,2025.1,1654,47.89666666666667,74.06999999999998,1947.133333333334,47.43,72.34
2026-03-04 19:20:00,40.01,74.95,39.65,42.54,1673,1693.7,19,2,40.3,73.84,39.42,52.33,1739.7,1612,45.26333333333333,74.26999999999998,1819.5000000000007,46.41,73.29
2026-03-04 19:25:00,53.41,74.42,39.22,57.16,1565,2121.3,19,2,40.01,74.95,39.65,42.54,1693.7,1673,44.57333333333333,74.40333333333332,1851.5666666666675,45.33,72.13
2026-03-04 19:30:00,47.43,72.34,39.49,46.54,1586,1733.5,19,2,53.41,74.42,39.22,57.16,2121.3,1565,46.949999999999996,73.90333333333332,1849.5000000000007,41.68,72.85
2026-03-04 19:35:00,46.41,73.29,39.4,52.84,1676,1888.8,19,2,47.43,72.34,39.49,46.54,1733.5,1586,49.083333333333336,73.34999999999998,1914.533333333334,42.16,71.88
2026-03-04 19:40:00,45.33,72.13,39.62,59.1,1632,1989.9,19,2,46.41,73.29,39.4,52.84,1888.8,1676,46.38999999999999,72.58666666666664,1870.7333333333338,45.73,71.23
2026-03-04 19:45:00,41.68,72.85,40.18,53.8,1561,1971.4,19,2,45.33,72.13,39.62,59.1,1989.9,1632,44.47333333333333,72.75666666666665,1950.033333333334,50.72,71.41
2026-03-04 19:50:00,42.16,71.88,39.56,46.5,1487,1508.3,19,2,41.68,72.85,40.18,53.8,1971.4,1561,43.056666666666665,72.28666666666663,1823.2000000000007,47.19,71.29
2026-03-04 19:55:00,45.73,71.23,39.51,46.79,1580,1503.1,19,2,42.16,71.88,39.56,46.5,1508.3,1487,43.19,71.98666666666664,1660.933333333334,45.95,71.47
2026-03-04 20:00:00,50.72,71.41,40.16,51.58,1578,2116.8,20,2,45.73,71.23,39.51,46.79,1503.1,1580,46.203333333333326,71.50666666666665,1709.4000000000005,43.93,72.27
2026-03-04 20:05:00,47.19,71.29,39.26,52.12,1558,2035.6,20,2,50.72,71.41,40.16,51.58,2116.8,1578,47.879999999999995,71.30999999999999,1885.1666666666672,46.2,71.61
2026-03-04 20:10:00,45.95,71.47,40.21,57.89,1510,2016.9,20,2,47.19,71.29,39.26,52.12,2035.6,1558,47.95333333333334,71.38999999999997,2056.433333333334,52.31,71.04
2026-03-04 20:15:00,43.93,72.27,40.22,36.36,1464,1583.1,20,2,45.95,71.47,40.21,57.89,2016.9,1510,45.69,71.67666666666665,1878.533333333334,59.31,70.33
2026-03-04 20:20:00,46.2,71.61,39.45,50.4,1422,1730.3,20,2,43.93,72.27,40.22,36.36,1583.1,1464,45.36000000000001,71.7833333333333,1776.7666666666673,46.44,69.57
2026-03-04 20:25:00,52.31,71.04,39.55,52.73,1442,1940.8,20,2,46.2,71.61,39.45,50.4,1730.3,1422,47.48,71.63999999999997,1751.4000000000005,43.36,69.61
2026-03-04 20:30:00,59.31,70.33,39.91,60.75,1440,2037.1,20,2,52.31,71.04,39.55,52.73,1940.8,1442,52.60666666666666,70.9933333333333,1902.7333333333338,38.33,67.92
2026-03-04 20:35:00,46.44,69.57,39.74,47.16,1419,1729.6,20,2,59.31,70.33,39.91,60.75,2037.1,1440,52.68666666666667,70.31333333333332,1902.5000000000007,48.85,67.55
2026-03-04 20:40:00,43.36,69.61,40.06,52.96,1353,1532.8,20,2,46.44,69.57,39.74,47.16,1729.6,1419,49.70333333333334,69.83666666666663,1766.5000000000007,41.73,66.28
2026-03-04 20:45:00,38.33,67.92,39.54,49.23,1327,1574.7,20,2,43.36,69.61,40.06,52.96,1532.8,1353,42.71,69.0333333333333,1612.3666666666675,48.38,65.73
2026-03-04 20:50:00,48.85,67.55,39.88,58.57,1448,2222.1,20,2,38.33,67.92,39.54,49.23,1574.7,1327,43.51333333333333,68.35999999999997,1776.533333333334,48.32,64.83
2026-03-04 20:55:00,41.73,66.28,39.63,33.54,1259,1265.0,20,2,48.85,67.55,39.88,58.57,2222.1,1448,42.97,67.24999999999997,1687.266666666667,39.77,64.55
2026-03-04 21:00:00,48.38,65.73,39.6,49.62,1348,1795.8,21,2,41.73,66.28,39.63,33.54,1265.0,1259,46.32,66.51999999999998,1760.9666666666672,42.41,64.11
2026-03-04 21:05:00,48.32,64.83,39.45,46.61,1296,1755.7,21,2,48.38,65.73,39.6,49.62,1795.8,1348,46.14333333333334,65.6133333333333,1605.5000000000007,40.34,65.29
2026-03-04 21:10:00,39.77,64.55,40.05,35.72,1331,1396.7,21,2,48.32,64.83,39.45,46.61,1755.7,1296,45.49,65.03666666666665,1649.4000000000005,36.52,64.62
2026-03-04 21:15:00,42.41,64.11,39.78,51.92,1261,1629.6,21,2,39.77,64.55,40.05,35.72,1396.7,1331,43.5,64.49666666666664,1594.0000000000007,39.82,65.26
2026-03-04 21:20:00,40.34,65.29,39.55,43.82,1226,1379.7,21,2,42.41,64.11,39.78,51.92,1629.6,1261,40.84,64.64999999999998,1468.6666666666672,43.79,67.45
2026-03-04 21:25:00,36.52,64.62,40.2,42.43,1264,1473.7,21,2,40.34,65.29,39.55,43.82,1379.7,1226,39.75666666666667,64.6733333333333,1494.333333333334,31.8,65.67
2026-03-04 21:30:00,39.82,65.26,39.75,43.12,1202,1244.0,21,2,36.52,64.62,40.2,42.43,1473.7,1264,38.89333333333334,65.05666666666664,1365.8000000000004,39.12,66.12
2026-03-04 21:35:00,43.79,67.45,39.6,42.82,1219,1512.0,21,2,39.82,65.26,39.75,43.12,1244.0,1202,40.04333333333334,65.77666666666664,1409.9000000000005,40.07,67.05
2026-03-04 21:40:00,31.8,65.67,40.0,26.48,1159,994.7,21,2,43.79,67.45,39.6,42.82,1512.0,1219,38.47,66.12666666666665,1250.233333333334,35.32,66.29
2026-03-04 21:45:00,39.12,66.12,40.56,47.09,1134,1372.5,21,2,31.8,65.67,40.0,26.48,994.7,1159,38.23666666666667,66.41333333333331,1293.0666666666673,32.22,65.53
2026-03-04 21:50:00,40.07,67.05,39.4,43.17,1120,1282.0,21,2,39.12,66.12,40.56,47.09,1372.5,1134,36.99666666666667,66.27999999999997,1216.4000000000005,35.33,64.46
2026-03-04 21:55:00,35.32,66.29,39.55,33.62,1127,1193.0,21,2,40.07,67.05,39.4,43.17,1282.0,1120,38.17,66.48666666666664,1282.5000000000007,27.43,62.84
2026-03-04 22:00:00,32.22,65.53,39.4,37.4,1136,1183.9,22,2,35.32,66.29,39.55,33.62,1193.0,1127,35.87,66.28999999999998,1219.633333333334,39.74,61.77
2026-03-04 22:05:00,35.33,64.46,40.06,32.44,1130,1079.6,22,2,32.22,65.53,39.4,37.4,1183.9,1136,34.29,65.42666666666663,1152.1666666666672,29.52,61.29
2026-03-04 22:10:00,27.43,62.84,40.14,27.83,1033,1029.8,22,2,35.33,64.46,40.06,32.44,1079.6,1130,31.659999999999997,64.27666666666664,1097.7666666666673,30.06,60.09
2026-03-04 22:15:00,39.74,61.77,39.59,31.49,1082,1048.0,22,2,27.43,62.84,40.14,27.83,1029.8,1033,34.166666666666664,63.02333333333331,1052.4666666666672,39.02,59.32
2026-03-04 22:20:00,29.52,61.29,39.5,34.26,970,1027.7,22,2,39.74,61.77,39.59,31.49,1048.0,1082,32.23,61.96666666666664,1035.1666666666672,36.15,59.76
2026-03-04 22:25:00,30.06,60.09,39.71,36.63,1024,997.8,22,2,29.52,61.29,39.5,34.26,1027.7,970,33.10666666666666,61.049999999999976,1024.5000000000007,34.15,59.7
2026-03-04 22:30:00,39.02,59.32,40.15,38.86,1098,1450.0,22,2,30.06,60.09,39.71,36.63,997.8,1024,32.86666666666667,60.23333333333331,1158.5000000000007,35.74,58.65
2026-03-04 22:35:00,36.15,59.76,39.96,35.87,953,1104.2,22,2,39.02,59.32,40.15,38.86,1450.0,1098,35.07666666666667,59.72333333333331,1184.0000000000007,30.73,57.56
2026-03-04 22:40:00,34.15,59.7,39.97,37.32,997,979.0,22,2,36.15,59.76,39.96,35.87,1104.2,953,36.44,59.593333333333305,1177.7333333333338,35.34,56.07
2026-03-04 22:45:00,35.74,58.65,39.7,33.44,993,1027.7,22,2,34.15,59.7,39.97,37.32,979.0,997,35.346666666666664,59.369999999999976,1036.9666666666674,26.56,55.26
2026-03-04 22:50:00,30.73,57.56,39.8,31.61,920,947.8,22,2,35.74,58.65,39.7,33.44,1027.7,993,33.54,58.63666666666665,984.8333333333339,34.22,54.26
2026-03-04 22:55:00,35.34,56.07,39.75,37.03,949,1029.8,22,2,30.73,57.56,39.8,31.61,947.8,920,33.93666666666667,57.42666666666664,1001.7666666666673,29.07,54.64
2026-03-04 23:00:00,26.56,55.26,40.1,28.87,895,892.3,23,2,35.34,56.07,39.75,37.03,1029.8,949,30.87666666666667,56.296666666666646,956.6333333333338,34.06,56.36
2026-03-04 23:05:00,34.22,54.26,40.13,32.71,812,830.6,23,2,26.56,55.26,40.1,28.87,892.3,895,32.04,55.19666666666664,917.5666666666672,33.24,56.5
2026-03-04 23:10:00,29.07,54.64,40.01,25.78,827,1110.3,23,2,34.22,54.26,40.13,32.71,830.6,812,29.95,54.71999999999997,944.4000000000005,30.93,54.96
2026-03-04 23:15:00,34.06,56.36,40.25,36.34,918,861.2,23,2,29.07,54.64,40.01,25.78,1110.3,827,32.449999999999996,55.086666666666645,934.0333333333341,33.58,53.88
2026-03-04 23:20:00,33.24,56.5,40.32,43.93,822,1099.7,23,2,34.06,56.36,40.25,36.34,861.2,918,32.123333333333335,55.833333333333314,1023.733333333334,38.47,54.49
2026-03-04 23:25:00,30.93,54.96,40.24,40.07,874,1179.2,23,2,33.24,56.5,40.32,43.93,1099.7,822,32.74333333333334,55.939999999999976,1046.7000000000007,33.79,53.67
2026-03-04 23:30:00,33.58,53.88,40.8,30.27,876,930.5,23,2,30.93,54.96,40.24,40.07,1179.2,874,32.583333333333336,55.11333333333331,1069.8000000000009,30.34,53.7
2026-03-04 23:35:00,38.47,54.49,40.43,32.18,785,1121.9,23,2,33.58,53.88,40.8,30.27,930.5,876,34.32666666666666,54.44333333333331,1077.2000000000007,26.43,54.18
2026-03-04 23:40:00,33.79,53.67,39.95,34.98,773,893.3,23,2,38.47,54.49,40.43,32.18,1121.9,785,35.279999999999994,54.013333333333314,981.9000000000007,29.57,53.66
2026-03-04 23:45:00,30.34,53.7,39.76,28.81,796,891.7,23,2,33.79,53.67,39.95,34.98,893.3,773,34.199999999999996,53.95333333333331,968.9666666666673,24.11,52.89
2026-03-04 23:50:00,26.43,54.18,40.67,32.63,797,841.2,23,2,30.34,53.7,39.76,28.81,891.7,796,30.186666666666664,53.84999999999997,875.4000000000005,27.55,52.39
2026-03-04 23:55:00,29.57,53.66,41.06,35.64,736,815.2,23,2,26.43,54.18,40.67,32.63,841.2,797,28.78,53.84666666666664,849.3666666666674,24.72,51.52
2026-03-05 00:00:00,24.11,52.89,35.67,25.85,728,765.0,0,3,29.57,53.66,41.06,35.64,815.2,736,26.703333333333333,53.57666666666663,807.133333333334,31.21,51.31
2026-03-05 00:05:00,27.55,52.39,35.81,21.34,640,681.7,0,3,24.11,52.89,35.67,25.85,765.0,728,27.076666666666668,52.97999999999998,753.9666666666673,29.33,52.5
2026-03-05 00:10:00,24.72,51.52,35.25,27.16,706,710.3,0,3,27.55,52.39,35.81,21.34,681.7,640,25.459999999999997,52.266666666666644,719.0000000000006,33.53,53.1
2026-03-05 00:15:00,31.21,51.31,35.99,22.24,716,669.2,0,3,24.72,51.52,35.25,27.16,710.3,706,27.826666666666664,51.73999999999998,687.0666666666672,22.17,52.09
2026-03-05 00:20:00,29.33,52.5,35.65,36.45,756,1064.7,0,3,31.21,51.31,35.99,22.24,669.2,716,28.419999999999998,51.77666666666664,814.7333333333339,29.14,52.59
2026-03-05 00:25:00,33.53,53.1,35.65,29.16,607,832.1,0,3,29.33,52.5,35.65,36.45,1064.7,756,31.356666666666666,52.303333333333306,855.3333333333339,32.56,52.48
2026-03-05 00:30:00,22.17,52.09,35.89,30.3,656,709.2,0,3,33.53,53.1,35.65,29.16,832.1,607,28.343333333333334,52.56333333333331,868.6666666666673,29.46,52.52
2026-03-05 00:35:00,29.14,52.59,35.49,26.26,617,611.5,0,3,22.17,52.09,35.89,30.3,709.2,656,28.28,52.593333333333305,717.6000000000007,25.28,51.97
2026-03-05 00:40:00,32.56,52.48,35.6,34.16,687,746.9,0,3,29.14,52.59,35.49,26.26,611.5,617,27.956666666666667,52.38666666666665,689.2000000000007,24.68,50.75
2026-03-05 00:45:00,29.46,52.52,35.72,32.18,651,671.9,0,3,32.56,52.48,35.6,34.16,746.9,687,30.386666666666667,52.52999999999997,676.7666666666672,25.33,50.1
2026-03-05 00:50:00,25.28,51.97,36.42,30.99,607,705.6,0,3,29.46,52.52,35.72,32.18,671.9,651,29.100000000000005,52.3233333333333,708.1333333333338,32.53,48.38
2026-03-05 00:55:00,24.68,50.75,36.06,26.27,604,730.3,0,3,25.28,51.97,36.42,30.99,705.6,607,26.473333333333333,51.74666666666665,702.6000000000007,22.25,46.0
2026-03-05 01:00:00,25.33,50.1,36.21,31.99,628,881.9,1,3,24.68,50.75,36.06,26.27,730.3,604,25.096666666666664,50.939999999999976,772.6000000000005,22.65,46.85
2026-03-05 01:05:00,32.53,48.38,36.17,27.81,535,719.4,1,3,25.33,50.1,36.21,31.99,881.9,628,27.513333333333332,49.74333333333331,777.2000000000006,24.93,45.99
2026-03-05 01:10:00,22.25,46.0,35.77,18.45,579,521.0,1,3,32.53,48.38,36.17,27.81,719.4,535,26.703333333333333,48.159999999999975,707.433333333334,31.71,46.19
2026-03-05 01:15:00,22.65,46.85,36.59,27.84,540,525.3,1,3,22.25,46.0,35.77,18.45,521.0,579,25.810000000000002,47.07666666666665,588.5666666666672,22.33,48.58
2026-03-05 01:20:00,24.93,45.99,36.0,17.4,567,560.1,1,3,22.65,46.85,36.59,27.84,525.3,540,23.276666666666667,46.27999999999997,535.4666666666673,47.61,59.62
2026-03-05 01:25:00,31.71,46.19,35.74,24.71,475,583.9,1,3,24.93,45.99,36.0,17.4,560.1,567,26.429999999999996,46.343333333333305,556.433333333334,21.47,49.03
2026-03-05 01:30:00,22.33,48.58,35.94,31.01,560,628.3,1,3,31.71,46.19,35.74,24.71,583.9,475,26.323333333333334,46.91999999999998,590.7666666666672,20.01,48.88
2026-03-05 01:35:00,47.61,59.62,36.08,44.43,972,1143.5,1,3,22.33,48.58,35.94,31.01,628.3,560,33.88333333333333,51.46333333333331,785.2333333333339,32.11,49.27
2026-03-05 01:40:00,21.47,49.03,35.59,21.51,458,436.2,1,3,47.61,59.62,36.08,44.43,1143.5,972,30.47,52.409999999999975,736.0000000000006,27.72,49.57
2026-03-05 01:45:00,20.01,48.88,35.89,23.61,447,617.0,1,3,21.47,49.03,35.59,21.51,436.2,458,29.69666666666667,52.50999999999997,732.2333333333339,21.41,48.61
2026-03-05 01:50:00,32.11,49.27,36.16,25.72,493,607.5,1,3,20.01,48.88,35.89,23.61,617.0,447,24.53,49.059999999999974,553.5666666666673,20.98,47.68
2026-03-05 01:55:00,27.72,49.57,35.88,19.6,450,513.1,1,3,32.11,49.27,36.16,25.72,607.5,493,26.613333333333333,49.239999999999974,579.2000000000006,20.74,48.54
2026-03-05 02:00:00,21.41,48.61,36.36,26.18,520,668.7,2,3,27.72,49.57,35.88,19.6,513.1,450,27.08,49.14999999999998,596.433333333334,25.77,48.37
2026-03-05 02:05:00,20.98,47.68,35.94,19.98,496,512.0,2,3,21.41,48.61,36.36,26.18,668.7,520,23.369999999999994,48.619999999999976,564.6000000000007,14.85,46.75
2026-03-05 02:10:00,20.74,48.54,36.23,23.02,414,416.4,2,3,20.98,47.68,35.94,19.98,512.0,496,21.043333333333333,48.27666666666664,532.3666666666674,21.98,46.92
2026-03-05 02:15:00,25.77,48.37,36.51,14.02,384,405.3,2,3,20.74,48.54,36.23,23.02,416.4,414,22.496666666666666,48.19666666666664,444.5666666666673,22.22,46.95
2026-03-05 02:20:00,14.85,46.75,36.34,20.59,355,485.9,2,3,25.77,48.37,36.51,14.02,405.3,384,20.45333333333333,47.886666666666635,435.86666666666724,20.31,46.23
2026-03-05 02:25:00,21.98,46.92,36.34,36.85,499,640.6,2,3,14.85,46.75,36.34,20.59,485.9,355,20.866666666666664,47.34666666666664,510.60000000000065,21.18,46.08
2026-03-05 02:30:00,22.22,46.95,36.05,22.1,435,430.6,2,3,21.98,46.92,36.34,36.85,640.6,499,19.68333333333333,46.873333333333306,519.033333333334,20.36,45.12
2026-03-05 02:35:00,20.31,46.23,36.89,32.94,496,449.4,2,3,22.22,46.95,36.05,22.1,430.6,435,21.50333333333333,46.69999999999997,506.86666666666724,16.76,44.67
2026-03-05 02:40:00,21.18,46.08,35.6,24.07,390,430.1,2,3,20.31,46.23,36.89,32.94,449.4,496,21.236666666666665,46.41999999999998,436.70000000000067,27.39,44.89
2026-03-05 02:45:00,20.36,45.12,36.09,18.4,379,497.1,2,3,21.18,46.08,35.6,24.07,430.1,390,20.616666666666664,45.809999999999974,458.8666666666673,23.38,44.23
2026-03-05 02:50:00,16.76,44.67,36.46,25.77,372,429.2,2,3,20.36,45.12,36.09,18.4,497.1,379,19.43333333333333,45.28999999999997,452.13333333333395,18.82,45.76
2026-03-05 02:55:00,27.39,44.89,36.74,17.85,339,355.8,2,3,16.76,44.67,36.46,25.77,429.2,372,21.50333333333333,44.89333333333331,427.3666666666673,24.74,45.54
2026-03-05 03:00:00,23.38,44.23,36.56,19.2,402,476.4,3,3,27.39,44.89,36.74,17.85,355.8,339,22.509999999999994,44.596666666666636,420.4666666666673,23.34,46.17
2026-03-05 03:05:00,18.82,45.76,36.19,22.18,384,470.6,3,3,23.38,44.23,36.56,19.2,476.4,402,23.196666666666662,44.95999999999998,434.26666666666733,16.73,47.65
2026-03-05 03:10:00,24.74,45.54,36.47,19.39,378,476.3,3,3,18.82,45.76,36.19,22.18,470.6,384,22.313333333333333,45.17666666666664,474.433333333334,26.02,48.34
2026-03-05 03:15:00,23.34,46.17,36.31,18.85,388,392.5,3,3,24.74,45.54,36.47,19.39,476.3,378,22.299999999999997,45.8233333333333,446.4666666666673,29.37,48.34
2026-03-05 03:20:00,16.73,47.65,35.91,22.74,396,379.3,3,3,23.34,46.17,36.31,18.85,392.5,388,21.603333333333328,46.45333333333331,416.033333333334,22.06,47.5
2026-03-05 03:25:00,26.02,48.34,35.82,28.93,377,496.7,3,3,16.73,47.65,35.91,22.74,379.3,396,22.029999999999998,47.38666666666665,422.833333333334,23.44,47.56
2026-03-05 03:30:00,29.37,48.34,36.42,25.37,351,457.6,3,3,26.02,48.34,35.82,28.93,496.7,377,24.039999999999996,48.10999999999998,444.533333333334,25.45,48.78
2026-03-05 03:35:00,22.06,47.5,36.02,17.87,376,401.9,3,3,29.37,48.34,36.42,25.37,457.6,351,25.816666666666663,48.059999999999974,452.0666666666673,12.9,46.01
2026-03-05 03:40:00,23.44,47.56,36.64,22.34,331,316.8,3,3,22.06,47.5,36.02,17.87,401.9,376,24.956666666666667,47.799999999999976,392.10000000000065,26.7,46.17
2026-03-05 03:45:00,25.45,48.78,35.96,23.42,416,468.7,3,3,23.44,47.56,36.64,22.34,316.8,331,23.649999999999995,47.94666666666664,395.80000000000064,15.46,47.68
2026-03-05 03:50:00,12.9,46.01,35.81,18.13,385,434.3,3,3,25.45,48.78,35.96,23.42,468.7,416,20.596666666666664,47.44999999999997,406.60000000000065,21.91,47.12
2026-03-05 03:55:00,26.7,46.17,36.69,26.94,391,429.5,3,3,12.9,46.01,35.81,18.13,434.3,385,21.683333333333326,46.98666666666664,444.16666666666725,27.45,45.83
2026-03-05 04:00:00,15.46,47.68,36.49,14.82,331,304.7,4,3,26.7,46.17,36.69,26.94,429.5,391,18.353333333333328,46.619999999999976,389.5000000000006,16.9,46.2
2026-03-05 04:05:00,21.91,47.12,36.28,18.29,484,587.7,4,3,15.46,47.68,36.49,14.82,304.7,331,21.356666666666666,46.989999999999974,440.63333333333395,19.27,46.06
2026-03-05 04:10:00,27.45,45.83,36.11,29.1,372,415.0,4,3,21.91,47.12,36.28,18.29,587.7,484,21.606666666666666,46.876666666666644,435.80000000000064,18.92,45.71
2026-03-05 04:15:00,16.9,46.2,36.08,22.46,439,496.8,4,3,27.45,45.83,36.11,29.1,415.0,372,22.086666666666662,46.383333333333304,499.83333333333394,21.65,44.36
2026-03-05 04:20:00,19.27,46.06,36.14,23.89,314,317.1,4,3,16.9,46.2,36.08,22.46,496.8,439,21.206666666666663,46.02999999999997,409.63333333333395,18.59,44.29
2026-03-05 04:25:00,18.92,45.71,36.45,20.31,382,416.4,4,3,19.27,46.06,36.14,23.89,317.1,314,18.36333333333333,45.98999999999998,410.1000000000006,29.48,53.65
2026-03-05 04:30:00,21.65,44.36,35.99,21.41,406,445.3,4,3,18.92,45.71,36.45,20.31,416.4,382,19.946666666666662,45.376666666666644,392.933333333334,29.55,46.08
2026-03-05 04:35:00,18.59,44.29,36.32,18.26,453,417.2,4,3,21.65,44.36,35.99,21.41,445.3,406,19.72,44.78666666666664,426.3000000000006,18.84,45.76
2026-03-05 04:40:00,29.48,53.65,36.61,30.99,607,650.8,4,3,18.59,44.29,36.32,18.26,417.2,453,23.24,47.43333333333331,504.4333333333339,22.99,45.9
2026-03-05 04:45:00,29.55,46.08,36.85,29.04,467,600.0,4,3,29.48,53.65,36.61,30.99,650.8,607,25.87333333333333,48.00666666666664,556.0000000000006,21.32,46.15
2026-03-05 04:50:00,18.84,45.76,36.43,21.45,450,404.8,4,3,29.55,46.08,36.85,29.04,600.0,467,25.956666666666663,48.49666666666664,551.8666666666672,22.93,45.23
2026-03-05 04:55:00,22.99,45.9,36.44,28.61,416,473.8,4,3,18.84,45.76,36.43,21.45,404.8,450,23.793333333333333,45.913333333333306,492.86666666666724,26.71,45.68
2026-03-05 05:00:00,21.32,46.15,36.99,27.13,443,473.5,5,3,22.99,45.9,36.44,28.61,473.8,416,21.049999999999997,45.936666666666646,450.70000000000056,29.6,46.86
2026-03-05 05:05:00,22.93,45.23,36.27,21.45,460,603.1,5,3,21.32,46.15,36.99,27.13,473.5,443,22.413333333333327,45.75999999999997,516.8000000000006,18.74,46.69
2026-03-05 05:10:00,26.71,45.68,36.93,13.58,406,481.9,5,3,22.93,45.23,36.27,21.45,603.1,460,23.653333333333332,45.68666666666664,519.5000000000006,27.58,44.56
2026-03-05 05:15:00,29.6,46.86,36.03,28.35,476,621.5,5,3,26.71,45.68,36.93,13.58,481.9,406,26.41333333333333,45.92333333333331,568.8333333333339,26.18,44.98
2026-03-05 05:20:00,18.74,46.69,36.52,21.61,492,514.9,5,3,29.6,46.86,36.03,28.35,621.5,476,25.016666666666666,46.409999999999975,539.433333333334,37.67,46.15
2026-03-05 05:25:00,27.58,44.56,36.63,22.33,358,493.1,5,3,18.74,46.69,36.52,21.61,514.9,492,25.30666666666666,46.03666666666664,543.1666666666673,18.16,46.72
2026-03-05 05:30:00,26.18,44.98,35.97,21.83,567,583.6,5,3,27.58,44.56,36.63,22.33,493.1,358,24.16666666666666,45.409999999999975,530.5333333333339,28.15,46.77
2026-03-05 05:35:00,37.67,46.15,36.85,23.1,521,678.4,5,3,26.18,44.98,35.97,21.83,583.6,567,30.476666666666663,45.22999999999998,585.0333333333339,31.74,47.64
2026-03-05 05:40:00,18.16,46.72,36.22,22.72,515,617.9,5,3,37.67,46.15,36.85,23.1,678.4,521,27.336666666666662,45.94999999999997,626.633333333334,27.81,47.45
2026-03-05 05:45:00,28.15,46.77,36.32,28.08,600,784.8,5,3,18.16,46.72,36.22,22.72,617.9,515,27.99333333333333,46.546666666666646,693.7000000000006,33.35,48.14
2026-03-05 05:50:00,31.74,47.64,37.43,32.8,547,777.0,5,3,28.15,46.77,36.32,28.08,784.8,600,26.016666666666662,47.043333333333315,726.5666666666672,28.88,49.2
2026-03-05 05:55:00,27.81,47.45,36.79,22.34,541,504.8,5,3,31.74,47.64,37.43,32.8,777.0,547,29.23333333333333,47.28666666666664,688.8666666666672,26.85,48.04
2026-03-05 06:00:00,33.35,48.14,37.17,24.44,524,655.2,6,3,27.81,47.45,36.79,22.34,504.8,541,30.966666666666658,47.74333333333331,645.6666666666673,28.29,47.71
2026-03-05 06:05:00,28.88,49.2,36.88,31.41,530,606.0,6,3,33.35,48.14,37.17,24.44,655.2,524,30.013333333333325,48.263333333333314,588.6666666666673,26.28,47.9
2026-03-05 06:10:00,26.85,48.04,36.68,22.94,597,583.0,6,3,28.88,49.2,36.88,31.41,606.0,530,29.693333333333328,48.45999999999998,614.7333333333339,47.9,56.52
2026-03-05 06:15:00,28.29,47.71,37.13,22.93,607,599.9,6,3,26.85,48.04,36.68,22.94,583.0,597,28.00666666666666,48.31666666666664,596.3000000000006,21.14,48.55
2026-03-05 06:20:00,26.28,47.9,35.81,23.56,607,634.3,6,3,28.29,47.71,37.13,22.93,599.9,607,27.139999999999997,47.883333333333304,605.7333333333339,29.61,48.05
2026-03-05 06:25:00,47.9,56.52,36.91,46.06,926,1048.2,6,3,26.28,47.9,35.81,23.56,634.3,607,34.15666666666666,50.70999999999998,760.8000000000006,27.15,47.06
2026-03-05 06:30:00,21.14,48.55,37.0,26.44,621,635.6,6,3,47.9,56.52,36.91,46.06,1048.2,926,31.77333333333333,50.989999999999974,772.7000000000006,18.89,46.94
2026-03-05 06:35:00,29.61,48.05,36.73,26.48,585,801.3,6,3,21.14,48.55,37.0,26.44,635.6,621,32.88333333333333,51.03999999999997,828.3666666666674,33.53,47.44
2026-03-05 06:40:00,27.15,47.06,36.9,22.95,677,721.6,6,3,29.61,48.05,36.73,26.48,801.3,585,25.966666666666658,47.886666666666635,719.5000000000006,24.24,48.28
2026-03-05 06:45:00,18.89,46.94,36.81,24.09,648,645.9,6,3,27.15,47.06,36.9,22.95,721.6,677,25.216666666666658,47.34999999999997,722.933333333334,31.26,49.6
2026-03-05 06:50:00,33.53,47.44,36.69,25.3,719,944.2,6,3,18.89,46.94,36.81,24.09,645.9,648,26.52333333333333,47.14666666666664,770.5666666666672,29.53,49.05
2026-03-05 06:55:00,24.24,48.28,37.14,28.63,665,757.3,6,3,33.53,47.44,36.69,25.3,944.2,719,25.553333333333327,47.553333333333306,782.4666666666673,25.5,48.5
2026-03-05 07:00:00,31.26,49.6,37.15,33.65,665,874.3,7,3,24.24,48.28,37.14,28.63,757.3,665,29.676666666666662,48.439999999999976,858.6000000000005,28.79,50.06
2026-03-05 07:05:00,29.53,49.05,37.12,31.86,681,897.1,7,3,31.26,49.6,37.15,33.65,874.3,665,28.34333333333333,48.97666666666664,842.9000000000005,30.38,50.19
2026-03-05 07:10:00,25.5,48.5,36.59,24.28,692,716.6,7,3,29.53,49.05,37.12,31.86,897.1,681,28.763333333333332,49.049999999999976,829.3333333333339,20.42,49.47
2026-03-05 07:15:00,28.79,50.06,36.51,36.58,739,965.7,7,3,25.5,48.5,36.59,24.28,716.6,692,27.939999999999998,49.20333333333331,859.8000000000006,32.26,50.99
2026-03-05 07:20:00,30.38,50.19,36.74,24.73,731,693.5,7,3,28.79,50.06,36.51,36.58,965.7,739,28.22333333333333,49.583333333333314,791.933333333334,28.37,51.95
2026-03-05 07:25:00,20.42,49.47,37.02,40.23,720,826.2,7,3,30.38,50.19,36.74,24.73,693.5,731,26.529999999999998,49.90666666666664,828.4666666666673,30.44,51.32
2026-03-05 07:30:00,32.26,50.99,37.03,25.1,726,877.7,7,3,20.42,49.47,37.02,40.23,826.2,720,27.686666666666657,50.21666666666664,799.133333333334,29.34,50.41
2026-03-05 07:35:00,28.37,51.95,37.0,38.62,733,870.3,7,3,32.26,50.99,37.03,25.1,877.7,726,27.016666666666662,50.80333333333331,858.0666666666672,27.94,50.81
2026-03-05 07:40:00,30.44,51.32,36.88,37.06,733,949.2,7,3,28.37,51.95,37.0,38.62,870.3,733,30.356666666666666,51.41999999999998,899.0666666666674,30.84,52.46
2026-03-05 07:45:00,29.34,50.41,36.77,37.53,799,937.1,7,3,30.44,51.32,36.88,37.06,949.2,733,29.383333333333326,51.22666666666664,918.8666666666672,26.62,51.53
2026-03-05 07:50:00,27.94,50.81,36.79,26.45,788,767.3,7,3,29.34,50.41,36.77,37.53,937.1,799,29.23999999999999,50.84666666666664,884.5333333333341,32.56,51.22
2026-03-05 07:55:00,30.84,52.46,37.35,35.1,903,863.4,7,3,27.94,50.81,36.79,26.45,767.3,788,29.373333333333324,51.22666666666664,855.9333333333338,35.24,51.66
2026-03-05 08:00:00,26.62,51.53,36.99,23.88,905,804.8,8,3,30.84,52.46,37.35,35.1,863.4,903,28.466666666666658,51.59999999999997,811.8333333333339,30.54,51.49
2026-03-05 08:05:00,32.56,51.22,36.48,39.9,886,1153.1,8,3,26.62,51.53,36.99,23.88,804.8,905,30.00666666666666,51.73666666666664,940.433333333334,35.29,52.53
2026-03-05 08:10:00,35.24,51.66,36.83,32.81,884,1154.5,8,3,32.56,51.22,36.48,39.9,1153.1,886,31.47333333333333,51.46999999999997,1037.4666666666672,26.92,52.67
2026-03-05 08:15:00,30.54,51.49,36.61,33.19,845,1130.1,8,3,35.24,51.66,36.83,32.81,1154.5,884,32.779999999999994,51.45666666666664,1145.9000000000005,39.22,52.49
2026-03-05 08:20:00,35.29,52.53,36.8,35.16,1037,1141.1,8,3,30.54,51.49,36.61,33.19,1130.1,845,33.68999999999999,51.89333333333331,1141.9000000000005,35.24,53.41
2026-03-05 08:25:00,26.92,52.67,36.97,24.59,953,1064.9,8,3,35.29,52.53,36.8,35.16,1141.1,1037,30.916666666666657,52.22999999999998,1112.033333333334,37.85,55.12
2026-03-05 08:30:00,39.22,52.49,36.88,40.23,955,1302.8,8,3,26.92,52.67,36.97,24.59,1064.9,953,33.809999999999995,52.56333333333331,1169.6000000000006,41.9,55.08
2026-03-05 08:35:00,35.24,53.41,37.05,33.14,990,1031.8,8,3,39.22,52.49,36.88,40.23,1302.8,955,33.79333333333333,52.85666666666665,1133.1666666666672,34.98,55.72
2026-03-05 08:40:00,37.85,55.12,36.8,34.75,988,1234.4,8,3,35.24,53.41,37.05,33.14,1031.8,990,37.43666666666666,53.67333333333331,1189.6666666666672,32.7,55.54
2026-03-05 08:45:00,41.9,55.08,36.91,33.99,1104,1293.5,8,3,37.85,55.12,36.8,34.75,1234.4,988,38.32999999999999,54.53666666666663,1186.5666666666673,29.98,55.51
2026-03-05 08:50:00,34.98,55.72,37.1,41.06,1093,1312.7,8,3,41.9,55.08,36.91,33.99,1293.5,1104,38.243333333333325,55.306666666666636,1280.2000000000007,40.89,56.31
2026-03-05 08:55:00,32.7,55.54,37.17,29.94,1098,1014.7,8,3,34.98,55.72,37.1,41.06,1312.7,1093,36.52666666666666,55.44666666666664,1206.9666666666674,37.06,56.31
2026-03-05 09:00:00,29.98,55.51,37.21,41.3,1117,1257.1,9,3,32.7,55.54,37.17,29.94,1014.7,1098,32.55333333333333,55.589999999999975,1194.833333333334,35.63,57.25
2026-03-05 09:05:00,40.89,56.31,37.0,36.25,1104,1288.8,9,3,29.98,55.51,37.21,41.3,1257.1,1117,34.52333333333333,55.78666666666664,1186.8666666666675,35.77,57.03
2026-03-05 09:10:00,37.06,56.31,37.14,40.43,1027,1271.1,9,3,40.89,56.31,37.0,36.25,1288.8,1104,35.97666666666666,56.043333333333315,1272.333333333334,39.48,57.43
2026-03-05 09:15:00,35.63,57.25,37.48,40.27,1056,1228.7,9,3,37.06,56.31,37.14,40.43,1271.1,1027,37.85999999999999,56.62333333333331,1262.8666666666675,33.85,58.13
2026-03-05 09:20:00,35.77,57.03,37.69,49.81,1147,1273.7,9,3,35.63,57.25,37.48,40.27,1228.7,1056,36.15333333333333,56.86333333333331,1257.833333333334,40.89,59.31
2026-03-05 09:25:00,39.48,57.43,37.03,36.58,1105,1268.2,9,3,35.77,57.03,37.69,49.81,1273.7,1147,36.959999999999994,57.23666666666664,1256.8666666666675,43.13,59.59
2026-03-05 09:30:00,33.85,58.13,37.38,37.35,1135,1235.0,9,3,39.48,57.43,37.03,36.58,1268.2,1105,36.36666666666665,57.52999999999997,1258.9666666666674,44.69,59.64
2026-03-05 09:35:00,40.89,59.31,36.44,37.48,1216,1612.7,9,3,33.85,58.13,37.38,37.35,1235.0,1135,38.07333333333332,58.289999999999985,1371.9666666666674,40.18,61.13
2026-03-05 09:40:00,43.13,59.59,37.26,43.13,1302,1308.6,9,3,40.89,59.31,36.44,37.48,1612.7,1216,39.29,59.00999999999997,1385.433333333334,30.62,60.51
2026-03-05 09:45:00,44.69,59.64,37.47,40.78,1285,1403.4,9,3,43.13,59.59,37.26,43.13,1308.6,1302,42.90333333333333,59.513333333333314,1441.5666666666675,34.34,60.92
2026-03-05 09:50:00,40.18,61.13,37.45,38.76,1294,1467.7,9,3,44.69,59.64,37.47,40.78,1403.4,1285,42.66666666666666,60.119999999999976,1393.2333333333343,34.03,61.72
2026-03-05 09:55:00,30.62,60.51,37.37,36.42,1195,1110.2,9,3,40.18,61.13,37.45,38.76,1467.7,1294,38.49666666666666,60.42666666666664,1327.1000000000006,34.65,60.86
2026-03-05 10:00:00,34.34,60.92,37.66,35.71,1210,1168.3,10,3,30.62,60.51,37.37,36.42,1110.2,1195,35.04666666666666,60.85333333333332,1248.7333333333343,36.54,60.04
2026-03-05 10:05:00,34.03,61.72,37.1,32.31,1244,1112.0,10,3,34.34,60.92,37.66,35.71,1168.3,1210,32.99666666666666,61.049999999999976,1130.1666666666672,48.3,60.06
2026-03-05 10:10:00,34.65,60.86,37.35,44.06,1363,1351.9,10,3,34.03,61.72,37.1,32.31,1112.0,1244,34.339999999999996,61.16666666666665,1210.7333333333343,36.29,60.14
2026-03-05 10:15:00,36.54,60.04,36.8,38.8,1361,1176.7,10,3,34.65,60.86,37.35,44.06,1351.9,1363,35.07333333333332,60.873333333333306,1213.533333333334,43.74,62.28
2026-03-05 10:20:00,48.3,60.06,36.72,50.63,1344,1782.8,10,3,36.54,60.04,36.8,38.8,1176.7,1361,39.82999999999999,60.31999999999997,1437.1333333333341,42.26,63.14
2026-03-05 10:25:00,36.29,60.14,37.66,51.51,1357,1394.7,10,3,48.3,60.06,36.72,50.63,1782.8,1344,40.37666666666666,60.07999999999998,1451.4000000000008,45.75,62.55
2026-03-05 10:30:00,43.74,62.28,37.15,49.46,1419,1891.6,10,3,36.29,60.14,37.66,51.51,1394.7,1357,42.776666666666664,60.82666666666665,1689.7000000000007,51.09,63.26
2026-03-05 10:35:00,42.26,63.14,37.17,55.71,1510,1692.5,10,3,43.74,62.28,37.15,49.46,1891.6,1419,40.76333333333332,61.85333333333332,1659.6000000000006,38.32,62.17
2026-03-05 10:40:00,45.75,62.55,37.35,51.99,1434,1747.7,10,3,42.26,63.14,37.17,55.71,1692.5,1510,43.91666666666666,62.65666666666664,1777.2666666666673,42.58,65.17
2026-03-05 10:45:00,51.09,63.26,37.68,58.31,1458,2008.1,10,3,45.75,62.55,37.35,51.99,1747.7,1434,46.36666666666665,62.98333333333331,1816.1000000000006,53.02,65.42
2026-03-05 10:50:00,38.32,62.17,38.35,47.49,1439,1468.7,10,3,51.09,63.26,37.68,58.31,2008.1,1458,45.05333333333332,62.659999999999975,1741.5000000000007,41.38,66.26
2026-03-05 10:55:00,42.58,65.17,37.5,43.89,1505,1746.7,10,3,38.32,62.17,38.35,47.49,1468.7,1439,43.99666666666666,63.5333333333333,1741.1666666666672,36.74,66.81
2026-03-05 11:00:00,53.02,65.42,37.54,45.86,1441,1887.1,11,3,42.58,65.17,37.5,43.89,1746.7,1505,44.63999999999999,64.25333333333332,1700.833333333334,42.14,66.35
2026-03-05 11:05:00,41.38,66.26,37.54,44.34,1500,1368.7,11,3,53.02,65.42,37.54,45.86,1887.1,1441,45.65999999999999,65.61666666666663,1667.5000000000007,40.35,67.26
2026-03-05 11:10:00,36.74,66.81,37.71,43.87,1436,1520.1,11,3,41.38,66.26,37.54,44.34,1368.7,1500,43.71333333333333,66.16333333333331,1591.9666666666672,47.35,67.25
2026-03-05 11:15:00,42.14,66.35,37.27,43.15,1530,1463.9,11,3,36.74,66.81,37.71,43.87,1520.1,1436,40.08666666666665,66.4733333333333,1450.9000000000008,43.75,67.06
2026-03-05 11:20:00,40.35,67.26,37.36,46.66,1584,1627.1,11,3,42.14,66.35,37.27,43.15,1463.9,1530,39.743333333333325,66.80666666666664,1537.033333333334,43.81,67.81
2026-03-05 11:25:00,47.35,67.25,37.84,53.34,1557,1776.6,11,3,40.35,67.26,37.36,46.66,1627.1,1584,43.279999999999994,66.9533333333333,1622.533333333334,45.06,68.36
2026-03-05 11:30:00,43.75,67.06,37.37,49.92,1549,1923.1,11,3,47.35,67.25,37.84,53.34,1776.6,1557,43.816666666666656,67.18999999999998,1775.6000000000006,43.51,68.65
2026-03-05 11:35:00,43.81,67.81,37.08,61.02,1649,1894.4,11,3,43.75,67.06,37.37,49.92,1923.1,1549,44.96999999999999,67.37333333333332,1864.7000000000007,44.04,68.15
2026-03-05 11:40:00,45.06,68.36,37.47,44.43,1609,1726.0,11,3,43.81,67.81,37.08,61.02,1894.4,1649,44.206666666666656,67.74333333333333,1847.833333333334,54.96,68.0
2026-03-05 11:45:00,43.51,68.65,37.15,39.14,1628,1815.8,11,3,45.06,68.36,37.47,44.43,1726.0,1609,44.126666666666665,68.27333333333331,1812.0666666666673,40.97,67.91
2026-03-05 11:50:00,44.04,68.15,37.4,44.1,1604,1723.9,11,3,43.51,68.65,37.15,39.14,1815.8,1628,44.203333333333326,68.38666666666666,1755.2333333333343,45.65,68.17
2026-03-05 11:55:00,54.96,68.0,38.11,51.81,1706,2045.9,11,3,44.04,68.15,37.4,44.1,1723.9,1604,47.50333333333333,68.26666666666665,1861.8666666666675,46.88,69.83
2026-03-05 12:00:00,40.97,67.91,37.4,45.85,1628,1548.1,12,3,54.96,68.0,38.11,51.81,2045.9,1706,46.65666666666666,68.01999999999998,1772.6333333333341,44.94,70.54
2026-03-05 12:05:00,45.65,68.17,37.97,43.64,1565,1692.8,12,3,40.97,67.91,37.4,45.85,1548.1,1628,47.19333333333333,68.02666666666664,1762.2666666666673,45.14,71.46
2026-03-05 12:10:00,46.88,69.83,37.63,58.75,1778,1920.3,12,3,45.65,68.17,37.97,43.64,1692.8,1565,44.49999999999999,68.63666666666664,1720.4000000000005,41.6,71.34
2026-03-05 12:15:00,44.94,70.54,37.12,55.49,1758,1996.9,12,3,46.88,69.83,37.63,58.75,1920.3,1778,45.82333333333332,69.5133333333333,1870.0000000000007,57.7,71.51
2026-03-05 12:20:00,45.14,71.46,37.85,59.92,1751,2141.3,12,3,44.94,70.54,37.12,55.49,1996.9,1758,45.65333333333333,70.60999999999997,2019.5000000000007,53.08,72.04
2026-03-05 12:25:00,41.6,71.34,37.56,43.18,1709,1561.9,12,3,45.14,71.46,37.85,59.92,2141.3,1751,43.893333333333324,71.1133333333333,1900.033333333334,43.25,72.81
2026-03-05 12:30:00,57.7,71.51,37.51,65.94,1711,2353.8,12,3,41.6,71.34,37.56,43.18,1561.9,1709,48.146666666666654,71.43666666666664,2019.0000000000007,53.71,73.47
2026-03-05 12:35:00,53.08,72.04,37.7,59.85,1803,2142.2,12,3,57.7,71.51,37.51,65.94,2353.8,1711,50.79333333333332,71.62999999999998,2019.3000000000004,49.15,74.25
2026-03-05 12:40:00,43.25,72.81,38.0,55.85,1680,2083.1,12,3,53.08,72.04,37.7,59.85,2142.2,1803,51.34333333333333,72.11999999999999,2193.033333333334,45.75,74.72
2026-03-05 12:45:00,53.71,73.47,37.47,59.2,1763,2286.2,12,3,43.25,72.81,38.0,55.85,2083.1,1680,50.01333333333332,72.77333333333331,2170.5000000000005,44.27,74.38
2026-03-05 12:50:00,49.15,74.25,37.43,54.21,1809,1970.2,12,3,53.71,73.47,37.47,59.2,2286.2,1763,48.703333333333326,73.50999999999998,2113.166666666667,50.85,74.6
2026-03-05 12:55:00,45.75,74.72,37.33,40.02,1778,1626.9,12,3,49.15,74.25,37.43,54.21,1970.2,1809,49.53666666666666,74.14666666666665,1961.1000000000006,43.19,74.97
2026-03-05 13:00:00,44.27,74.38,37.33,56.72,1854,1927.7,13,3,45.75,74.72,37.33,40.02,1626.9,1778,46.389999999999986,74.44999999999997,1841.6000000000006,40.71,74.33
2026-03-05 13:05:00,50.85,74.6,37.4,59.89,1850,1998.2,13,3,44.27,74.38,37.33,56.72,1927.7,1854,46.956666666666656,74.56666666666665,1850.933333333334,39.01,73.1
2026-03-05 13:10:00,43.19,74.97,38.09,45.65,1886,1665.1,13,3,50.85,74.6,37.4,59.89,1998.2,1850,46.103333333333325,74.64999999999998,1863.6666666666672,51.96,72.26
2026-03-05 13:15:00,40.71,74.33,37.21,54.5,1869,1885.7,13,3,43.19,74.97,38.09,45.65,1665.1,1886,44.91666666666666,74.63333333333331,1849.6666666666672,46.71,72.87
2026-03-05 13:20:00,39.01,73.1,37.77,56.17,1916,1674.8,13,3,40.71,74.33,37.21,54.5,1885.7,1869,40.96999999999999,74.13333333333331,1741.8666666666675,49.3,75.3
2026-03-05 13:25:00,51.96,72.26,37.73,45.03,1790,1914.0,13,3,39.01,73.1,37.77,56.17,1674.8,1916,43.893333333333324,73.22999999999998,1824.833333333334,59.61,75.15
2026-03-05 13:30:00,46.71,72.87,37.83,48.1,1829,1835.3,13,3,51.96,72.26,37.73,45.03,1914.0,1790,45.893333333333324,72.74333333333333,1808.033333333334,57.31,76.27
2026-03-05 13:35:00,49.3,75.3,38.67,46.8,1900,1951.7,13,3,46.71,72.87,37.83,48.1,1835.3,1829,49.32333333333332,73.47666666666665,1900.333333333334,48.89,76.2
2026-03-05 13:40:00,59.61,75.15,37.54,64.54,1883,2468.1,13,3,49.3,75.3,38.67,46.8,1951.7,1900,51.87333333333333,74.43999999999998,2085.0333333333338,50.62,76.19
2026-03-05 13:45:00,57.31,76.27,38.03,60.91,1863,2243.2,13,3,59.61,75.15,37.54,64.54,2468.1,1883,55.40666666666666,75.57333333333331,2221.0000000000005,46.38,75.53
2026-03-05 13:50:00,48.89,76.2,38.04,51.05,1990,2150.2,13,3,57.31,76.27,38.03,60.91,2243.2,1863,55.26999999999999,75.8733333333333,2287.166666666667,56.07,75.42
2026-03-05 13:55:00,50.62,76.19,38.13,45.33,1864,1780.8,13,3,48.89,76.2,38.04,51.05,2150.2,1990,52.27333333333332,76.21999999999997,2058.066666666667,56.99,75.49
2026-03-05 14:00:00,46.38,75.53,37.9,49.41,1842,1814.8,14,3,50.62,76.19,38.13,45.33,1780.8,1864,48.62999999999999,75.97333333333331,1915.266666666667,52.94,75.43
2026-03-05 14:05:00,56.07,75.42,38.02,64.92,1971,2349.7,14,3,46.38,75.53,37.9,49.41,1814.8,1842,51.02333333333333,75.71333333333331,1981.766666666667,59.37,77.29
2026-03-05 14:10:00,56.99,75.49,38.18,63.06,1881,2061.1,14,3,56.07,75.42,38.02,64.92,2349.7,1971,53.146666666666654,75.47999999999998,2075.2000000000003,69.77,88.53
2026-03-05 14:15:00,52.94,75.43,37.98,62.36,1959,2350.1,14,3,56.99,75.49,38.18,63.06,2061.1,1881,55.33333333333332,75.44666666666664,2253.6333333333337,63.79,77.09
2026-03-05 14:20:00,59.37,77.29,37.81,66.99,2024,2525.5,14,3,52.94,75.43,37.98,62.36,2350.1,1959,56.433333333333316,76.06999999999998,2312.233333333334,50.51,76.8
2026-03-05 14:25:00,69.77,88.53,37.94,78.63,2713,3089.0,14,3,59.37,77.29,37.81,66.99,2525.5,2024,60.69333333333332,80.41666666666664,2654.8666666666672,52.93,76.03
2026-03-05 14:30:00,63.79,77.09,38.68,64.38,1980,2582.8,14,3,69.77,88.53,37.94,78.63,3089.0,2713,64.30999999999999,80.96999999999997,2732.433333333334,48.86,76.51
2026-03-05 14:35:00,50.51,76.8,38.28,54.54,2024,2040.7,14,3,63.79,77.09,38.68,64.38,2582.8,1980,61.35666666666665,80.80666666666664,2570.833333333334,48.4,75.64
2026-03-05 14:40:00,52.93,76.03,38.11,46.26,2004,1940.2,14,3,50.51,76.8,38.28,54.54,2040.7,2024,55.74333333333332,76.63999999999997,2187.9000000000005,55.23,76.88
2026-03-05 14:45:00,48.86,76.51,37.64,51.81,2016,1958.9,14,3,52.93,76.03,38.11,46.26,1940.2,2004,50.76666666666666,76.44666666666664,1979.933333333334,56.35,77.76
2026-03-05 14:50:00,48.4,75.64,37.74,57.08,1929,1916.4,14,3,48.86,76.51,37.64,51.81,1958.9,2016,50.063333333333325,76.05999999999997,1938.5000000000007,47.71,77.83
2026-03-05 14:55:00,55.23,76.88,37.74,64.37,2021,2512.2,14,3,48.4,75.64,37.74,57.08,1916.4,1929,50.829999999999984,76.3433333333333,2129.1666666666674,55.09,77.81
2026-03-05 15:00:00,56.35,77.76,37.8,57.58,1992,2246.9,15,3,55.23,76.88,37.74,64.37,2512.2,2021,53.326666666666654,76.75999999999998,2225.1666666666674,43.23,77.81
2026-03-05 15:05:00,47.71,77.83,38.39,53.57,1958,1965.1,15,3,56.35,77.76,37.8,57.58,2246.9,1992,53.09666666666666,77.48999999999998,2241.4000000000005,64.05,77.71
2026-03-05 15:10:00,55.09,77.81,37.75,67.26,1975,2267.9,15,3,47.71,77.83,38.39,53.57,1965.1,1958,53.04999999999999,77.79999999999997,2159.966666666667,51.51,79.52
2026-03-05 15:15:00,43.23,77.81,38.71,45.16,1970,1778.2,15,3,55.09,77.81,37.75,67.26,2267.9,1975,48.676666666666655,77.81666666666665,2003.7333333333343,51.94,80.58
2026-03-05 15:20:00,64.05,77.71,38.27,70.26,1985,2851.8,15,3,43.23,77.81,38.71,45.16,1778.2,1970,54.12333333333331,77.77666666666664,2299.3000000000006,61.79,79.32
2026-03-05 15:25:00,51.51,79.52,37.78,57.85,2050,2584.9,15,3,64.05,77.71,38.27,70.26,2851.8,1985,52.929999999999986,78.34666666666665,2404.966666666667,58.8,80.5
2026-03-05 15:30:00,51.94,80.58,38.88,62.13,2065,2345.1,15,3,51.51,79.52,37.78,57.85,2584.9,2050,55.83333333333332,79.26999999999997,2593.933333333334,48.14,81.04
2026-03-05 15:35:00,61.79,79.32,37.84,66.0,1946,2581.4,15,3,51.94,80.58,38.88,62.13,2345.1,2065,55.079999999999984,79.80666666666663,2503.8000000000006,47.89,82.42
2026-03-05 15:40:00,58.8,80.5,38.45,53.22,1992,2174.8,15,3,61.79,79.32,37.84,66.0,2581.4,1946,57.50999999999999,80.13333333333331,2367.100000000001,53.53,82.05
2026-03-05 15:45:00,48.14,81.04,38.17,48.24,1990,2038.8,15,3,58.8,80.5,38.45,53.22,2174.8,1992,56.24333333333332,80.28666666666665,2265.0000000000005,68.23,81.03
2026-03-05 15:50:00,47.89,82.42,38.42,55.49,2010,2059.2,15,3,48.14,81.04,38.17,48.24,2038.8,1990,51.60999999999999,81.31999999999998,2090.933333333334,59.7,80.82
2026-03-05 15:55:00,53.53,82.05,38.34,65.13,1958,2483.7,15,3,47.89,82.42,38.42,55.49,2059.2,2010,49.853333333333325,81.83666666666664,2193.9000000000005,58.02,80.5
2026-03-05 16:00:00,68.23,81.03,37.76,77.54,2047,2931.1,16,3,53.53,82.05,38.34,65.13,2483.7,1958,56.54999999999999,81.8333333333333,2491.333333333334,57.75,80.39
2026-03-05 16:05:00,59.7,80.82,37.98,64.38,2003,2462.4,16,3,68.23,81.03,37.76,77.54,2931.1,2047,60.48666666666666,81.29999999999997,2625.733333333334,46.83,79.78
2026-03-05 16:10:00,58.02,80.5,38.59,69.95,2020,2491.5,16,3,59.7,80.82,37.98,64.38,2462.4,2003,61.98333333333333,80.7833333333333,2628.333333333334,50.76,78.91
2026-03-05 16:15:00,57.75,80.39,38.18,63.06,1978,2613.6,16,3,58.02,80.5,38.59,69.95,2491.5,2020,58.48999999999999,80.56999999999998,2522.5000000000005,61.15,80.05
2026-03-05 16:20:00,46.83,79.78,38.41,63.77,2056,2073.3,16,3,57.75,80.39,38.18,63.06,2613.6,1978,54.19999999999999,80.22333333333331,2392.8000000000006,56.24,79.96
2026-03-05 16:25:00,50.76,78.91,38.66,63.59,1979,2119.2,16,3,46.83,79.78,38.41,63.77,2073.3,2056,51.779999999999994,79.69333333333331,2268.7000000000007,53.46,80.38
2026-03-05 16:30:00,61.15,80.05,38.57,75.55,1960,2903.1,16,3,50.76,78.91,38.66,63.59,2119.2,1979,52.91333333333332,79.57999999999997,2365.2000000000003,55.59,80.09
2026-03-05 16:35:00,56.24,79.96,38.55,62.19,2039,2389.2,16,3,61.15,80.05,38.57,75.55,2903.1,1960,56.04999999999999,79.63999999999997,2470.5000000000005,52.36,80.26
2026-03-05 16:40:00,53.46,80.38,38.14,60.04,1979,1958.6,16,3,56.24,79.96,38.55,62.19,2389.2,2039,56.94999999999999,80.12999999999998,2416.966666666667,55.9,81.3
2026-03-05 16:45:00,55.59,80.09,38.58,57.24,1997,2304.1,16,3,53.46,80.38,38.14,60.04,1958.6,1979,55.09666666666666,80.1433333333333,2217.3000000000006,54.07,81.36
2026-03-05 16:50:00,52.36,80.26,38.11,58.48,2001,2268.7,16,3,55.59,80.09,38.58,57.24,2304.1,1997,53.80333333333332,80.24333333333331,2177.1333333333337,58.37,80.93
2026-03-05 16:55:00,55.9,81.3,38.53,65.78,1994,2555.7,16,3,52.36,80.26,38.11,58.48,2268.7,2001,54.61666666666665,80.54999999999997,2376.166666666667,52.92,80.34
2026-03-05 17:00:00,54.07,81.36,38.35,64.64,1978,2418.8,17,3,55.9,81.3,38.53,65.78,2555.7,1994,54.109999999999985,80.97333333333331,2414.4000000000005,56.26,79.86
2026-03-05 17:05:00,58.37,80.93,38.17,68.25,1962,2193.5,17,3,54.07,81.36,38.35,64.64,2418.8,1978,56.11333333333332,81.19666666666664,2389.333333333334,47.29,80.15
2026-03-05 17:10:00,52.92,80.34,38.34,61.84,2056,2519.1,17,3,58.37,80.93,38.17,68.25,2193.5,1962,55.11999999999998,80.87666666666665,2377.1333333333337,47.82,78.52
2026-03-05 17:15:00,56.26,79.86,38.57,57.54,1956,2124.2,17,3,52.92,80.34,38.34,61.84,2519.1,2056,55.849999999999994,80.37666666666665,2278.933333333334,60.03,79.47
2026-03-05 17:20:00,47.29,80.15,38.21,61.58,1922,1986.9,17,3,56.26,79.86,38.57,57.54,2124.2,1956,52.15666666666666,80.11666666666663,2210.066666666667,50.65,79.05
2026-03-05 17:25:00,47.82,78.52,38.38,46.41,1897,2103.3,17,3,47.29,80.15,38.21,61.58,1986.9,1922,50.456666666666656,79.50999999999998,2071.4666666666676,43.11,79.16
2026-03-05 17:30:00,60.03,79.47,38.4,60.34,2003,2445.7,17,3,47.82,78.52,38.38,46.41,2103.3,1897,51.71333333333333,79.37999999999998,2178.6333333333337,45.96,78.76
2026-03-05 17:35:00,50.65,79.05,38.31,62.25,1902,2316.3,17,3,60.03,79.47,38.4,60.34,2445.7,2003,52.83333333333332,79.0133333333333,2288.4333333333343,55.18,79.52
2026-03-05 17:40:00,43.11,79.16,38.34,54.63,1872,1999.0,17,3,50.65,79.05,38.31,62.25,2316.3,1902,51.26333333333332,79.22666666666665,2253.6666666666674,48.49,79.28
2026-03-05 17:45:00,45.96,78.76,38.48,46.18,1942,1812.1,17,3,43.11,79.16,38.34,54.63,1999.0,1872,46.57333333333332,78.98999999999997,2042.4666666666674,51.92,77.53
2026-03-05 17:50:00,55.18,79.52,38.39,55.42,1924,2168.9,17,3,45.96,78.76,38.48,46.18,1812.1,1942,48.08333333333332,79.14666666666665,1993.333333333334,50.94,78.0
2026-03-05 17:55:00,48.49,79.28,38.41,47.66,1854,1908.0,17,3,55.18,79.52,38.39,55.42,2168.9,1924,49.87666666666666,79.18666666666665,1963.0000000000007,54.53,78.04
2026-03-05 18:00:00,51.92,77.53,38.48,54.48,1815,2057.4,18,3,48.49,79.28,38.41,47.66,1908.0,1854,51.86333333333332,78.77666666666664,2044.7666666666673,47.25,78.44
2026-03-05 18:05:00,50.94,78.0,39.0,60.46,1823,2180.2,18,3,51.92,77.53,38.48,54.48,2057.4,1815,50.44999999999999,78.26999999999998,2048.533333333334,52.0,77.89
2026-03-05 18:10:00,54.53,78.04,39.13,59.71,1937,2035.9,18,3,50.94,78.0,39.0,60.46,2180.2,1823,52.46333333333332,77.85666666666664,2091.1666666666674,46.2,76.66
2026-03-05 18:15:00,47.25,78.44,38.86,56.3,1833,2008.8,18,3,54.53,78.04,39.13,59.71,2035.9,1937,50.90666666666666,78.15999999999998,2074.9666666666676,46.46,75.45
2026-03-05 18:20:00,52.0,77.89,37.98,65.72,1745,2241.5,18,3,47.25,78.44,38.86,56.3,2008.8,1833,51.25999999999999,78.12333333333332,2095.400000000001,54.47,73.98
2026-03-05 18:25:00,46.2,76.66,38.72,52.89,1754,1843.8,18,3,52.0,77.89,37.98,65.72,2241.5,1745,48.48333333333333,77.6633333333333,2031.3666666666675,55.89,74.86
2026-03-05 18:30:00,46.46,75.45,38.32,50.97,1796,1656.9,18,3,46.2,76.66,38.72,52.89,1843.8,1754,48.21999999999999,76.66666666666664,1914.0666666666675,50.68,75.87
2026-03-05 18:35:00,54.47,73.98,38.66,55.91,1824,1937.3,18,3,46.46,75.45,38.32,50.97,1656.9,1796,49.04333333333333,75.3633333333333,1812.6666666666672,53.12,77.09
2026-03-05 18:40:00,55.89,74.86,38.56,57.59,1803,1967.0,18,3,54.47,73.98,38.66,55.91,1937.3,1824,52.27333333333332,74.7633333333333,1853.7333333333343,55.57,78.16
2026-03-05 18:45:00,50.68,75.87,38.95,53.52,1716,1914.8,18,3,55.89,74.86,38.56,57.59,1967.0,1803,53.679999999999986,74.90333333333331,1939.7000000000007,48.76,76.6
2026-03-05 18:50:00,53.12,77.09,38.34,54.14,1701,1933.2,18,3,50.68,75.87,38.95,53.52,1914.8,1716,53.22999999999999,75.93999999999998,1938.333333333334,52.32,75.86
2026-03-05 18:55:00,55.57,78.16,38.49,61.07,1742,2256.7,18,3,53.12,77.09,38.34,54.14,1933.2,1701,53.12333333333333,77.03999999999998,2034.9000000000008,44.68,74.09
2026-03-05 19:00:00,48.76,76.6,39.37,57.48,1706,1817.8,19,3,55.57,78.16,38.49,61.07,2256.7,1742,52.48333333333332,77.28333333333332,2002.5666666666673,49.59,73.49
2026-03-05 19:05:00,52.32,75.86,38.99,58.39,1636,2377.2,19,3,48.76,76.6,39.37,57.48,1817.8,1706,52.21666666666666,76.87333333333332,2150.566666666667,42.58,74.0
2026-03-05 19:10:00,44.68,74.09,38.82,45.38,1602,1705.8,19,3,52.32,75.86,38.99,58.39,2377.2,1636,48.586666666666666,75.51666666666664,1966.933333333334,51.99,74.25
2026-03-05 19:15:00,49.59,73.49,38.88,54.27,1680,2208.1,19,3,44.68,74.09,38.82,45.38,1705.8,1602,48.86333333333332,74.47999999999998,2097.0333333333338,46.73,73.06
2026-03-05 19:20:00,42.58,74.0,38.84,48.07,1605,1545.4,19,3,49.59,73.49,38.88,54.27,2208.1,1680,45.61666666666665,73.85999999999997,1819.766666666667,40.24,71.53
2026-03-05 19:25:00,51.99,74.25,38.61,54.34,1614,2087.0,19,3,42.58,74.0,38.84,48.07,1545.4,1605,48.05333333333332,73.91333333333331,1946.833333333334,42.94,71.33
2026-03-05 19:30:00,46.73,73.06,38.8,57.54,1631,1934.5,19,3,51.99,74.25,38.61,54.34,2087.0,1614,47.09999999999999,73.76999999999998,1855.633333333334,45.24,71.16
2026-03-05 19:35:00,40.24,71.53,39.41,50.22,1625,1578.7,19,3,46.73,73.06,38.8,57.54,1934.5,1631,46.31999999999999,72.94666666666664,1866.7333333333338,54.97,70.93
2026-03-05 19:40:00,42.94,71.33,39.21,47.72,1597,1499.8,19,3,40.24,71.53,39.41,50.22,1578.7,1625,43.30333333333332,71.9733333333333,1671.0000000000007,49.35,69.84
2026-03-05 19:45:00,45.24,71.16,39.08,40.2,1594,1616.8,19,3,42.94,71.33,39.21,47.72,1499.8,1597,42.80666666666665,71.33999999999997,1565.1000000000006,50.96,68.42
2026-03-05 19:50:00,54.97,70.93,38.66,56.79,1603,2296.0,19,3,45.24,71.16,39.08,40.2,1616.8,1594,47.71666666666666,71.13999999999999,1804.2000000000007,45.59,69.28
2026-03-05 19:55:00,49.35,69.84,38.55,53.32,1479,1717.8,19,3,54.97,70.93,38.66,56.79,2296.0,1603,49.853333333333325,70.64333333333332,1876.8666666666675,55.15,70.31
2026-03-05 20:00:00,50.96,68.42,39.12,50.53,1577,1889.6,20,3,49.35,69.84,38.55,53.32,1717.8,1479,51.75999999999999,69.72999999999998,1967.8000000000004,49.17,69.37
2026-03-05 20:05:00,45.59,69.28,38.89,52.77,1498,1756.7,20,3,50.96,68.42,39.12,50.53,1889.6,1577,48.633333333333326,69.17999999999998,1788.033333333334,41.92,69.04
2026-03-05 20:10:00,55.15,70.31,38.76,60.29,1549,2207.9,20,3,45.59,69.28,38.89,52.77,1756.7,1498,50.56666666666666,69.33666666666664,1951.4000000000005,44.59,69.59
2026-03-05 20:15:00,49.17,69.37,38.78,48.31,1516,1761.6,20,3,55.15,70.31,38.76,60.29,2207.9,1549,49.96999999999999,69.65333333333331,1908.7333333333343,56.4,85.18
2026-03-05 20:20:00,41.92,69.04,38.88,45.38,1466,1618.0,20,3,49.17,69.37,38.78,48.31,1761.6,1516,48.74666666666666,69.57333333333332,1862.5000000000007,41.02,70.53
2026-03-05 20:25:00,44.59,69.59,38.91,50.24,1503,1641.1,20,3,41.92,69.04,38.88,45.38,1618.0,1466,45.22666666666666,69.33333333333331,1673.5666666666673,51.26,70.03
2026-03-05 20:30:00,56.4,85.18,38.82,78.93,2157,2387.7,20,3,44.59,69.59,38.91,50.24,1641.1,1503,47.636666666666656,74.60333333333331,1882.266666666667,44.38,69.65
2026-03-05 20:35:00,41.02,70.53,38.83,43.38,1405,1553.6,20,3,56.4,85.18,38.82,78.93,2387.7,2157,47.33666666666665,75.09999999999998,1860.8000000000004,45.76,68.09
2026-03-05 20:40:00,51.26,70.03,38.79,48.46,1454,1923.4,20,3,41.02,70.53,38.83,43.38,1553.6,1405,49.55999999999998,75.24666666666666,1954.9000000000005,45.89,67.15
2026-03-05 20:45:00,44.38,69.65,38.87,45.33,1365,1743.4,20,3,51.26,70.03,38.79,48.46,1923.4,1454,45.55333333333332,70.06999999999998,1740.133333333334,40.54,65.45
2026-03-05 20:50:00,45.76,68.09,39.02,40.53,1378,1526.7,20,3,44.38,69.65,38.87,45.33,1743.4,1365,47.133333333333326,69.25666666666665,1731.1666666666672,37.33,65.42
2026-03-05 20:55:00,45.89,67.15,38.83,46.92,1366,1490.2,20,3,45.76,68.09,39.02,40.53,1526.7,1378,45.34333333333333,68.29666666666664,1586.7666666666673,41.65,65.72
2026-03-05 21:00:00,40.54,65.45,38.27,40.8,1276,1324.3,21,3,45.89,67.15,38.83,46.92,1490.2,1366,44.063333333333325,66.89666666666665,1447.0666666666673,35.71,66.14
2026-03-05 21:05:00,37.33,65.42,39.02,56.18,1376,1838.2,21,3,40.54,65.45,38.27,40.8,1324.3,1276,41.25333333333332,66.00666666666665,1550.9000000000008,36.96,65.12
2026-03-05 21:10:00,41.65,65.72,38.93,43.02,1393,1533.6,21,3,37.33,65.42,39.02,56.18,1838.2,1376,39.83999999999999,65.52999999999997,1565.3666666666675,45.14,66.23
2026-03-05 21:15:00,35.71,66.14,39.75,39.93,1218,1294.4,21,3,41.65,65.72,38.93,43.02,1533.6,1393,38.22999999999999,65.75999999999998,1555.4000000000005,39.23,66.32
2026-03-05 21:20:00,36.96,65.12,39.41,30.58,1196,1198.0,21,3,35.71,66.14,39.75,39.93,1294.4,1218,38.10666666666666,65.65999999999998,1342.0000000000007,35.19,65.12
2026-03-05 21:25:00,45.14,66.23,38.98,52.62,1273,1877.7,21,3,36.96,65.12,39.41,30.58,1198.0,1196,39.26999999999999,65.82999999999998,1456.7000000000007,36.31,62.72
2026-03-05 21:30:00,39.23,66.32,39.35,39.41,1263,1456.1,21,3,45.14,66.23,38.98,52.62,1877.7,1273,40.44333333333332,65.88999999999999,1510.6000000000006,41.99,63.87
2026-03-05 21:35:00,35.19,65.12,39.12,35.97,1204,1139.1,21,3,39.23,66.32,39.35,39.41,1456.1,1263,39.853333333333325,65.88999999999999,1490.9666666666672,32.28,62.45
2026-03-05 21:40:00,36.31,62.72,39.47,40.04,1141,1342.8,21,3,35.19,65.12,39.12,35.97,1139.1,1204,36.90999999999999,64.71999999999997,1312.6666666666672,40.55,63.28
2026-03-05 21:45:00,41.99,63.87,38.62,35.81,1174,1139.3,21,3,36.31,62.72,39.47,40.04,1342.8,1141,37.82999999999999,63.90333333333331,1207.0666666666673,30.84,63.05
2026-03-05 21:50:00,32.28,62.45,39.05,40.59,1083,1245.0,21,3,41.99,63.87,38.62,35.81,1139.3,1174,36.85999999999999,63.013333333333314,1242.3666666666675,53.72,72.01
2026-03-05 21:55:00,40.55,63.28,38.9,33.21,1144,1434.3,21,3,32.28,62.45,39.05,40.59,1245.0,1083,38.273333333333326,63.19999999999998,1272.8666666666672,77.36,61.25
2026-03-05 22:00:00,30.84,63.05,39.11,36.54,1135,1334.1,22,3,40.55,63.28,38.9,33.21,1434.3,1144,34.55666666666666,62.92666666666664,1337.8000000000006,28.63,59.74
2026-03-05 22:05:00,53.72,72.01,39.02,58.86,1631,1813.4,22,3,30.84,63.05,39.11,36.54,1334.1,1135,41.703333333333326,66.11333333333332,1527.266666666667,34.3,60.79
2026-03-05 22:10:00,77.36,61.25,38.73,33.91,1059,1005.7,22,3,53.72,72.01,39.02,58.86,1813.4,1631,53.97333333333332,65.43666666666665,1384.4000000000005,27.16,60.44
2026-03-05 22:15:00,28.63,59.74,39.45,37.1,1109,1068.2,22,3,77.36,61.25,38.73,33.91,1005.7,1059,53.23666666666666,64.33333333333331,1295.7666666666673,35.55,61.05
2026-03-05 22:20:00,34.3,60.79,39.48,42.05,1065,1226.1,22,3,28.63,59.74,39.45,37.1,1068.2,1109,46.76333333333332,60.59333333333331,1100.0000000000007,32.98,59.94
2026-03-05 22:25:00,27.16,60.44,38.98,34.43,1033,1029.4,22,3,34.3,60.79,39.48,42.05,1226.1,1065,30.029999999999987,60.323333333333316,1107.9000000000008,33.29,56.21
2026-03-05 22:30:00,35.55,61.05,39.99,36.64,1068,1206.6,22,3,27.16,60.44,38.98,34.43,1029.4,1033,32.33666666666665,60.75999999999997,1154.033333333334,47.24,57.15
2026-03-05 22:35:00,32.98,59.94,39.19,40.6,1007,1092.0,22,3,35.55,61.05,39.99,36.64,1206.6,1068,31.896666666666658,60.47666666666665,1109.333333333334,36.93,58.22
2026-03-05 22:40:00,33.29,56.21,39.07,35.4,916,1268.6,22,3,32.98,59.94,39.19,40.6,1092.0,1007,33.93999999999999,59.06666666666664,1189.0666666666673,29.38,58.37
2026-03-05 22:45:00,47.24,57.15,39.39,35.1,987,1308.8,22,3,33.29,56.21,39.07,35.4,1268.6,916,37.83666666666665,57.76666666666665,1223.133333333334,37.04,57.57
2026-03-05 22:50:00,36.93,58.22,38.83,44.13,902,1147.0,22,3,47.24,57.15,39.39,35.1,1308.8,987,39.15333333333333,57.19333333333331,1241.4666666666672,33.84,57.66
2026-03-05 22:55:00,29.38,58.37,38.91,28.21,934,907.6,22,3,36.93,58.22,38.83,44.13,1147.0,902,37.84999999999999,57.913333333333306,1121.133333333334,23.01,56.57
2026-03-05 23:00:00,37.04,57.57,39.56,42.36,866,1182.2,23,3,29.38,58.37,38.91,28.21,907.6,934,34.449999999999996,58.05333333333331,1078.933333333334,37.33,56.81
2026-03-05 23:05:00,33.84,57.66,39.2,42.01,904,1083.4,23,3,37.04,57.57,39.56,42.36,1182.2,866,33.419999999999995,57.866666666666646,1057.733333333334,34.38,56.81
2026-03-05 23:10:00,23.01,56.57,38.81,35.8,838,845.2,23,3,33.84,57.66,39.2,42.01,1083.4,904,31.296666666666663,57.266666666666644,1036.933333333334,37.32,56.44
2026-03-05 23:15:00,37.33,56.81,39.52,35.74,868,1107.5,23,3,23.01,56.57,38.81,35.8,845.2,838,31.393333333333327,57.013333333333314,1012.0333333333341,32.56,54.98
2026-03-05 23:20:00,34.38,56.81,39.3,41.52,886,1149.5,23,3,37.33,56.81,39.52,35.74,1107.5,868,31.573333333333323,56.72999999999998,1034.0666666666673,38.46,54.18
2026-03-05 23:25:00,37.32,56.44,39.87,27.07,849,897.8,23,3,34.38,56.81,39.3,41.52,1149.5,886,36.34333333333333,56.686666666666646,1051.6000000000006,23.54,54.87
2026-03-05 23:30:00,32.56,54.98,39.07,36.47,818,995.0,23,3,37.32,56.44,39.87,27.07,897.8,849,34.75333333333332,56.076666666666654,1014.1000000000007,27.16,55.19
2026-03-05 23:35:00,38.46,54.18,39.56,33.82,857,1050.2,23,3,32.56,54.98,39.07,36.47,995.0,818,36.11333333333332,55.19999999999998,981.0000000000006,32.52,54.61
2026-03-05 23:40:00,23.54,54.87,39.42,34.18,782,861.3,23,3,38.46,54.18,39.56,33.82,1050.2,857,31.519999999999992,54.67666666666665,968.8333333333339,27.31,54.66
2026-03-05 23:45:00,27.16,55.19,39.51,30.3,726,690.6,23,3,23.54,54.87,39.42,34.18,861.3,782,29.719999999999988,54.74666666666665,867.3666666666672,34.24,55.35
2026-03-05 23:50:00,32.52,54.61,39.44,35.44,780,980.0,23,3,27.16,55.19,39.51,30.3,690.6,726,27.73999999999999,54.88999999999998,843.9666666666673,32.91,55.51
2026-03-05 23:55:00,27.31,54.66,39.41,23.91,716,823.7,23,3,32.52,54.61,39.44,35.44,980.0,780,28.99666666666666,54.81999999999997,831.433333333334,26.81,55.06
2026-03-06 00:00:00,34.24,55.35,34.87,26.71,704,673.8,0,4,27.31,54.66,39.41,23.91,823.7,716,31.35666666666666,54.87333333333331,825.8333333333339,24.62,54.94
2026-03-06 00:05:00,32.91,55.51,35.34,37.75,700,933.0,0,4,34.24,55.35,34.87,26.71,673.8,704,31.486666666666654,55.17333333333331,810.1666666666673,29.25,53.73
2026-03-06 00:10:00,26.81,55.06,35.28,23.89,732,656.6,0,4,32.91,55.51,35.34,37.75,933.0,700,31.31999999999999,55.30666666666665,754.4666666666672,30.12,90.09
2026-03-06 00:15:00,24.62,54.94,34.71,29.18,593,681.3,0,4,26.81,55.06,35.28,23.89,656.6,732,28.113333333333326,55.16999999999998,756.9666666666673,34.43,53.97
2026-03-06 00:20:00,29.25,53.73,34.81,27.45,671,860.1,0,4,24.62,54.94,34.71,29.18,681.3,593,26.893333333333327,54.57666666666665,732.6666666666673,26.38,53.44
2026-03-06 00:25:00,30.12,90.09,34.84,27.34,700,870.5,0,4,29.25,53.73,34.81,27.45,860.1,671,27.996666666666655,66.25333333333332,803.9666666666673,28.07,53.82
2026-03-06 00:30:00,34.43,53.97,34.76,29.94,700,918.5,0,4,30.12,90.09,34.84,27.34,870.5,700,31.266666666666662,65.92999999999998,883.0333333333339,27.76,52.5
2026-03-06 00:35:00,26.38,53.44,35.1,25.68,619,758.0,0,4,34.43,53.97,34.76,29.94,918.5,700,30.30999999999999,65.83333333333331,849.0000000000006,30.49,51.98
2026-03-06 00:40:00,28.07,53.82,35.39,28.76,639,778.6,0,4,26.38,53.44,35.1,25.68,758.0,619,29.626666666666654,53.74333333333331,818.3666666666674,29.53,52.2
2026-03-06 00:45:00,27.76,52.5,34.99,14.44,583,543.9,0,4,28.07,53.82,35.39,28.76,778.6,639,27.403333333333325,53.25333333333331,693.5000000000006,22.04,53.4
2026-03-06 00:50:00,30.49,51.98,34.98,30.08,549,774.0,0,4,27.76,52.5,34.99,14.44,543.9,583,28.773333333333326,52.76666666666665,698.8333333333339,24.29,51.95
2026-03-06 00:55:00,29.53,52.2,35.2,21.51,586,772.1,0,4,30.49,51.98,34.98,30.08,774.0,549,29.25999999999999,52.22666666666665,696.6666666666673,23.26,51.09
2026-03-06 01:00:00,22.04,53.4,34.85,23.76,570,682.4,1,4,29.53,52.2,35.2,21.51,772.1,586,27.353333333333325,52.52666666666665,742.8333333333339,27.55,50.68
2026-03-06 01:05:00,24.29,51.95,35.19,21.27,577,538.9,1,4,22.04,53.4,34.85,23.76,682.4,570,25.28666666666666,52.51666666666665,664.4666666666673,23.52,51.01
2026-03-06 01:10:00,23.26,51.09,35.33,28.95,585,572.0,1,4,24.29,51.95,35.19,21.27,538.9,577,23.19666666666666,52.14666666666665,597.7666666666672,28.4,51.13
2026-03-06 01:15:00,27.55,50.68,35.01,21.63,476,657.8,1,4,23.26,51.09,35.33,28.95,572.0,585,25.033333333333328,51.23999999999998,589.5666666666673,21.93,50.93
2026-03-06 01:20:00,23.52,51.01,35.6,23.88,532,611.1,1,4,27.55,50.68,35.01,21.63,657.8,476,24.77666666666666,50.92666666666665,613.633333333334,24.02,51.86
2026-03-06 01:25:00,28.4,51.13,34.89,32.62,584,666.5,1,4,23.52,51.01,35.6,23.88,611.1,532,26.48999999999999,50.939999999999976,645.133333333334,19.91,51.43
2026-03-06 01:30:00,21.93,50.93,35.29,30.78,519,644.9,1,4,28.4,51.13,34.89,32.62,666.5,584,24.61666666666666,51.02333333333331,640.8333333333339,23.05,50.68
2026-03-06 01:35:00,24.02,51.86,35.04,31.2,579,789.6,1,4,21.93,50.93,35.29,30.78,644.9,519,24.783333333333328,51.30666666666665,700.3333333333339,21.69,49.58
2026-03-06 01:40:00,19.91,51.43,35.48,22.93,481,492.5,1,4,24.02,51.86,35.04,31.2,789.6,579,21.95333333333333,51.406666666666645,642.3333333333339,27.74,48.11
2026-03-06 01:45:00,23.05,50.68,35.29,69.15,460,551.4,1,4,19.91,51.43,35.48,22.93,492.5,481,22.326666666666657,51.323333333333316,611.1666666666673,24.35,48.64
2026-03-06 01:50:00,21.69,49.58,35.07,28.35,405,504.1,1,4,23.05,50.68,35.29,69.15,551.4,460,21.549999999999994,50.56333333333331,516.0000000000006,22.16,49.94
2026-03-06 01:55:00,27.74,48.11,35.31,27.61,532,702.3,1,4,21.69,49.58,35.07,28.35,504.1,405,24.159999999999993,49.45666666666665,585.933333333334,17.01,49.16
2026-03-06 02:00:00,24.35,48.64,35.25,19.52,422,467.4,2,4,27.74,48.11,35.31,27.61,702.3,532,24.59333333333333,48.77666666666664,557.933333333334,27.68,47.95
2026-03-06 02:05:00,22.16,49.94,35.54,26.74,487,636.6,2,4,24.35,48.64,35.25,19.52,467.4,422,24.74999999999999,48.89666666666665,602.1000000000005,31.5,48.79
2026-03-06 02:10:00,17.01,49.16,35.76,19.81,368,378.2,2,4,22.16,49.94,35.54,26.74,636.6,487,21.17333333333333,49.24666666666664,494.0666666666673,29.85,49.19
2026-03-06 02:15:00,27.68,47.95,35.53,25.77,497,626.8,2,4,17.01,49.16,35.76,19.81,378.2,368,22.283333333333328,49.01666666666665,547.2000000000006,20.94,49.94
2026-03-06 02:20:00,31.5,48.79,34.97,24.85,511,717.8,2,4,27.68,47.95,35.53,25.77,626.8,497,25.39666666666666,48.63333333333332,574.2666666666672,19.16,47.94
2026-03-06 02:25:00,29.85,49.19,34.83,25.59,399,554.2,2,4,31.5,48.79,34.97,24.85,717.8,511,29.67666666666666,48.64333333333332,632.9333333333338,17.94,47.54
2026-03-06 02:30:00,20.94,49.94,35.16,26.2,399,461.3,2,4,29.85,49.19,34.83,25.59,554.2,399,27.429999999999996,49.30666666666664,577.7666666666672,28.69,47.24
2026-03-06 02:35:00,19.16,47.94,35.25,16.93,333,330.4,2,4,20.94,49.94,35.16,26.2,461.3,399,23.316666666666663,49.02333333333331,448.6333333333339,22.59,47.7
2026-03-06 02:40:00,17.94,47.54,35.84,21.0,400,359.9,2,4,19.16,47.94,35.25,16.93,330.4,333,19.34666666666666,48.47333333333331,383.86666666666724,24.99,46.94
2026-03-06 02:45:00,28.69,47.24,35.63,23.8,412,454.6,2,4,17.94,47.54,35.84,21.0,359.9,400,21.929999999999993,47.573333333333316,381.6333333333339,26.05,63.03
2026-03-06 02:50:00,22.59,47.7,35.42,19.09,364,378.4,2,4,28.69,47.24,35.63,23.8,454.6,412,23.073333333333327,47.49333333333332,397.6333333333339,25.03,45.22
2026-03-06 02:55:00,24.99,46.94,35.67,29.65,464,548.0,2,4,22.59,47.7,35.42,19.09,378.4,364,25.42333333333333,47.293333333333315,460.33333333333394,20.91,43.09
2026-03-06 03:00:00,26.05,63.03,35.01,35.52,615,738.7,3,4,24.99,46.94,35.67,29.65,548.0,464,24.543333333333326,52.55666666666665,555.0333333333339,20.78,42.57
2026-03-06 03:05:00,25.03,45.22,35.72,24.53,413,431.7,3,4,26.05,63.03,35.01,35.52,738.7,615,25.35666666666666,51.72999999999998,572.8000000000006,15.07,44.15
2026-03-06 03:10:00,20.91,43.09,35.84,20.88,415,400.4,3,4,25.03,45.22,35.72,24.53,431.7,413,23.99666666666666,50.44666666666665,523.6000000000006,21.84,45.59
2026-03-06 03:15:00,20.78,42.57,35.03,16.68,468,451.9,3,4,20.91,43.09,35.84,20.88,400.4,415,22.239999999999995,43.626666666666644,428.0000000000006,23.38,44.33
2026-03-06 03:20:00,15.07,44.15,35.74,18.85,332,430.9,3,4,20.78,42.57,35.03,16.68,451.9,468,18.91999999999999,43.26999999999998,427.73333333333386,20.76,43.61
2026-03-06 03:25:00,21.84,45.59,35.56,19.51,398,482.7,3,4,15.07,44.15,35.74,18.85,430.9,332,19.229999999999993,44.10333333333332,455.16666666666725,19.11,44.02
2026-03-06 03:30:00,23.38,44.33,35.69,25.25,411,360.6,3,4,21.84,45.59,35.56,19.51,482.7,398,20.09666666666666,44.689999999999976,424.73333333333386,19.63,45.64
2026-03-06 03:35:00,20.76,43.61,35.42,26.48,501,674.7,3,4,23.38,44.33,35.69,25.25,360.6,411,21.993333333333325,44.509999999999984,506.0000000000006,15.98,44.75
2026-03-06 03:40:00,19.11,44.02,35.38,18.88,358,473.0,3,4,20.76,43.61,35.42,26.48,674.7,501,21.083333333333325,43.98666666666665,502.76666666666733,17.0,45.31
2026-03-06 03:45:00,19.63,45.64,36.0,24.87,360,420.2,3,4,19.11,44.02,35.38,18.88,473.0,358,19.833333333333325,44.42333333333332,522.633333333334,15.2,45.29
2026-03-06 03:50:00,15.98,44.75,35.41,22.55,348,367.6,3,4,19.63,45.64,36.0,24.87,420.2,360,18.23999999999999,44.80333333333331,420.2666666666673,23.3,46.5
2026-03-06 03:55:00,17.0,45.31,35.94,17.52,339,350.3,3,4,15.98,44.75,35.41,22.55,367.6,348,17.536666666666658,45.23333333333331,379.36666666666724,25.03,47.12
2026-03-06 04:00:00,15.2,45.29,36.01,24.21,437,459.7,4,4,17.0,45.31,35.94,17.52,350.3,339,16.05999999999999,45.11666666666665,392.5333333333339,21.02,47.43
2026-03-06 04:05:00,23.3,46.5,35.68,24.16,421,574.8,4,4,15.2,45.29,36.01,24.21,459.7,437,18.499999999999993,45.69999999999999,461.6000000000006,22.9,46.99
2026-03-06 04:10:00,25.03,47.12,35.94,16.39,444,431.2,4,4,23.3,46.5,35.68,24.16,574.8,421,21.17666666666666,46.30333333333331,488.5666666666673,25.13,46.65
2026-03-06 04:15:00,21.02,47.43,34.96,22.43,368,338.7,4,4,25.03,47.12,35.94,16.39,431.2,444,23.11666666666666,47.01666666666665,448.23333333333386,24.08,46.48
2026-03-06 04:20:00,22.9,46.99,35.52,10.12,395,383.6,4,4,21.02,47.43,34.96,22.43,338.7,368,22.983333333333324,47.17999999999998,384.5000000000006,17.94,47.7
2026-03-06 04:25:00,25.13,46.65,35.72,18.4,493,676.0,4,4,22.9,46.99,35.52,10.12,383.6,395,23.016666666666662,47.02333333333331,466.1000000000006,25.61,46.74
2026-03-06 04:30:00,24.08,46.48,35.65,17.88,370,393.8,4,4,25.13,46.65,35.72,18.4,676.0,493,24.03666666666666,46.70666666666665,484.4666666666672,15.04,48.31
2026-03-06 04:35:00,17.94,47.7,35.52,26.51,388,443.2,4,4,24.08,46.48,35.65,17.88,393.8,370,22.383333333333326,46.94333333333331,504.33333333333394,22.27,48.6
2026-03-06 04:40:00,25.61,46.74,35.9,25.34,458,561.9,4,4,17.94,47.7,35.52,26.51,443.2,388,22.543333333333326,46.97333333333332,466.30000000000064,35.86,47.82
2026-03-06 04:45:00,15.04,48.31,36.46,22.26,493,568.2,4,4,25.61,46.74,35.9,25.34,561.9,458,19.52999999999999,47.583333333333314,524.433333333334,33.67,48.02
2026-03-06 04:50:00,22.27,48.6,35.69,22.14,503,607.6,4,4,15.04,48.31,36.46,22.26,568.2,493,20.973333333333326,47.88333333333332,579.2333333333339,25.15,49.0
2026-03-06 04:55:00,35.86,47.82,36.27,19.96,450,666.3,4,4,22.27,48.6,35.69,22.14,607.6,503,24.38999999999999,48.24333333333332,614.033333333334,23.44,47.97
2026-03-06 05:00:00,33.67,48.02,35.07,22.75,466,633.9,5,4,35.86,47.82,36.27,19.96,666.3,450,30.599999999999994,48.14666666666665,635.933333333334,28.22,49.62
2026-03-06 05:05:00,25.15,49.0,35.85,23.2,443,525.9,5,4,33.67,48.02,35.07,22.75,633.9,466,31.55999999999999,48.27999999999998,608.7000000000006,27.2,49.52
2026-03-06 05:10:00,23.44,47.97,35.86,24.94,463,541.1,5,4,25.15,49.0,35.85,23.2,525.9,443,27.41999999999999,48.329999999999984,566.9666666666673,21.59,48.92
2026-03-06 05:15:00,28.22,49.62,35.69,25.24,469,573.7,5,4,23.44,47.97,35.86,24.94,541.1,463,25.603333333333325,48.86333333333331,546.9000000000005,21.87,49.37
2026-03-06 05:20:00,27.2,49.52,35.54,26.73,501,706.2,5,4,28.22,49.62,35.69,25.24,573.7,469,26.28666666666666,49.03666666666664,607.0000000000006,21.78,49.38
2026-03-06 05:25:00,21.59,48.92,36.19,20.25,485,551.3,5,4,27.2,49.52,35.54,26.73,706.2,501,25.66999999999999,49.35333333333332,610.4000000000007,25.73,48.43
2026-03-06 05:30:00,21.87,49.37,35.7,25.16,550,531.3,5,4,21.59,48.92,36.19,20.25,551.3,485,23.553333333333327,49.26999999999998,596.2666666666672,26.95,48.65
2026-03-06 05:35:00,21.78,49.38,35.87,22.56,517,565.5,5,4,21.87,49.37,35.7,25.16,531.3,550,21.74666666666666,49.22333333333331,549.3666666666672,23.65,50.23
2026-03-06 05:40:00,25.73,48.43,35.62,25.41,438,361.8,5,4,21.78,49.38,35.87,22.56,565.5,517,23.12666666666666,49.05999999999998,486.20000000000056,20.92,50.92
2026-03-06 05:45:00,26.95,48.65,35.75,35.59,519,699.1,5,4,25.73,48.43,35.62,25.41,361.8,438,24.819999999999993,48.819999999999986,542.133333333334,24.58,49.33
2026-03-06 05:50:00,23.65,50.23,35.89,24.37,523,641.2,5,4,26.95,48.65,35.75,35.59,699.1,519,25.443333333333328,49.10333333333332,567.3666666666672,32.24,49.87
2026-03-06 05:55:00,20.92,50.92,35.46,24.92,542,529.2,5,4,23.65,50.23,35.89,24.37,641.2,523,23.839999999999993,49.933333333333316,623.1666666666673,27.77,50.34
2026-03-06 06:00:00,24.58,49.33,36.82,29.76,411,555.0,6,4,20.92,50.92,35.46,24.92,529.2,542,23.049999999999994,50.159999999999975,575.133333333334,26.26,51.14
2026-03-06 06:05:00,32.24,49.87,35.72,26.47,526,634.2,6,4,24.58,49.33,36.82,29.76,555.0,411,25.913333333333327,50.039999999999985,572.8000000000006,30.34,51.37
2026-03-06 06:10:00,27.77,50.34,36.23,23.01,536,652.4,6,4,32.24,49.87,35.72,26.47,634.2,526,28.19666666666666,49.84666666666664,613.8666666666672,25.19,50.71
2026-03-06 06:15:00,26.26,51.14,36.07,24.83,583,543.0,6,4,27.77,50.34,36.23,23.01,652.4,536,28.75666666666666,50.44999999999998,609.8666666666672,25.26,51.14
2026-03-06 06:20:00,30.34,51.37,36.06,21.14,606,765.6,6,4,26.26,51.14,36.07,24.83,543.0,583,28.123333333333324,50.94999999999998,653.6666666666673,23.74,51.58
2026-03-06 06:25:00,25.19,50.71,36.2,30.86,627,787.1,6,4,30.34,51.37,36.06,21.14,765.6,606,27.263333333333332,51.073333333333316,698.5666666666672,29.09,50.52
2026-03-06 06:30:00,25.26,51.14,35.92,38.61,713,845.8,6,4,25.19,50.71,36.2,30.86,787.1,627,26.929999999999993,51.073333333333316,799.5000000000006,23.98,51.74
2026-03-06 06:35:00,23.74,51.58,35.9,22.37,568,594.8,6,4,25.26,51.14,35.92,38.61,845.8,713,24.72999999999999,51.14333333333332,742.5666666666672,19.67,53.02
2026-03-06 06:40:00,29.09,50.52,36.1,20.63,555,575.2,6,4,23.74,51.58,35.9,22.37,594.8,568,26.02999999999999,51.079999999999984,671.933333333334,29.85,53.01
2026-03-06 06:45:00,23.98,51.74,36.3,27.81,699,629.6,6,4,29.09,50.52,36.1,20.63,575.2,555,25.603333333333325,51.27999999999998,599.8666666666672,24.77,52.46
2026-03-06 06:50:00,19.67,53.02,35.95,23.53,721,650.8,6,4,23.98,51.74,36.3,27.81,629.6,699,24.24666666666666,51.759999999999984,618.5333333333339,28.99,51.54
2026-03-06 06:55:00,29.85,53.01,35.93,28.37,673,772.5,6,4,19.67,53.02,35.95,23.53,650.8,721,24.49999999999999,52.58999999999998,684.3000000000006,24.0,52.01
2026-03-06 07:00:00,24.77,52.46,36.37,26.38,651,864.1,7,4,29.85,53.01,35.93,28.37,772.5,673,24.763333333333325,52.829999999999984,762.4666666666672,33.68,51.92
2026-03-06 07:05:00,28.99,51.54,36.19,33.94,699,832.4,7,4,24.77,52.46,36.37,26.38,864.1,651,27.869999999999994,52.336666666666645,823.0000000000006,28.43,52.31
2026-03-06 07:10:00,24.0,52.01,35.77,25.45,685,715.9,7,4,28.99,51.54,36.19,33.94,832.4,699,25.91999999999999,52.00333333333331,804.1333333333338,30.17,51.92
2026-03-06 07:15:00,33.68,51.92,36.23,32.08,731,803.5,7,4,24.0,52.01,35.77,25.45,715.9,685,28.889999999999997,51.823333333333316,783.933333333334,29.06,51.08
2026-03-06 07:20:00,28.43,52.31,36.1,23.16,649,684.8,7,4,33.68,51.92,36.23,32.08,803.5,731,28.70333333333333,52.079999999999984,734.7333333333339,26.99,51.96
2026-03-06 07:25:00,30.17,51.92,35.98,34.82,813,990.8,7,4,28.43,52.31,36.1,23.16,684.8,649,30.75999999999999,52.04999999999998,826.3666666666671,30.79,52.74
2026-03-06 07:30:00,29.06,51.08,36.27,19.39,662,622.4,7,4,30.17,51.92,35.98,34.82,990.8,813,29.219999999999995,51.76999999999998,766.0000000000005,33.27,52.7
2026-03-06 07:35:00,26.99,51.96,36.26,23.87,832,920.1,7,4,29.06,51.08,36.27,19.39,622.4,662,28.73999999999999,51.653333333333315,844.433333333334,27.43,52.03
2026-03-06 07:40:00,30.79,52.74,36.26,33.45,868,1129.0,7,4,26.99,51.96,36.26,23.87,920.1,832,28.94666666666666,51.92666666666665,890.5000000000006,31.17,53.1
2026-03-06 07:45:00,33.27,52.7,36.38,34.28,815,1070.3,7,4,30.79,52.74,36.26,33.45,1129.0,868,30.349999999999994,52.46666666666665,1039.8000000000006,36.0,54.33
2026-03-06 07:50:00,27.43,52.03,36.44,27.52,871,838.1,7,4,33.27,52.7,36.38,34.28,1070.3,815,30.49666666666666,52.48999999999998,1012.4666666666672,31.59,53.36
2026-03-06 07:55:00,31.17,53.1,36.05,34.17,941,1057.8,7,4,27.43,52.03,36.44,27.52,838.1,871,30.623333333333324,52.609999999999985,988.7333333333339,32.2,54.65
2026-03-06 08:00:00,36.0,54.33,36.22,37.65,823,1097.7,8,4,31.17,53.1,36.05,34.17,1057.8,941,31.533333333333328,53.153333333333315,997.8666666666672,31.29,55.0
2026-03-06 08:05:00,31.59,53.36,36.78,29.22,941,1130.5,8,4,36.0,54.33,36.22,37.65,1097.7,823,32.919999999999995,53.59666666666664,1095.333333333334,35.68,54.92
2026-03-06 08:10:00,32.2,54.65,36.19,36.83,894,1163.7,8,4,31.59,53.36,36.78,29.22,1130.5,941,33.26333333333333,54.113333333333316,1130.633333333334,36.06,55.67
2026-03-06 08:15:00,31.29,55.0,36.77,35.97,905,1065.4,8,4,32.2,54.65,36.19,36.83,1163.7,894,31.693333333333328,54.336666666666645,1119.8666666666675,36.67,56.18
2026-03-06 08:20:00,35.68,54.92,36.04,38.22,998,1112.8,8,4,31.29,55.0,36.77,35.97,1065.4,905,33.056666666666665,54.85666666666665,1113.9666666666674,33.29,57.33
2026-03-06 08:25:00,36.06,55.67,36.48,36.2,985,877.9,8,4,35.68,54.92,36.04,38.22,1112.8,998,34.34333333333333,55.19666666666665,1018.7000000000006,37.33,57.97
2026-03-06 08:30:00,36.67,56.18,35.93,32.75,918,1131.5,8,4,36.06,55.67,36.48,36.2,877.9,985,36.13666666666666,55.58999999999998,1040.7333333333338,40.68,60.03
2026-03-06 08:35:00,33.29,57.33,36.53,33.25,1011,1051.9,8,4,36.67,56.18,35.93,32.75,1131.5,918,35.339999999999996,56.39333333333332,1020.433333333334,35.75,60.24
2026-03-06 08:40:00,37.33,57.97,36.88,37.68,1035,1185.7,8,4,33.29,57.33,36.53,33.25,1051.9,1011,35.76333333333333,57.159999999999975,1123.033333333334,38.94,61.43
2026-03-06 08:45:00,40.68,60.03,36.64,41.01,1105,1379.1,8,4,37.33,57.97,36.88,37.68,1185.7,1035,37.099999999999994,58.44333333333331,1205.5666666666673,27.6,60.17
2026-03-06 08:50:00,35.75,60.24,36.44,44.03,1053,1354.9,8,4,40.68,60.03,36.64,41.01,1379.1,1105,37.919999999999995,59.41333333333332,1306.5666666666673,33.82,60.09
2026-03-06 08:55:00,38.94,61.43,36.68,38.06,1123,1153.3,8,4,35.75,60.24,36.44,44.03,1354.9,1053,38.456666666666656,60.566666666666656,1295.7666666666673,35.13,59.08
2026-03-06 09:00:00,27.6,60.17,35.96,34.65,1056,1178.3,9,4,38.94,61.43,36.68,38.06,1153.3,1123,34.09666666666666,60.613333333333316,1228.8333333333337,36.77,60.47
2026-03-06 09:05:00,33.82,60.09,36.44,33.58,1075,1206.2,9,4,27.6,60.17,35.96,34.65,1178.3,1056,33.453333333333326,60.56333333333331,1179.266666666667,26.01,60.04
2026-03-06 09:10:00,35.13,59.08,36.41,30.48,1093,1169.8,9,4,33.82,60.09,36.44,33.58,1206.2,1075,32.18333333333333,59.77999999999998,1184.766666666667,36.6,59.98
2026-03-06 09:15:00,36.77,60.47,36.11,48.47,1162,1597.9,9,4,35.13,59.08,36.41,30.48,1169.8,1093,35.24,59.87999999999999,1324.633333333334,36.54,59.56
2026-03-06 09:20:00,26.01,60.04,36.52,37.99,1016,1111.4,9,4,36.77,60.47,36.11,48.47,1597.9,1162,32.63666666666666,59.863333333333316,1293.033333333334,46.6,61.15
2026-03-06 09:25:00,36.6,59.98,36.18,45.96,1103,1318.9,9,4,26.01,60.04,36.52,37.99,1111.4,1016,33.126666666666665,60.163333333333306,1342.733333333334,35.37,61.69
2026-03-06 09:30:00,36.54,59.56,36.26,47.95,1200,1359.0,9,4,36.6,59.98,36.18,45.96,1318.9,1103,33.04999999999999,59.85999999999998,1263.1000000000006,31.63,62.05
2026-03-06 09:35:00,46.6,61.15,36.43,49.79,1250,1704.3,9,4,36.54,59.56,36.26,47.95,1359.0,1200,39.91333333333333,60.22999999999998,1460.7333333333338,49.69,63.61
2026-03-06 09:40:00,35.37,61.69,36.1,44.52,1235,1235.1,9,4,46.6,61.15,36.43,49.79,1704.3,1250,39.50333333333333,60.79999999999998,1432.8000000000004,41.69,65.05
2026-03-06 09:45:00,31.63,62.05,36.68,34.75,1204,1104.1,9,4,35.37,61.69,36.1,44.52,1235.1,1235,37.86666666666667,61.629999999999974,1347.833333333334,38.79,65.89
2026-03-06 09:50:00,49.69,63.61,36.44,55.88,1322,1867.2,9,4,31.63,62.05,36.68,34.75,1104.1,1204,38.89666666666666,62.44999999999998,1402.133333333334,43.48,65.38
2026-03-06 09:55:00,41.69,65.05,36.76,40.86,1262,1476.6,9,4,49.69,63.61,36.44,55.88,1867.2,1322,41.00333333333333,63.56999999999997,1482.633333333334,38.78,63.81
2026-03-06 10:00:00,38.79,65.89,36.65,49.67,1234,1578.6,10,4,41.69,65.05,36.76,40.86,1476.6,1262,43.38999999999999,64.84999999999998,1640.8000000000004,34.17,63.5
2026-03-06 10:05:00,43.48,65.38,36.68,56.63,1341,1797.5,10,4,38.79,65.89,36.65,49.67,1578.6,1234,41.31999999999999,65.43999999999998,1617.5666666666673,40.41,62.4
2026-03-06 10:10:00,38.78,63.81,36.52,37.9,1281,1215.4,10,4,43.48,65.38,36.68,56.63,1797.5,1341,40.349999999999994,65.02666666666664,1530.5000000000007,36.23,63.17
2026-03-06 10:15:00,34.17,63.5,36.38,39.17,1343,1231.0,10,4,38.78,63.81,36.52,37.9,1215.4,1281,38.809999999999995,64.22999999999998,1414.633333333334,34.24,63.23
2026-03-06 10:20:00,40.41,62.4,36.48,45.22,1334,1642.3,10,4,34.17,63.5,36.38,39.17,1231.0,1343,37.78666666666666,63.23666666666665,1362.9000000000005,40.43,63.03
2026-03-06 10:25:00,36.23,63.17,36.21,50.14,1380,1442.9,10,4,40.41,62.4,36.48,45.22,1642.3,1334,36.93666666666666,63.02333333333331,1438.7333333333338,42.59,63.33
2026-03-06 10:30:00,34.24,63.23,36.56,42.4,1370,1202.8,10,4,36.23,63.17,36.21,50.14,1442.9,1380,36.959999999999994,62.933333333333316,1429.333333333334,39.58,64.55
2026-03-06 10:35:00,40.43,63.03,36.55,58.07,1398,1916.8,10,4,34.24,63.23,36.56,42.4,1202.8,1370,36.96666666666666,63.14333333333332,1520.833333333334,46.35,65.54
2026-03-06 10:40:00,42.59,63.33,36.92,47.57,1443,1701.4,10,4,40.43,63.03,36.55,58.07,1916.8,1398,39.086666666666666,63.19666666666665,1607.0000000000007,50.62,66.68
2026-03-06 10:45:00,39.58,64.55,36.44,41.26,1357,1454.7,10,4,42.59,63.33,36.92,47.57,1701.4,1443,40.86666666666667,63.63666666666665,1690.9666666666672,49.16,66.42
2026-03-06 10:50:00,46.35,65.54,36.64,37.34,1418,1608.2,10,4,39.58,64.55,36.44,41.26,1454.7,1357,42.839999999999996,64.47333333333331,1588.1000000000006,33.76,67.6
2026-03-06 10:55:00,50.62,66.68,36.61,52.29,1441,1625.0,10,4,46.35,65.54,36.64,37.34,1608.2,1418,45.51666666666666,65.58999999999999,1562.633333333334,50.24,69.18
2026-03-06 11:00:00,49.16,66.42,36.79,59.73,1526,2178.6,11,4,50.62,66.68,36.61,52.29,1625.0,1441,48.71,66.21333333333332,1803.933333333334,45.08,70.5
2026-03-06 11:05:00,33.76,67.6,36.47,40.49,1507,1387.6,11,4,49.16,66.42,36.79,59.73,2178.6,1526,44.51333333333332,66.89999999999999,1730.4000000000005,46.54,70.08
2026-03-06 11:10:00,50.24,69.18,36.98,59.09,1565,1871.0,11,4,33.76,67.6,36.47,40.49,1387.6,1507,44.386666666666656,67.7333333333333,1812.4000000000005,44.14,70.28
2026-03-06 11:15:00,45.08,70.5,36.87,45.97,1540,1723.9,11,4,50.24,69.18,36.98,59.09,1871.0,1565,43.026666666666664,69.09333333333332,1660.833333333334,50.29,69.3
2026-03-06 11:20:00,46.54,70.08,36.74,47.87,1566,1625.2,11,4,45.08,70.5,36.87,45.97,1723.9,1540,47.28666666666666,69.91999999999997,1740.033333333334,43.14,70.76
2026-03-06 11:25:00,44.14,70.28,37.0,50.88,1624,1715.6,11,4,46.54,70.08,36.74,47.87,1625.2,1566,45.25333333333333,70.28666666666665,1688.2333333333338,46.9,71.35
2026-03-06 11:30:00,50.29,69.3,36.32,43.74,1660,1749.0,11,4,44.14,70.28,37.0,50.88,1715.6,1624,46.99,69.88666666666664,1696.6000000000006,47.36,70.63
2026-03-06 11:35:00,43.14,70.76,36.47,52.09,1661,1719.9,11,4,50.29,69.3,36.32,43.74,1749.0,1660,45.85666666666666,70.1133333333333,1728.1666666666672,50.79,70.9
2026-03-06 11:40:00,46.9,71.35,36.59,41.18,1607,1465.9,11,4,43.14,70.76,36.47,52.09,1719.9,1661,46.776666666666664,70.46999999999998,1644.933333333334,44.74,70.92
2026-03-06 11:45:00,47.36,70.63,37.18,55.07,1643,1955.7,11,4,46.9,71.35,36.59,41.18,1465.9,1607,45.79999999999999,70.91333333333331,1713.833333333334,51.83,70.86
2026-03-06 11:50:00,50.79,70.9,37.37,59.54,1702,1909.0,11,4,47.36,70.63,37.18,55.07,1955.7,1643,48.349999999999994,70.95999999999998,1776.8666666666675,50.93,69.61
2026-03-06 11:55:00,44.74,70.92,36.59,59.15,1676,2008.3,11,4,50.79,70.9,37.37,59.54,1909.0,1702,47.629999999999995,70.81666666666665,1957.6666666666672,44.36,69.76
2026-03-06 12:00:00,51.83,70.86,36.59,61.92,1775,2069.1,12,4,44.74,70.92,36.59,59.15,2008.3,1676,49.12,70.89333333333332,1995.4666666666672,46.52,70.24
2026-03-06 12:05:00,50.93,69.61,36.81,55.56,1772,1859.7,12,4,51.83,70.86,36.59,61.92,2069.1,1775,49.166666666666664,70.46333333333332,1979.0333333333338,52.48,71.37
2026-03-06 12:10:00,44.36,69.76,36.25,49.29,1670,1827.8,12,4,50.93,69.61,36.81,55.56,1859.7,1772,49.03999999999999,70.07666666666665,1918.866666666667,53.69,72.12
2026-03-06 12:15:00,46.52,70.24,36.42,51.77,1688,1900.1,12,4,44.36,69.76,36.25,49.29,1827.8,1670,47.27,69.86999999999998,1862.533333333334,50.04,72.54
2026-03-06 12:20:00,52.48,71.37,37.21,52.62,1777,2186.6,12,4,46.52,70.24,36.42,51.77,1900.1,1688,47.78666666666666,70.45666666666665,1971.5000000000007,42.84,71.67
2026-03-06 12:25:00,53.69,72.12,36.98,49.57,1598,1909.7,12,4,52.48,71.37,37.21,52.62,2186.6,1777,50.89666666666667,71.24333333333333,1998.8000000000004,55.82,72.05
2026-03-06 12:30:00,50.04,72.54,36.79,57.63,1794,2287.9,12,4,53.69,72.12,36.98,49.57,1909.7,1598,52.06999999999999,72.00999999999999,2128.066666666667,45.2,72.31
2026-03-06 12:35:00,42.84,71.67,37.03,49.11,1752,1855.5,12,4,50.04,72.54,36.79,57.63,2287.9,1794,48.85666666666666,72.10999999999999,2017.7000000000007,60.46,71.92
2026-03-06 12:40:00,55.82,72.05,36.55,62.21,1824,2465.7,12,4,42.84,71.67,37.03,49.11,1855.5,1752,49.56666666666666,72.08666666666664,2203.033333333334,46.8,73.82
2026-03-06 12:45:00,45.2,72.31,37.29,48.32,1746,1953.0,12,4,55.82,72.05,36.55,62.21,2465.7,1824,47.953333333333326,72.00999999999998,2091.4000000000005,52.15,74.91
2026-03-06 12:50:00,60.46,71.92,36.82,72.35,1809,2556.8,12,4,45.2,72.31,37.29,48.32,1953.0,1746,53.82666666666666,72.09333333333332,2325.1666666666674,56.06,74.88
2026-03-06 12:55:00,46.8,73.82,36.98,58.45,1760,2059.4,12,4,60.46,71.92,36.82,72.35,2556.8,1809,50.81999999999999,72.68333333333332,2189.733333333334,58.06,75.58
2026-03-06 13:00:00,52.15,74.91,37.25,71.27,1818,2371.6,13,4,46.8,73.82,36.98,58.45,2059.4,1760,53.136666666666656,73.54999999999998,2329.2666666666673,50.32,76.38
2026-03-06 13:05:00,56.06,74.88,36.99,51.86,1856,2167.4,13,4,52.15,74.91,37.25,71.27,2371.6,1818,51.669999999999995,74.53666666666665,2199.466666666667,56.53,76.78
2026-03-06 13:10:00,58.06,75.58,37.14,67.12,1796,2372.1,13,4,56.06,74.88,36.99,51.86,2167.4,1856,55.423333333333325,75.12333333333332,2303.7000000000007,54.27,75.07
2026-03-06 13:15:00,50.32,76.38,37.12,45.92,1892,1598.9,13,4,58.06,75.58,37.14,67.12,2372.1,1796,54.81333333333333,75.6133333333333,2046.133333333334,46.81,76.22
2026-03-06 13:20:00,56.53,76.78,37.21,61.2,1872,2394.2,13,4,50.32,76.38,37.12,45.92,1598.9,1892,54.96999999999999,76.24666666666666,2121.733333333334,64.5,76.62
2026-03-06 13:25:00,54.27,75.07,37.42,62.0,1849,2142.1,13,4,56.53,76.78,37.21,61.2,2394.2,1872,53.706666666666656,76.07666666666665,2045.0666666666673,56.16,77.6
2026-03-06 13:30:00,46.81,76.22,37.36,53.28,1872,2010.3,13,4,54.27,75.07,37.42,62.0,2142.1,1849,52.53666666666666,76.02333333333331,2182.2000000000003,58.23,76.66
2026-03-06 13:35:00,64.5,76.62,37.64,69.42,1947,2623.3,13,4,46.81,76.22,37.36,53.28,2010.3,1872,55.19333333333333,75.96999999999997,2258.566666666667,53.48,76.17
2026-03-06 13:40:00,56.16,77.6,37.35,62.04,1909,2335.4,13,4,64.5,76.62,37.64,69.42,2623.3,1947,55.82333333333332,76.81333333333332,2323.0000000000005,57.8,77.28
2026-03-06 13:45:00,58.23,76.66,37.0,56.54,1907,2277.9,13,4,56.16,77.6,37.35,62.04,2335.4,1909,59.62999999999999,76.95999999999998,2412.2000000000007,50.47,77.9
2026-03-06 13:50:00,53.48,76.17,36.67,65.53,1892,2383.3,13,4,58.23,76.66,37.0,56.54,2277.9,1907,55.95666666666665,76.80999999999999,2332.2000000000007,55.83,78.33
2026-03-06 13:55:00,57.8,77.28,36.86,68.18,1848,2385.3,13,4,53.48,76.17,36.67,65.53,2383.3,1892,56.50333333333332,76.7033333333333,2348.8333333333344,54.94,78.7
2026-03-06 14:00:00,50.47,77.9,37.36,62.38,1960,2231.2,14,4,57.8,77.28,36.86,68.18,2385.3,1848,53.91666666666666,77.11666666666665,2333.2666666666673,49.96,77.98
2026-03-06 14:05:00,55.83,78.33,36.78,75.04,1958,2572.5,14,4,50.47,77.9,37.36,62.38,2231.2,1960,54.69999999999999,77.83666666666664,2396.333333333334,62.59,79.05
2026-03-06 14:10:00,54.94,78.7,37.57,60.8,1962,2327.5,14,4,55.83,78.33,36.78,75.04,2572.5,1958,53.74666666666665,78.30999999999999,2377.066666666667,48.85,78.87
2026-03-06 14:15:00,49.96,77.98,37.1,54.92,1979,2042.3,14,4,54.94,78.7,37.57,60.8,2327.5,1962,53.576666666666654,78.33666666666664,2314.100000000001,47.92,79.04
2026-03-06 14:20:00,62.59,79.05,37.32,68.16,2007,2469.9,14,4,49.96,77.98,37.1,54.92,2042.3,1979,55.82999999999999,78.57666666666665,2279.9000000000005,48.6,78.75
2026-03-06 14:25:00,48.85,78.87,37.5,59.66,2011,1858.8,14,4,62.59,79.05,37.32,68.16,2469.9,2007,53.79999999999999,78.63333333333331,2123.6666666666674,51.13,77.65
2026-03-06 14:30:00,47.92,79.04,37.1,48.91,1969,2031.0,14,4,48.85,78.87,37.5,59.66,1858.8,2011,53.11999999999998,78.98666666666666,2119.9000000000005,43.69,77.88
2026-03-06 14:35:00,48.6,78.75,36.96,60.97,1947,2039.9,14,4,47.92,79.04,37.1,48.91,2031.0,1969,48.456666666666656,78.88666666666666,1976.5666666666673,55.03,78.04
2026-03-06 14:40:00,51.13,77.65,37.14,53.32,1963,1750.0,14,4,48.6,78.75,36.96,60.97,2039.9,1947,49.21666666666666,78.47999999999998,1940.3000000000004,66.96,79.59
2026-03-06 14:45:00,43.69,77.88,37.7,60.71,1973,2052.2,14,4,51.13,77.65,37.14,53.32,1750.0,1963,47.80666666666665,78.0933333333333,1947.366666666667,61.22,78.95
2026-03-06 14:50:00,55.03,78.04,37.24,68.63,1987,2403.1,14,4,43.69,77.88,37.7,60.71,2052.2,1973,49.94999999999999,77.85666666666664,2068.433333333334,53.88,79.95
2026-03-06 14:55:00,66.96,79.59,37.29,62.09,2106,2751.5,14,4,55.03,78.04,37.24,68.63,2403.1,1987,55.22666666666665,78.50333333333332,2402.266666666667,49.18,81.08
2026-03-06 15:00:00,61.22,78.95,37.34,62.16,1966,2431.3,15,4,66.96,79.59,37.29,62.09,2751.5,2106,61.06999999999999,78.85999999999997,2528.6333333333337,51.72,81.76
2026-03-06 15:05:00,53.88,79.95,37.18,64.73,2086,2105.3,15,4,61.22,78.95,37.34,62.16,2431.3,1966,60.68666666666666,79.49666666666666,2429.3666666666672,45.68,79.88
2026-03-06 15:10:00,49.18,81.08,37.36,54.01,2017,1869.1,15,4,53.88,79.95,37.18,64.73,2105.3,2086,54.75999999999999,79.99333333333333,2135.233333333334,53.68,80.65
2026-03-06 15:15:00,51.72,81.76,37.66,61.3,2026,2228.6,15,4,49.18,81.08,37.36,54.01,1869.1,2017,51.59333333333333,80.92999999999999,2067.6666666666674,55.82,80.45
2026-03-06 15:20:00,45.68,79.88,36.29,50.71,1954,1751.7,15,4,51.72,81.76,37.66,61.3,2228.6,2026,48.85999999999999,80.90666666666665,1949.8000000000004,58.73,80.66
2026-03-06 15:25:00,53.68,80.65,37.42,64.2,2047,2461.8,15,4,45.68,79.88,36.29,50.71,1751.7,1954,50.35999999999999,80.7633333333333,2147.3666666666672,47.41,80.9
2026-03-06 15:30:00,55.82,80.45,36.97,55.13,1969,2139.1,15,4,53.68,80.65,37.42,64.2,2461.8,2047,51.72666666666666,80.32666666666665,2117.5333333333338,59.47,79.84
2026-03-06 15:35:00,58.73,80.66,37.24,71.87,1995,2715.8,15,4,55.82,80.45,36.97,55.13,2139.1,1969,56.076666666666654,80.58666666666664,2438.9000000000005,56.3,82.47
2026-03-06 15:40:00,47.41,80.9,37.59,50.91,1965,1851.3,15,4,58.73,80.66,37.24,71.87,2715.8,1995,53.98666666666666,80.66999999999997,2235.4000000000005,58.48,82.67
2026-03-06 15:45:00,59.47,79.84,37.21,79.36,2013,2846.3,15,4,47.41,80.9,37.59,50.91,1851.3,1965,55.20333333333332,80.46666666666665,2471.133333333334,40.79,81.2
2026-03-06 15:50:00,56.3,82.47,37.34,54.93,1963,2062.4,15,4,59.47,79.84,37.21,79.36,2846.3,2013,54.39333333333332,81.06999999999998,2253.333333333334,48.07,81.17
2026-03-06 15:55:00,58.48,82.67,37.44,62.93,2015,2491.4,15,4,56.3,82.47,37.34,54.93,2062.4,1963,58.08333333333332,81.65999999999998,2466.7000000000007,57.42,79.91
2026-03-06 16:00:00,40.79,81.2,37.14,42.96,1962,1907.7,16,4,58.48,82.67,37.44,62.93,2491.4,2015,51.856666666666655,82.1133333333333,2153.833333333334,50.93,78.43
2026-03-06 16:05:00,48.07,81.17,37.56,57.49,2074,2094.0,16,4,40.79,81.2,37.14,42.96,1907.7,1962,49.11333333333332,81.67999999999999,2164.3666666666672,47.07,77.26
2026-03-06 16:10:00,57.42,79.91,37.58,57.81,1984,2301.5,16,4,48.07,81.17,37.56,57.49,2094.0,2074,48.75999999999999,80.75999999999998,2101.066666666667,65.88,77.79
2026-03-06 16:15:00,50.93,78.43,38.23,60.98,1921,2283.4,16,4,57.42,79.91,37.58,57.81,2301.5,1984,52.139999999999986,79.83666666666664,2226.3000000000006,51.75,78.93
2026-03-06 16:20:00,47.07,77.26,37.59,50.2,1970,1824.3,16,4,50.93,78.43,38.23,60.98,2283.4,1921,51.806666666666665,78.53333333333332,2136.4000000000005,45.96,78.12
2026-03-06 16:25:00,65.88,77.79,37.3,70.1,2007,2900.6,16,4,47.07,77.26,37.59,50.2,1824.3,1970,54.62666666666666,77.82666666666665,2336.100000000001,56.14,77.99
2026-03-06 16:30:00,51.75,78.93,37.6,49.51,2028,1945.1,16,4,65.88,77.79,37.3,70.1,2900.6,2007,54.9,77.99333333333333,2223.333333333334,51.91,77.85
2026-03-06 16:35:00,45.96,78.12,37.48,53.37,2065,1991.3,16,4,51.75,78.93,37.6,49.51,1945.1,2028,54.529999999999994,78.27999999999999,2279.0000000000005,55.12,78.8
2026-03-06 16:40:00,56.14,77.99,37.82,68.95,1932,2532.1,16,4,45.96,78.12,37.48,53.37,1991.3,2065,51.28333333333333,78.34666666666665,2156.1666666666674,55.01,78.39
2026-03-06 16:45:00,51.91,77.85,37.63,62.86,1952,2136.6,16,4,56.14,77.99,37.82,68.95,2532.1,1932,51.336666666666666,77.98666666666664,2220.0000000000005,48.66,79.37
2026-03-06 16:50:00,55.12,78.8,37.69,57.09,1981,2099.0,16,4,51.91,77.85,37.63,62.86,2136.6,1952,54.389999999999986,78.21333333333331,2255.900000000001,48.39,77.92
2026-03-06 16:55:00,55.01,78.39,37.44,57.9,1938,2158.1,16,4,55.12,78.8,37.69,57.09,2099.0,1981,54.01333333333333,78.34666666666664,2131.233333333334,63.23,76.7
2026-03-06 17:00:00,48.66,79.37,37.12,50.97,1982,1809.6,17,4,55.01,78.39,37.44,57.9,2158.1,1938,52.93,78.85333333333331,2022.2333333333343,53.46,76.2
2026-03-06 17:05:00,48.39,77.92,37.63,48.43,1902,1945.1,17,4,48.66,79.37,37.12,50.97,1809.6,1982,50.68666666666666,78.55999999999999,1970.9333333333336,61.65,77.56
2026-03-06 17:10:00,63.23,76.7,37.78,61.24,1975,2258.9,17,4,48.39,77.92,37.63,48.43,1945.1,1902,53.426666666666655,77.99666666666666,2004.533333333334,51.87,77.46
2026-03-06 17:15:00,53.46,76.2,37.61,62.8,1941,2588.1,17,4,63.23,76.7,37.78,61.24,2258.9,1975,55.026666666666664,76.93999999999998,2264.0333333333338,59.06,77.42
2026-03-06 17:20:00,61.65,77.56,38.14,66.86,1915,2566.0,17,4,53.46,76.2,37.61,62.8,2588.1,1941,59.44666666666666,76.81999999999998,2471.0000000000005,53.47,78.22
2026-03-06 17:25:00,51.87,77.46,37.16,54.29,1872,2269.4,17,4,61.65,77.56,38.14,66.86,2566.0,1915,55.66,77.07333333333331,2474.5000000000005,92.38,96.1
2026-03-06 17:30:00,59.06,77.42,37.97,68.59,1955,2470.4,17,4,51.87,77.46,37.16,54.29,2269.4,1872,57.526666666666664,77.47999999999998,2435.2666666666673,48.11,78.11
2026-03-06 17:35:00,53.47,78.22,37.45,61.52,2024,2146.6,17,4,59.06,77.42,37.97,68.59,2470.4,1955,54.79999999999999,77.69999999999997,2295.466666666667,59.83,78.28
2026-03-06 17:40:00,92.38,96.1,37.28,99.0,3225,4419.8,17,4,53.47,78.22,37.45,61.52,2146.6,2024,68.30333333333333,83.91333333333331,3012.266666666668,56.5,77.84
2026-03-06 17:45:00,48.11,78.11,37.68,54.9,1909,2092.8,17,4,92.38,96.1,37.28,99.0,4419.8,3225,64.65333333333332,84.14333333333332,2886.400000000001,53.21,77.63
2026-03-06 17:50:00,59.83,78.28,37.94,67.32,1977,2367.9,17,4,48.11,78.11,37.68,54.9,2092.8,1909,66.77333333333333,84.16333333333331,2960.1666666666674,54.02,77.97
2026-03-06 17:55:00,56.5,77.84,38.0,60.57,1882,2176.8,17,4,59.83,78.28,37.94,67.32,2367.9,1977,54.813333333333325,78.07666666666665,2212.5000000000014,48.32,77.52
2026-03-06 18:00:00,53.21,77.63,37.8,57.41,1896,2136.7,18,4,56.5,77.84,38.0,60.57,2176.8,1882,56.51333333333332,77.91666666666664,2227.1333333333346,55.32,76.74
2026-03-06 18:05:00,54.02,77.97,38.28,70.38,1858,2614.0,18,4,53.21,77.63,37.8,57.41,2136.7,1896,54.576666666666654,77.81333333333332,2309.166666666668,51.92,74.97
2026-03-06 18:10:00,48.32,77.52,37.92,47.98,1852,1750.6,18,4,54.02,77.97,38.28,70.38,2614.0,1858,51.849999999999994,77.70666666666664,2167.100000000001,47.4,75.14
2026-03-06 18:15:00,55.32,76.74,37.84,67.41,1853,2063.6,18,4,48.32,77.52,37.92,47.98,1750.6,1852,52.55333333333332,77.40999999999998,2142.733333333334,49.5,75.2
2026-03-06 18:20:00,51.92,74.97,37.65,54.62,1790,1986.0,18,4,55.32,76.74,37.84,67.41,2063.6,1853,51.853333333333325,76.40999999999997,1933.4000000000008,52.79,75.91
2026-03-06 18:25:00,47.4,75.14,37.89,54.43,1823,1783.9,18,4,51.92,74.97,37.65,54.62,1986.0,1790,51.54666666666666,75.61666666666665,1944.500000000001,43.79,74.37
2026-03-06 18:30:00,49.5,75.2,37.69,52.09,1786,1917.9,18,4,47.4,75.14,37.89,54.43,1783.9,1823,49.606666666666655,75.10333333333331,1895.9333333333343,49.0,75.0
2026-03-06 18:35:00,52.79,75.91,37.97,54.37,1755,2196.8,18,4,49.5,75.2,37.69,52.09,1917.9,1786,49.896666666666654,75.41666666666664,1966.200000000001,35.38,73.39
2026-03-06 18:40:00,43.79,74.37,38.51,47.15,1764,1825.9,18,4,52.79,75.91,37.97,54.37,2196.8,1755,48.69333333333332,75.15999999999998,1980.2000000000007,53.39,72.33
2026-03-06 18:45:00,49.0,75.0,38.0,55.43,1733,1830.8,18,4,43.79,74.37,38.51,47.15,1825.9,1764,48.52666666666665,75.09333333333332,1951.1666666666677,50.7,71.92
2026-03-06 18:50:00,35.38,73.39,38.17,41.58,1666,1451.0,18,4,49.0,75.0,38.0,55.43,1830.8,1733,42.72333333333332,74.25333333333332,1702.5666666666675,60.51,72.79
2026-03-06 18:55:00,53.39,72.33,37.42,56.34,1688,2230.2,18,4,35.38,73.39,38.17,41.58,1451.0,1666,45.923333333333325,73.57333333333331,1837.333333333334,52.91,72.27
2026-03-06 19:00:00,50.7,71.92,37.54,41.69,1791,1677.5,19,4,53.39,72.33,37.42,56.34,2230.2,1688,46.48999999999999,72.54666666666664,1786.2333333333343,35.81,73.48
2026-03-06 19:05:00,60.51,72.79,38.07,64.95,1619,2306.7,19,4,50.7,71.92,37.54,41.69,1677.5,1791,54.86666666666665,72.34666666666665,2071.466666666667,56.97,74.45
2026-03-06 19:10:00,52.91,72.27,38.37,56.14,1695,1938.6,19,4,60.51,72.79,38.07,64.95,2306.7,1619,54.706666666666656,72.32666666666665,1974.2666666666673,44.4,73.05
2026-03-06 19:15:00,35.81,73.48,38.23,47.49,1638,1812.6,19,4,52.91,72.27,38.37,56.14,1938.6,1695,49.74333333333332,72.84666666666665,2019.3000000000004,57.49,72.87
2026-03-06 19:20:00,56.97,74.45,37.93,65.0,1592,2335.2,19,4,35.81,73.48,38.23,47.49,1812.6,1638,48.563333333333325,73.39999999999998,2028.8000000000004,50.21,72.68
2026-03-06 19:25:00,44.4,73.05,38.22,50.06,1602,1828.1,19,4,56.97,74.45,37.93,65.0,2335.2,1592,45.72666666666666,73.65999999999998,1991.9666666666672,41.21,71.78
2026-03-06 19:30:00,57.49,72.87,37.58,59.61,1642,2170.8,19,4,44.4,73.05,38.22,50.06,1828.1,1602,52.953333333333326,73.45666666666665,2111.3666666666672,58.37,71.83
2026-03-06 19:35:00,50.21,72.68,38.15,62.77,1604,2231.6,19,4,57.49,72.87,37.58,59.61,2170.8,1642,50.69999999999999,72.86666666666666,2076.833333333334,50.05,70.71
2026-03-06 19:40:00,41.21,71.78,38.01,46.09,1563,1571.2,19,4,50.21,72.68,38.15,62.77,2231.6,1604,49.636666666666656,72.44333333333331,1991.2000000000007,38.09,70.02
2026-03-06 19:45:00,58.37,71.83,37.74,68.88,1659,2370.1,19,4,41.21,71.78,38.01,46.09,1571.2,1563,49.929999999999986,72.09666666666665,2057.6333333333337,40.73,70.11
2026-03-06 19:50:00,50.05,70.71,37.84,57.84,1559,1968.0,19,4,58.37,71.83,37.74,68.88,2370.1,1659,49.87666666666666,71.43999999999998,1969.7666666666673,51.26,70.84
2026-03-06 19:55:00,38.09,70.02,38.39,49.48,1584,1525.2,19,4,50.05,70.71,37.84,57.84,1968.0,1559,48.83666666666665,70.85333333333331,1954.433333333334,47.71,70.8
2026-03-06 20:00:00,40.73,70.11,37.76,48.73,1530,1763.0,20,4,38.09,70.02,38.39,49.48,1525.2,1584,42.956666666666656,70.27999999999997,1752.0666666666673,52.8,71.64
2026-03-06 20:05:00,51.26,70.84,37.84,54.22,1443,2054.3,20,4,40.73,70.11,37.76,48.73,1763.0,1530,43.35999999999999,70.32333333333332,1780.833333333334,35.0,71.0
2026-03-06 20:10:00,47.71,70.8,37.6,56.44,1584,1813.7,20,4,51.26,70.84,37.84,54.22,2054.3,1443,46.566666666666656,70.58333333333331,1877.0000000000007,47.31,69.63
2026-03-06 20:15:00,52.8,71.64,38.23,48.89,1492,1964.4,20,4,47.71,70.8,37.6,56.44,1813.7,1584,50.589999999999996,71.0933333333333,1944.1333333333341,40.81,68.32
2026-03-06 20:20:00,35.0,71.0,38.02,55.28,1442,1802.1,20,4,52.8,71.64,38.23,48.89,1964.4,1492,45.16999999999999,71.14666666666665,1860.0666666666673,42.22,66.91
2026-03-06 20:25:00,47.31,69.63,38.38,45.48,1442,1768.6,20,4,35.0,71.0,38.02,55.28,1802.1,1442,45.036666666666655,70.75666666666665,1845.033333333334,43.83,64.33
2026-03-06 20:30:00,40.81,68.32,38.12,49.46,1480,1897.6,20,4,47.31,69.63,38.38,45.48,1768.6,1442,41.03999999999999,69.64999999999998,1822.766666666667,44.53,62.77
2026-03-06 20:35:00,42.22,66.91,37.61,44.97,1407,1548.3,20,4,40.81,68.32,38.12,49.46,1897.6,1480,43.44666666666666,68.28666666666665,1738.1666666666672,48.76,63.43
2026-03-06 20:40:00,43.83,64.33,37.8,41.06,1428,1736.0,20,4,42.22,66.91,37.61,44.97,1548.3,1407,42.28666666666666,66.51999999999998,1727.3000000000004,35.29,62.25
2026-03-06 20:45:00,44.53,62.77,38.14,50.02,1340,1591.7,20,4,43.83,64.33,37.8,41.06,1736.0,1428,43.526666666666664,64.66999999999999,1625.333333333334,35.24,62.73
2026-03-06 20:50:00,48.76,63.43,38.07,47.46,1365,1911.7,20,4,44.53,62.77,38.14,50.02,1591.7,1340,45.706666666666656,63.509999999999984,1746.4666666666672,40.57,63.49
2026-03-06 20:55:00,35.29,62.25,38.1,44.12,1330,1455.6,20,4,48.76,63.43,38.07,47.46,1911.7,1365,42.859999999999985,62.81666666666664,1653.0000000000007,46.13,63.52
2026-03-06 21:00:00,35.24,62.73,38.29,43.1,1334,1595.4,21,4,35.29,62.25,38.1,44.12,1455.6,1330,39.76333333333332,62.80333333333331,1654.2333333333343,36.3,63.45
2026-03-06 21:05:00,40.57,63.49,39.36,44.14,1405,1676.8,21,4,35.24,62.73,38.29,43.1,1595.4,1334,37.033333333333324,62.823333333333316,1575.933333333334,42.27,63.55
2026-03-06 21:10:00,46.13,63.52,38.0,48.89,1256,1726.1,21,4,40.57,63.49,39.36,44.14,1676.8,1405,40.64666666666666,63.24666666666665,1666.1000000000006,44.9,62.27
2026-03-06 21:15:00,36.3,63.45,37.7,46.24,1269,1530.4,21,4,46.13,63.52,38.0,48.89,1726.1,1256,40.99999999999999,63.48666666666665,1644.433333333334,43.73,63.08
2026-03-06 21:20:00,42.27,63.55,38.56,30.86,1307,1462.4,21,4,36.3,63.45,37.7,46.24,1530.4,1269,41.56666666666666,63.50666666666665,1572.9666666666672,37.07,63.78
2026-03-06 21:25:00,44.9,62.27,37.9,48.1,1247,1677.0,21,4,42.27,63.55,38.56,30.86,1462.4,1307,41.15666666666666,63.089999999999975,1556.6000000000006,31.12,62.95
2026-03-06 21:30:00,43.73,63.08,37.81,42.53,1222,1588.0,21,4,44.9,62.27,37.9,48.1,1677.0,1247,43.633333333333326,62.96666666666665,1575.8000000000004,40.26,62.74
2026-03-06 21:35:00,37.07,63.78,38.7,31.94,1242,1085.8,21,4,43.73,63.08,37.81,42.53,1588.0,1222,41.899999999999984,63.043333333333315,1450.2666666666673,30.67,63.04
2026-03-06 21:40:00,31.12,62.95,38.24,38.25,1164,1269.4,21,4,37.07,63.78,38.7,31.94,1085.8,1242,37.30666666666666,63.26999999999998,1314.4000000000008,37.1,63.02
2026-03-06 21:45:00,40.26,62.74,38.79,43.87,1133,1398.8,21,4,31.12,62.95,38.24,38.25,1269.4,1164,36.149999999999984,63.156666666666645,1251.333333333334,37.58,63.1
2026-03-06 21:50:00,30.67,63.04,38.4,38.17,1122,1090.3,21,4,40.26,62.74,38.79,43.87,1398.8,1133,34.01666666666666,62.90999999999999,1252.833333333334,36.92,63.31
2026-03-06 21:55:00,37.1,63.02,38.78,37.16,1126,1144.2,21,4,30.67,63.04,38.4,38.17,1090.3,1122,36.00999999999999,62.933333333333316,1211.1000000000006,38.9,63.89
2026-03-06 22:00:00,37.58,63.1,37.8,45.5,1064,1374.7,22,4,37.1,63.02,38.78,37.16,1144.2,1126,35.11666666666665,63.05333333333331,1203.0666666666673,34.08,63.49
2026-03-06 22:05:00,36.92,63.31,38.08,39.15,1138,1112.3,22,4,37.58,63.1,37.8,45.5,1374.7,1064,37.19999999999999,63.14333333333332,1210.4000000000005,34.07,62.58
2026-03-06 22:10:00,38.9,63.89,38.47,35.9,1087,1445.8,22,4,36.92,63.31,38.08,39.15,1112.3,1138,37.79999999999999,63.433333333333316,1310.933333333334,37.73,62.04
2026-03-06 22:15:00,34.08,63.49,38.69,39.22,1090,1312.1,22,4,38.9,63.89,38.47,35.9,1445.8,1087,36.63333333333332,63.56333333333331,1290.0666666666673,32.29,62.12
2026-03-06 22:20:00,34.07,62.58,37.98,38.02,1073,1068.8,22,4,34.08,63.49,38.69,39.22,1312.1,1090,35.683333333333316,63.319999999999986,1275.5666666666673,35.72,60.91
2026-03-06 22:25:00,37.73,62.04,38.38,45.62,1076,1389.1,22,4,34.07,62.58,37.98,38.02,1068.8,1073,35.29333333333332,62.70333333333332,1256.6666666666672,29.4,59.17
2026-03-06 22:30:00,32.29,62.12,38.62,36.93,1044,1144.5,22,4,37.73,62.04,38.38,45.62,1389.1,1076,34.69666666666666,62.24666666666664,1200.8000000000004,31.8,60.31
2026-03-06 22:35:00,35.72,60.91,38.13,33.45,989,1098.0,22,4,32.29,62.12,38.62,36.93,1144.5,1044,35.24666666666666,61.689999999999976,1210.5333333333338,32.93,59.62
2026-03-06 22:40:00,29.4,59.17,38.6,36.03,932,1071.0,22,4,35.72,60.91,38.13,33.45,1098.0,989,32.46999999999999,60.73333333333331,1104.5000000000007,33.7,59.14
2026-03-06 22:45:00,31.8,60.31,38.37,27.24,905,906.8,22,4,29.4,59.17,38.6,36.03,1071.0,932,32.30666666666666,60.129999999999974,1025.2666666666673,32.2,60.0
2026-03-06 22:50:00,32.93,59.62,38.87,38.69,928,1184.8,22,4,31.8,60.31,38.37,27.24,906.8,905,31.376666666666654,59.69999999999998,1054.2000000000005,26.19,60.81
2026-03-06 22:55:00,33.7,59.14,38.74,34.99,955,1152.7,22,4,32.93,59.62,38.87,38.69,1184.8,928,32.809999999999995,59.689999999999976,1081.433333333334,38.88,59.54
2026-03-06 23:00:00,32.2,60.0,38.65,42.81,828,1145.3,23,4,33.7,59.14,38.74,34.99,1152.7,955,32.94333333333333,59.586666666666645,1160.9333333333338,39.85,59.74
2026-03-06 23:05:00,26.19,60.81,38.16,32.24,935,964.3,23,4,32.2,60.0,38.65,42.81,1145.3,828,30.696666666666662,59.98333333333331,1087.433333333334,32.35,59.73
2026-03-06 23:10:00,38.88,59.54,38.55,28.02,863,1050.2,23,4,26.19,60.81,38.16,32.24,964.3,935,32.423333333333325,60.116666666666646,1053.2666666666673,30.16,59.12
2026-03-06 23:15:00,39.85,59.74,38.19,46.33,830,1273.4,23,4,38.88,59.54,38.55,28.02,1050.2,863,34.97333333333333,60.02999999999998,1095.9666666666674,30.92,57.95
2026-03-06 23:20:00,32.35,59.73,38.55,34.58,794,914.9,23,4,39.85,59.74,38.19,46.33,1273.4,830,37.026666666666664,59.66999999999998,1079.5000000000007,34.97,56.89
2026-03-06 23:25:00,30.16,59.12,38.29,40.0,917,1049.8,23,4,32.35,59.73,38.55,34.58,914.9,794,34.11999999999999,59.52999999999998,1079.3666666666672,23.59,56.97
2026-03-06 23:30:00,30.92,57.95,38.92,27.75,758,965.2,23,4,30.16,59.12,38.29,40.0,1049.8,917,31.143333333333327,58.933333333333316,976.6333333333338,29.88,57.48
2026-03-06 23:35:00,34.97,56.89,38.22,32.4,765,957.3,23,4,30.92,57.95,38.92,27.75,965.2,758,32.01666666666666,57.98666666666665,990.7666666666672,33.18,56.98
2026-03-06 23:40:00,23.59,56.97,38.22,27.94,829,777.7,23,4,34.97,56.89,38.22,32.4,957.3,765,29.826666666666657,57.26999999999998,900.0666666666672,26.14,57.46
2026-03-06 23:45:00,29.88,57.48,38.13,31.77,792,987.0,23,4,23.59,56.97,38.22,27.94,777.7,829,29.47999999999999,57.113333333333316,907.3333333333339,27.73,55.49
2026-03-06 23:50:00,33.18,56.98,38.8,31.97,709,932.4,23,4,29.88,57.48,38.13,31.77,987.0,792,28.883333333333326,57.14333333333332,899.0333333333339,23.53,55.66
2026-03-06 23:55:00,26.14,57.46,39.07,31.54,744,883.4,23,4,33.18,56.98,38.8,31.97,932.4,709,29.733333333333324,57.30666666666664,934.2666666666673,22.52,54.22
2026-03-07 00:00:00,27.73,55.49,35.5,27.7,499,553.4,0,5,26.14,57.46,39.07,31.54,883.4,744,29.016666666666662,56.64333333333332,789.7333333333339,19.12,53.4
2026-03-07 00:05:00,23.53,55.66,34.9,26.48,542,573.4,0,5,27.73,55.49,35.5,27.7,553.4,499,25.799999999999994,56.20333333333332,670.0666666666672,31.5,51.89
2026-03-07 00:10:00,22.52,54.22,35.39,16.84,421,385.6,0,5,23.53,55.66,34.9,26.48,573.4,542,24.593333333333323,55.12333333333331,504.13333333333395,16.25,50.66
2026-03-07 00:15:00,19.12,53.4,35.09,17.06,430,529.7,0,5,22.52,54.22,35.39,16.84,385.6,421,21.723333333333326,54.42666666666665,496.233333333334,23.08,49.78
2026-03-07 00:20:00,31.5,51.89,35.89,24.78,519,542.0,0,5,19.12,53.4,35.09,17.06,529.7,430,24.379999999999992,53.16999999999998,485.76666666666733,26.0,49.73
2026-03-07 00:25:00,16.25,50.66,34.97,27.15,469,481.8,0,5,31.5,51.89,35.89,24.78,542.0,519,22.289999999999992,51.98333333333331,517.833333333334,21.16,49.95
2026-03-07 00:30:00,23.08,49.78,35.28,15.92,407,415.0,0,5,16.25,50.66,34.97,27.15,481.8,469,23.60999999999999,50.77666666666664,479.6000000000006,20.01,48.67
2026-03-07 00:35:00,26.0,49.73,35.11,26.4,418,507.9,0,5,23.08,49.78,35.28,15.92,415.0,407,21.776666666666657,50.05666666666665,468.233333333334,19.25,47.1
2026-03-07 00:40:00,21.16,49.95,35.15,20.51,484,458.2,0,5,26.0,49.73,35.11,26.4,507.9,418,23.413333333333327,49.819999999999986,460.36666666666724,21.87,47.92
2026-03-07 00:45:00,20.01,48.67,35.42,26.1,432,526.8,0,5,21.16,49.95,35.15,20.51,458.2,484,22.38999999999999,49.44999999999999,497.63333333333395,20.54,47.81
2026-03-07 00:50:00,19.25,47.1,34.99,22.23,307,414.6,0,5,20.01,48.67,35.42,26.1,526.8,432,20.13999999999999,48.573333333333316,466.5333333333339,18.75,46.97
2026-03-07 00:55:00,21.87,47.92,35.17,24.95,462,515.8,0,5,19.25,47.1,34.99,22.23,414.6,307,20.37666666666666,47.89666666666665,485.73333333333386,18.31,44.87
2026-03-07 01:00:00,20.54,47.81,34.77,15.09,310,313.9,1,5,21.87,47.92,35.17,24.95,515.8,462,20.553333333333324,47.609999999999985,414.7666666666673,22.91,44.05
2026-03-07 01:05:00,18.75,46.97,35.02,65.14,385,534.5,1,5,20.54,47.81,34.77,15.09,313.9,310,20.38666666666666,47.566666666666656,454.73333333333386,28.66,44.26
2026-03-07 01:10:00,18.31,44.87,35.38,25.97,330,311.6,1,5,18.75,46.97,35.02,65.14,534.5,385,19.199999999999992,46.549999999999976,386.66666666666725,24.68,43.49
2026-03-07 01:15:00,22.91,44.05,35.46,17.86,370,360.0,1,5,18.31,44.87,35.38,25.97,311.6,330,19.98999999999999,45.296666666666646,402.0333333333339,20.92,44.67
2026-03-07 01:20:00,28.66,44.26,35.39,19.49,366,467.2,1,5,22.91,44.05,35.46,17.86,360.0,370,23.293333333333326,44.39333333333331,379.6000000000006,25.66,43.21
2026-03-07 01:25:00,24.68,43.49,35.05,25.28,305,397.1,1,5,28.66,44.26,35.39,19.49,467.2,366,25.416666666666657,43.933333333333316,408.1000000000006,19.23,43.72
2026-03-07 01:30:00,20.92,44.67,34.89,25.31,281,285.5,1,5,24.68,43.49,35.05,25.28,397.1,305,24.753333333333327,44.139999999999986,383.2666666666673,22.16,45.04
2026-03-07 01:35:00,25.66,43.21,35.13,10.56,362,372.5,1,5,20.92,44.67,34.89,25.31,285.5,281,23.75333333333333,43.789999999999985,351.70000000000056,26.99,45.9
2026-03-07 01:40:00,19.23,43.72,35.03,16.43,296,369.0,1,5,25.66,43.21,35.13,10.56,372.5,362,21.936666666666657,43.866666666666646,342.33333333333394,18.4,45.38
2026-03-07 01:45:00,22.16,45.04,35.18,24.93,351,463.6,1,5,19.23,43.72,35.03,16.43,369.0,296,22.349999999999994,43.98999999999998,401.70000000000067,22.64,45.75
2026-03-07 01:50:00,26.99,45.9,35.57,21.75,388,372.1,1,5,22.16,45.04,35.18,24.93,463.6,351,22.793333333333326,44.88666666666665,401.5666666666673,20.03,45.85
2026-03-07 01:55:00,18.4,45.38,35.12,15.29,297,404.0,1,5,26.99,45.9,35.57,21.75,372.1,388,22.516666666666655,45.439999999999976,413.233333333334,16.82,45.83
2026-03-07 02:00:00,22.64,45.75,35.06,20.25,333,315.3,2,5,18.4,45.38,35.12,15.29,404.0,297,22.67666666666666,45.67666666666665,363.80000000000064,19.45,44.91
2026-03-07 02:05:00,20.03,45.85,35.18,19.88,308,363.7,2,5,22.64,45.75,35.06,20.25,315.3,333,20.35666666666666,45.659999999999975,361.0000000000006,22.15,45.5
2026-03-07 02:10:00,16.82,45.83,35.39,19.31,339,339.5,2,5,20.03,45.85,35.18,19.88,363.7,308,19.829999999999995,45.80999999999998,339.5000000000006,23.1,45.47
2026-03-07 02:15:00,19.45,44.91,35.07,24.66,311,338.9,2,5,16.82,45.83,35.39,19.31,339.5,339,18.76666666666666,45.52999999999998,347.36666666666724,21.98,44.85
2026-03-07 02:20:00,22.15,45.5,35.5,13.49,401,485.1,2,5,19.45,44.91,35.07,24.66,338.9,311,19.473333333333326,45.41333333333332,387.83333333333394,27.73,44.98
2026-03-07 02:25:00,23.1,45.47,35.12,17.24,341,397.5,2,5,22.15,45.5,35.5,13.49,485.1,401,21.566666666666663,45.293333333333315,407.16666666666725,26.19,44.96
2026-03-07 02:30:00,21.98,44.85,35.23,11.25,251,294.5,2,5,23.1,45.47,35.12,17.24,397.5,341,22.409999999999993,45.27333333333331,392.3666666666673,19.58,45.89
2026-03-07 02:35:00,27.73,44.98,35.21,19.04,299,338.2,2,5,21.98,44.85,35.23,11.25,294.5,251,24.269999999999992,45.09999999999997,343.40000000000055,18.06,45.95
2026-03-07 02:40:00,26.19,44.96,35.21,20.84,308,325.6,2,5,27.73,44.98,35.21,19.04,338.2,299,25.299999999999994,44.92999999999998,319.4333333333339,20.95,46.03
2026-03-07 02:45:00,19.58,45.89,35.48,20.58,313,297.5,2,5,26.19,44.96,35.21,20.84,325.6,308,24.49999999999999,45.27666666666664,320.4333333333339,18.79,44.96
2026-03-07 02:50:00,18.06,45.95,35.22,18.5,302,389.5,2,5,19.58,45.89,35.48,20.58,297.5,313,21.27666666666666,45.59999999999999,337.5333333333339,18.16,43.97
2026-03-07 02:55:00,20.95,46.03,35.65,13.4,307,401.9,2,5,18.06,45.95,35.22,18.5,389.5,302,19.52999999999999,45.95666666666665,362.9666666666673,24.85,43.19
2026-03-07 03:00:00,18.79,44.96,35.64,16.64,268,262.3,3,5,20.95,46.03,35.65,13.4,401.9,307,19.266666666666655,45.64666666666665,351.233333333334,22.38,43.82
2026-03-07 03:05:00,18.16,43.97,35.51,24.01,351,367.0,3,5,18.79,44.96,35.64,16.64,262.3,268,19.299999999999994,44.98666666666665,343.733333333334,17.0,43.93
2026-03-07 03:10:00,24.85,43.19,35.68,8.78,268,329.1,3,5,18.16,43.97,35.51,24.01,367.0,351,20.59999999999999,44.039999999999985,319.4666666666673,26.79,43.55
2026-03-07 03:15:00,22.38,43.82,35.09,17.93,258,254.0,3,5,24.85,43.19,35.68,8.78,329.1,268,21.796666666666656,43.659999999999975,316.70000000000067,22.98,43.66
2026-03-07 03:20:00,17.0,43.93,36.02,24.11,250,330.5,3,5,22.38,43.82,35.09,17.93,254.0,258,21.409999999999993,43.64666666666665,304.533333333334,16.51,43.83
2026-03-07 03:25:00,26.79,43.55,35.62,18.27,237,269.9,3,5,17.0,43.93,36.02,24.11,330.5,250,22.056666666666658,43.766666666666644,284.8000000000006,29.28,61.63
2026-03-07 03:30:00,22.98,43.66,35.34,18.86,250,302.3,3,5,26.79,43.55,35.62,18.27,269.9,237,22.25666666666666,43.71333333333331,300.9000000000006,15.42,43.45
2026-03-07 03:35:00,16.51,43.83,35.52,20.31,324,296.3,3,5,22.98,43.66,35.34,18.86,302.3,250,22.09333333333333,43.67999999999998,289.5000000000006,16.58,42.26
2026-03-07 03:40:00,29.28,61.63,34.97,25.63,306,371.0,3,5,16.51,43.83,35.52,20.31,296.3,324,22.92333333333333,49.70666666666665,323.20000000000056,22.73,42.54
2026-03-07 03:45:00,15.42,43.45,36.02,19.44,224,289.0,3,5,29.28,61.63,34.97,25.63,371.0,306,20.403333333333325,49.636666666666656,318.7666666666673,17.49,40.81
2026-03-07 03:50:00,16.58,42.26,35.97,22.19,239,297.7,3,5,15.42,43.45,36.02,19.44,289.0,224,20.42666666666666,49.113333333333316,319.233333333334,21.28,40.97
2026-03-07 03:55:00,22.73,42.54,35.27,15.76,290,268.9,3,5,16.58,42.26,35.97,22.19,297.7,239,18.243333333333325,42.74999999999998,285.2000000000006,24.81,41.54
2026-03-07 04:00:00,17.49,40.81,35.53,14.63,232,293.1,4,5,22.73,42.54,35.27,15.76,268.9,290,18.933333333333323,41.86999999999998,286.56666666666723,21.77,40.95
2026-03-07 04:05:00,21.28,40.97,35.62,19.38,374,390.8,4,5,17.49,40.81,35.53,14.63,293.1,232,20.49999999999999,41.439999999999976,317.6000000000006,19.25,41.3
2026-03-07 04:10:00,24.81,41.54,35.52,18.07,270,282.4,4,5,21.28,40.97,35.62,19.38,390.8,374,21.193333333333324,41.10666666666665,322.1000000000006,18.68,41.52
2026-03-07 04:15:00,21.77,40.95,35.65,14.17,247,287.2,4,5,24.81,41.54,35.52,18.07,282.4,270,22.61999999999999,41.153333333333315,320.13333333333395,23.78,41.56
2026-03-07 04:20:00,19.25,41.3,35.29,4.38,240,295.9,4,5,21.77,40.95,35.65,14.17,287.2,247,21.943333333333324,41.263333333333314,288.50000000000057,15.55,42.04
2026-03-07 04:25:00,18.68,41.52,36.02,21.4,220,280.5,4,5,19.25,41.3,35.29,4.38,295.9,240,19.89999999999999,41.25666666666665,287.86666666666724,23.39,42.1
2026-03-07 04:30:00,23.78,41.56,36.02,13.11,321,353.1,4,5,18.68,41.52,36.02,21.4,280.5,220,20.569999999999993,41.45999999999998,309.83333333333394,24.71,42.51
2026-03-07 04:35:00,15.55,42.04,35.9,18.62,239,262.3,4,5,23.78,41.56,36.02,13.11,353.1,321,19.33666666666666,41.70666666666665,298.63333333333395,18.23,43.56
2026-03-07 04:40:00,23.39,42.1,35.67,22.3,253,341.5,4,5,15.55,42.04,35.9,18.62,262.3,239,20.90666666666666,41.899999999999984,318.9666666666673,19.05,44.25
2026-03-07 04:45:00,24.71,42.51,35.52,22.73,359,360.7,4,5,23.39,42.1,35.67,22.3,341.5,253,21.216666666666658,42.21666666666665,321.5000000000006,22.2,44.86
2026-03-07 04:50:00,18.23,43.56,35.4,23.61,256,343.9,4,5,24.71,42.51,35.52,22.73,360.7,359,22.109999999999996,42.72333333333332,348.70000000000056,23.38,44.73
2026-03-07 04:55:00,19.05,44.25,35.69,18.59,323,291.5,4,5,18.23,43.56,35.4,23.61,343.9,256,20.663333333333327,43.439999999999976,332.0333333333339,23.52,43.54
2026-03-07 05:00:00,22.2,44.86,35.43,26.02,292,364.3,5,5,19.05,44.25,35.69,18.59,291.5,323,19.826666666666657,44.22333333333332,333.233333333334,13.84,43.77
2026-03-07 05:05:00,23.38,44.73,35.7,16.67,325,374.9,5,5,22.2,44.86,35.43,26.02,364.3,292,21.543333333333322,44.613333333333316,343.5666666666673,17.61,44.1
2026-03-07 05:10:00,23.52,43.54,36.42,18.44,273,283.9,5,5,23.38,44.73,35.7,16.67,374.9,325,23.033333333333328,44.376666666666644,341.0333333333339,23.43,44.97
2026-03-07 05:15:00,13.84,43.77,36.57,22.86,331,425.8,5,5,23.52,43.54,36.42,18.44,283.9,273,20.24666666666666,44.013333333333314,361.5333333333339,27.31,45.29
2026-03-07 05:20:00,17.61,44.1,35.75,15.84,341,339.7,5,5,13.84,43.77,36.57,22.86,425.8,331,18.323333333333323,43.80333333333331,349.8000000000006,27.96,46.33
2026-03-07 05:25:00,23.43,44.97,35.95,20.82,373,511.2,5,5,17.61,44.1,35.75,15.84,339.7,341,18.293333333333326,44.27999999999998,425.5666666666673,28.41,45.66
2026-03-07 05:30:00,27.31,45.29,35.8,17.02,292,363.9,5,5,23.43,44.97,35.95,20.82,511.2,373,22.783333333333328,44.786666666666655,404.9333333333339,20.81,45.76
2026-03-07 05:35:00,27.96,46.33,36.57,30.1,382,417.2,5,5,27.31,45.29,35.8,17.02,363.9,292,26.233333333333324,45.52999999999998,430.7666666666673,23.28,45.15
2026-03-07 05:40:00,28.41,45.66,36.04,20.2,400,485.1,5,5,27.96,46.33,36.57,30.1,417.2,382,27.893333333333327,45.759999999999984,422.0666666666673,21.59,45.47
2026-03-07 05:45:00,20.81,45.76,36.17,23.44,339,387.9,5,5,28.41,45.66,36.04,20.2,485.1,400,25.72666666666666,45.91666666666665,430.0666666666673,23.62,44.61
2026-03-07 05:50:00,23.28,45.15,35.55,27.18,412,541.7,5,5,20.81,45.76,36.17,23.44,387.9,339,24.166666666666657,45.52333333333331,471.5666666666673,36.43,53.95
2026-03-07 05:55:00,21.59,45.47,35.99,23.81,431,386.6,5,5,23.28,45.15,35.55,27.18,541.7,412,21.893333333333327,45.45999999999998,438.73333333333403,26.56,45.28
2026-03-07 06:00:00,23.62,44.61,36.0,25.31,340,442.6,6,5,21.59,45.47,35.99,23.81,386.6,431,22.829999999999995,45.076666666666654,456.9666666666673,23.6,44.95
2026-03-07 06:05:00,36.43,53.95,35.62,37.66,587,529.8,6,5,23.62,44.61,36.0,25.31,442.6,340,27.213333333333324,48.009999999999984,453.0000000000006,25.22,45.35
2026-03-07 06:10:00,26.56,45.28,36.12,21.73,423,426.7,6,5,36.43,53.95,35.62,37.66,529.8,587,28.86999999999999,47.94666666666665,466.36666666666724,19.11,44.57
2026-03-07 06:15:00,23.6,44.95,36.37,23.85,371,444.2,6,5,26.56,45.28,36.12,21.73,426.7,423,28.863333333333326,48.05999999999998,466.90000000000055,20.56,43.49
2026-03-07 06:20:00,25.22,45.35,35.44,31.54,455,514.3,6,5,23.6,44.95,36.37,23.85,444.2,371,25.126666666666654,45.19333333333332,461.73333333333386,20.89,44.61
2026-03-07 06:25:00,19.11,44.57,36.06,15.67,380,356.5,6,5,25.22,45.35,35.44,31.54,514.3,455,22.64333333333332,44.95666666666665,438.33333333333394,29.44,44.66
2026-03-07 06:30:00,20.56,43.49,35.81,18.84,412,467.3,6,5,19.11,44.57,36.06,15.67,356.5,380,21.629999999999992,44.46999999999998,446.0333333333339,22.98,44.44
2026-03-07 06:35:00,20.89,44.61,36.04,19.95,381,408.4,6,5,20.56,43.49,35.81,18.84,467.3,412,20.186666666666657,44.22333333333332,410.733333333334,25.98,44.42
2026-03-07 06:40:00,29.44,44.66,35.8,22.35,428,483.6,6,5,20.89,44.61,36.04,19.95,408.4,381,23.629999999999992,44.25333333333331,453.1000000000006,29.42,44.93
2026-03-07 06:45:00,22.98,44.44,35.53,31.55,451,574.6,6,5,29.44,44.66,35.8,22.35,483.6,428,24.436666666666657,44.56999999999997,488.8666666666673,22.2,46.0
2026-03-07 06:50:00,25.98,44.42,36.19,19.51,418,471.0,6,5,22.98,44.44,35.53,31.55,574.6,451,26.133333333333326,44.50666666666665,509.733333333334,22.75,45.44
2026-03-07 06:55:00,29.42,44.93,36.34,29.8,465,632.9,6,5,25.98,44.42,36.19,19.51,471.0,418,26.12666666666666,44.59666666666666,559.5000000000006,22.32,45.97
2026-03-07 07:00:00,22.2,46.0,36.09,27.19,494,573.4,7,5,29.42,44.93,36.34,29.8,632.9,465,25.866666666666656,45.11666666666665,559.1000000000006,20.92,46.21
2026-03-07 07:05:00,22.75,45.44,36.0,17.58,500,498.8,7,5,22.2,46.0,36.09,27.19,573.4,494,24.789999999999992,45.45666666666665,568.3666666666672,34.93,45.05
2026-03-07 07:10:00,22.32,45.97,35.89,17.15,425,466.2,7,5,22.75,45.44,36.0,17.58,498.8,500,22.42333333333332,45.80333333333331,512.8000000000005,24.64,45.11
2026-03-07 07:15:00,20.92,46.21,35.77,25.98,439,564.1,7,5,22.32,45.97,35.89,17.15,466.2,425,21.99666666666666,45.87333333333331,509.70000000000056,28.31,46.28
2026-03-07 07:20:00,34.93,45.05,35.93,24.76,542,720.7,7,5,20.92,46.21,35.77,25.98,564.1,439,26.056666666666658,45.74333333333331,583.6666666666673,28.92,47.64
2026-03-07 07:25:00,24.64,45.11,36.06,23.67,583,790.3,7,5,34.93,45.05,35.93,24.76,720.7,542,26.829999999999995,45.45666666666665,691.7000000000006,38.41,59.88
2026-03-07 07:30:00,28.31,46.28,36.05,34.51,561,618.5,7,5,24.64,45.11,36.06,23.67,790.3,583,29.293333333333322,45.47999999999998,709.8333333333339,30.14,48.17
2026-03-07 07:35:00,28.92,47.64,36.16,21.25,576,594.5,7,5,28.31,46.28,36.05,34.51,618.5,561,27.289999999999992,46.34333333333331,667.7666666666672,27.64,49.06
2026-03-07 07:40:00,38.41,59.88,36.52,30.43,878,769.3,7,5,28.92,47.64,36.16,21.25,594.5,576,31.879999999999992,51.26666666666665,660.7666666666673,26.71,49.57
2026-03-07 07:45:00,30.14,48.17,36.45,21.99,617,652.6,7,5,38.41,59.88,36.52,30.43,769.3,878,32.48999999999999,51.89666666666665,672.133333333334,20.77,49.49
2026-03-07 07:50:00,27.64,49.06,36.45,30.41,571,742.9,7,5,30.14,48.17,36.45,21.99,652.6,617,32.063333333333325,52.36999999999998,721.6000000000007,25.92,49.63
2026-03-07 07:55:00,26.71,49.57,36.04,34.55,623,667.7,7,5,27.64,49.06,36.45,30.41,742.9,571,28.163333333333327,48.933333333333316,687.7333333333339,28.31,49.6
2026-03-07 08:00:00,20.77,49.49,35.87,20.57,556,582.8,8,5,26.71,49.57,36.04,34.55,667.7,623,25.039999999999992,49.37333333333331,664.4666666666673,26.36,48.97
2026-03-07 08:05:00,25.92,49.63,36.06,27.7,592,718.5,8,5,20.77,49.49,35.87,20.57,582.8,556,24.466666666666658,49.56333333333331,656.3333333333339,26.88,50.23
2026-03-07 08:10:00,28.31,49.6,36.04,26.32,659,836.1,8,5,25.92,49.63,36.06,27.7,718.5,592,24.99999999999999,49.57333333333332,712.4666666666673,30.01,50.36
2026-03-07 08:15:00,26.36,48.97,36.18,32.3,552,749.3,8,5,28.31,49.6,36.04,26.32,836.1,659,26.863333333333326,49.39999999999998,767.9666666666672,33.25,50.71
2026-03-07 08:20:00,26.88,50.23,36.47,26.7,596,606.6,8,5,26.36,48.97,36.18,32.3,749.3,552,27.183333333333323,49.59999999999999,730.6666666666673,29.05,50.12
2026-03-07 08:25:00,30.01,50.36,36.22,27.13,628,698.1,8,5,26.88,50.23,36.47,26.7,606.6,596,27.74999999999999,49.85333333333332,684.6666666666673,27.55,51.21
2026-03-07 08:30:00,33.25,50.71,36.04,28.16,684,955.4,8,5,30.01,50.36,36.22,27.13,698.1,628,30.046666666666656,50.433333333333316,753.3666666666672,28.58,50.36
2026-03-07 08:35:00,29.05,50.12,36.14,24.95,655,680.4,8,5,33.25,50.71,36.04,28.16,955.4,684,30.769999999999992,50.39666666666665,777.9666666666673,25.52,50.03
2026-03-07 08:40:00,27.55,51.21,36.36,29.57,718,677.4,8,5,29.05,50.12,36.14,24.95,680.4,655,29.94999999999999,50.67999999999998,771.0666666666672,30.0,50.36
2026-03-07 08:45:00,28.58,50.36,36.33,25.42,727,921.4,8,5,27.55,51.21,36.36,29.57,677.4,718,28.393333333333327,50.56333333333331,759.7333333333339,32.5,50.37
2026-03-07 08:50:00,25.52,50.03,36.34,27.47,701,864.9,8,5,28.58,50.36,36.33,25.42,921.4,727,27.216666666666658,50.53333333333331,821.2333333333339,35.17,51.86
2026-03-07 08:55:00,30.0,50.36,36.11,32.12,792,810.3,8,5,25.52,50.03,36.34,27.47,864.9,701,28.03333333333332,50.24999999999998,865.5333333333339,28.47,52.56
2026-03-07 09:00:00,32.5,50.37,36.03,34.2,754,1002.4,9,5,30.0,50.36,36.11,32.12,810.3,792,29.33999999999999,50.25333333333331,892.5333333333339,26.8,52.58
2026-03-07 09:05:00,35.17,51.86,36.72,30.17,783,995.3,9,5,32.5,50.37,36.03,34.2,1002.4,754,32.55666666666666,50.863333333333316,936.0000000000006,35.36,54.23
2026-03-07 09:10:00,28.47,52.56,36.09,26.6,705,684.2,9,5,35.17,51.86,36.72,30.17,995.3,783,32.04666666666666,51.59666666666664,893.9666666666673,31.96,54.19
2026-03-07 09:15:00,26.8,52.58,36.55,30.15,846,814.8,9,5,28.47,52.56,36.09,26.6,684.2,705,30.146666666666658,52.333333333333314,831.433333333334,35.72,54.4
2026-03-07 09:20:00,35.36,54.23,36.48,33.19,836,929.8,9,5,26.8,52.58,36.55,30.15,814.8,846,30.20999999999999,53.12333333333331,809.6000000000007,26.36,54.65
2026-03-07 09:25:00,31.96,54.19,36.56,26.77,775,952.3,9,5,35.36,54.23,36.48,33.19,929.8,836,31.373333333333324,53.66666666666665,898.9666666666672,30.6,55.1
2026-03-07 09:30:00,35.72,54.4,36.02,28.21,834,897.6,9,5,31.96,54.19,36.56,26.77,952.3,775,34.34666666666666,54.27333333333331,926.5666666666672,28.65,55.61
2026-03-07 09:35:00,26.36,54.65,36.25,29.43,794,863.7,9,5,35.72,54.4,36.02,28.21,897.6,834,31.346666666666653,54.41333333333332,904.5333333333339,26.62,56.36
2026-03-07 09:40:00,30.6,55.1,36.34,38.59,823,938.8,9,5,26.36,54.65,36.25,29.43,863.7,794,30.893333333333327,54.71666666666665,900.0333333333339,29.59,55.44
2026-03-07 09:45:00,28.65,55.61,36.83,33.3,910,913.4,9,5,30.6,55.1,36.34,38.59,938.8,823,28.536666666666658,55.119999999999976,905.3000000000006,32.15,99.0
2026-03-07 09:50:00,26.62,56.36,36.59,43.87,816,1140.6,9,5,28.65,55.61,36.83,33.3,913.4,910,28.623333333333324,55.689999999999976,997.6000000000005,34.93,56.14
2026-03-07 09:55:00,29.59,55.44,36.52,41.63,921,1178.8,9,5,26.62,56.36,36.59,43.87,1140.6,816,28.286666666666658,55.80333333333331,1077.6000000000006,34.05,57.31
2026-03-07 10:00:00,32.15,99.0,36.41,27.48,900,847.0,10,5,29.59,55.44,36.52,41.63,1178.8,921,29.453333333333322,70.26666666666664,1055.4666666666672,25.89,57.55
2026-03-07 10:05:00,34.93,56.14,36.69,32.53,933,1224.5,10,5,32.15,99.0,36.41,27.48,847.0,900,32.22333333333332,70.19333333333331,1083.433333333334,35.94,57.48
2026-03-07 10:10:00,34.05,57.31,36.3,33.53,925,873.4,10,5,34.93,56.14,36.69,32.53,1224.5,933,33.70999999999999,70.81666666666665,981.6333333333338,30.84,57.58
2026-03-07 10:15:00,25.89,57.55,35.88,28.85,915,853.5,10,5,34.05,57.31,36.3,33.53,873.4,925,31.623333333333324,56.99999999999998,983.8000000000005,38.09,57.29
2026-03-07 10:20:00,35.94,57.48,36.47,32.11,983,910.8,10,5,25.89,57.55,35.88,28.85,853.5,915,31.95999999999999,57.44666666666665,879.2333333333339,35.92,56.62
2026-03-07 10:25:00,30.84,57.58,36.52,32.98,937,903.1,10,5,35.94,57.48,36.47,32.11,910.8,983,30.88999999999999,57.53666666666664,889.1333333333338,41.41,57.13
2026-03-07 10:30:00,38.09,57.29,36.66,36.96,1015,1091.6,10,5,30.84,57.58,36.52,32.98,903.1,937,34.956666666666656,57.44999999999998,968.5000000000006,28.69,56.86
2026-03-07 10:35:00,35.92,56.62,36.48,29.08,961,1356.6,10,5,38.09,57.29,36.66,36.96,1091.6,1015,34.949999999999996,57.16333333333332,1117.1000000000006,28.84,57.0
2026-03-07 10:40:00,41.41,57.13,36.77,36.33,1020,1086.2,10,5,35.92,56.62,36.48,29.08,1356.6,961,38.47333333333332,57.013333333333314,1178.133333333334,33.79,57.2
2026-03-07 10:45:00,28.69,56.86,36.82,33.13,1030,1207.1,10,5,41.41,57.13,36.77,36.33,1086.2,1020,35.33999999999999,56.86999999999998,1216.633333333334,30.73,57.33
2026-03-07 10:50:00,28.84,57.0,36.74,39.69,1068,996.9,10,5,28.69,56.86,36.82,33.13,1207.1,1030,32.97999999999999,56.99666666666665,1096.733333333334,47.99,59.06
2026-03-07 10:55:00,33.79,57.2,35.92,35.9,1052,1007.1,10,5,28.84,57.0,36.74,39.69,996.9,1068,30.439999999999987,57.01999999999998,1070.3666666666672,38.08,59.31
2026-03-07 11:00:00,30.73,57.33,36.65,34.29,1036,973.8,11,5,33.79,57.2,35.92,35.9,1007.1,1052,31.11999999999999,57.17666666666665,992.6000000000007,30.83,59.03
2026-03-07 11:05:00,47.99,59.06,36.76,51.42,1084,1498.4,11,5,30.73,57.33,36.65,34.29,973.8,1036,37.50333333333332,57.863333333333316,1159.7666666666673,38.2,60.17
2026-03-07 11:10:00,38.08,59.31,36.8,43.84,1099,1447.8,11,5,47.99,59.06,36.76,51.42,1498.4,1084,38.93333333333332,58.56666666666664,1306.6666666666672,31.57,58.85
2026-03-07 11:15:00,30.83,59.03,36.33,32.67,1122,1095.2,11,5,38.08,59.31,36.8,43.84,1447.8,1099,38.96666666666666,59.13333333333332,1347.133333333334,36.44,59.74
2026-03-07 11:20:00,38.2,60.17,36.58,42.85,1097,1470.2,11,5,30.83,59.03,36.33,32.67,1095.2,1122,35.703333333333326,59.50333333333331,1337.733333333334,39.32,61.18
2026-03-07 11:25:00,31.57,58.85,36.26,30.34,1062,1172.7,11,5,38.2,60.17,36.58,42.85,1470.2,1097,33.533333333333324,59.34999999999999,1246.033333333334,37.38,60.37
2026-03-07 11:30:00,36.44,59.74,36.76,38.09,1027,1301.3,11,5,31.57,58.85,36.26,30.34,1172.7,1062,35.40333333333333,59.586666666666645,1314.733333333334,38.82,59.48
2026-03-07 11:35:00,39.32,61.18,36.48,43.14,1051,1395.3,11,5,36.44,59.74,36.76,38.09,1301.3,1027,35.77666666666666,59.92333333333332,1289.7666666666673,45.45,60.82
2026-03-07 11:40:00,37.38,60.37,36.37,41.82,1144,1321.6,11,5,39.32,61.18,36.48,43.14,1395.3,1051,37.71333333333332,60.429999999999986,1339.4000000000005,46.72,60.55
2026-03-07 11:45:00,38.82,59.48,36.79,44.41,1105,1367.1,11,5,37.38,60.37,36.37,41.82,1321.6,1144,38.50666666666665,60.34333333333331,1361.333333333334,40.88,60.39
2026-03-07 11:50:00,45.45,60.82,36.8,47.19,1211,1693.8,11,5,38.82,59.48,36.79,44.41,1367.1,1105,40.54999999999999,60.22333333333331,1460.833333333334,38.44,60.38
2026-03-07 11:55:00,46.72,60.55,37.1,38.37,1097,1476.9,11,5,45.45,60.82,36.8,47.19,1693.8,1211,43.66333333333333,60.28333333333331,1512.6000000000006,37.89,61.32
2026-03-07 12:00:00,40.88,60.39,36.66,50.43,1104,1483.5,12,5,46.72,60.55,37.1,38.37,1476.9,1097,44.349999999999994,60.586666666666645,1551.4000000000005,49.0,62.36
2026-03-07 12:05:00,38.44,60.38,36.79,39.87,1199,1327.6,12,5,40.88,60.39,36.66,50.43,1483.5,1104,42.01333333333332,60.439999999999976,1429.333333333334,46.38,63.27
2026-03-07 12:10:00,37.89,61.32,36.37,35.72,1220,1117.0,12,5,38.44,60.38,36.79,39.87,1327.6,1199,39.06999999999999,60.69666666666665,1309.3666666666672,40.74,64.05
2026-03-07 12:15:00,49.0,62.36,37.4,48.0,1172,1546.7,12,5,37.89,61.32,36.37,35.72,1117.0,1220,41.776666666666664,61.35333333333332,1330.433333333334,41.32,63.6
2026-03-07 12:20:00,46.38,63.27,36.72,40.1,1157,1593.6,12,5,49.0,62.36,37.4,48.0,1546.7,1172,44.423333333333325,62.316666666666656,1419.1000000000006,43.0,64.61
2026-03-07 12:25:00,40.74,64.05,36.89,50.49,1286,1726.8,12,5,46.38,63.27,36.72,40.1,1593.6,1157,45.37333333333333,63.22666666666665,1622.3666666666675,49.53,64.28
2026-03-07 12:30:00,41.32,63.6,36.4,53.25,1201,1591.1,12,5,40.74,64.05,36.89,50.49,1726.8,1286,42.813333333333325,63.63999999999998,1637.1666666666672,43.6,65.72
2026-03-07 12:35:00,43.0,64.61,36.35,37.33,1230,1426.2,12,5,41.32,63.6,36.4,53.25,1591.1,1201,41.68666666666666,64.08666666666664,1581.366666666667,39.0,66.09
2026-03-07 12:40:00,49.53,64.28,36.84,49.33,1297,1744.1,12,5,43.0,64.61,36.35,37.33,1426.2,1230,44.61666666666665,64.16333333333331,1587.133333333334,42.01,67.29
2026-03-07 12:45:00,43.6,65.72,36.8,44.64,1288,1543.5,12,5,49.53,64.28,36.84,49.33,1744.1,1297,45.37666666666666,64.86999999999999,1571.2666666666673,43.83,66.66
2026-03-07 12:50:00,39.0,66.09,36.65,44.93,1241,1528.1,12,5,43.6,65.72,36.8,44.64,1543.5,1288,44.04333333333332,65.36333333333332,1605.2333333333338,35.92,68.12
2026-03-07 12:55:00,42.01,67.29,36.62,43.44,1278,1537.3,12,5,39.0,66.09,36.65,44.93,1528.1,1241,41.536666666666655,66.36666666666666,1536.3000000000004,44.53,67.02
2026-03-07 13:00:00,43.83,66.66,36.49,48.12,1255,1720.4,13,5,42.01,67.29,36.62,43.44,1537.3,1278,41.61333333333332,66.67999999999999,1595.266666666667,42.79,66.28
2026-03-07 13:05:00,35.92,68.12,36.81,37.65,1307,1439.7,13,5,43.83,66.66,36.49,48.12,1720.4,1255,40.58666666666666,67.35666666666664,1565.8000000000009,32.08,66.25
2026-03-07 13:10:00,44.53,67.02,37.1,49.8,1316,1824.0,13,5,35.92,68.12,36.81,37.65,1439.7,1307,41.426666666666655,67.26666666666664,1661.3666666666675,46.26,66.56
2026-03-07 13:15:00,42.79,66.28,37.69,45.64,1242,1468.4,13,5,44.53,67.02,37.1,49.8,1824.0,1316,41.07999999999999,67.13999999999997,1577.3666666666675,38.99,66.74
2026-03-07 13:20:00,32.08,66.25,37.42,43.47,1348,1536.0,13,5,42.79,66.28,37.69,45.64,1468.4,1242,39.79999999999999,66.51666666666665,1609.4666666666674,38.15,66.86
2026-03-07 13:25:00,46.26,66.56,37.08,50.63,1394,1880.4,13,5,32.08,66.25,37.42,43.47,1536.0,1348,40.37666666666666,66.36333333333332,1628.2666666666673,37.43,65.51
2026-03-07 13:30:00,38.99,66.74,37.01,42.97,1277,1419.8,13,5,46.26,66.56,37.08,50.63,1880.4,1394,39.10999999999999,66.51666666666665,1612.0666666666673,44.02,65.94
2026-03-07 13:35:00,38.15,66.86,36.94,45.42,1323,1350.2,13,5,38.99,66.74,37.01,42.97,1419.8,1277,41.13333333333332,66.71999999999998,1550.133333333334,41.17,67.2
2026-03-07 13:40:00,37.43,65.51,37.3,38.1,1275,1214.6,13,5,38.15,66.86,36.94,45.42,1350.2,1323,38.18999999999999,66.36999999999999,1328.2000000000007,29.06,66.9
2026-03-07 13:45:00,44.02,65.94,36.84,50.88,1339,1413.2,13,5,37.43,65.51,37.3,38.1,1214.6,1275,39.86666666666665,66.10333333333331,1326.0000000000007,38.03,66.36
2026-03-07 13:50:00,41.17,67.2,36.75,48.24,1371,1697.2,13,5,44.02,65.94,36.84,50.88,1413.2,1339,40.87333333333333,66.21666666666665,1441.6666666666672,37.73,65.69
2026-03-07 13:55:00,29.06,66.9,37.06,31.74,1331,1209.1,13,5,41.17,67.2,36.75,48.24,1697.2,1371,38.08333333333332,66.67999999999998,1439.833333333334,38.35,66.25
2026-03-07 14:00:00,38.03,66.36,37.2,52.25,1340,1773.9,14,5,29.06,66.9,37.06,31.74,1209.1,1331,36.08666666666666,66.82,1560.0666666666673,38.0,66.16
2026-03-07 14:05:00,37.73,65.69,36.88,39.4,1373,1440.6,14,5,38.03,66.36,37.2,52.25,1773.9,1340,34.93999999999999,66.31666666666665,1474.533333333334,41.62,66.46
2026-03-07 14:10:00,38.35,66.25,36.92,38.51,1302,1267.1,14,5,37.73,65.69,36.88,39.4,1440.6,1373,38.036666666666655,66.09999999999998,1493.866666666667,47.15,66.22
2026-03-07 14:15:00,38.0,66.16,37.42,41.91,1283,1230.6,14,5,38.35,66.25,36.92,38.51,1267.1,1302,38.02666666666666,66.0333333333333,1312.7666666666673,48.77,66.14
2026-03-07 14:20:00,41.62,66.46,36.47,44.73,1383,1448.5,14,5,38.0,66.16,37.42,41.91,1230.6,1283,39.32333333333332,66.28999999999998,1315.4000000000005,42.07,66.43
2026-03-07 14:25:00,47.15,66.22,37.1,51.78,1397,1786.0,14,5,41.62,66.46,36.47,44.73,1448.5,1383,42.25666666666665,66.27999999999999,1488.3666666666675,38.78,66.84
2026-03-07 14:30:00,48.77,66.14,37.26,51.07,1439,1945.6,14,5,47.15,66.22,37.1,51.78,1786.0,1397,45.84666666666666,66.27333333333331,1726.7000000000005,49.74,67.34
2026-03-07 14:35:00,42.07,66.43,37.38,59.02,1398,1815.2,14,5,48.77,66.14,37.26,51.07,1945.6,1439,45.99666666666665,66.26333333333332,1848.9333333333336,39.18,67.85
2026-03-07 14:40:00,38.78,66.84,36.57,54.7,1393,1740.8,14,5,42.07,66.43,37.38,59.02,1815.2,1398,43.206666666666656,66.46999999999998,1833.866666666667,38.8,67.81
2026-03-07 14:45:00,49.74,67.34,37.13,48.71,1409,1880.8,14,5,38.78,66.84,36.57,54.7,1740.8,1393,43.529999999999994,66.86999999999999,1812.2666666666673,45.66,69.07
2026-03-07 14:50:00,39.18,67.85,37.66,44.07,1433,1507.2,14,5,49.74,67.34,37.13,48.71,1880.8,1409,42.566666666666656,67.34333333333332,1709.6000000000006,40.73,69.34
2026-03-07 14:55:00,38.8,67.81,37.24,47.08,1399,1572.5,14,5,39.18,67.85,37.66,44.07,1507.2,1433,42.57333333333332,67.66666666666664,1653.5000000000007,37.15,68.99
2026-03-07 15:00:00,45.66,69.07,37.59,53.79,1348,1575.2,15,5,38.8,67.81,37.24,47.08,1572.5,1399,41.21333333333332,68.24333333333333,1551.633333333334,52.68,69.95
2026-03-07 15:05:00,40.73,69.34,36.58,41.98,1383,1561.1,15,5,45.66,69.07,37.59,53.79,1575.2,1348,41.72999999999999,68.73999999999997,1569.6000000000006,49.91,69.48
2026-03-07 15:10:00,37.15,68.99,37.39,42.3,1394,1370.4,15,5,40.73,69.34,36.58,41.98,1561.1,1383,41.179999999999986,69.13333333333331,1502.2333333333343,30.88,69.88
2026-03-07 15:15:00,52.68,69.95,37.05,65.02,1467,2038.3,15,5,37.15,68.99,37.39,42.3,1370.4,1394,43.51999999999999,69.42666666666663,1656.6000000000006,39.04,68.84
2026-03-07 15:20:00,49.91,69.48,37.57,52.96,1455,1929.8,15,5,52.68,69.95,37.05,65.02,2038.3,1467,46.57999999999999,69.47333333333331,1779.5000000000007,47.07,68.71
2026-03-07 15:25:00,30.88,69.88,36.92,47.25,1379,1649.0,15,5,49.91,69.48,37.57,52.96,1929.8,1455,44.48999999999999,69.76999999999998,1872.3666666666675,37.18,67.77
2026-03-07 15:30:00,39.04,68.84,37.0,38.74,1409,1391.7,15,5,30.88,69.88,36.92,47.25,1649.0,1379,39.94333333333332,69.39999999999999,1656.833333333334,38.84,67.41
2026-03-07 15:35:00,47.07,68.71,37.9,53.15,1409,1750.9,15,5,39.04,68.84,37.0,38.74,1391.7,1409,38.99666666666665,69.14333333333332,1597.2000000000007,40.13,67.6
2026-03-07 15:40:00,37.18,67.77,38.06,39.12,1374,1266.8,15,5,47.07,68.71,37.9,53.15,1750.9,1409,41.09666666666666,68.43999999999998,1469.8000000000004,49.09,67.69
2026-03-07 15:45:00,38.84,67.41,37.41,50.08,1438,1696.0,15,5,37.18,67.77,38.06,39.12,1266.8,1374,41.029999999999994,67.96333333333331,1571.2333333333343,44.64,67.03
2026-03-07 15:50:00,40.13,67.6,37.54,35.25,1378,1380.6,15,5,38.84,67.41,37.41,50.08,1696.0,1438,38.71666666666666,67.59333333333332,1447.8000000000004,54.65,67.91
2026-03-07 15:55:00,49.09,67.69,37.44,53.22,1461,1938.5,15,5,40.13,67.6,37.54,35.25,1380.6,1378,42.68666666666666,67.56666666666665,1671.7000000000007,44.92,66.54
2026-03-07 16:00:00,44.64,67.03,37.16,61.0,1416,1945.3,16,5,49.09,67.69,37.44,53.22,1938.5,1461,44.62,67.43999999999998,1754.8000000000004,38.73,65.12
2026-03-07 16:05:00,54.65,67.91,37.58,58.71,1455,2127.0,16,5,44.64,67.03,37.16,61.0,1945.3,1416,49.46,67.54333333333331,2003.6000000000004,40.53,64.93
2026-03-07 16:10:00,44.92,66.54,37.27,51.74,1476,1909.1,16,5,54.65,67.91,37.58,58.71,2127.0,1455,48.06999999999999,67.15999999999998,1993.8000000000004,42.67,65.41
2026-03-07 16:15:00,38.73,65.12,37.8,43.49,1449,1484.0,16,5,44.92,66.54,37.27,51.74,1909.1,1476,46.09999999999999,66.52333333333331,1840.0333333333338,43.17,65.78
2026-03-07 16:20:00,40.53,64.93,37.26,51.17,1428,1553.3,16,5,38.73,65.12,37.8,43.49,1484.0,1449,41.393333333333324,65.52999999999999,1648.8000000000004,45.33,67.54
2026-03-07 16:25:00,42.67,65.41,37.9,49.9,1448,1483.8,16,5,40.53,64.93,37.26,51.17,1553.3,1428,40.643333333333324,65.15333333333331,1507.0333333333338,33.0,67.04
2026-03-07 16:30:00,43.17,65.78,37.25,53.95,1376,1585.4,16,5,42.67,65.41,37.9,49.9,1483.8,1448,42.12333333333333,65.37333333333332,1540.833333333334,50.45,67.64
2026-03-07 16:35:00,45.33,67.54,37.42,59.45,1388,1968.2,16,5,43.17,65.78,37.25,53.95,1585.4,1376,43.72333333333333,66.24333333333331,1679.133333333334,36.27,67.5
2026-03-07 16:40:00,33.0,67.04,37.59,41.27,1456,1360.3,16,5,45.33,67.54,37.42,59.45,1968.2,1388,40.49999999999999,66.78666666666665,1637.9666666666672,80.2,68.61
2026-03-07 16:45:00,50.45,67.64,37.55,44.24,1437,1548.9,16,5,33.0,67.04,37.59,41.27,1360.3,1456,42.926666666666655,67.40666666666665,1625.8000000000004,45.96,69.07
2026-03-07 16:50:00,36.27,67.5,37.56,38.58,1337,1241.1,16,5,50.45,67.64,37.55,44.24,1548.9,1437,39.90666666666666,67.39333333333332,1383.4333333333336,39.88,67.55
2026-03-07 16:55:00,80.2,68.61,37.09,50.6,1406,1797.9,16,5,36.27,67.5,37.56,38.58,1241.1,1337,55.639999999999986,67.91666666666664,1529.3000000000004,43.94,69.93
2026-03-07 17:00:00,45.96,69.07,37.51,42.86,1364,1508.8,17,5,80.2,68.61,37.09,50.6,1797.9,1406,54.143333333333324,68.39333333333332,1515.9333333333336,38.96,68.37
2026-03-07 17:05:00,39.88,67.55,37.54,46.72,1308,1350.9,17,5,45.96,69.07,37.51,42.86,1508.8,1364,55.34666666666666,68.40999999999998,1552.5333333333338,49.5,68.99
2026-03-07 17:10:00,43.94,69.93,37.29,47.09,1394,1381.6,17,5,39.88,67.55,37.54,46.72,1350.9,1308,43.25999999999999,68.84999999999998,1413.766666666667,37.68,67.5
2026-03-07 17:15:00,38.96,68.37,37.36,41.23,1339,1477.4,17,5,43.94,69.93,37.29,47.09,1381.6,1394,40.926666666666655,68.61666666666666,1403.3000000000004,44.23,66.51
2026-03-07 17:20:00,49.5,68.99,37.57,48.74,1406,1830.3,17,5,38.96,68.37,37.36,41.23,1477.4,1339,44.133333333333326,69.09666666666665,1563.1000000000004,45.26,64.88
2026-03-07 17:25:00,37.68,67.5,37.76,48.74,1290,1635.0,17,5,49.5,68.99,37.57,48.74,1830.3,1406,42.04666666666666,68.28666666666665,1647.5666666666668,43.7,65.02
2026-03-07 17:30:00,44.23,66.51,37.47,53.2,1364,1674.7,17,5,37.68,67.5,37.76,48.74,1635.0,1290,43.80333333333332,67.66666666666664,1713.333333333334,48.92,65.29
2026-03-07 17:35:00,45.26,64.88,38.11,51.55,1317,1547.0,17,5,44.23,66.51,37.47,53.2,1674.7,1364,42.38999999999999,66.29666666666664,1618.9000000000005,39.89,64.57
2026-03-07 17:40:00,43.7,65.02,37.63,47.2,1326,1780.2,17,5,45.26,64.88,38.11,51.55,1547.0,1317,44.396666666666654,65.46999999999997,1667.3000000000004,42.96,64.58
2026-03-07 17:45:00,48.92,65.29,37.92,54.07,1289,1618.5,17,5,43.7,65.02,37.63,47.2,1780.2,1326,45.96,65.06333333333332,1648.5666666666673,38.93,64.7
2026-03-07 17:50:00,39.89,64.57,37.45,41.8,1293,1479.8,17,5,48.92,65.29,37.92,54.07,1618.5,1289,44.169999999999995,64.95999999999998,1626.1666666666672,41.03,64.99
2026-03-07 17:55:00,42.96,64.58,37.04,45.57,1306,1503.7,17,5,39.89,64.57,37.45,41.8,1479.8,1293,43.923333333333325,64.81333333333332,1534.0000000000007,32.34,64.01
2026-03-07 18:00:00,38.93,64.7,37.71,51.4,1346,1763.1,18,5,42.96,64.58,37.04,45.57,1503.7,1306,40.59333333333333,64.61666666666665,1582.2000000000005,37.3,65.54
2026-03-07 18:05:00,41.03,64.99,37.62,36.39,1360,1437.0,18,5,38.93,64.7,37.71,51.4,1763.1,1346,40.97333333333332,64.75666666666665,1567.9333333333336,36.82,64.83
2026-03-07 18:10:00,32.34,64.01,37.9,38.61,1239,1389.8,18,5,41.03,64.99,37.62,36.39,1437.0,1360,37.43333333333333,64.56666666666665,1529.9666666666672,38.37,63.17
2026-03-07 18:15:00,37.3,65.54,38.17,42.88,1243,1489.5,18,5,32.34,64.01,37.9,38.61,1389.8,1239,36.88999999999999,64.84666666666665,1438.766666666667,31.97,62.94
2026-03-07 18:20:00,36.82,64.83,37.93,41.36,1237,1339.8,18,5,37.3,65.54,38.17,42.88,1489.5,1243,35.48666666666666,64.79333333333331,1406.366666666667,34.77,62.87
2026-03-07 18:25:00,38.37,63.17,37.75,43.97,1258,1449.4,18,5,36.82,64.83,37.93,41.36,1339.8,1237,37.496666666666655,64.51333333333332,1426.2333333333336,45.1,63.58
2026-03-07 18:30:00,31.97,62.94,37.61,37.55,1259,1273.6,18,5,38.37,63.17,37.75,43.97,1449.4,1258,35.71999999999999,63.64666666666665,1354.266666666667,39.01,64.57
2026-03-07 18:35:00,34.77,62.87,38.04,32.8,1250,1308.6,18,5,31.97,62.94,37.61,37.55,1273.6,1259,35.03666666666666,62.99333333333331,1343.866666666667,44.21,64.08
2026-03-07 18:40:00,45.1,63.58,37.63,36.33,1212,1183.6,18,5,34.77,62.87,38.04,32.8,1308.6,1250,37.279999999999994,63.129999999999974,1255.266666666667,38.12,64.55
2026-03-07 18:45:00,39.01,64.57,38.35,51.3,1229,1687.2,18,5,45.1,63.58,37.63,36.33,1183.6,1212,39.62666666666666,63.67333333333331,1393.133333333334,33.33,66.06
2026-03-07 18:50:00,44.21,64.08,38.01,37.47,1196,1192.0,18,5,39.01,64.57,38.35,51.3,1687.2,1229,42.77333333333332,64.07666666666664,1354.266666666667,33.99,64.68
2026-03-07 18:55:00,38.12,64.55,37.84,41.94,1222,1287.7,18,5,44.21,64.08,38.01,37.47,1192.0,1196,40.44666666666666,64.39999999999998,1388.9666666666672,39.94,63.88
2026-03-07 19:00:00,33.33,66.06,37.96,45.02,1218,1411.5,19,5,38.12,64.55,37.84,41.94,1287.7,1222,38.55333333333332,64.89666666666665,1297.0666666666673,31.78,64.26
2026-03-07 19:05:00,33.99,64.68,37.53,40.06,1176,1258.9,19,5,33.33,66.06,37.96,45.02,1411.5,1218,35.146666666666654,65.09666666666665,1319.3666666666672,31.82,64.2
2026-03-07 19:10:00,39.94,63.88,37.51,37.77,1181,1295.9,19,5,33.99,64.68,37.53,40.06,1258.9,1176,35.75333333333332,64.87333333333332,1322.1000000000006,32.57,64.51
2026-03-07 19:15:00,31.78,64.26,38.11,35.13,1231,1183.5,19,5,39.94,63.88,37.51,37.77,1295.9,1181,35.23666666666666,64.27333333333333,1246.1000000000006,37.95,62.55
2026-03-07 19:20:00,31.82,64.2,37.72,30.69,1092,1074.1,19,5,31.78,64.26,38.11,35.13,1183.5,1231,34.51333333333332,64.11333333333333,1184.5000000000005,41.07,61.39
2026-03-07 19:25:00,32.57,64.51,37.73,40.26,1172,1177.5,19,5,31.82,64.2,37.72,30.69,1074.1,1092,32.05666666666666,64.32333333333332,1145.0333333333338,35.06,61.34
2026-03-07 19:30:00,37.95,62.55,38.26,43.15,1065,1493.9,19,5,32.57,64.51,37.73,40.26,1177.5,1172,34.11333333333332,63.75333333333331,1248.5000000000005,38.14,61.49
2026-03-07 19:35:00,41.07,61.39,37.74,36.04,1077,1164.2,19,5,37.95,62.55,38.26,43.15,1493.9,1065,37.19666666666666,62.81666666666664,1278.5333333333338,42.62,60.93
2026-03-07 19:40:00,35.06,61.34,37.85,35.55,1092,1141.6,19,5,41.07,61.39,37.74,36.04,1164.2,1077,38.026666666666664,61.759999999999984,1266.5666666666673,43.64,62.43
2026-03-07 19:45:00,38.14,61.49,38.45,45.05,1099,1516.3,19,5,35.06,61.34,37.85,35.55,1141.6,1092,38.089999999999996,61.406666666666645,1274.0333333333338,34.7,62.47
2026-03-07 19:50:00,42.62,60.93,37.57,45.41,1111,1481.2,19,5,38.14,61.49,38.45,45.05,1516.3,1099,38.60666666666666,61.25333333333331,1379.7000000000005,37.49,61.75
2026-03-07 19:55:00,43.64,62.43,38.2,48.66,1102,1528.4,19,5,42.62,60.93,37.57,45.41,1481.2,1111,41.466666666666654,61.616666666666646,1508.633333333334,38.05,61.35
2026-03-07 20:00:00,34.7,62.47,38.07,30.02,1015,1009.1,20,5,43.64,62.43,38.2,48.66,1528.4,1102,40.319999999999986,61.94333333333331,1339.5666666666673,37.8,59.62
2026-03-07 20:05:00,37.49,61.75,37.98,49.08,1071,1463.4,20,5,34.7,62.47,38.07,30.02,1009.1,1015,38.60999999999999,62.21666666666665,1333.633333333334,30.36,60.0
2026-03-07 20:10:00,38.05,61.35,37.9,32.52,990,1125.5,20,5,37.49,61.75,37.98,49.08,1463.4,1071,36.74666666666666,61.85666666666665,1199.333333333334,32.56,59.96
2026-03-07 20:15:00,37.8,59.62,37.87,41.31,1063,1418.5,20,5,38.05,61.35,37.9,32.52,1125.5,990,37.779999999999994,60.906666666666645,1335.8000000000004,33.96,91.22
2026-03-07 20:20:00,30.36,60.0,37.96,32.3,1051,1028.8,20,5,37.8,59.62,37.87,41.31,1418.5,1063,35.403333333333315,60.323333333333316,1190.9333333333336,35.06,60.69
2026-03-07 20:25:00,32.56,59.96,37.98,47.89,1027,1351.7,20,5,30.36,60.0,37.96,32.3,1028.8,1051,33.57333333333332,59.85999999999998,1266.3333333333337,38.96,60.01
2026-03-07 20:30:00,33.96,91.22,38.6,45.33,1063,1127.0,20,5,32.56,59.96,37.98,47.89,1351.7,1027,32.29333333333332,70.39333333333332,1169.1666666666672,32.57,59.67
2026-03-07 20:35:00,35.06,60.69,38.26,31.51,957,1002.1,20,5,33.96,91.22,38.6,45.33,1127.0,1063,33.85999999999999,70.62333333333332,1160.266666666667,31.16,58.84
2026-03-07 20:40:00,38.96,60.01,37.63,35.62,918,1224.5,20,5,35.06,60.69,38.26,31.51,1002.1,957,35.993333333333325,70.63999999999999,1117.866666666667,39.03,57.83
2026-03-07 20:45:00,32.57,59.67,38.53,32.6,900,1010.5,20,5,38.96,60.01,37.63,35.62,1224.5,918,35.529999999999994,60.12333333333331,1079.0333333333338,30.72,59.09
2026-03-07 20:50:00,31.16,58.84,38.23,36.01,954,1152.5,20,5,32.57,59.67,38.53,32.6,1010.5,900,34.23,59.50666666666665,1129.1666666666672,30.04,58.16
2026-03-07 20:55:00,39.03,57.83,38.39,37.22,948,1317.1,20,5,31.16,58.84,38.23,36.01,1152.5,954,34.25333333333332,58.77999999999998,1160.0333333333338,30.24,57.88
2026-03-07 21:00:00,30.72,59.09,38.66,26.71,979,970.4,21,5,39.03,57.83,38.39,37.22,1317.1,948,33.636666666666656,58.586666666666645,1146.6666666666672,42.54,57.63
2026-03-07 21:05:00,30.04,58.16,38.28,28.32,963,892.3,21,5,30.72,59.09,38.66,26.71,970.4,979,33.26333333333332,58.35999999999998,1059.9333333333336,25.89,56.65
2026-03-07 21:10:00,30.24,57.88,38.82,32.76,874,1038.1,21,5,30.04,58.16,38.28,28.32,892.3,963,30.333333333333325,58.376666666666644,966.9333333333337,21.19,56.22
2026-03-07 21:15:00,42.54,57.63,37.97,35.81,852,1193.4,21,5,30.24,57.88,38.82,32.76,1038.1,874,34.27333333333332,57.889999999999986,1041.266666666667,34.46,56.19
2026-03-07 21:20:00,25.89,56.65,38.12,33.09,945,1009.5,21,5,42.54,57.63,37.97,35.81,1193.4,852,32.88999999999999,57.386666666666656,1080.3333333333337,34.79,55.27
2026-03-07 21:25:00,21.19,56.22,38.49,27.5,874,835.2,21,5,25.89,56.65,38.12,33.09,1009.5,945,29.87333333333332,56.833333333333314,1012.7000000000004,30.47,55.2
2026-03-07 21:30:00,34.46,56.19,38.28,36.8,882,1028.9,21,5,21.19,56.22,38.49,27.5,835.2,874,27.179999999999993,56.35333333333332,957.8666666666671,30.39,54.18
2026-03-07 21:35:00,34.79,55.27,38.17,29.78,807,1075.8,21,5,34.46,56.19,38.28,36.8,1028.9,882,30.146666666666658,55.89333333333332,979.9666666666672,48.82,65.35
2026-03-07 21:40:00,30.47,55.2,38.31,39.93,840,1045.8,21,5,34.79,55.27,38.17,29.78,1075.8,807,33.23999999999999,55.55333333333331,1050.1666666666672,28.95,55.77
2026-03-07 21:45:00,30.39,54.18,38.49,35.41,842,1059.5,21,5,30.47,55.2,38.31,39.93,1045.8,840,31.883333333333326,54.88333333333332,1060.366666666667,36.85,56.62
2026-03-07 21:50:00,48.82,65.35,38.49,43.82,1227,1246.9,21,5,30.39,54.18,38.49,35.41,1059.5,842,36.559999999999995,58.24333333333331,1117.4000000000005,29.61,56.86
2026-03-07 21:55:00,28.95,55.77,38.14,41.64,750,977.6,21,5,48.82,65.35,38.49,43.82,1246.9,1227,36.05333333333332,58.433333333333316,1094.6666666666672,37.7,56.26
2026-03-07 22:00:00,36.85,56.62,38.4,27.36,774,1048.5,22,5,28.95,55.77,38.14,41.64,977.6,750,38.206666666666656,59.24666666666665,1091.0000000000007,24.04,55.17
2026-03-07 22:05:00,29.61,56.86,38.82,23.37,734,744.8,22,5,36.85,56.62,38.4,27.36,1048.5,774,31.803333333333327,56.41666666666665,923.6333333333338,32.11,55.84
2026-03-07 22:10:00,37.7,56.26,39.18,38.24,778,1072.6,22,5,29.61,56.86,38.82,23.37,744.8,734,34.71999999999999,56.57999999999998,955.3000000000005,29.34,55.11
2026-03-07 22:15:00,24.04,55.17,37.76,31.82,774,783.5,22,5,37.7,56.26,39.18,38.24,1072.6,778,30.44999999999999,56.09666666666664,866.9666666666672,24.88,55.26
2026-03-07 22:20:00,32.11,55.84,38.22,32.36,708,939.6,22,5,24.04,55.17,37.76,31.82,783.5,774,31.28333333333332,55.75666666666665,931.9000000000005,27.37,52.3
2026-03-07 22:25:00,29.34,55.11,38.36,26.35,684,819.6,22,5,32.11,55.84,38.22,32.36,939.6,708,28.496666666666655,55.37333333333331,847.5666666666672,27.99,51.36
2026-03-07 22:30:00,24.88,55.26,38.48,30.7,707,731.8,22,5,29.34,55.11,38.36,26.35,819.6,684,28.776666666666657,55.40333333333331,830.3333333333339,29.82,50.85
2026-03-07 22:35:00,27.37,52.3,38.38,29.79,683,583.5,22,5,24.88,55.26,38.48,30.7,731.8,707,27.19666666666666,54.22333333333331,711.6333333333338,34.16,50.36
2026-03-07 22:40:00,27.99,51.36,38.55,36.92,655,842.1,22,5,27.37,52.3,38.38,29.79,583.5,683,26.746666666666655,52.97333333333332,719.1333333333338,42.96,50.65
2026-03-07 22:45:00,29.82,50.85,38.39,24.99,580,582.9,22,5,27.99,51.36,38.55,36.92,842.1,655,28.393333333333327,51.50333333333331,669.5000000000006,25.04,51.01
2026-03-07 22:50:00,34.16,50.36,38.12,26.67,661,758.0,22,5,29.82,50.85,38.39,24.99,582.9,580,30.656666666666656,50.85666666666665,727.6666666666673,19.92,49.18
2026-03-07 22:55:00,42.96,50.65,57.01,26.92,654,782.4,22,5,34.16,50.36,38.12,26.67,758.0,661,35.646666666666654,50.61999999999998,707.7666666666672,36.53,49.39
2026-03-07 23:00:00,25.04,51.01,38.41,31.19,671,744.1,23,5,42.96,50.65,57.01,26.92,782.4,654,34.05333333333332,50.67333333333332,761.5000000000006,23.34,49.44
2026-03-07 23:05:00,19.92,49.18,38.51,25.86,714,675.3,23,5,25.04,51.01,38.41,31.19,744.1,671,29.30666666666666,50.27999999999997,733.9333333333338,30.56,49.95
2026-03-07 23:10:00,36.53,49.39,38.58,35.73,748,1058.0,23,5,19.92,49.18,38.51,25.86,675.3,714,27.163333333333327,49.85999999999998,825.8000000000005,26.68,50.99
2026-03-07 23:15:00,23.34,49.44,37.96,18.97,583,593.4,23,5,36.53,49.39,38.58,35.73,1058.0,748,26.59666666666666,49.336666666666645,775.5666666666672,30.21,51.03
2026-03-07 23:20:00,30.56,49.95,38.68,29.46,593,669.9,23,5,23.34,49.44,37.96,18.97,593.4,583,30.143333333333327,49.59333333333331,773.7666666666672,25.82,51.21
2026-03-07 23:25:00,26.68,50.99,38.91,25.67,565,794.1,23,5,30.56,49.95,38.68,29.46,669.9,593,26.85999999999999,50.126666666666644,685.8000000000005,23.11,50.89
2026-03-07 23:30:00,30.21,51.03,38.71,27.55,594,806.6,23,5,26.68,50.99,38.91,25.67,794.1,565,29.149999999999988,50.656666666666645,756.8666666666671,21.07,50.08
2026-03-07 23:35:00,25.82,51.21,38.6,27.9,577,750.1,23,5,30.21,51.03,38.71,27.55,806.6,594,27.569999999999993,51.076666666666654,783.6000000000005,26.44,48.21
2026-03-07 23:40:00,23.11,50.89,38.54,26.95,634,611.7,23,5,25.82,51.21,38.6,27.9,750.1,577,26.379999999999992,51.043333333333315,722.8000000000006,26.12,47.52
2026-03-07 23:45:00,21.07,50.08,38.1,16.69,506,484.2,23,5,23.11,50.89,38.54,26.95,611.7,634,23.333333333333325,50.72666666666665,615.3333333333338,18.57,46.5
2026-03-07 23:50:00,26.44,48.21,38.62,22.32,443,507.2,23,5,21.07,50.08,38.1,16.69,484.2,506,23.539999999999992,49.72666666666665,534.3666666666671,30.07,46.07
2026-03-07 23:55:00,26.12,47.52,38.07,26.88,478,610.9,23,5,26.44,48.21,38.62,22.32,507.2,443,24.543333333333322,48.60333333333332,534.1000000000005,24.4,45.96
2026-03-08 00:00:00,18.57,46.5,35.42,21.92,408,423.3,0,6,26.12,47.52,38.07,26.88,610.9,478,23.70999999999999,47.40999999999999,513.8000000000005,20.24,47.51
2026-03-08 00:05:00,30.07,46.07,34.84,21.61,500,559.4,0,6,18.57,46.5,35.42,21.92,423.3,408,24.91999999999999,46.69666666666665,531.2000000000006,30.37,47.77
2026-03-08 00:10:00,24.4,45.96,34.94,23.37,447,472.0,0,6,30.07,46.07,34.84,21.61,559.4,500,24.346666666666653,46.17666666666665,484.90000000000055,26.57,47.76
2026-03-08 00:15:00,20.24,47.51,34.89,24.18,486,542.7,0,6,24.4,45.96,34.94,23.37,472.0,447,24.90333333333332,46.513333333333314,524.7000000000006,27.56,47.49
2026-03-08 00:20:00,30.37,47.77,35.42,27.8,483,675.0,0,6,20.24,47.51,34.89,24.18,542.7,486,25.00333333333332,47.079999999999984,563.2333333333339,27.98,46.96
2026-03-08 00:25:00,26.57,47.76,35.54,21.73,421,582.3,0,6,30.37,47.77,35.42,27.8,675.0,483,25.72666666666666,47.67999999999998,600.0000000000006,24.12,47.36
2026-03-08 00:30:00,27.56,47.49,35.18,21.51,417,569.7,0,6,26.57,47.76,35.54,21.73,582.3,421,28.166666666666657,47.67333333333332,609.0000000000006,28.39,46.27
2026-03-08 00:35:00,27.98,46.96,34.61,22.62,465,478.6,0,6,27.56,47.49,35.18,21.51,569.7,417,27.36999999999999,47.403333333333315,543.5333333333339,23.61,46.7
2026-03-08 00:40:00,24.12,47.36,35.34,28.56,480,620.2,0,6,27.98,46.96,34.61,22.62,478.6,465,26.553333333333324,47.26999999999998,556.1666666666673,21.2,46.38
2026-03-08 00:45:00,28.39,46.27,35.28,35.03,490,544.1,0,6,24.12,47.36,35.34,28.56,620.2,480,26.829999999999988,46.863333333333316,547.6333333333339,23.59,45.8
2026-03-08 00:50:00,23.61,46.7,35.11,22.56,435,515.9,0,6,28.39,46.27,35.28,35.03,544.1,490,25.373333333333324,46.77666666666664,560.0666666666672,30.09,45.69
2026-03-08 00:55:00,21.2,46.38,34.84,22.32,422,593.9,0,6,23.61,46.7,35.11,22.56,515.9,435,24.399999999999988,46.44999999999999,551.3000000000005,21.95,45.13
2026-03-08 01:00:00,23.59,45.8,35.85,15.73,362,397.2,1,6,21.2,46.38,34.84,22.32,593.9,422,22.799999999999986,46.293333333333315,502.3333333333339,22.83,45.31
2026-03-08 01:05:00,30.09,45.69,35.51,19.82,397,446.8,1,6,23.59,45.8,35.85,15.73,397.2,362,24.95999999999999,45.95666666666665,479.30000000000047,28.26,43.96
2026-03-08 01:10:00,21.95,45.13,35.22,30.81,336,359.5,1,6,30.09,45.69,35.51,19.82,446.8,397,25.20999999999999,45.539999999999985,401.1666666666672,28.56,45.04
2026-03-08 01:15:00,22.83,45.31,35.12,21.7,356,481.4,1,6,21.95,45.13,35.22,30.81,359.5,336,24.956666666666653,45.376666666666644,429.23333333333386,20.63,44.27
2026-03-08 01:20:00,28.26,43.96,35.29,19.38,375,435.8,1,6,22.83,45.31,35.12,21.7,481.4,356,24.346666666666653,44.79999999999998,425.56666666666723,18.99,45.25
2026-03-08 01:25:00,28.56,45.04,35.47,25.96,390,522.7,1,6,28.26,43.96,35.29,19.38,435.8,375,26.549999999999986,44.76999999999998,479.9666666666672,21.84,46.14
2026-03-08 01:30:00,20.63,44.27,35.26,15.41,331,356.3,1,6,28.56,45.04,35.47,25.96,522.7,390,25.816666666666652,44.42333333333332,438.2666666666673,19.32,46.54
2026-03-08 01:35:00,18.99,45.25,35.43,26.89,352,405.7,1,6,20.63,44.27,35.26,15.41,356.3,331,22.726666666666656,44.85333333333332,428.23333333333386,26.95,47.68
2026-03-08 01:40:00,21.84,46.14,35.27,27.73,299,292.1,1,6,18.99,45.25,35.43,26.89,405.7,352,20.486666666666654,45.21999999999998,351.36666666666724,16.49,47.65
2026-03-08 01:45:00,19.32,46.54,35.05,17.9,374,436.3,1,6,21.84,46.14,35.27,27.73,292.1,299,20.04999999999999,45.97666666666665,378.0333333333339,28.52,47.07
2026-03-08 01:50:00,26.95,47.68,35.23,17.84,360,344.5,1,6,19.32,46.54,35.05,17.9,436.3,374,22.703333333333322,46.78666666666664,357.6333333333339,18.32,46.32
2026-03-08 01:55:00,16.49,47.65,35.47,24.59,418,397.2,1,6,26.95,47.68,35.23,17.84,344.5,360,20.91999999999999,47.289999999999985,392.66666666666725,20.23,46.3
2026-03-08 02:00:00,28.52,47.07,35.12,20.13,372,411.2,2,6,16.49,47.65,35.47,24.59,397.2,418,23.986666666666654,47.46666666666665,384.3000000000006,16.61,46.07
2026-03-08 02:05:00,18.32,46.32,35.09,13.29,260,305.5,2,6,28.52,47.07,35.12,20.13,411.2,372,21.10999999999999,47.013333333333314,371.3000000000006,24.74,45.88
2026-03-08 02:10:00,20.23,46.3,35.25,22.73,305,391.3,2,6,18.32,46.32,35.09,13.29,305.5,260,22.356666666666655,46.56333333333331,369.33333333333394,23.13,45.24
2026-03-08 02:15:00,16.61,46.07,35.28,17.52,244,257.6,2,6,20.23,46.3,35.25,22.73,391.3,305,18.38666666666666,46.22999999999998,318.1333333333339,30.52,61.06
2026-03-08 02:20:00,24.74,45.88,34.95,11.78,490,435.4,2,6,16.61,46.07,35.28,17.52,257.6,244,20.526666666666657,46.083333333333314,361.43333333333385,25.5,44.2
2026-03-08 02:25:00,23.13,45.24,35.15,18.27,277,266.6,2,6,24.74,45.88,34.95,11.78,435.4,490,21.49333333333332,45.72999999999998,319.86666666666724,19.65,45.01
2026-03-08 02:30:00,30.52,61.06,36.02,24.31,399,414.1,2,6,23.13,45.24,35.15,18.27,266.6,277,26.129999999999992,50.72666666666665,372.0333333333339,14.42,44.29
2026-03-08 02:35:00,25.5,44.2,35.61,20.1,205,218.7,2,6,30.52,61.06,36.02,24.31,414.1,399,26.383333333333326,50.16666666666665,299.8000000000006,23.35,44.91
2026-03-08 02:40:00,19.65,45.01,35.46,11.42,263,320.5,2,6,25.5,44.2,35.61,20.1,218.7,205,25.223333333333326,50.089999999999975,317.7666666666673,22.59,46.06
2026-03-08 02:45:00,14.42,44.29,35.34,15.98,198,192.2,2,6,19.65,45.01,35.46,11.42,320.5,263,19.85666666666666,44.49999999999998,243.80000000000055,23.68,44.84
2026-03-08 02:50:00,23.35,44.91,35.8,22.75,328,366.5,2,6,14.42,44.29,35.34,15.98,192.2,198,19.13999999999999,44.73666666666665,293.06666666666723,22.8,43.85
2026-03-08 02:55:00,22.59,46.06,35.79,13.99,301,301.8,2,6,23.35,44.91,35.8,22.75,366.5,328,20.11999999999999,45.086666666666645,286.8333333333339,27.15,43.32
2026-03-08 03:00:00,23.68,44.84,35.81,13.51,248,266.6,3,6,22.59,46.06,35.79,13.99,301.8,301,23.20666666666666,45.26999999999998,311.6333333333339,23.34,43.5
2026-03-08 03:05:00,22.8,43.85,35.69,12.76,233,221.4,3,6,23.68,44.84,35.81,13.51,266.6,248,23.023333333333323,44.91666666666665,263.2666666666673,24.26,44.88
2026-03-08 03:10:00,27.15,43.32,35.87,19.44,287,336.4,3,6,22.8,43.85,35.69,12.76,221.4,233,24.543333333333322,44.00333333333332,274.8000000000006,21.46,43.84
2026-03-08 03:15:00,23.34,43.5,35.3,11.85,259,284.4,3,6,27.15,43.32,35.87,19.44,336.4,287,24.429999999999993,43.55666666666665,280.73333333333386,20.11,44.15
2026-03-08 03:20:00,24.26,44.88,35.18,20.73,242,337.0,3,6,23.34,43.5,35.3,11.85,284.4,259,24.916666666666657,43.89999999999998,319.2666666666673,14.85,44.39
2026-03-08 03:25:00,21.46,43.84,35.25,13.15,284,401.1,3,6,24.26,44.88,35.18,20.73,337.0,242,23.019999999999992,44.07333333333332,340.83333333333394,21.03,43.82
2026-03-08 03:30:00,20.11,44.15,35.57,20.67,234,259.4,3,6,21.46,43.84,35.25,13.15,401.1,284,21.943333333333324,44.289999999999985,332.5000000000006,20.75,43.1
2026-03-08 03:35:00,14.85,44.39,35.14,18.61,338,340.2,3,6,20.11,44.15,35.57,20.67,259.4,234,18.806666666666658,44.126666666666644,333.56666666666723,25.08,43.05
2026-03-08 03:40:00,21.03,43.82,35.4,21.36,204,216.5,3,6,14.85,44.39,35.14,18.61,340.2,338,18.663333333333323,44.11999999999998,272.0333333333339,18.93,41.64
2026-03-08 03:45:00,20.75,43.1,35.63,18.66,285,341.6,3,6,21.03,43.82,35.4,21.36,216.5,204,18.876666666666658,43.76999999999998,299.4333333333339,18.21,43.17
2026-03-08 03:50:00,25.08,43.05,35.77,18.16,252,348.3,3,6,20.75,43.1,35.63,18.66,341.6,285,22.286666666666658,43.323333333333316,302.1333333333339,21.73,42.77
2026-03-08 03:55:00,18.93,41.64,35.91,14.88,234,237.5,3,6,25.08,43.05,35.77,18.16,348.3,252,21.586666666666655,42.59666666666664,309.1333333333339,22.53,42.91
2026-03-08 04:00:00,18.21,43.17,35.72,19.57,281,276.9,4,6,18.93,41.64,35.91,14.88,237.5,234,20.73999999999999,42.61999999999998,287.5666666666673,24.52,44.24
2026-03-08 04:05:00,21.73,42.77,35.33,22.4,273,301.8,4,6,18.21,43.17,35.72,19.57,276.9,281,19.623333333333324,42.52666666666665,272.06666666666723,17.64,44.83
2026-03-08 04:10:00,22.53,42.91,35.72,24.36,339,409.7,4,6,21.73,42.77,35.33,22.4,301.8,273,20.823333333333323,42.94999999999998,329.4666666666672,17.61,44.11
2026-03-08 04:15:00,24.52,44.24,35.45,18.74,286,370.3,4,6,22.53,42.91,35.72,24.36,409.7,339,22.92666666666666,43.30666666666665,360.6000000000006,17.29,44.63
2026-03-08 04:20:00,17.64,44.83,35.52,21.1,299,279.4,4,6,24.52,44.24,35.45,18.74,370.3,286,21.563333333333322,43.99333333333331,353.13333333333395,25.96,44.42
2026-03-08 04:25:00,17.61,44.11,35.88,19.47,289,240.0,4,6,17.64,44.83,35.52,21.1,279.4,299,19.92333333333332,44.39333333333332,296.56666666666723,22.58,44.82
2026-03-08 04:30:00,17.29,44.63,35.86,18.43,293,325.8,4,6,17.61,44.11,35.88,19.47,240.0,289,17.513333333333325,44.52333333333331,281.73333333333386,26.41,44.72
2026-03-08 04:35:00,25.96,44.42,35.89,17.74,222,214.8,4,6,17.29,44.63,35.86,18.43,325.8,293,20.286666666666658,44.386666666666656,260.2000000000006,16.61,45.19
2026-03-08 04:40:00,22.58,44.82,35.98,8.66,284,270.1,4,6,25.96,44.42,35.89,17.74,214.8,222,21.943333333333324,44.62333333333331,270.2333333333339,18.76,47.02
2026-03-08 04:45:00,26.41,44.72,35.71,20.12,303,407.7,4,6,22.58,44.82,35.98,8.66,270.1,284,24.983333333333324,44.653333333333315,297.5333333333339,17.59,45.14
2026-03-08 04:50:00,16.61,45.19,35.11,23.11,274,253.5,4,6,26.41,44.72,35.71,20.12,407.7,303,21.866666666666656,44.909999999999975,310.4333333333339,28.95,46.27
2026-03-08 04:55:00,18.76,47.02,35.65,16.21,313,322.3,4,6,16.61,45.19,35.11,23.11,253.5,274,20.593333333333323,45.64333333333332,327.8333333333339,16.77,45.56
2026-03-08 05:00:00,17.59,45.14,35.83,22.91,238,326.6,5,6,18.76,47.02,35.65,16.21,322.3,313,17.653333333333325,45.783333333333324,300.8000000000006,23.71,45.88
2026-03-08 05:05:00,28.95,46.27,35.26,24.11,317,419.0,5,6,17.59,45.14,35.83,22.91,326.6,238,21.766666666666662,46.14333333333332,355.9666666666673,20.35,46.51
2026-03-08 05:10:00,16.77,45.56,35.56,17.12,346,404.6,5,6,28.95,46.27,35.26,24.11,419.0,317,21.103333333333325,45.656666666666645,383.4000000000006,26.53,45.67
2026-03-08 05:15:00,23.71,45.88,36.09,12.59,313,355.5,5,6,16.77,45.56,35.56,17.12,404.6,346,23.14333333333332,45.903333333333315,393.0333333333339,27.71,44.42
2026-03-08 05:20:00,20.35,46.51,36.04,22.39,318,384.2,5,6,23.71,45.88,36.09,12.59,355.5,313,20.276666666666657,45.98333333333331,381.4333333333339,18.87,44.54
2026-03-08 05:25:00,26.53,45.67,35.53,19.78,399,441.2,5,6,20.35,46.51,36.04,22.39,384.2,318,23.52999999999999,46.01999999999998,393.63333333333395,19.32,44.7
2026-03-08 05:30:00,27.71,44.42,35.83,22.44,323,326.8,5,6,26.53,45.67,35.53,19.78,441.2,399,24.863333333333326,45.53333333333331,384.0666666666673,18.01,44.51
2026-03-08 05:35:00,18.87,44.54,36.22,20.79,301,325.8,5,6,27.71,44.42,35.83,22.44,326.8,323,24.369999999999994,44.876666666666644,364.6000000000006,24.51,44.77
2026-03-08 05:40:00,19.32,44.7,35.76,18.84,381,345.8,5,6,18.87,44.54,36.22,20.79,325.8,301,21.966666666666658,44.55333333333331,332.8000000000006,24.1,46.26
2026-03-08 05:45:00,18.01,44.51,36.15,18.68,354,332.3,5,6,19.32,44.7,35.76,18.84,345.8,381,18.733333333333324,44.583333333333314,334.63333333333395,27.45,45.4
2026-03-08 05:50:00,24.51,44.77,35.74,25.47,343,404.7,5,6,18.01,44.51,36.15,18.68,332.3,354,20.613333333333326,44.65999999999999,360.9333333333339,22.75,46.48
2026-03-08 05:55:00,24.1,46.26,36.15,22.46,398,456.4,5,6,24.51,44.77,35.74,25.47,404.7,343,22.20666666666666,45.17999999999998,397.8000000000006,19.4,46.46
2026-03-08 06:00:00,27.45,45.4,36.2,26.33,394,556.3,6,6,24.1,46.26,36.15,22.46,456.4,398,25.353333333333325,45.47666666666665,472.4666666666672,25.27,45.56
2026-03-08 06:05:00,22.75,46.48,36.56,24.93,463,494.8,6,6,27.45,45.4,36.2,26.33,556.3,394,24.766666666666655,46.046666666666646,502.5000000000005,19.88,46.28
2026-03-08 06:10:00,19.4,46.46,36.01,20.6,397,520.7,6,6,22.75,46.48,36.56,24.93,494.8,463,23.19999999999999,46.113333333333316,523.933333333334,20.53,46.56
2026-03-08 06:15:00,25.27,45.56,35.89,31.33,413,431.7,6,6,19.4,46.46,36.01,20.6,520.7,397,22.47333333333332,46.16666666666665,482.40000000000055,20.28,46.12
2026-03-08 06:20:00,19.88,46.28,35.99,20.8,417,453.9,6,6,25.27,45.56,35.89,31.33,431.7,413,21.516666666666655,46.09999999999999,468.7666666666673,24.6,46.65
2026-03-08 06:25:00,20.53,46.56,36.07,27.1,387,508.9,6,6,19.88,46.28,35.99,20.8,453.9,417,21.893333333333327,46.13333333333332,464.8333333333339,26.09,47.3
2026-03-08 06:30:00,20.28,46.12,35.93,30.06,442,517.6,6,6,20.53,46.56,36.07,27.1,508.9,387,20.22999999999999,46.319999999999986,493.4666666666672,23.27,46.41
2026-03-08 06:35:00,24.6,46.65,36.27,19.83,479,576.2,6,6,20.28,46.12,35.93,30.06,517.6,442,21.803333333333327,46.44333333333331,534.2333333333339,22.25,45.82
2026-03-08 06:40:00,26.09,47.3,36.0,20.61,470,616.4,6,6,24.6,46.65,36.27,19.83,576.2,479,23.656666666666656,46.689999999999976,570.0666666666672,24.28,47.01
2026-03-08 06:45:00,23.27,46.41,35.78,23.66,382,471.5,6,6,26.09,47.3,36.0,20.61,616.4,470,24.653333333333325,46.78666666666664,554.7000000000006,21.78,46.14
2026-03-08 06:50:00,22.25,45.82,35.38,19.79,409,455.8,6,6,23.27,46.41,35.78,23.66,471.5,382,23.86999999999999,46.509999999999984,514.5666666666673,30.22,46.53
2026-03-08 06:55:00,24.28,47.01,35.81,24.05,394,501.2,6,6,22.25,45.82,35.38,19.79,455.8,409,23.266666666666655,46.41333333333332,476.16666666666725,23.44,47.61
2026-03-08 07:00:00,21.78,46.14,35.78,18.5,453,431.2,7,6,24.28,47.01,35.81,24.05,501.2,394,22.769999999999992,46.323333333333316,462.733333333334,25.97,46.54
2026-03-08 07:05:00,30.22,46.53,35.66,29.8,500,705.5,7,6,21.78,46.14,35.78,18.5,431.2,453,25.42666666666666,46.55999999999998,545.9666666666673,24.48,46.89
2026-03-08 07:10:00,23.44,47.61,35.75,22.28,511,677.0,7,6,30.22,46.53,35.66,29.8,705.5,500,25.146666666666658,46.759999999999984,604.5666666666673,23.82,47.55
2026-03-08 07:15:00,25.97,46.54,36.16,24.6,423,598.7,7,6,23.44,47.61,35.75,22.28,677.0,511,26.543333333333322,46.89333333333332,660.4000000000007,23.58,47.78
2026-03-08 07:20:00,24.48,46.89,36.4,20.89,504,586.8,7,6,25.97,46.54,36.16,24.6,598.7,423,24.629999999999992,47.013333333333314,620.8333333333339,24.46,48.29
2026-03-08 07:25:00,23.82,47.55,36.38,29.75,571,634.8,7,6,24.48,46.89,36.4,20.89,586.8,504,24.756666666666657,46.99333333333331,606.7666666666672,26.29,49.03
2026-03-08 07:30:00,23.58,47.78,36.13,30.38,539,790.4,7,6,23.82,47.55,36.38,29.75,634.8,571,23.95999999999999,47.406666666666645,670.6666666666673,37.5,57.48
2026-03-08 07:35:00,24.46,48.29,36.36,26.94,627,669.4,7,6,23.58,47.78,36.13,30.38,790.4,539,23.953333333333322,47.87333333333331,698.2000000000006,31.89,49.46
2026-03-08 07:40:00,26.29,49.03,36.64,25.54,620,667.4,7,6,24.46,48.29,36.36,26.94,669.4,627,24.776666666666657,48.36666666666665,709.0666666666672,31.27,49.39
2026-03-08 07:45:00,37.5,57.48,36.13,48.17,1014,1212.6,7,6,26.29,49.03,36.64,25.54,667.4,620,29.416666666666657,51.59999999999999,849.8000000000005,27.83,47.65
2026-03-08 07:50:00,31.89,49.46,35.77,24.85,590,657.6,7,6,37.5,57.48,36.13,48.17,1212.6,1014,31.89333333333332,51.98999999999998,845.8666666666672,24.69,48.14
2026-03-08 07:55:00,31.27,49.39,36.13,25.83,675,939.7,7,6,31.89,49.46,35.77,24.85,657.6,590,33.55333333333332,52.10999999999998,936.6333333333338,29.71,47.81
2026-03-08 08:00:00,27.83,47.65,36.01,27.16,599,898.9,8,6,31.27,49.39,36.13,25.83,939.7,675,30.329999999999988,48.833333333333314,832.0666666666672,27.33,48.7
2026-03-08 08:05:00,24.69,48.14,35.69,26.67,613,604.4,8,6,27.83,47.65,36.01,27.16,898.9,599,27.92999999999999,48.39333333333332,814.3333333333339,25.29,49.45
2026-03-08 08:10:00,29.71,47.81,36.69,24.94,655,688.2,8,6,24.69,48.14,35.69,26.67,604.4,613,27.409999999999993,47.866666666666646,730.5000000000005,29.96,50.58
2026-03-08 08:15:00,27.33,48.7,36.55,33.47,666,642.7,8,6,29.71,47.81,36.69,24.94,688.2,655,27.243333333333325,48.21666666666665,645.1000000000005,35.38,49.77
2026-03-08 08:20:00,25.29,49.45,36.68,26.2,649,699.7,8,6,27.33,48.7,36.55,33.47,642.7,666,27.443333333333324,48.653333333333315,676.8666666666672,30.26,49.93
2026-03-08 08:25:00,29.96,50.58,37.09,25.01,712,687.8,8,6,25.29,49.45,36.68,26.2,699.7,649,27.526666666666657,49.576666666666654,676.7333333333339,27.64,49.55
2026-03-08 08:30:00,35.38,49.77,36.59,27.5,684,686.6,8,6,29.96,50.58,37.09,25.01,687.8,712,30.20999999999999,49.933333333333316,691.3666666666671,24.27,48.47
2026-03-08 08:35:00,30.26,49.93,36.2,38.86,779,902.7,8,6,35.38,49.77,36.59,27.5,686.6,684,31.86666666666666,50.09333333333331,759.0333333333339,29.46,50.41
2026-03-08 08:40:00,27.64,49.55,36.09,25.21,650,780.5,8,6,30.26,49.93,36.2,38.86,902.7,779,31.093333333333323,49.74999999999998,789.9333333333338,34.22,51.29
2026-03-08 08:45:00,24.27,48.47,36.78,29.77,635,779.1,8,6,27.64,49.55,36.09,25.21,780.5,650,27.38999999999999,49.31666666666664,820.7666666666672,25.06,50.38
2026-03-08 08:50:00,29.46,50.41,36.43,33.13,749,1048.5,8,6,24.27,48.47,36.78,29.77,779.1,635,27.123333333333324,49.47666666666664,869.3666666666671,32.2,50.23
2026-03-08 08:55:00,34.22,51.29,36.48,23.17,709,929.4,8,6,29.46,50.41,36.43,33.13,1048.5,749,29.316666666666652,50.05666666666665,919.0000000000005,28.2,50.49
2026-03-08 09:00:00,25.06,50.38,36.3,26.29,699,701.4,9,6,34.22,51.29,36.48,23.17,929.4,709,29.579999999999988,50.69333333333332,893.1000000000005,33.72,50.39
2026-03-08 09:05:00,32.2,50.23,36.29,30.7,752,973.0,9,6,25.06,50.38,36.3,26.29,701.4,699,30.49333333333332,50.63333333333332,867.9333333333338,28.96,50.97
2026-03-08 09:10:00,28.2,50.49,35.96,29.17,692,820.5,9,6,32.2,50.23,36.29,30.7,973.0,752,28.486666666666654,50.366666666666646,831.6333333333338,30.93,51.92
2026-03-08 09:15:00,33.72,50.39,36.59,35.1,741,1065.3,9,6,28.2,50.49,35.96,29.17,820.5,692,31.37333333333332,50.36999999999998,952.9333333333338,33.42,53.56
2026-03-08 09:20:00,28.96,50.97,36.3,32.31,866,825.3,9,6,33.72,50.39,36.59,35.1,1065.3,741,30.293333333333322,50.616666666666646,903.7000000000004,25.44,54.92
2026-03-08 09:25:00,30.93,51.92,36.4,33.19,841,749.5,9,6,28.96,50.97,36.3,32.31,825.3,866,31.20333333333332,51.09333333333331,880.0333333333338,32.54,54.97
2026-03-08 09:30:00,33.42,53.56,36.07,31.82,855,1024.5,9,6,30.93,51.92,36.4,33.19,749.5,841,31.10333333333332,52.149999999999984,866.4333333333338,35.54,56.36
2026-03-08 09:35:00,25.44,54.92,36.65,31.7,818,779.9,9,6,33.42,53.56,36.07,31.82,1024.5,855,29.92999999999999,53.46666666666665,851.3000000000005,39.73,56.52
2026-03-08 09:40:00,32.54,54.97,36.8,37.25,856,1143.6,9,6,25.44,54.92,36.65,31.7,779.9,818,30.466666666666654,54.48333333333331,982.6666666666671,32.52,56.36
2026-03-08 09:45:00,35.54,56.36,36.44,29.06,854,1113.1,9,6,32.54,54.97,36.8,37.25,1143.6,856,31.173333333333318,55.41666666666665,1012.2000000000004,34.78,55.37
2026-03-08 09:50:00,39.73,56.52,36.35,43.04,893,937.3,9,6,35.54,56.36,36.44,29.06,1113.1,854,35.93666666666665,55.94999999999999,1064.666666666667,35.21,56.12
2026-03-08 09:55:00,32.52,56.36,36.52,30.46,830,839.7,9,6,39.73,56.52,36.35,43.04,937.3,893,35.929999999999986,56.41333333333332,963.3666666666671,27.59,56.79
2026-03-08 10:00:00,34.78,55.37,36.57,27.72,885,940.8,10,6,32.52,56.36,36.52,30.46,839.7,830,35.676666666666655,56.083333333333314,905.9333333333337,36.89,56.61
2026-03-08 10:05:00,35.21,56.12,36.33,41.56,886,1172.4,10,6,34.78,55.37,36.57,27.72,940.8,885,34.16999999999999,55.94999999999998,984.3000000000005,36.22,56.88
2026-03-08 10:10:00,27.59,56.79,36.79,29.02,849,969.2,10,6,35.21,56.12,36.33,41.56,1172.4,886,32.52666666666665,56.09333333333331,1027.4666666666672,27.41,56.14
2026-03-08 10:15:00,36.89,56.61,36.75,27.88,899,1245.9,10,6,27.59,56.79,36.79,29.02,969.2,849,33.22999999999999,56.50666666666664,1129.1666666666672,39.17,56.67
2026-03-08 10:20:00,36.22,56.88,36.51,39.47,929,1411.8,10,6,36.89,56.61,36.75,27.88,1245.9,899,33.566666666666656,56.759999999999984,1208.9666666666672,43.95,57.93
2026-03-08 10:25:00,27.41,56.14,36.63,36.5,891,952.9,10,6,36.22,56.88,36.51,39.47,1411.8,929,33.50666666666665,56.543333333333315,1203.533333333334,29.65,56.88
2026-03-08 10:30:00,39.17,56.67,36.56,47.74,945,1371.9,10,6,27.41,56.14,36.63,36.5,952.9,891,34.26666666666666,56.56333333333331,1245.533333333334,30.37,57.58
2026-03-08 10:35:00,43.95,57.93,36.57,39.29,1035,1459.3,10,6,39.17,56.67,36.56,47.74,1371.9,945,36.84333333333333,56.91333333333332,1261.366666666667,43.59,57.12
2026-03-08 10:40:00,29.65,56.88,36.9,31.69,955,950.3,10,6,43.95,57.93,36.57,39.29,1459.3,1035,37.589999999999996,57.15999999999999,1260.5000000000005,42.14,57.14
2026-03-08 10:45:00,30.37,57.58,36.73,29.46,1022,982.8,10,6,29.65,56.88,36.9,31.69,950.3,955,34.65666666666666,57.46333333333331,1130.8000000000004,40.12,57.85
2026-03-08 10:50:00,43.59,57.12,36.76,37.17,963,1365.4,10,6,30.37,57.58,36.73,29.46,982.8,1022,34.536666666666655,57.19333333333331,1099.5000000000005,31.63,58.37
2026-03-08 10:55:00,42.14,57.14,36.36,40.47,1092,1195.8,10,6,43.59,57.12,36.76,37.17,1365.4,963,38.699999999999996,57.27999999999998,1181.333333333334,34.89,57.57
2026-03-08 11:00:00,40.12,57.85,36.7,44.68,1029,1406.9,11,6,42.14,57.14,36.36,40.47,1195.8,1092,41.94999999999999,57.36999999999998,1322.7000000000005,37.0,58.37
2026-03-08 11:05:00,31.63,58.37,37.19,34.99,1036,1085.8,11,6,40.12,57.85,36.7,44.68,1406.9,1029,37.963333333333324,57.78666666666664,1229.5000000000005,36.31,58.3
2026-03-08 11:10:00,34.89,57.57,36.15,36.68,1028,1164.7,11,6,31.63,58.37,37.19,34.99,1085.8,1036,35.54666666666666,57.929999999999986,1219.133333333334,41.57,59.22
2026-03-08 11:15:00,37.0,58.37,36.98,33.57,1045,1185.4,11,6,34.89,57.57,36.15,36.68,1164.7,1028,34.50666666666666,58.10333333333332,1145.3000000000004,37.93,59.08
2026-03-08 11:20:00,36.31,58.3,36.64,47.57,1117,1271.7,11,6,37.0,58.37,36.98,33.57,1185.4,1045,36.066666666666656,58.07999999999998,1207.266666666667,34.16,59.42
2026-03-08 11:25:00,41.57,59.22,36.34,35.43,1063,1280.9,11,6,36.31,58.3,36.64,47.57,1271.7,1117,38.29333333333332,58.629999999999974,1246.0000000000005,34.9,59.58
2026-03-08 11:30:00,37.93,59.08,36.86,35.71,1056,1027.7,11,6,41.57,59.22,36.34,35.43,1280.9,1063,38.603333333333325,58.866666666666646,1193.4333333333336,41.07,60.01
2026-03-08 11:35:00,34.16,59.42,36.67,33.6,1151,1152.9,11,6,37.93,59.08,36.86,35.71,1027.7,1056,37.886666666666656,59.23999999999998,1153.833333333334,41.35,59.29
2026-03-08 11:40:00,34.9,59.58,37.23,36.03,1169,1065.2,11,6,34.16,59.42,36.67,33.6,1152.9,1151,35.66333333333333,59.359999999999985,1081.9333333333338,33.98,59.36
2026-03-08 11:45:00,41.07,60.01,36.48,39.17,1098,1395.8,11,6,34.9,59.58,37.23,36.03,1065.2,1169,36.70999999999999,59.66999999999998,1204.633333333334,33.09,59.35
2026-03-08 11:50:00,41.35,59.29,36.47,38.78,1105,1413.1,11,6,41.07,60.01,36.48,39.17,1395.8,1098,39.106666666666655,59.626666666666644,1291.366666666667,41.21,59.24
2026-03-08 11:55:00,33.98,59.36,37.02,37.78,1134,990.3,11,6,41.35,59.29,36.47,38.78,1413.1,1105,38.79999999999999,59.55333333333331,1266.4000000000003,35.42,58.98
2026-03-08 12:00:00,33.09,59.35,36.62,32.57,1225,1125.9,12,6,33.98,59.36,37.02,37.78,990.3,1134,36.13999999999999,59.333333333333314,1176.4333333333338,43.86,58.53
2026-03-08 12:05:00,41.21,59.24,36.96,36.74,1195,1258.2,12,6,33.09,59.35,36.62,32.57,1125.9,1225,36.09333333333333,59.316666666666656,1124.8000000000004,38.9,59.21
2026-03-08 12:10:00,35.42,58.98,37.0,44.15,1175,1101.1,12,6,41.21,59.24,36.96,36.74,1258.2,1195,36.57333333333332,59.189999999999976,1161.7333333333338,36.68,61.26
2026-03-08 12:15:00,43.86,58.53,37.09,53.92,1198,1528.3,12,6,35.42,58.98,37.0,44.15,1101.1,1175,40.16333333333333,58.91666666666665,1295.866666666667,40.32,61.36
2026-03-08 12:20:00,38.9,59.21,36.61,39.9,1179,1296.2,12,6,43.86,58.53,37.09,53.92,1528.3,1198,39.393333333333324,58.906666666666645,1308.5333333333338,40.48,61.74
2026-03-08 12:25:00,36.68,61.26,36.32,41.81,1277,1354.4,12,6,38.9,59.21,36.61,39.9,1296.2,1179,39.813333333333325,59.66666666666665,1392.9666666666672,45.8,61.41
2026-03-08 12:30:00,40.32,61.36,36.64,46.9,1256,1409.9,12,6,36.68,61.26,36.32,41.81,1354.4,1277,38.633333333333326,60.60999999999998,1353.5000000000007,46.06,62.82
2026-03-08 12:35:00,40.48,61.74,36.81,48.23,1247,1518.0,12,6,40.32,61.36,36.64,46.9,1409.9,1256,39.15999999999999,61.45333333333331,1427.433333333334,38.61,62.36
2026-03-08 12:40:00,45.8,61.41,37.34,48.67,1286,1620.3,12,6,40.48,61.74,36.81,48.23,1518.0,1247,42.19999999999999,61.50333333333331,1516.0666666666668,41.6,63.35
2026-03-08 12:45:00,46.06,62.82,37.32,46.14,1311,1682.9,12,6,45.8,61.41,37.34,48.67,1620.3,1286,44.11333333333332,61.98999999999998,1607.0666666666673,49.99,63.71
2026-03-08 12:50:00,38.61,62.36,36.49,37.38,1224,1156.5,12,6,46.06,62.82,37.32,46.14,1682.9,1311,43.48999999999999,62.19666666666664,1486.5666666666673,36.43,64.14
2026-03-08 12:55:00,41.6,63.35,37.31,55.15,1255,1800.9,12,6,38.61,62.36,36.49,37.38,1156.5,1224,42.08999999999999,62.84333333333331,1546.766666666667,38.53,64.35
2026-03-08 13:00:00,49.99,63.71,37.01,51.4,1354,1861.1,13,6,41.6,63.35,37.31,55.15,1800.9,1255,43.4,63.139999999999986,1606.1666666666672,33.2,64.88
2026-03-08 13:05:00,36.43,64.14,36.81,37.64,1318,1276.6,13,6,49.99,63.71,37.01,51.4,1861.1,1354,42.673333333333325,63.73333333333331,1646.2000000000005,40.43,64.36
2026-03-08 13:10:00,38.53,64.35,37.66,42.03,1294,1545.4,13,6,36.43,64.14,36.81,37.64,1276.6,1318,41.64999999999999,64.06666666666665,1561.0333333333338,38.96,64.61
2026-03-08 13:15:00,33.2,64.88,37.04,39.35,1230,1306.1,13,6,38.53,64.35,37.66,42.03,1545.4,1294,36.05333333333333,64.45666666666665,1376.0333333333338,48.34,63.91
2026-03-08 13:20:00,40.43,64.36,36.67,45.45,1394,1429.0,13,6,33.2,64.88,37.04,39.35,1306.1,1230,37.386666666666656,64.52999999999999,1426.833333333334,29.18,63.07
2026-03-08 13:25:00,38.96,64.61,36.7,43.59,1409,1439.2,13,6,40.43,64.36,36.67,45.45,1429.0,1394,37.529999999999994,64.61666666666666,1391.4333333333336,43.35,63.69
2026-03-08 13:30:00,48.34,63.91,37.13,44.8,1287,1629.7,13,6,38.96,64.61,36.7,43.59,1439.2,1409,42.57666666666666,64.29333333333331,1499.3000000000004,33.66,62.53
2026-03-08 13:35:00,29.18,63.07,36.96,36.57,1295,1130.8,13,6,48.34,63.91,37.13,44.8,1629.7,1287,38.82666666666666,63.863333333333316,1399.9000000000005,29.76,62.67
2026-03-08 13:40:00,43.35,63.69,37.39,39.19,1305,1528.3,13,6,29.18,63.07,36.96,36.57,1130.8,1295,40.28999999999999,63.55666666666664,1429.6000000000004,49.93,63.12
2026-03-08 13:45:00,33.66,62.53,36.93,38.33,1280,1110.8,13,6,43.35,63.69,37.39,39.19,1528.3,1305,35.396666666666654,63.09666666666664,1256.633333333334,45.17,63.01
2026-03-08 13:50:00,29.76,62.67,37.62,36.33,1304,1313.4,13,6,33.66,62.53,36.93,38.33,1110.8,1280,35.58999999999999,62.96333333333332,1317.5000000000002,40.69,63.31
2026-03-08 13:55:00,49.93,63.12,37.33,55.61,1376,1971.6,13,6,29.76,62.67,37.62,36.33,1313.4,1304,37.783333333333324,62.77333333333331,1465.266666666667,34.85,63.68
2026-03-08 14:00:00,45.17,63.01,37.27,51.39,1297,1812.8,14,6,49.93,63.12,37.33,55.61,1971.6,1376,41.61999999999999,62.933333333333316,1699.266666666667,36.59,64.19
2026-03-08 14:05:00,40.69,63.31,37.15,39.01,1378,1506.6,14,6,45.17,63.01,37.27,51.39,1812.8,1297,45.26333333333332,63.14666666666665,1763.6666666666672,39.8,65.34
2026-03-08 14:10:00,34.85,63.68,36.95,37.75,1374,1249.2,14,6,40.69,63.31,37.15,39.01,1506.6,1378,40.23666666666666,63.333333333333314,1522.866666666667,39.26,65.96
2026-03-08 14:15:00,36.59,64.19,37.33,33.09,1335,1275.0,14,6,34.85,63.68,36.95,37.75,1249.2,1374,37.37666666666666,63.72666666666665,1343.6000000000004,42.46,65.26
2026-03-08 14:20:00,39.8,65.34,37.0,45.13,1362,1536.3,14,6,36.59,64.19,37.33,33.09,1275.0,1335,37.07999999999999,64.40333333333332,1353.5000000000005,41.63,65.72
2026-03-08 14:25:00,39.26,65.96,37.07,34.57,1388,1414.1,14,6,39.8,65.34,37.0,45.13,1536.3,1362,38.54999999999999,65.16333333333331,1408.4666666666672,38.61,66.32
2026-03-08 14:30:00,42.46,65.26,37.03,44.15,1377,1508.7,14,6,39.26,65.96,37.07,34.57,1414.1,1388,40.50666666666666,65.51999999999998,1486.366666666667,42.92,65.47
2026-03-08 14:35:00,41.63,65.72,37.51,42.21,1527,1618.4,14,6,42.46,65.26,37.03,44.15,1508.7,1377,41.11666666666665,65.64666666666665,1513.7333333333338,37.94,65.42
2026-03-08 14:40:00,38.61,66.32,37.31,32.95,1346,1587.1,14,6,41.63,65.72,37.51,42.21,1618.4,1527,40.89999999999999,65.76666666666665,1571.4000000000005,45.76,65.83
2026-03-08 14:45:00,42.92,65.47,37.55,49.52,1373,1798.2,14,6,38.61,66.32,37.31,32.95,1587.1,1346,41.05333333333333,65.83666666666664,1667.9000000000005,49.69,65.84
2026-03-08 14:50:00,37.94,65.42,37.66,34.35,1348,1249.6,14,6,42.92,65.47,37.55,49.52,1798.2,1373,39.82333333333332,65.73666666666664,1544.9666666666672,33.66,64.99
2026-03-08 14:55:00,45.76,65.83,37.81,50.56,1434,1908.7,14,6,37.94,65.42,37.66,34.35,1249.6,1348,42.206666666666656,65.57333333333331,1652.1666666666672,42.31,64.97
2026-03-08 15:00:00,49.69,65.84,37.26,50.15,1432,1882.2,15,6,45.76,65.83,37.81,50.56,1908.7,1434,44.46333333333332,65.69666666666664,1680.1666666666672,43.96,64.37
2026-03-08 15:05:00,33.66,64.99,36.8,47.89,1293,1510.6,15,6,49.69,65.84,37.26,50.15,1882.2,1432,43.036666666666655,65.55333333333333,1767.1666666666672,44.68,63.82
2026-03-08 15:10:00,42.31,64.97,36.92,41.65,1449,1530.1,15,6,33.66,64.99,36.8,47.89,1510.6,1293,41.886666666666656,65.26666666666665,1640.9666666666672,51.56,63.77
2026-03-08 15:15:00,43.96,64.37,37.34,56.07,1431,1913.0,15,6,42.31,64.97,36.92,41.65,1530.1,1449,39.97666666666666,64.77666666666664,1651.2333333333336,39.97,64.05
2026-03-08 15:20:00,44.68,63.82,37.46,56.98,1477,1780.5,15,6,43.96,64.37,37.34,56.07,1913.0,1431,43.65,64.38666666666664,1741.2000000000005,37.01,64.74
2026-03-08 15:25:00,51.56,63.77,37.85,54.67,1404,1839.2,15,6,44.68,63.82,37.46,56.98,1780.5,1477,46.73333333333333,63.98666666666664,1844.2333333333338,48.82,64.37
2026-03-08 15:30:00,39.97,64.05,37.19,44.11,1433,1340.8,15,6,51.56,63.77,37.85,54.67,1839.2,1404,45.40333333333333,63.879999999999974,1653.5000000000007,45.88,64.47
2026-03-08 15:35:00,37.01,64.74,36.97,42.74,1361,1547.1,15,6,39.97,64.05,37.19,44.11,1340.8,1433,42.84666666666666,64.18666666666665,1575.7000000000005,45.37,65.01
2026-03-08 15:40:00,48.82,64.37,37.37,52.79,1455,1752.1,15,6,37.01,64.74,36.97,42.74,1547.1,1361,41.933333333333316,64.38666666666664,1546.6666666666672,44.44,64.57
2026-03-08 15:45:00,45.88,64.47,38.02,56.18,1454,1919.6,15,6,48.82,64.37,37.37,52.79,1752.1,1455,43.90333333333333,64.52666666666666,1739.6000000000004,48.64,64.8
2026-03-08 15:50:00,45.37,65.01,37.4,46.99,1401,1539.0,15,6,45.88,64.47,38.02,56.18,1919.6,1454,46.68999999999999,64.61666666666666,1736.9000000000003,49.78,64.87
2026-03-08 15:55:00,44.44,64.57,37.54,51.4,1367,1752.6,15,6,45.37,65.01,37.4,46.99,1539.0,1401,45.22999999999999,64.68333333333332,1737.0666666666668,42.34,64.47
2026-03-08 16:00:00,48.64,64.8,37.26,42.77,1429,1731.3,16,6,44.44,64.57,37.54,51.4,1752.6,1367,46.149999999999984,64.79333333333331,1674.3000000000004,39.59,64.79
2026-03-08 16:05:00,49.78,64.87,37.94,53.24,1395,1941.6,16,6,48.64,64.8,37.26,42.77,1731.3,1429,47.61999999999998,64.74666666666666,1808.5000000000002,44.04,64.76
2026-03-08 16:10:00,42.34,64.47,37.23,34.7,1323,1390.5,16,6,49.78,64.87,37.94,53.24,1941.6,1395,46.91999999999999,64.71333333333332,1687.8000000000004,36.67,64.84
2026-03-08 16:15:00,39.59,64.79,36.93,40.12,1356,1424.7,16,6,42.34,64.47,37.23,34.7,1390.5,1323,43.90333333333333,64.70999999999998,1585.6000000000004,42.83,64.72
2026-03-08 16:20:00,44.04,64.76,37.2,51.98,1433,1591.6,16,6,39.59,64.79,36.93,40.12,1424.7,1356,41.989999999999995,64.67333333333332,1468.9333333333336,43.45,65.89
2026-03-08 16:25:00,36.67,64.84,37.48,38.23,1395,1424.1,16,6,44.04,64.76,37.2,51.98,1591.6,1433,40.09999999999999,64.79666666666665,1480.133333333334,48.09,67.45
2026-03-08 16:30:00,42.83,64.72,37.46,42.82,1369,1542.4,16,6,36.67,64.84,37.48,38.23,1424.1,1395,41.17999999999999,64.77333333333333,1519.366666666667,40.57,68.32
2026-03-08 16:35:00,43.45,65.89,37.76,51.04,1427,1712.3,16,6,42.83,64.72,37.46,42.82,1542.4,1369,40.98333333333333,65.14999999999998,1559.6000000000004,42.7,68.79
2026-03-08 16:40:00,48.09,67.45,37.12,48.45,1375,1564.6,16,6,43.45,65.89,37.76,51.04,1712.3,1427,44.78999999999999,66.01999999999998,1606.4333333333336,50.9,68.38
2026-03-08 16:45:00,40.57,68.32,37.48,51.97,1356,1720.1,16,6,48.09,67.45,37.12,48.45,1564.6,1375,44.03666666666666,67.21999999999998,1665.666666666667,44.35,68.34
2026-03-08 16:50:00,42.7,68.79,37.57,43.85,1385,1571.2,16,6,40.57,68.32,37.48,51.97,1720.1,1356,43.78666666666666,68.18666666666665,1618.633333333334,38.34,67.79
2026-03-08 16:55:00,50.9,68.38,37.49,47.64,1403,1728.0,16,6,42.7,68.79,37.57,43.85,1571.2,1385,44.72333333333332,68.49666666666666,1673.1000000000004,47.24,68.33
2026-03-08 17:00:00,44.35,68.34,37.56,42.55,1497,1581.9,17,6,50.9,68.38,37.49,47.64,1728.0,1403,45.98333333333333,68.50333333333332,1627.0333333333338,45.41,68.45
2026-03-08 17:05:00,38.34,67.79,37.8,37.48,1439,1381.3,17,6,44.35,68.34,37.56,42.55,1581.9,1497,44.529999999999994,68.16999999999997,1563.7333333333338,42.67,67.03
2026-03-08 17:10:00,47.24,68.33,38.06,56.22,1373,1877.3,17,6,38.34,67.79,37.8,37.48,1381.3,1439,43.309999999999995,68.15333333333331,1613.5000000000007,43.59,68.4
2026-03-08 17:15:00,45.41,68.45,37.5,56.14,1386,1842.3,17,6,47.24,68.33,38.06,56.22,1877.3,1373,43.66333333333333,68.18999999999998,1700.3000000000004,38.57,66.13
2026-03-08 17:20:00,42.67,67.03,37.49,47.51,1337,1509.8,17,6,45.41,68.45,37.5,56.14,1842.3,1386,45.10666666666666,67.93666666666665,1743.133333333334,39.47,65.86
2026-03-08 17:25:00,43.59,68.4,37.62,49.86,1391,1760.5,17,6,42.67,67.03,37.49,47.51,1509.8,1337,43.889999999999986,67.96,1704.2000000000005,39.38,64.73
2026-03-08 17:30:00,38.57,66.13,37.46,32.69,1240,1245.4,17,6,43.59,68.4,37.62,49.86,1760.5,1391,41.60999999999999,67.18666666666665,1505.2333333333336,47.41,64.03
2026-03-08 17:35:00,39.47,65.86,38.01,46.74,1260,1599.9,17,6,38.57,66.13,37.46,32.69,1245.4,1240,40.54333333333332,66.79666666666664,1535.266666666667,45.92,64.2
2026-03-08 17:40:00,39.38,64.73,37.94,38.29,1327,1476.6,17,6,39.47,65.86,38.01,46.74,1599.9,1260,39.13999999999999,65.57333333333331,1440.633333333334,38.55,62.96
2026-03-08 17:45:00,47.41,64.03,37.14,48.04,1276,1556.8,17,6,39.38,64.73,37.94,38.29,1476.6,1327,42.08666666666665,64.87333333333332,1544.4333333333336,34.08,62.07
2026-03-08 17:50:00,45.92,64.2,37.71,52.79,1322,1883.1,17,6,47.41,64.03,37.14,48.04,1556.8,1276,44.23666666666666,64.31999999999998,1638.8333333333337,44.95,61.9
2026-03-08 17:55:00,38.55,62.96,37.94,39.99,1293,1277.4,17,6,45.92,64.2,37.71,52.79,1883.1,1322,43.95999999999999,63.72999999999998,1572.4333333333336,43.87,62.39
2026-03-08 18:00:00,34.08,62.07,37.75,31.22,1291,1177.9,18,6,38.55,62.96,37.94,39.99,1277.4,1293,39.51666666666666,63.076666666666654,1446.133333333334,44.52,62.53
2026-03-08 18:05:00,44.95,61.9,37.48,53.65,1332,1908.0,18,6,34.08,62.07,37.75,31.22,1177.9,1291,39.19333333333332,62.30999999999998,1454.433333333334,36.24,62.38
2026-03-08 18:10:00,43.87,62.39,37.97,41.0,1338,1487.3,18,6,44.95,61.9,37.48,53.65,1908.0,1332,40.96666666666666,62.119999999999976,1524.4000000000003,47.43,63.62
2026-03-08 18:15:00,44.52,62.53,37.85,49.28,1283,1731.6,18,6,43.87,62.39,37.97,41.0,1487.3,1338,44.44666666666666,62.27333333333331,1708.9666666666672,39.54,64.08
2026-03-08 18:20:00,36.24,62.38,37.77,38.52,1213,1073.1,18,6,44.52,62.53,37.85,49.28,1731.6,1283,41.54333333333332,62.433333333333316,1430.6666666666672,35.42,63.59
2026-03-08 18:25:00,47.43,63.62,38.24,44.76,1291,1677.1,18,6,36.24,62.38,37.77,38.52,1073.1,1213,42.72999999999999,62.84333333333331,1493.9333333333336,44.22,64.56
2026-03-08 18:30:00,39.54,64.08,37.23,49.14,1293,1577.1,18,6,47.43,63.62,38.24,44.76,1677.1,1291,41.06999999999999,63.359999999999985,1442.4333333333336,36.86,65.29
2026-03-08 18:35:00,35.42,63.59,37.99,37.53,1195,1331.4,18,6,39.54,64.08,37.23,49.14,1577.1,1293,40.79666666666665,63.76333333333332,1528.5333333333338,35.77,64.33
2026-03-08 18:40:00,44.22,64.56,37.59,42.15,1205,1468.2,18,6,35.42,63.59,37.99,37.53,1331.4,1195,39.72666666666666,64.07666666666665,1458.9000000000005,38.0,65.29
2026-03-08 18:45:00,36.86,65.29,37.74,39.31,1294,1254.8,18,6,44.22,64.56,37.59,42.15,1468.2,1205,38.83333333333332,64.47999999999999,1351.4666666666672,43.6,64.59
2026-03-08 18:50:00,35.77,64.33,37.85,39.98,1207,1417.1,18,6,36.86,65.29,37.74,39.31,1254.8,1294,38.94999999999999,64.72666666666665,1380.0333333333338,35.13,65.14
2026-03-08 18:55:00,38.0,65.29,37.54,50.41,1204,1519.3,18,6,35.77,64.33,37.85,39.98,1417.1,1207,36.87666666666666,64.96999999999998,1397.0666666666673,33.59,64.21
2026-03-08 19:00:00,43.6,64.59,38.28,50.59,1254,1577.5,19,6,38.0,65.29,37.54,50.41,1519.3,1204,39.12333333333333,64.73666666666665,1504.633333333334,39.01,64.55
2026-03-08 19:05:00,35.13,65.14,37.57,44.74,1185,1229.1,19,6,43.6,64.59,38.28,50.59,1577.5,1254,38.90999999999999,65.00666666666666,1441.9666666666672,38.63,63.07
2026-03-08 19:10:00,33.59,64.21,37.43,38.1,1203,1386.2,19,6,35.13,65.14,37.57,44.74,1229.1,1185,37.43999999999999,64.64666666666665,1397.6000000000004,38.61,63.44
2026-03-08 19:15:00,39.01,64.55,37.97,54.74,1121,1606.5,19,6,33.59,64.21,37.43,38.1,1386.2,1203,35.90999999999999,64.63333333333333,1407.266666666667,28.95,62.33
2026-03-08 19:20:00,38.63,63.07,38.42,38.25,1147,1300.3,19,6,39.01,64.55,37.97,54.74,1606.5,1121,37.07666666666666,63.94333333333332,1431.0000000000007,41.16,63.27
2026-03-08 19:25:00,38.61,63.44,38.51,45.68,1184,1501.7,19,6,38.63,63.07,38.42,38.25,1300.3,1147,38.74999999999999,63.686666666666646,1469.5000000000007,40.2,63.02
2026-03-08 19:30:00,28.95,62.33,38.4,31.61,1077,944.4,19,6,38.61,63.44,38.51,45.68,1501.7,1184,35.39666666666666,62.94666666666665,1248.8000000000004,31.73,62.95
2026-03-08 19:35:00,41.16,63.27,38.23,42.63,1084,1310.4,19,6,28.95,62.33,38.4,31.61,944.4,1077,36.23999999999999,63.01333333333332,1252.1666666666672,38.2,62.16
2026-03-08 19:40:00,40.2,63.02,37.83,41.93,1119,1341.6,19,6,41.16,63.27,38.23,42.63,1310.4,1084,36.76999999999999,62.87333333333333,1198.8000000000004,30.41,61.58
2026-03-08 19:45:00,31.73,62.95,38.1,44.1,1164,1164.8,19,6,40.2,63.02,37.83,41.93,1341.6,1119,37.69666666666666,63.079999999999984,1272.266666666667,40.57,62.05
2026-03-08 19:50:00,38.2,62.16,37.95,36.61,1097,1287.9,19,6,31.73,62.95,38.1,44.1,1164.8,1164,36.709999999999994,62.70999999999999,1264.766666666667,30.39,61.9
2026-03-08 19:55:00,30.41,61.58,37.92,33.51,1021,971.6,19,6,38.2,62.16,37.95,36.61,1287.9,1097,33.44666666666666,62.22999999999998,1141.4333333333338,33.29,60.15
2026-03-08 20:00:00,40.57,62.05,37.56,48.91,1134,1522.7,20,6,30.41,61.58,37.92,33.51,971.6,1021,36.393333333333324,61.929999999999986,1260.7333333333338,26.97,60.33
2026-03-08 20:05:00,30.39,61.9,38.43,33.75,1062,1399.8,20,6,40.57,62.05,37.56,48.91,1522.7,1134,33.78999999999999,61.84333333333333,1298.0333333333338,29.45,60.58
2026-03-08 20:10:00,33.29,60.15,38.49,35.18,1027,1128.6,20,6,30.39,61.9,38.43,33.75,1399.8,1062,34.74999999999999,61.366666666666646,1350.366666666667,32.42,60.61
2026-03-08 20:15:00,26.97,60.33,38.51,37.0,1069,954.5,20,6,33.29,60.15,38.49,35.18,1128.6,1027,30.216666666666658,60.79333333333332,1160.9666666666672,30.33,59.02
2026-03-08 20:20:00,29.45,60.58,38.28,42.24,1049,950.6,20,6,26.97,60.33,38.51,37.0,954.5,1069,29.90333333333332,60.35333333333332,1011.2333333333337,27.32,58.41
2026-03-08 20:25:00,32.42,60.61,38.23,27.32,1065,1168.3,20,6,29.45,60.58,38.28,42.24,950.6,1049,29.613333333333326,60.50666666666665,1024.4666666666672,35.74,59.01
2026-03-08 20:30:00,30.33,59.02,37.87,29.57,966,1068.5,20,6,32.42,60.61,38.23,27.32,1168.3,1065,30.73333333333332,60.06999999999999,1062.4666666666672,29.4,57.69
2026-03-08 20:35:00,27.32,58.41,37.89,36.51,1032,962.4,20,6,30.33,59.02,37.87,29.57,1068.5,966,30.023333333333323,59.34666666666666,1066.4000000000003,34.18,58.65
2026-03-08 20:40:00,35.74,59.01,38.45,36.97,968,1169.4,20,6,27.32,58.41,37.89,36.51,962.4,1032,31.129999999999985,58.813333333333325,1066.766666666667,36.8,57.54
2026-03-08 20:45:00,29.4,57.69,38.67,40.44,923,1155.4,20,6,35.74,59.01,38.45,36.97,1169.4,968,30.81999999999999,58.36999999999998,1095.7333333333338,33.16,57.75
2026-03-08 20:50:00,34.18,58.65,38.47,33.36,1009,1196.3,20,6,29.4,57.69,38.67,40.44,1155.4,923,33.106666666666655,58.44999999999999,1173.7000000000005,35.46,56.51
2026-03-08 20:55:00,36.8,57.54,38.22,38.24,886,1011.1,20,6,34.18,58.65,38.47,33.36,1196.3,1009,33.45999999999999,57.95999999999999,1120.9333333333336,38.39,57.0
2026-03-08 21:00:00,33.16,57.75,37.8,40.43,928,1102.4,21,6,36.8,57.54,38.22,38.24,1011.1,886,34.71333333333332,57.97999999999999,1103.266666666667,26.93,56.01
2026-03-08 21:05:00,35.46,56.51,38.59,40.3,964,1145.3,21,6,33.16,57.75,37.8,40.43,1102.4,928,35.139999999999986,57.26666666666665,1086.266666666667,35.71,54.48
2026-03-08 21:10:00,38.39,57.0,38.29,43.97,1001,1303.6,21,6,35.46,56.51,38.59,40.3,1145.3,964,35.66999999999999,57.08666666666665,1183.766666666667,41.49,55.94
2026-03-08 21:15:00,26.93,56.01,38.25,28.82,928,984.7,21,6,38.39,57.0,38.29,43.97,1303.6,1001,33.59333333333333,56.50666666666665,1144.5333333333335,30.15,55.74
2026-03-08 21:20:00,35.71,54.48,37.32,30.25,883,992.1,21,6,26.93,56.01,38.25,28.82,984.7,928,33.676666666666655,55.829999999999984,1093.466666666667,34.31,55.45
2026-03-08 21:25:00,41.49,55.94,37.69,36.26,949,1230.4,21,6,35.71,54.48,37.32,30.25,992.1,883,34.70999999999999,55.47666666666665,1069.0666666666668,35.85,55.12
2026-03-08 21:30:00,30.15,55.74,37.92,29.32,917,886.8,21,6,41.49,55.94,37.69,36.26,1230.4,949,35.783333333333324,55.386666666666656,1036.4333333333336,33.28,55.5
2026-03-08 21:35:00,34.31,55.45,38.01,32.6,905,1078.6,21,6,30.15,55.74,37.92,29.32,886.8,917,35.316666666666656,55.70999999999999,1065.2666666666669,32.01,55.71
2026-03-08 21:40:00,35.85,55.12,37.89,33.79,878,1161.7,21,6,34.31,55.45,38.01,32.6,1078.6,905,33.43666666666665,55.436666666666646,1042.3666666666668,33.12,55.17
2026-03-08 21:45:00,33.28,55.5,38.58,32.86,808,819.0,21,6,35.85,55.12,37.89,33.79,1161.7,878,34.47999999999999,55.35666666666665,1019.7666666666668,21.45,54.42
2026-03-08 21:50:00,32.01,55.71,38.29,37.73,822,1079.7,21,6,33.28,55.5,38.58,32.86,819.0,808,33.71333333333332,55.44333333333332,1020.1333333333336,27.61,52.71
2026-03-08 21:55:00,33.12,55.17,38.72,40.42,784,910.8,21,6,32.01,55.71,38.29,37.73,1079.7,822,32.80333333333332,55.45999999999999,936.5000000000003,30.84,53.37
2026-03-08 22:00:00,21.45,54.42,38.38,29.7,864,904.8,22,6,33.12,55.17,38.72,40.42,910.8,784,28.85999999999999,55.09999999999999,965.1000000000003,38.25,54.53
2026-03-08 22:05:00,27.61,52.71,37.95,36.02,754,1110.2,22,6,21.45,54.42,38.38,29.7,904.8,864,27.39333333333332,54.09999999999999,975.2666666666669,25.67,55.39
2026-03-08 22:10:00,30.84,53.37,38.59,35.7,788,1078.8,22,6,27.61,52.71,37.95,36.02,1110.2,754,26.633333333333322,53.49999999999999,1031.2666666666669,26.31,54.89
2026-03-08 22:15:00,38.25,54.53,38.79,44.84,855,1232.7,22,6,30.84,53.37,38.59,35.7,1078.8,788,32.23333333333332,53.536666666666655,1140.5666666666668,24.5,55.15
2026-03-08 22:20:00,25.67,55.39,38.01,32.87,699,894.7,22,6,38.25,54.53,38.79,44.84,1232.7,855,31.586666666666655,54.429999999999986,1068.7333333333336,30.78,54.2
2026-03-08 22:25:00,26.31,54.89,38.32,25.85,754,697.8,22,6,25.67,55.39,38.01,32.87,894.7,699,30.076666666666654,54.936666666666646,941.7333333333336,28.2,54.35
2026-03-08 22:30:00,24.5,55.15,38.78,35.47,788,934.2,22,6,26.31,54.89,38.32,25.85,697.8,754,25.49333333333332,55.14333333333332,842.2333333333336,22.73,54.18
2026-03-08 22:35:00,30.78,54.2,38.71,34.5,749,917.9,22,6,24.5,55.15,38.78,35.47,934.2,788,27.196666666666655,54.74666666666665,849.9666666666668,30.48,53.68
2026-03-08 22:40:00,28.2,54.35,38.39,32.03,780,844.8,22,6,30.78,54.2,38.71,34.5,917.9,749,27.826666666666654,54.566666666666656,898.9666666666668,28.44,53.46
2026-03-08 22:45:00,22.73,54.18,38.66,24.44,670,667.3,22,6,28.2,54.35,38.39,32.03,844.8,780,27.236666666666654,54.24333333333332,810.0000000000001,23.79,54.51
2026-03-08 22:50:00,30.48,53.68,38.34,27.34,647,706.8,22,6,22.73,54.18,38.66,24.44,667.3,670,27.136666666666656,54.069999999999986,739.6333333333336,23.16,53.88
2026-03-08 22:55:00,28.44,53.46,38.02,32.24,586,663.2,22,6,30.48,53.68,38.34,27.34,706.8,647,27.216666666666654,53.77333333333332,679.1000000000003,30.57,53.37
2026-03-08 23:00:00,23.79,54.51,38.11,28.47,674,791.8,23,6,28.44,53.46,38.02,32.24,663.2,586,27.56999999999999,53.88333333333332,720.6000000000003,28.97,52.36
2026-03-08 23:05:00,23.16,53.88,38.69,20.21,609,688.9,23,6,23.79,54.51,38.11,28.47,791.8,674,25.129999999999985,53.94999999999999,714.6333333333336,29.59,51.75
2026-03-08 23:10:00,30.57,53.37,38.78,25.33,599,745.1,23,6,23.16,53.88,38.69,20.21,688.9,609,25.83999999999999,53.91999999999999,741.9333333333335,28.6,50.68
2026-03-08 23:15:00,28.97,52.36,38.92,26.25,615,866.3,23,6,30.57,53.37,38.78,25.33,745.1,599,27.566666666666652,53.20333333333332,766.7666666666669,20.07,49.58
2026-03-08 23:20:00,29.59,51.75,38.64,29.26,508,481.1,23,6,28.97,52.36,38.92,26.25,866.3,615,29.70999999999999,52.49333333333332,697.5000000000003,27.69,49.61
2026-03-08 23:25:00,28.6,50.68,38.78,32.13,604,735.2,23,6,29.59,51.75,38.64,29.26,481.1,508,29.053333333333324,51.59666666666666,694.2000000000003,35.15,49.42
2026-03-08 23:30:00,20.07,49.58,38.53,20.15,445,471.3,23,6,28.6,50.68,38.78,32.13,735.2,604,26.086666666666655,50.66999999999999,562.5333333333335,27.01,50.42
2026-03-08 23:35:00,27.69,49.61,38.5,30.18,552,669.2,23,6,20.07,49.58,38.53,20.15,471.3,445,25.45333333333332,49.95666666666665,625.2333333333336,24.17,49.74
2026-03-08 23:40:00,35.15,49.42,38.14,31.07,611,791.1,23,6,27.69,49.61,38.5,30.18,669.2,552,27.636666666666656,49.536666666666655,643.8666666666669,28.82,48.9
2026-03-08 23:45:00,27.01,50.42,38.92,24.09,581,687.5,23,6,35.15,49.42,38.14,31.07,791.1,611,29.94999999999999,49.816666666666656,715.9333333333335,34.57,50.0
2026-03-08 23:50:00,24.17,49.74,38.63,29.99,561,575.4,23,6,27.01,50.42,38.92,24.09,687.5,581,28.776666666666657,49.859999999999985,684.666666666667,32.17,50.18
2026-03-08 23:55:00,28.82,48.9,38.76,21.15,471,695.6,23,6,24.17,49.74,38.63,29.99,575.4,561,26.666666666666657,49.686666666666646,652.8333333333336,31.11,51.23
2026-03-09 00:00:00,34.57,50.0,34.93,26.33,689,923.9,0,0,28.82,48.9,38.76,21.15,695.6,471,29.186666666666653,49.54666666666665,731.6333333333336,36.68,51.7
2026-03-09 00:05:00,32.17,50.18,35.05,37.04,757,926.4,0,0,34.57,50.0,34.93,26.33,923.9,689,31.85333333333332,49.69333333333332,848.6333333333336,30.89,50.52
2026-03-09 00:10:00,31.11,51.23,34.57,28.63,705,752.9,0,0,32.17,50.18,35.05,37.04,926.4,757,32.61666666666665,50.46999999999999,867.7333333333336,32.18,50.11
2026-03-09 00:15:00,36.68,51.7,35.4,36.25,683,979.6,0,0,31.11,51.23,34.57,28.63,752.9,705,33.319999999999986,51.036666666666655,886.3000000000002,28.06,51.42
2026-03-09 00:20:00,30.89,50.52,35.07,29.43,677,716.4,0,0,36.68,51.7,35.4,36.25,979.6,683,32.89333333333332,51.149999999999984,816.3000000000002,29.26,52.44
2026-03-09 00:25:00,32.18,50.11,34.97,27.67,664,757.6,0,0,30.89,50.52,35.07,29.43,716.4,677,33.249999999999986,50.77666666666665,817.8666666666669,24.15,52.09
2026-03-09 00:30:00,28.06,51.42,34.84,24.35,672,871.4,0,0,32.18,50.11,34.97,27.67,757.6,664,30.37666666666665,50.683333333333316,781.8000000000002,30.28,52.38
2026-03-09 00:35:00,29.26,52.44,35.07,34.7,654,916.2,0,0,28.06,51.42,34.84,24.35,871.4,672,29.833333333333318,51.323333333333316,848.4000000000002,26.05,52.78
2026-03-09 00:40:00,24.15,52.09,35.12,20.58,592,556.4,0,0,29.26,52.44,35.07,34.7,916.2,654,27.156666666666652,51.98333333333332,781.3333333333336,31.1,53.09
2026-03-09 00:45:00,30.28,52.38,34.75,26.53,632,903.7,0,0,24.15,52.09,35.12,20.58,556.4,592,27.89666666666665,52.30333333333332,792.1000000000003,24.77,52.06
2026-03-09 00:50:00,26.05,52.78,35.4,24.13,572,768.3,0,0,30.28,52.38,34.75,26.53,903.7,632,26.826666666666654,52.41666666666665,742.8000000000002,26.64,52.12
2026-03-09 00:55:00,31.1,53.09,35.36,31.34,580,752.0,0,0,26.05,52.78,35.4,24.13,768.3,572,29.14333333333332,52.74999999999998,808.0000000000001,25.39,50.92
2026-03-09 01:00:00,24.77,52.06,35.34,26.37,588,649.3,1,0,31.1,53.09,35.36,31.34,752.0,580,27.306666666666654,52.64333333333332,723.2000000000003,27.99,50.83
2026-03-09 01:05:00,26.64,52.12,35.21,28.04,603,654.4,1,0,24.77,52.06,35.34,26.37,649.3,588,27.50333333333332,52.42333333333332,685.2333333333336,23.44,49.87
2026-03-09 01:10:00,25.39,50.92,35.47,27.14,592,606.4,1,0,26.64,52.12,35.21,28.04,654.4,603,25.599999999999984,51.69999999999999,636.7000000000002,21.65,48.91
2026-03-09 01:15:00,27.99,50.83,35.33,24.34,579,762.7,1,0,25.39,50.92,35.47,27.14,606.4,592,26.673333333333318,51.289999999999985,674.5000000000003,24.33,48.49
2026-03-09 01:20:00,23.44,49.87,35.29,28.85,540,576.8,1,0,27.99,50.83,35.33,24.34,762.7,579,25.606666666666655,50.539999999999985,648.6333333333336,28.41,49.46
2026-03-09 01:25:00,21.65,48.91,35.96,22.87,574,545.9,1,0,23.44,49.87,35.29,28.85,576.8,540,24.359999999999985,49.86999999999998,628.4666666666668,32.38,65.28
2026-03-09 01:30:00,24.33,48.49,35.12,20.52,474,513.3,1,0,21.65,48.91,35.96,22.87,545.9,574,23.139999999999986,49.08999999999998,545.3333333333336,24.38,49.58
2026-03-09 01:35:00,28.41,49.46,35.49,26.32,513,545.8,1,0,24.33,48.49,35.12,20.52,513.3,474,24.796666666666653,48.95333333333332,535.0000000000002,20.3,49.43
2026-03-09 01:40:00,32.38,65.28,35.15,27.03,652,620.1,1,0,28.41,49.46,35.49,26.32,545.8,513,28.373333333333317,54.40999999999999,559.7333333333336,26.33,48.75
2026-03-09 01:45:00,24.38,49.58,35.29,24.35,497,516.6,1,0,32.38,65.28,35.15,27.03,620.1,652,28.389999999999986,54.77333333333331,560.8333333333336,22.64,48.31
2026-03-09 01:50:00,20.3,49.43,35.19,19.62,407,436.2,1,0,24.38,49.58,35.29,24.35,516.6,497,25.686666666666653,54.76333333333332,524.3000000000003,31.58,47.68
2026-03-09 01:55:00,26.33,48.75,34.85,22.56,500,568.5,1,0,20.3,49.43,35.19,19.62,436.2,407,23.669999999999984,49.25333333333332,507.1000000000002,21.81,45.01
2026-03-09 02:00:00,22.64,48.31,35.49,30.05,456,675.8,2,0,26.33,48.75,34.85,22.56,568.5,500,23.089999999999986,48.829999999999984,560.1666666666669,16.51,44.98
2026-03-09 02:05:00,31.58,47.68,35.5,26.11,418,575.9,2,0,22.64,48.31,35.49,30.05,675.8,456,26.849999999999984,48.24666666666665,606.7333333333336,29.38,45.69
2026-03-09 02:10:00,21.81,45.01,35.57,27.02,396,468.6,2,0,31.58,47.68,35.5,26.11,575.9,418,25.343333333333316,46.99999999999998,573.4333333333335,27.5,45.86
2026-03-09 02:15:00,16.51,44.98,35.28,17.65,466,459.6,2,0,21.81,45.01,35.57,27.02,468.6,396,23.299999999999983,45.889999999999986,501.36666666666696,23.17,46.04
2026-03-09 02:20:00,29.38,45.69,36.04,19.24,449,634.7,2,0,16.51,44.98,35.28,17.65,459.6,466,22.56666666666665,45.22666666666665,520.9666666666669,17.84,45.75
2026-03-09 02:25:00,27.5,45.86,35.1,20.91,436,499.6,2,0,29.38,45.69,36.04,19.24,634.7,449,24.463333333333313,45.50999999999999,531.3000000000002,15.01,45.53
2026-03-09 02:30:00,23.17,46.04,35.29,24.25,385,481.2,2,0,27.5,45.86,35.1,20.91,499.6,436,26.68333333333332,45.863333333333316,538.5000000000002,20.91,44.71
2026-03-09 02:35:00,17.84,45.75,35.6,20.96,444,516.5,2,0,23.17,46.04,35.29,24.25,481.2,385,22.836666666666655,45.88333333333332,499.1000000000002,18.43,43.24
2026-03-09 02:40:00,15.01,45.53,35.11,20.25,441,420.7,2,0,17.84,45.75,35.6,20.96,516.5,444,18.673333333333318,45.77333333333332,472.8000000000002,28.8,44.05
2026-03-09 02:45:00,20.91,44.71,35.06,17.62,481,470.7,2,0,15.01,45.53,35.11,20.25,420.7,441,17.919999999999984,45.329999999999984,469.3000000000002,25.44,44.87
2026-03-09 02:50:00,18.43,43.24,35.37,22.73,399,403.8,2,0,20.91,44.71,35.06,17.62,470.7,481,18.11666666666665,44.49333333333332,431.7333333333335,20.66,46.41
2026-03-09 02:55:00,28.8,44.05,35.3,22.22,429,616.6,2,0,18.43,43.24,35.37,22.73,403.8,399,22.71333333333332,43.99999999999999,497.03333333333353,26.54,46.69
2026-03-09 03:00:00,25.44,44.87,35.57,22.58,361,440.6,3,0,28.8,44.05,35.3,22.22,616.6,429,24.22333333333332,44.05333333333332,487.0000000000002,28.26,46.86
2026-03-09 03:05:00,20.66,46.41,35.23,24.34,403,543.5,3,0,25.44,44.87,35.57,22.58,440.6,361,24.96666666666665,45.10999999999998,533.566666666667,23.72,47.45
2026-03-09 03:10:00,26.54,46.69,35.57,25.84,439,538.3,3,0,20.66,46.41,35.23,24.34,543.5,403,24.21333333333332,45.98999999999999,507.46666666666687,23.21,48.05
2026-03-09 03:15:00,28.26,46.86,35.12,25.3,364,447.4,3,0,26.54,46.69,35.57,25.84,538.3,439,25.153333333333318,46.653333333333315,509.7333333333336,26.05,48.8
2026-03-09 03:20:00,23.72,47.45,35.26,20.12,340,443.6,3,0,28.26,46.86,35.12,25.3,447.4,364,26.173333333333318,46.99999999999998,476.43333333333356,20.28,48.93
2026-03-09 03:25:00,23.21,48.05,35.82,17.51,373,361.8,3,0,23.72,47.45,35.26,20.12,443.6,340,25.063333333333315,47.45333333333332,417.6000000000002,22.08,47.55
2026-03-09 03:30:00,26.05,48.8,35.27,25.43,362,530.3,3,0,23.21,48.05,35.82,17.51,361.8,373,24.32666666666665,48.09999999999999,445.2333333333336,19.6,46.83
2026-03-09 03:35:00,20.28,48.93,35.48,27.6,459,454.8,3,0,26.05,48.8,35.27,25.43,530.3,362,23.179999999999982,48.59333333333331,448.96666666666687,19.28,46.45
2026-03-09 03:40:00,22.08,47.55,35.58,24.4,412,469.7,3,0,20.28,48.93,35.48,27.6,454.8,459,22.803333333333317,48.42666666666665,484.93333333333356,27.74,45.35
2026-03-09 03:45:00,19.6,46.83,35.12,24.42,307,406.1,3,0,22.08,47.55,35.58,24.4,469.7,412,20.653333333333318,47.76999999999998,443.5333333333336,23.11,46.23
2026-03-09 03:50:00,19.28,46.45,36.13,25.01,395,462.8,3,0,19.6,46.83,35.12,24.42,406.1,307,20.319999999999983,46.94333333333332,446.2000000000003,27.54,46.78
2026-03-09 03:55:00,27.74,45.35,35.72,19.68,374,328.7,3,0,19.28,46.45,36.13,25.01,462.8,395,22.20666666666665,46.20999999999999,399.2000000000003,23.17,46.3
2026-03-09 04:00:00,23.11,46.23,35.1,26.06,491,583.8,4,0,27.74,45.35,35.72,19.68,328.7,374,23.376666666666647,46.009999999999984,458.43333333333356,25.69,46.18
2026-03-09 04:05:00,27.54,46.78,35.91,6.69,453,440.7,4,0,23.11,46.23,35.1,26.06,583.8,491,26.12999999999998,46.11999999999998,451.0666666666669,22.23,45.72
2026-03-09 04:10:00,23.17,46.3,35.85,26.8,405,440.5,4,0,27.54,46.78,35.91,6.69,440.7,453,24.60666666666665,46.436666666666646,488.33333333333354,18.16,46.03
2026-03-09 04:15:00,25.69,46.18,36.02,30.35,377,454.7,4,0,23.17,46.3,35.85,26.8,440.5,405,25.46666666666665,46.41999999999999,445.3000000000002,32.93,46.33
2026-03-09 04:20:00,22.23,45.72,36.08,21.42,405,435.6,4,0,25.69,46.18,36.02,30.35,454.7,377,23.696666666666648,46.066666666666656,443.6000000000002,27.38,47.56
2026-03-09 04:25:00,18.16,46.03,35.58,20.6,338,284.4,4,0,22.23,45.72,36.08,21.42,435.6,405,22.026666666666653,45.97666666666665,391.5666666666669,23.72,46.99
2026-03-09 04:30:00,32.93,46.33,35.66,21.94,441,597.3,4,0,18.16,46.03,35.58,20.6,284.4,338,24.439999999999984,46.02666666666665,439.1000000000002,24.29,47.17
2026-03-09 04:35:00,27.38,47.56,35.71,30.69,425,519.4,4,0,32.93,46.33,35.66,21.94,597.3,441,26.15666666666665,46.639999999999986,467.03333333333353,22.46,45.07
2026-03-09 04:40:00,23.72,46.99,35.82,24.87,480,613.5,4,0,27.38,47.56,35.71,30.69,519.4,425,28.00999999999998,46.95999999999999,576.7333333333336,24.89,44.76
2026-03-09 04:45:00,24.29,47.17,36.26,22.94,420,481.6,4,0,23.72,46.99,35.82,24.87,613.5,480,25.12999999999998,47.23999999999999,538.1666666666669,21.11,43.82
2026-03-09 04:50:00,22.46,45.07,36.28,18.46,400,457.5,4,0,24.29,47.17,36.26,22.94,481.6,420,23.48999999999998,46.40999999999999,517.5333333333336,20.13,43.3
2026-03-09 04:55:00,24.89,44.76,35.14,21.08,483,542.7,4,0,22.46,45.07,36.28,18.46,457.5,400,23.87999999999998,45.66666666666665,493.93333333333356,19.02,44.44
2026-03-09 05:00:00,21.11,43.82,35.72,19.63,391,408.0,5,0,24.89,44.76,35.14,21.08,542.7,483,22.81999999999998,44.54999999999999,469.40000000000026,19.63,43.51
2026-03-09 05:05:00,20.13,43.3,35.36,19.46,450,547.6,5,0,21.11,43.82,35.72,19.63,408.0,391,22.04333333333331,43.95999999999998,499.43333333333356,21.85,43.16
2026-03-09 05:10:00,19.02,44.44,36.13,17.29,391,451.9,5,0,20.13,43.3,35.36,19.46,547.6,450,20.08666666666665,43.85333333333332,469.1666666666669,24.92,45.33
2026-03-09 05:15:00,19.63,43.51,35.99,19.21,404,464.3,5,0,19.02,44.44,36.13,17.29,451.9,391,19.593333333333316,43.74999999999998,487.93333333333356,31.15,45.39
2026-03-09 05:20:00,21.85,43.16,35.41,25.79,433,558.1,5,0,19.63,43.51,35.99,19.21,464.3,404,20.166666666666647,43.70333333333332,491.43333333333356,19.28,44.76
2026-03-09 05:25:00,24.92,45.33,35.93,27.33,442,552.8,5,0,21.85,43.16,35.41,25.79,558.1,433,22.133333333333315,43.99999999999998,525.066666666667,24.27,46.2
2026-03-09 05:30:00,31.15,45.39,35.28,31.39,489,644.8,5,0,24.92,45.33,35.93,27.33,552.8,442,25.973333333333315,44.62666666666666,585.2333333333336,21.91,46.46
2026-03-09 05:35:00,19.28,44.76,36.26,22.1,407,440.8,5,0,31.15,45.39,35.28,31.39,644.8,489,25.116666666666646,45.15999999999999,546.1333333333336,34.86,46.49
2026-03-09 05:40:00,24.27,46.2,36.36,26.86,479,700.6,5,0,19.28,44.76,36.26,22.1,440.8,407,24.89999999999998,45.44999999999999,595.4000000000002,24.29,45.75
2026-03-09 05:45:00,21.91,46.46,36.25,20.17,416,384.3,5,0,24.27,46.2,36.36,26.86,700.6,479,21.819999999999983,45.80666666666665,508.5666666666669,26.18,45.86
2026-03-09 05:50:00,34.86,46.49,35.94,37.85,686,1008.1,5,0,21.91,46.46,36.25,20.17,384.3,416,27.01333333333331,46.383333333333326,697.666666666667,22.06,46.72
2026-03-09 05:55:00,24.29,45.75,35.86,22.75,517,631.6,5,0,34.86,46.49,35.94,37.85,1008.1,686,27.019999999999982,46.23333333333332,674.666666666667,22.91,46.37
2026-03-09 06:00:00,26.18,45.86,35.79,27.42,604,733.6,6,0,24.29,45.75,35.86,22.75,631.6,517,28.443333333333314,46.033333333333324,791.1000000000004,36.81,47.65
2026-03-09 06:05:00,22.06,46.72,35.94,23.0,523,532.9,6,0,26.18,45.86,35.79,27.42,733.6,604,24.176666666666648,46.109999999999985,632.7000000000003,25.32,47.0
2026-03-09 06:10:00,22.91,46.37,35.86,28.17,546,560.9,6,0,22.06,46.72,35.94,23.0,532.9,523,23.71666666666665,46.316666666666656,609.1333333333336,28.37,47.8
2026-03-09 06:15:00,36.81,47.65,36.01,25.04,599,780.6,6,0,22.91,46.37,35.86,28.17,560.9,546,27.25999999999998,46.91333333333332,624.8000000000002,24.84,48.14
2026-03-09 06:20:00,25.32,47.0,35.86,23.96,589,659.3,6,0,36.81,47.65,36.01,25.04,780.6,599,28.346666666666646,47.00666666666665,666.9333333333335,27.54,48.47
2026-03-09 06:25:00,28.37,47.8,35.81,25.28,678,919.4,6,0,25.32,47.0,35.86,23.96,659.3,589,30.166666666666647,47.48333333333331,786.4333333333335,29.5,49.1
2026-03-09 06:30:00,24.84,48.14,35.84,27.02,578,771.6,6,0,28.37,47.8,35.81,25.28,919.4,678,26.176666666666648,47.64666666666665,783.4333333333335,30.65,49.62
2026-03-09 06:35:00,27.54,48.47,35.81,33.21,534,704.5,6,0,24.84,48.14,35.84,27.02,771.6,578,26.916666666666647,48.136666666666656,798.5000000000001,31.98,50.65
2026-03-09 06:40:00,29.5,49.1,35.71,20.99,584,620.5,6,0,27.54,48.47,35.81,33.21,704.5,534,27.29333333333331,48.569999999999986,698.8666666666669,34.8,51.4
2026-03-09 06:45:00,30.65,49.62,35.46,19.06,598,599.6,6,0,29.5,49.1,35.71,20.99,620.5,584,29.22999999999998,49.06333333333331,641.5333333333336,22.43,51.27
2026-03-09 06:50:00,31.98,50.65,36.09,23.25,672,830.1,6,0,30.65,49.62,35.46,19.06,599.6,598,30.70999999999998,49.789999999999985,683.4000000000002,33.3,51.92
2026-03-09 06:55:00,34.8,51.4,36.09,40.39,734,977.8,6,0,31.98,50.65,36.09,23.25,830.1,672,32.476666666666645,50.55666666666665,802.5000000000003,33.72,52.93
2026-03-09 07:00:00,22.43,51.27,36.13,32.43,716,856.6,7,0,34.8,51.4,36.09,40.39,977.8,734,29.73666666666665,51.106666666666655,888.166666666667,28.66,53.68
2026-03-09 07:05:00,33.3,51.92,36.46,36.01,784,1066.6,7,0,22.43,51.27,36.13,32.43,856.6,716,30.176666666666648,51.52999999999998,967.0000000000003,37.33,54.45
2026-03-09 07:10:00,33.72,52.93,36.3,27.61,791,787.3,7,0,33.3,51.92,36.46,36.01,1066.6,784,29.816666666666645,52.039999999999985,903.5000000000001,25.89,52.99
2026-03-09 07:15:00,28.66,53.68,35.67,41.19,710,1045.7,7,0,33.72,52.93,36.3,27.61,787.3,791,31.893333333333313,52.84333333333331,966.5333333333334,29.79,52.93
2026-03-09 07:20:00,37.33,54.45,36.34,37.04,821,1133.9,7,0,28.66,53.68,35.67,41.19,1045.7,710,33.23666666666665,53.68666666666666,988.9666666666668,31.54,53.86
2026-03-09 07:25:00,25.89,52.99,36.13,30.05,717,680.8,7,0,37.33,54.45,36.34,37.04,1133.9,821,30.626666666666647,53.70666666666665,953.4666666666668,32.36,54.51
2026-03-09 07:30:00,29.79,52.93,36.12,29.95,855,790.3,7,0,25.89,52.99,36.13,30.05,680.8,717,31.003333333333316,53.45666666666665,868.3333333333336,25.02,54.58
2026-03-09 07:35:00,31.54,53.86,36.12,22.72,831,732.8,7,0,29.79,52.93,36.12,29.95,790.3,855,29.073333333333313,53.25999999999999,734.6333333333336,31.54,54.0
2026-03-09 07:40:00,32.36,54.51,36.11,35.79,768,1071.1,7,0,31.54,53.86,36.12,22.72,732.8,831,31.22999999999998,53.76666666666665,864.7333333333336,27.02,55.04
2026-03-09 07:45:00,25.02,54.58,36.45,31.51,832,934.6,7,0,32.36,54.51,36.11,35.79,1071.1,768,29.639999999999983,54.31666666666664,912.8333333333335,33.17,55.95
2026-03-09 07:50:00,31.54,54.0,36.16,25.06,829,839.7,7,0,25.02,54.58,36.45,31.51,934.6,832,29.639999999999983,54.36333333333332,948.4666666666668,33.96,55.15
2026-03-09 07:55:00,27.02,55.04,36.05,36.28,935,1042.2,7,0,31.54,54.0,36.16,25.06,839.7,829,27.859999999999985,54.539999999999985,938.8333333333336,29.87,55.46
2026-03-09 08:00:00,33.17,55.95,36.61,40.29,917,1144.1,8,0,27.02,55.04,36.05,36.28,1042.2,935,30.576666666666654,54.99666666666665,1008.666666666667,29.65,56.02
2026-03-09 08:05:00,33.96,55.15,36.5,36.3,894,1156.5,8,0,33.17,55.95,36.61,40.29,1144.1,917,31.383333333333315,55.37999999999999,1114.2666666666669,25.71,55.97
2026-03-09 08:10:00,29.87,55.46,36.1,39.88,911,868.0,8,0,33.96,55.15,36.5,36.3,1156.5,894,32.33333333333332,55.51999999999999,1056.2000000000003,31.88,56.8
2026-03-09 08:15:00,29.65,56.02,36.41,40.65,966,1002.3,8,0,29.87,55.46,36.1,39.88,868.0,911,31.159999999999982,55.543333333333315,1008.9333333333337,40.35,56.26
2026-03-09 08:20:00,25.71,55.97,36.31,29.86,927,902.8,8,0,29.65,56.02,36.41,40.65,1002.3,966,28.409999999999982,55.816666666666656,924.3666666666669,38.69,56.91
2026-03-09 08:25:00,31.88,56.8,35.82,36.79,964,1349.4,8,0,25.71,55.97,36.31,29.86,902.8,927,29.079999999999984,56.26333333333332,1084.8333333333337,30.87,56.85
2026-03-09 08:30:00,40.35,56.26,36.05,41.91,931,1336.9,8,0,31.88,56.8,35.82,36.79,1349.4,964,32.646666666666654,56.34333333333331,1196.366666666667,39.15,57.26
2026-03-09 08:35:00,38.69,56.91,36.07,35.29,988,1273.5,8,0,40.35,56.26,36.05,41.91,1336.9,931,36.973333333333315,56.656666666666645,1319.9333333333336,33.12,57.52
2026-03-09 08:40:00,30.87,56.85,36.49,33.2,1000,1029.0,8,0,38.69,56.91,36.07,35.29,1273.5,988,36.63666666666665,56.67333333333332,1213.1333333333337,40.26,58.07
2026-03-09 08:45:00,39.15,57.26,36.16,36.04,955,1319.8,8,0,30.87,56.85,36.49,33.2,1029.0,1000,36.23666666666664,57.00666666666665,1207.4333333333336,39.65,58.33
2026-03-09 08:50:00,33.12,57.52,35.82,37.78,1037,1263.1,8,0,39.15,57.26,36.16,36.04,1319.8,955,34.37999999999999,57.20999999999999,1203.966666666667,35.58,58.5
2026-03-09 08:55:00,40.26,58.07,36.16,43.67,1065,1501.0,8,0,33.12,57.52,35.82,37.78,1263.1,1037,37.509999999999984,57.61666666666665,1361.3000000000002,34.82,59.21
2026-03-09 09:00:00,39.65,58.33,36.24,45.79,1054,1494.7,9,0,40.26,58.07,36.16,43.67,1501.0,1065,37.67666666666665,57.97333333333332,1419.6000000000004,29.28,59.36
2026-03-09 09:05:00,35.58,58.5,36.38,37.08,1197,1227.1,9,0,39.65,58.33,36.24,45.79,1494.7,1054,38.49666666666664,58.29999999999998,1407.6000000000004,41.06,58.85
2026-03-09 09:10:00,34.82,59.21,36.08,38.29,1124,1176.0,9,0,35.58,58.5,36.38,37.08,1227.1,1197,36.683333333333316,58.679999999999986,1299.266666666667,36.58,58.96
2026-03-09 09:15:00,29.28,59.36,36.4,41.81,1082,1235.5,9,0,34.82,59.21,36.08,38.29,1176.0,1124,33.22666666666665,59.02333333333331,1212.866666666667,53.43,60.5
2026-03-09 09:20:00,41.06,58.85,36.72,40.42,1204,1605.3,9,0,29.28,59.36,36.4,41.81,1235.5,1082,35.05333333333331,59.139999999999986,1338.9333333333336,39.75,59.47
2026-03-09 09:25:00,36.58,58.96,36.36,37.13,1159,1455.8,9,0,41.06,58.85,36.72,40.42,1605.3,1204,35.63999999999998,59.05666666666665,1432.2,46.83,60.59
2026-03-09 09:30:00,53.43,60.5,36.72,56.37,1280,1802.6,9,0,36.58,58.96,36.36,37.13,1455.8,1159,43.689999999999976,59.436666666666646,1621.2333333333336,43.21,62.41
2026-03-09 09:35:00,39.75,59.47,36.81,48.25,1178,1593.8,9,0,53.43,60.5,36.72,56.37,1802.6,1280,43.25333333333331,59.64333333333332,1617.4000000000003,33.98,63.01
2026-03-09 09:40:00,46.83,60.59,36.01,48.09,1260,1723.8,9,0,39.75,59.47,36.81,48.25,1593.8,1178,46.66999999999998,60.186666666666646,1706.7333333333336,37.42,63.54
2026-03-09 09:45:00,43.21,62.41,35.89,46.83,1273,1427.4,9,0,46.83,60.59,36.01,48.09,1723.8,1260,43.263333333333314,60.82333333333332,1581.666666666667,41.44,63.78
2026-03-09 09:50:00,33.98,63.01,36.31,38.22,1218,1238.5,9,0,43.21,62.41,35.89,46.83,1427.4,1273,41.339999999999975,62.00333333333332,1463.2333333333336,41.91,64.16
2026-03-09 09:55:00,37.42,63.54,36.03,35.92,1240,1426.5,9,0,33.98,63.01,36.31,38.22,1238.5,1218,38.20333333333332,62.98666666666665,1364.1333333333337,44.28,64.29
2026-03-09 10:00:00,41.44,63.78,35.94,34.66,1202,1258.1,10,0,37.42,63.54,36.03,35.92,1426.5,1240,37.613333333333316,63.44333333333332,1307.7000000000003,40.37,65.06
2026-03-09 10:05:00,41.91,64.16,36.04,46.27,1292,1662.6,10,0,41.44,63.78,35.94,34.66,1258.1,1202,40.25666666666665,63.826666666666654,1449.0666666666668,40.8,65.4
2026-03-09 10:10:00,44.28,64.29,36.63,51.19,1362,1822.3,10,0,41.91,64.16,36.04,46.27,1662.6,1292,42.543333333333315,64.07666666666665,1581.0000000000002,37.4,65.06
2026-03-09 10:15:00,40.37,65.06,36.6,31.98,1309,1231.6,10,0,44.28,64.29,36.63,51.19,1822.3,1362,42.186666666666646,64.50333333333332,1572.166666666667,41.13,64.37
2026-03-09 10:20:00,40.8,65.4,35.82,50.67,1378,1657.6,10,0,40.37,65.06,36.6,31.98,1231.6,1309,41.81666666666665,64.91666666666666,1570.5000000000002,41.46,65.44
2026-03-09 10:25:00,37.4,65.06,37.0,51.64,1275,1651.4,10,0,40.8,65.4,35.82,50.67,1657.6,1378,39.52333333333331,65.17333333333333,1513.5333333333335,42.16,74.57
2026-03-09 10:30:00,41.13,64.37,36.86,42.53,1343,1617.8,10,0,37.4,65.06,37.0,51.64,1651.4,1275,39.77666666666665,64.94333333333333,1642.266666666667,50.48,64.96
2026-03-09 10:35:00,41.46,65.44,36.22,60.8,1477,1906.2,10,0,41.13,64.37,36.86,42.53,1617.8,1343,39.99666666666665,64.95666666666665,1725.1333333333334,51.0,64.35
2026-03-09 10:40:00,42.16,74.57,36.02,58.16,2044,1941.6,10,0,41.46,65.44,36.22,60.8,1906.2,1477,41.583333333333314,68.12666666666665,1821.866666666667,45.7,65.63
2026-03-09 10:45:00,50.48,64.96,36.22,53.7,1458,1860.7,10,0,42.16,74.57,36.02,58.16,1941.6,2044,44.69999999999998,68.32333333333331,1902.8333333333337,46.64,64.85
2026-03-09 10:50:00,51.0,64.35,36.01,53.53,1401,1719.5,10,0,50.48,64.96,36.22,53.7,1860.7,1458,47.879999999999974,67.95999999999998,1840.6000000000004,32.35,65.42
2026-03-09 10:55:00,45.7,65.63,36.48,53.05,1462,1941.1,10,0,51.0,64.35,36.01,53.53,1719.5,1401,49.05999999999998,64.97999999999998,1840.4333333333336,38.21,65.12
2026-03-09 11:00:00,46.64,64.85,36.74,55.42,1503,1746.2,11,0,45.7,65.63,36.48,53.05,1941.1,1462,47.77999999999998,64.94333333333331,1802.266666666667,40.34,65.99
2026-03-09 11:05:00,32.35,65.42,36.59,42.74,1447,1195.6,11,0,46.64,64.85,36.74,55.42,1746.2,1503,41.56333333333331,65.29999999999998,1627.6333333333334,42.89,67.62
2026-03-09 11:10:00,38.21,65.12,36.72,36.54,1517,1400.2,11,0,32.35,65.42,36.59,42.74,1195.6,1447,39.06666666666665,65.12999999999998,1447.3333333333337,44.11,68.37
2026-03-09 11:15:00,40.34,65.99,36.71,47.82,1476,1458.0,11,0,38.21,65.12,36.72,36.54,1400.2,1517,36.96666666666665,65.50999999999999,1351.266666666667,40.38,69.14
2026-03-09 11:20:00,42.89,67.62,36.84,52.69,1541,1858.8,11,0,40.34,65.99,36.71,47.82,1458.0,1476,40.47999999999998,66.24333333333333,1572.3333333333337,55.95,68.88
2026-03-09 11:25:00,44.11,68.37,36.21,48.35,1545,1807.2,11,0,42.89,67.62,36.84,52.69,1858.8,1541,42.44666666666665,67.32666666666665,1708.0000000000002,48.77,69.31
2026-03-09 11:30:00,40.38,69.14,37.15,56.15,1610,1740.1,11,0,44.11,68.37,36.21,48.35,1807.2,1545,42.45999999999998,68.37666666666665,1802.0333333333335,46.66,70.75
2026-03-09 11:35:00,55.95,68.88,36.39,64.38,1605,2306.5,11,0,40.38,69.14,37.15,56.15,1740.1,1610,46.81333333333331,68.79666666666665,1951.266666666667,59.6,71.66
2026-03-09 11:40:00,48.77,69.31,36.68,50.72,1641,1976.3,11,0,55.95,68.88,36.39,64.38,2306.5,1605,48.36666666666665,69.10999999999999,2007.6333333333334,41.14,72.15
2026-03-09 11:45:00,46.66,70.75,37.21,54.71,1648,2139.7,11,0,48.77,69.31,36.68,50.72,1976.3,1641,50.45999999999998,69.64666666666665,2140.8333333333335,44.11,71.74
2026-03-09 11:50:00,59.6,71.66,37.19,62.62,1717,2120.9,11,0,46.66,70.75,37.21,54.71,2139.7,1648,51.67666666666665,70.57333333333331,2078.9666666666667,43.62,72.0
2026-03-09 11:55:00,41.14,72.15,36.87,49.58,1683,1856.8,11,0,59.6,71.66,37.19,62.62,2120.9,1717,49.13333333333332,71.52,2039.1333333333334,55.86,72.63
2026-03-09 12:00:00,44.11,71.74,36.99,46.45,1677,1600.5,12,0,41.14,72.15,36.87,49.58,1856.8,1683,48.28333333333331,71.84999999999998,1859.4000000000003,38.46,73.68
2026-03-09 12:05:00,43.62,72.0,37.22,53.23,1636,1765.3,12,0,44.11,71.74,36.99,46.45,1600.5,1677,42.95666666666665,71.96333333333332,1740.8666666666668,46.09,73.52
2026-03-09 12:10:00,55.86,72.63,36.58,59.12,1655,2167.2,12,0,43.62,72.0,37.22,53.23,1765.3,1636,47.86333333333331,72.12333333333332,1844.3333333333333,52.53,73.8
2026-03-09 12:15:00,38.46,73.68,36.64,56.93,1730,1592.1,12,0,55.86,72.63,36.58,59.12,2167.2,1655,45.97999999999998,72.76999999999998,1841.5333333333335,82.89,87.87
2026-03-09 12:20:00,46.09,73.52,37.12,48.5,1683,1672.8,12,0,38.46,73.68,36.64,56.93,1592.1,1730,46.80333333333331,73.27666666666666,1810.7,51.36,74.21
2026-03-09 12:25:00,52.53,73.8,36.95,56.02,1738,2297.9,12,0,46.09,73.52,37.12,48.5,1672.8,1683,45.69333333333332,73.66666666666664,1854.266666666667,53.54,72.88
2026-03-09 12:30:00,82.89,87.87,37.24,95.8,2911,3603.1,12,0,52.53,73.8,36.95,56.02,2297.9,1738,60.50333333333331,78.39666666666665,2524.6000000000004,44.18,73.38
2026-03-09 12:35:00,51.36,74.21,36.5,62.46,1750,2112.8,12,0,82.89,87.87,37.24,95.8,3603.1,2911,62.25999999999997,78.62666666666665,2671.266666666667,51.99,73.01
2026-03-09 12:40:00,53.54,72.88,37.41,55.55,1790,1997.5,12,0,51.36,74.21,36.5,62.46,2112.8,1750,62.59666666666664,78.31999999999998,2571.1333333333337,48.47,72.77
2026-03-09 12:45:00,44.18,73.38,36.9,51.55,1783,1686.4,12,0,53.54,72.88,37.41,55.55,1997.5,1790,49.69333333333331,73.48999999999998,1932.2333333333336,50.01,73.35
2026-03-09 12:50:00,51.99,73.01,37.16,54.72,1834,1726.2,12,0,44.18,73.38,36.9,51.55,1686.4,1783,49.903333333333315,73.08999999999997,1803.366666666667,52.14,72.97
2026-03-09 12:55:00,48.47,72.77,37.53,55.71,1756,2236.4,12,0,51.99,73.01,37.16,54.72,1726.2,1834,48.21333333333332,73.05333333333331,1883.0000000000007,47.52,73.94
2026-03-09 13:00:00,50.01,73.35,36.86,59.9,1783,2072.9,13,0,48.47,72.77,37.53,55.71,2236.4,1756,50.156666666666645,73.04333333333332,2011.833333333334,46.0,74.57
2026-03-09 13:05:00,52.14,72.97,37.08,54.84,1762,2267.5,13,0,50.01,73.35,36.86,59.9,2072.9,1783,50.20666666666665,73.02999999999999,2192.2666666666673,47.87,74.98
2026-03-09 13:10:00,47.52,73.94,36.43,51.76,1847,1945.1,13,0,52.14,72.97,37.08,54.84,2267.5,1762,49.88999999999998,73.41999999999997,2095.1666666666674,61.45,76.52
2026-03-09 13:15:00,46.0,74.57,36.86,53.07,1887,1983.3,13,0,47.52,73.94,36.43,51.76,1945.1,1847,48.55333333333331,73.82666666666665,2065.3000000000006,58.48,76.22
2026-03-09 13:20:00,47.87,74.98,36.72,55.52,1847,1799.6,13,0,46.0,74.57,36.86,53.07,1983.3,1887,47.129999999999974,74.49666666666666,1909.3333333333337,55.76,75.78
2026-03-09 13:25:00,61.45,76.52,37.09,62.97,1958,2216.8,13,0,47.87,74.98,36.72,55.52,1799.6,1847,51.77333333333331,75.35666666666664,1999.9000000000003,55.9,74.69
2026-03-09 13:30:00,58.48,76.22,37.09,60.2,1900,2558.2,13,0,61.45,76.52,37.09,62.97,2216.8,1958,55.93333333333331,75.90666666666665,2191.5333333333333,49.8,75.76
2026-03-09 13:35:00,55.76,75.78,36.55,54.0,1818,2027.6,13,0,58.48,76.22,37.09,60.2,2558.2,1900,58.56333333333331,76.17333333333332,2267.5333333333338,60.88,76.6
2026-03-09 13:40:00,55.9,74.69,37.37,63.03,1918,2488.9,13,0,55.76,75.78,36.55,54.0,2027.6,1818,56.71333333333331,75.56333333333332,2358.2333333333336,50.39,76.8
2026-03-09 13:45:00,49.8,75.76,36.49,57.09,1883,2008.0,13,0,55.9,74.69,37.37,63.03,2488.9,1918,53.819999999999986,75.40999999999998,2174.833333333334,61.85,76.98
2026-03-09 13:50:00,60.88,76.6,37.23,62.95,1953,2557.1,13,0,49.8,75.76,36.49,57.09,2008.0,1883,55.52666666666664,75.68333333333332,2351.3333333333335,52.33,76.87
2026-03-09 13:55:00,50.39,76.8,36.78,56.66,1981,2178.7,13,0,60.88,76.6,37.23,62.95,2557.1,1953,53.689999999999976,76.38666666666664,2247.933333333334,51.86,76.27
2026-03-09 14:00:00,61.85,76.98,36.96,65.45,2051,2409.3,14,0,50.39,76.8,36.78,56.66,2178.7,1981,57.70666666666665,76.79333333333331,2381.7000000000003,60.06,76.93
2026-03-09 14:05:00,52.33,76.87,37.78,65.62,1991,2272.1,14,0,61.85,76.98,36.96,65.45,2409.3,2051,54.85666666666665,76.88333333333333,2286.7000000000007,48.91,77.24
2026-03-09 14:10:00,51.86,76.27,37.49,52.2,1955,1975.8,14,0,52.33,76.87,37.78,65.62,2272.1,1991,55.34666666666664,76.70666666666665,2219.066666666667,49.76,75.85
2026-03-09 14:15:00,60.06,76.93,37.54,70.5,1986,2493.8,14,0,51.86,76.27,37.49,52.2,1975.8,1955,54.74999999999998,76.68999999999998,2247.233333333334,48.09,77.21
2026-03-09 14:20:00,48.91,77.24,36.86,58.57,2024,2135.5,14,0,60.06,76.93,37.54,70.5,2493.8,1986,53.60999999999998,76.81333333333332,2201.7000000000003,52.16,75.91
2026-03-09 14:25:00,49.76,75.85,36.91,57.76,2019,2179.0,14,0,48.91,77.24,36.86,58.57,2135.5,2024,52.90999999999999,76.67333333333333,2269.433333333334,51.55,76.24
2026-03-09 14:30:00,48.09,77.21,37.32,55.4,2073,1996.1,14,0,49.76,75.85,36.91,57.76,2179.0,2019,48.91999999999998,76.76666666666665,2103.5333333333333,53.42,74.9
2026-03-09 14:35:00,52.16,75.91,37.29,58.27,2005,2012.6,14,0,48.09,77.21,37.32,55.4,1996.1,2073,50.00333333333331,76.32333333333331,2062.566666666667,59.19,74.1
2026-03-09 14:40:00,51.55,76.24,36.54,62.75,1980,2554.7,14,0,52.16,75.91,37.29,58.27,2012.6,2005,50.59999999999999,76.45333333333332,2187.8,52.91,74.59
2026-03-09 14:45:00,53.42,74.9,37.33,65.95,2012,2365.6,14,0,51.55,76.24,36.54,62.75,2554.7,1980,52.376666666666644,75.68333333333332,2310.966666666667,59.29,75.89
2026-03-09 14:50:00,59.19,74.1,37.05,59.36,1990,2354.7,14,0,53.42,74.9,37.33,65.95,2365.6,2012,54.71999999999998,75.07999999999998,2425.0,49.71,75.8
2026-03-09 14:55:00,52.91,74.59,36.95,66.61,2013,2620.6,14,0,59.19,74.1,37.05,59.36,2354.7,1990,55.17333333333331,74.52999999999999,2446.9666666666667,58.09,76.59
2026-03-09 15:00:00,59.29,75.89,37.54,77.91,1946,2664.7,15,0,52.91,74.59,36.95,66.61,2620.6,2013,57.129999999999974,74.85999999999999,2546.666666666667,62.0,76.92
2026-03-09 15:05:00,49.71,75.8,37.19,60.74,2013,2090.9,15,0,59.29,75.89,37.54,77.91,2664.7,1946,53.96999999999998,75.42666666666666,2458.7333333333336,50.57,76.38
2026-03-09 15:10:00,58.09,76.59,36.68,68.61,1919,2585.4,15,0,49.71,75.8,37.19,60.74,2090.9,2013,55.69666666666665,76.09333333333332,2447.0000000000005,51.88,77.02
2026-03-09 15:15:00,62.0,76.92,37.26,64.97,2048,2537.7,15,0,58.09,76.59,36.68,68.61,2585.4,1919,56.59999999999999,76.43666666666665,2404.666666666667,55.96,77.65
2026-03-09 15:20:00,50.57,76.38,37.11,65.95,2057,2316.4,15,0,62.0,76.92,37.26,64.97,2537.7,2048,56.88666666666665,76.62999999999998,2479.8333333333335,51.58,76.86
2026-03-09 15:25:00,51.88,77.02,37.09,63.71,2032,2396.2,15,0,50.57,76.38,37.11,65.95,2316.4,2057,54.81666666666664,76.77333333333331,2416.766666666667,48.15,76.8
2026-03-09 15:30:00,55.96,77.65,37.69,66.95,1939,2441.8,15,0,51.88,77.02,37.09,63.71,2396.2,2032,52.80333333333331,77.01666666666665,2384.8000000000006,56.87,77.22
2026-03-09 15:35:00,51.58,76.86,37.57,47.04,1973,1948.0,15,0,55.96,77.65,37.69,66.95,2441.8,1939,53.139999999999986,77.17666666666665,2262.0000000000005,52.28,77.57
2026-03-09 15:40:00,48.15,76.8,37.27,46.71,1941,1679.8,15,0,51.58,76.86,37.57,47.04,1948.0,1973,51.89666666666665,77.10333333333331,2023.2,55.62,78.42
2026-03-09 15:45:00,56.87,77.22,37.67,59.35,1974,2237.6,15,0,48.15,76.8,37.27,46.71,1679.8,1941,52.19999999999998,76.95999999999998,1955.133333333334,46.16,78.19
2026-03-09 15:50:00,52.28,77.57,37.34,55.39,1986,2219.9,15,0,56.87,77.22,37.67,59.35,2237.6,1974,52.433333333333316,77.19666666666664,2045.766666666667,48.6,79.3
2026-03-09 15:55:00,55.62,78.42,37.62,62.87,2035,2472.9,15,0,52.28,77.57,37.34,55.39,2219.9,1986,54.92333333333331,77.73666666666665,2310.1333333333337,67.58,80.18
2026-03-09 16:00:00,46.16,78.19,36.95,53.22,2021,1947.9,16,0,55.62,78.42,37.62,62.87,2472.9,2035,51.35333333333332,78.05999999999999,2213.566666666667,57.63,79.59
2026-03-09 16:05:00,48.6,79.3,36.94,54.35,1943,2060.1,16,0,46.16,78.19,36.95,53.22,1947.9,2021,50.126666666666644,78.63666666666666,2160.3000000000006,59.95,79.18
2026-03-09 16:10:00,67.58,80.18,36.62,72.96,2035,2842.9,16,0,48.6,79.3,36.94,54.35,2060.1,1943,54.11333333333331,79.22333333333331,2283.6333333333337,99.5,96.71
2026-03-09 16:15:00,57.63,79.59,37.02,68.51,1969,2634.7,16,0,67.58,80.18,36.62,72.96,2842.9,2035,57.936666666666646,79.68999999999998,2512.566666666667,57.63,80.19
2026-03-09 16:20:00,59.95,79.18,37.17,68.73,1981,2553.7,16,0,57.63,79.59,37.02,68.51,2634.7,1969,61.71999999999998,79.64999999999999,2677.1000000000004,75.03,96.03
2026-03-09 16:25:00,99.5,96.71,37.81,99.0,3369,4263.1,16,0,59.95,79.18,37.17,68.73,2553.7,1981,72.35999999999997,85.15999999999998,3150.5000000000005,56.04,79.38
2026-03-09 16:30:00,57.63,80.19,37.17,55.25,2048,2534.5,16,0,99.5,96.71,37.81,99.0,4263.1,3369,72.35999999999997,85.35999999999997,3117.1000000000004,54.6,78.81
2026-03-09 16:35:00,75.03,96.03,37.36,79.67,3079,3336.1,16,0,57.63,80.19,37.17,55.25,2534.5,2048,77.38666666666664,90.97666666666665,3377.900000000001,61.77,80.08
2026-03-09 16:40:00,56.04,79.38,37.36,64.66,1992,2532.5,16,0,75.03,96.03,37.36,79.67,3336.1,3079,62.89999999999997,85.19999999999999,2801.033333333334,63.03,81.09
2026-03-09 16:45:00,54.6,78.81,37.43,59.14,1919,2138.5,16,0,56.04,79.38,37.36,64.66,2532.5,1992,61.889999999999965,84.74,2669.033333333334,49.93,80.1
2026-03-09 16:50:00,61.77,80.08,37.43,66.84,1968,2574.3,16,0,54.6,78.81,37.43,59.14,2138.5,1919,57.46999999999997,79.4233333333333,2415.1000000000004,64.34,80.16
2026-03-09 16:55:00,63.03,81.09,37.01,58.64,1995,2542.6,16,0,61.77,80.08,37.43,66.84,2574.3,1968,59.799999999999976,79.99333333333333,2418.466666666667,46.17,79.07
2026-03-09 17:00:00,49.93,80.1,37.36,58.54,1923,1892.3,17,0,63.03,81.09,37.01,58.64,2542.6,1995,58.243333333333304,80.4233333333333,2336.4000000000005,53.74,78.89
2026-03-09 17:05:00,64.34,80.16,37.22,66.84,1985,2457.0,17,0,49.93,80.1,37.36,58.54,1892.3,1923,59.099999999999966,80.44999999999999,2297.3000000000006,55.28,79.91
2026-03-09 17:10:00,46.17,79.07,37.45,61.26,1941,2241.5,17,0,64.34,80.16,37.22,66.84,2457.0,1985,53.47999999999997,79.77666666666664,2196.933333333334,51.61,78.75
2026-03-09 17:15:00,53.74,78.89,37.99,74.72,1941,2518.1,17,0,46.17,79.07,37.45,61.26,2241.5,1941,54.74999999999997,79.37333333333332,2405.533333333334,55.78,77.55
2026-03-09 17:20:00,55.28,79.91,37.36,71.17,1972,2562.6,17,0,53.74,78.89,37.99,74.72,2518.1,1941,51.72999999999997,79.28999999999998,2440.733333333334,53.83,76.91
2026-03-09 17:25:00,51.61,78.75,37.48,55.03,1959,2231.7,17,0,55.28,79.91,37.36,71.17,2562.6,1972,53.5433333333333,79.18333333333332,2437.466666666667,49.56,79.19
2026-03-09 17:30:00,55.78,77.55,37.89,67.44,1959,2510.8,17,0,51.61,78.75,37.48,55.03,2231.7,1959,54.2233333333333,78.73666666666666,2435.0333333333338,47.49,79.71
2026-03-09 17:35:00,53.83,76.91,37.27,57.39,1927,2173.9,17,0,55.78,77.55,37.89,67.44,2510.8,1959,53.739999999999974,77.73666666666664,2305.466666666667,47.15,80.11
2026-03-09 17:40:00,49.56,79.19,37.78,42.85,1913,1690.1,17,0,53.83,76.91,37.27,57.39,2173.9,1927,53.05666666666664,77.88333333333331,2124.933333333334,48.92,80.34
2026-03-09 17:45:00,47.49,79.71,37.41,54.17,1809,1925.6,17,0,49.56,79.19,37.78,42.85,1690.1,1913,50.293333333333315,78.60333333333331,1929.8666666666675,40.65,79.27
2026-03-09 17:50:00,47.15,80.11,37.25,56.85,1830,2080.1,17,0,47.49,79.71,37.41,54.17,1925.6,1809,48.066666666666634,79.66999999999997,1898.6000000000004,46.76,78.4
2026-03-09 17:55:00,48.92,80.34,38.27,56.96,1841,2203.9,17,0,47.15,80.11,37.25,56.85,2080.1,1830,47.8533333333333,80.05333333333333,2069.8666666666672,40.17,76.74
2026-03-09 18:00:00,40.65,79.27,37.65,44.24,1798,1741.5,18,0,48.92,80.34,38.27,56.96,2203.9,1841,45.5733333333333,79.90666666666665,2008.5000000000007,45.38,75.71
2026-03-09 18:05:00,46.76,78.4,37.95,50.2,1764,1609.6,18,0,40.65,79.27,37.65,44.24,1741.5,1798,45.4433333333333,79.33666666666666,1851.6666666666672,43.18,77.32
2026-03-09 18:10:00,40.17,76.74,38.24,49.04,1822,1662.0,18,0,46.76,78.4,37.95,50.2,1609.6,1764,42.52666666666664,78.13666666666666,1671.033333333334,58.34,77.54
2026-03-09 18:15:00,45.38,75.71,37.65,64.57,1818,2433.4,18,0,40.17,76.74,38.24,49.04,1662.0,1822,44.1033333333333,76.94999999999999,1901.6666666666672,60.59,75.3
2026-03-09 18:20:00,43.18,77.32,37.49,50.54,1858,1710.4,18,0,45.38,75.71,37.65,64.57,2433.4,1818,42.909999999999975,76.58999999999997,1935.2666666666673,44.23,74.94
2026-03-09 18:25:00,58.34,77.54,37.54,65.9,1858,2380.4,18,0,43.18,77.32,37.49,50.54,1710.4,1858,48.96666666666664,76.85666666666664,2174.733333333334,46.63,73.75
2026-03-09 18:30:00,60.59,75.3,37.26,64.56,1796,2615.1,18,0,58.34,77.54,37.54,65.9,2380.4,1858,54.03666666666664,76.71999999999998,2235.3000000000006,82.64,75.02
2026-03-09 18:35:00,44.23,74.94,37.44,57.19,1726,1927.7,18,0,60.59,75.3,37.26,64.56,2615.1,1796,54.386666666666635,75.92666666666666,2307.733333333334,43.85,73.69
2026-03-09 18:40:00,46.63,73.75,37.72,56.36,1776,2046.7,18,0,44.23,74.94,37.44,57.19,1927.7,1726,50.4833333333333,74.66333333333331,2196.5000000000005,54.76,75.01
2026-03-09 18:45:00,82.64,75.02,54.65,65.85,1810,2280.8,18,0,46.63,73.75,37.72,56.36,2046.7,1776,57.83333333333331,74.56999999999998,2085.0666666666675,49.15,76.25
2026-03-09 18:50:00,43.85,73.69,38.07,49.52,1710,1799.0,18,0,82.64,75.02,54.65,65.85,2280.8,1810,57.70666666666664,74.15333333333331,2042.1666666666672,55.94,77.82
2026-03-09 18:55:00,54.76,75.01,37.5,61.22,1793,2521.5,18,0,43.85,73.69,38.07,49.52,1799.0,1710,60.41666666666665,74.57333333333331,2200.433333333334,43.63,76.92
2026-03-09 19:00:00,49.15,76.25,37.22,41.71,1761,1622.8,19,0,54.76,75.01,37.5,61.22,2521.5,1793,49.2533333333333,74.98333333333332,1981.1000000000006,44.95,77.17
2026-03-09 19:05:00,55.94,77.82,37.56,58.96,1708,2280.6,19,0,49.15,76.25,37.22,41.71,1622.8,1761,53.2833333333333,76.35999999999999,2141.6333333333337,49.84,75.82
2026-03-09 19:10:00,43.63,76.92,37.3,49.2,1731,1748.7,19,0,55.94,77.82,37.56,58.96,2280.6,1708,49.5733333333333,76.99666666666666,1884.0333333333338,45.79,75.21
2026-03-09 19:15:00,44.95,77.17,37.92,49.01,1641,1881.3,19,0,43.63,76.92,37.3,49.2,1748.7,1731,48.17333333333331,77.30333333333331,1970.2000000000005,49.35,74.91
2026-03-09 19:20:00,49.84,75.82,37.94,49.49,1608,1782.3,19,0,44.95,77.17,37.92,49.01,1881.3,1641,46.139999999999965,76.63666666666666,1804.1000000000006,48.95,75.81
2026-03-09 19:25:00,45.79,75.21,37.38,56.72,1639,2012.1,19,0,49.84,75.82,37.94,49.49,1782.3,1608,46.85999999999998,76.06666666666665,1891.9000000000005,57.31,75.0
2026-03-09 19:30:00,49.35,74.91,38.21,58.49,1638,1911.6,19,0,45.79,75.21,37.38,56.72,2012.1,1639,48.32666666666663,75.31333333333332,1902.0000000000007,45.92,73.51
2026-03-09 19:35:00,48.95,75.81,38.4,54.35,1586,2226.5,19,0,49.35,74.91,38.21,58.49,1911.6,1638,48.02999999999997,75.30999999999999,2050.066666666667,44.0,73.05
2026-03-09 19:40:00,57.31,75.0,37.86,63.47,1688,2376.7,19,0,48.95,75.81,38.4,54.35,2226.5,1586,51.869999999999976,75.24,2171.600000000001,53.1,73.49
2026-03-09 19:45:00,45.92,73.51,38.1,52.14,1597,1766.4,19,0,57.31,75.0,37.86,63.47,2376.7,1688,50.72666666666664,74.77333333333333,2123.2000000000007,47.56,72.24
2026-03-09 19:50:00,44.0,73.05,37.8,59.72,1521,1846.4,19,0,45.92,73.51,38.1,52.14,1766.4,1597,49.07666666666663,73.85333333333331,1996.5000000000007,49.99,71.54
2026-03-09 19:55:00,53.1,73.49,37.8,62.32,1588,2269.2,19,0,44.0,73.05,37.8,59.72,1846.4,1521,47.67333333333331,73.34999999999998,1960.6666666666672,42.52,70.88
2026-03-09 20:00:00,47.56,72.24,37.8,63.81,1536,2052.2,20,0,53.1,73.49,37.8,62.32,2269.2,1588,48.21999999999997,72.92666666666666,2055.933333333334,51.34,70.57
2026-03-09 20:05:00,49.99,71.54,37.95,66.28,1591,2081.4,20,0,47.56,72.24,37.8,63.81,2052.2,1536,50.21666666666664,72.42333333333332,2134.266666666667,36.65,69.08
2026-03-09 20:10:00,42.52,70.88,37.53,53.39,1429,1740.3,20,0,49.99,71.54,37.95,66.28,2081.4,1591,46.689999999999976,71.55333333333333,1957.9666666666672,43.28,69.7
2026-03-09 20:15:00,51.34,70.57,38.0,53.46,1468,1926.9,20,0,42.52,70.88,37.53,53.39,1740.3,1429,47.94999999999998,70.99666666666666,1916.2000000000007,43.07,67.67
2026-03-09 20:20:00,36.65,69.08,38.06,43.62,1464,1438.6,20,0,51.34,70.57,38.0,53.46,1926.9,1468,43.50333333333331,70.17666666666663,1701.933333333334,36.29,66.76
2026-03-09 20:25:00,43.28,69.7,38.18,46.73,1384,1802.7,20,0,36.65,69.08,38.06,43.62,1438.6,1464,43.75666666666664,69.78333333333332,1722.7333333333338,36.03,64.7
2026-03-09 20:30:00,43.07,67.67,37.7,49.3,1446,1561.8,20,0,43.28,69.7,38.18,46.73,1802.7,1384,40.99999999999997,68.81666666666666,1601.033333333334,40.51,64.52
2026-03-09 20:35:00,36.29,66.76,37.91,44.99,1384,1397.3,20,0,43.07,67.67,37.7,49.3,1561.8,1446,40.879999999999974,68.04333333333332,1587.266666666667,39.97,64.19
2026-03-09 20:40:00,36.03,64.7,37.64,35.47,1317,1237.8,20,0,36.29,66.76,37.91,44.99,1397.3,1384,38.4633333333333,66.37666666666665,1398.9666666666672,38.26,63.95
2026-03-09 20:45:00,40.51,64.52,37.75,36.75,1369,1447.4,20,0,36.03,64.7,37.64,35.47,1237.8,1317,37.609999999999964,65.32666666666665,1360.833333333334,34.92,64.78
2026-03-09 20:50:00,39.97,64.19,37.75,41.19,1362,1392.9,20,0,40.51,64.52,37.75,36.75,1447.4,1369,38.83666666666664,64.46999999999998,1359.3666666666675,40.64,64.42
2026-03-09 20:55:00,38.26,63.95,38.04,50.57,1374,1532.5,20,0,39.97,64.19,37.75,41.19,1392.9,1362,39.57999999999997,64.21999999999998,1457.6000000000006,49.58,64.16
2026-03-09 21:00:00,34.92,64.78,37.63,42.93,1392,1311.7,21,0,38.26,63.95,38.04,50.57,1532.5,1374,37.71666666666663,64.30666666666666,1412.3666666666675,41.33,63.55
2026-03-09 21:05:00,40.64,64.42,37.89,44.42,1276,1746.6,21,0,34.92,64.78,37.63,42.93,1311.7,1392,37.939999999999976,64.38333333333333,1530.266666666667,37.97,63.39
2026-03-09 21:10:00,49.58,64.16,37.8,50.82,1330,1774.4,21,0,40.64,64.42,37.89,44.42,1746.6,1276,41.7133333333333,64.45333333333332,1610.9000000000005,41.94,63.42
2026-03-09 21:15:00,41.33,63.55,38.38,46.86,1285,1649.2,21,0,49.58,64.16,37.8,50.82,1774.4,1330,43.849999999999966,64.04333333333331,1723.4000000000005,40.58,64.24
2026-03-09 21:20:00,37.97,63.39,38.19,36.79,1266,1177.9,21,0,41.33,63.55,38.38,46.86,1649.2,1285,42.95999999999997,63.69999999999999,1533.833333333334,33.56,63.77
2026-03-09 21:25:00,41.94,63.42,37.76,44.41,1252,1721.8,21,0,37.97,63.39,38.19,36.79,1177.9,1266,40.413333333333306,63.45333333333332,1516.3000000000004,41.45,64.72
2026-03-09 21:30:00,40.58,64.24,38.13,35.0,1246,1087.5,21,0,41.94,63.42,37.76,44.41,1721.8,1252,40.163333333333306,63.683333333333316,1329.0666666666673,39.15,64.08
2026-03-09 21:35:00,33.56,63.77,38.43,34.8,1255,1272.8,21,0,40.58,64.24,38.13,35.0,1087.5,1246,38.69333333333331,63.80999999999998,1360.7000000000007,34.31,64.6
2026-03-09 21:40:00,41.45,64.72,37.94,37.76,1205,1215.8,21,0,33.56,63.77,38.43,34.8,1272.8,1255,38.52999999999997,64.24333333333331,1192.033333333334,35.56,64.14
2026-03-09 21:45:00,39.15,64.08,37.8,41.62,1101,1301.4,21,0,41.45,64.72,37.94,37.76,1215.8,1205,38.053333333333306,64.18999999999998,1263.333333333334,42.49,63.71
2026-03-09 21:50:00,34.31,64.6,38.01,40.92,1099,1294.5,21,0,39.15,64.08,37.8,41.62,1301.4,1101,38.303333333333306,64.46666666666664,1270.5666666666673,34.55,64.45
2026-03-09 21:55:00,35.56,64.14,38.56,41.33,1214,1502.2,21,0,34.31,64.6,38.01,40.92,1294.5,1099,36.339999999999975,64.27333333333331,1366.033333333334,39.09,63.68
2026-03-09 22:00:00,42.49,63.71,38.09,45.68,1118,1579.1,22,0,35.56,64.14,38.56,41.33,1502.2,1214,37.453333333333305,64.14999999999999,1458.6000000000006,38.37,61.74
2026-03-09 22:05:00,34.55,64.45,38.47,33.55,1150,1048.4,22,0,42.49,63.71,38.09,45.68,1579.1,1118,37.53333333333331,64.09999999999998,1376.5666666666673,38.16,60.93
2026-03-09 22:10:00,39.09,63.68,37.87,44.63,1140,1369.2,22,0,34.55,64.45,38.47,33.55,1048.4,1150,38.70999999999997,63.94666666666665,1332.233333333334,39.18,61.14
2026-03-09 22:15:00,38.37,61.74,37.84,35.93,1110,1232.2,22,0,39.09,63.68,37.87,44.63,1369.2,1140,37.33666666666664,63.289999999999985,1216.6000000000006,29.35,58.53
2026-03-09 22:20:00,38.16,60.93,38.36,42.75,1029,1277.1,22,0,38.37,61.74,37.84,35.93,1232.2,1110,38.53999999999997,62.116666666666646,1292.833333333334,28.2,57.43
2026-03-09 22:25:00,39.18,61.14,38.63,36.09,1067,1365.6,22,0,38.16,60.93,38.36,42.75,1277.1,1029,38.56999999999997,61.269999999999975,1291.633333333334,36.6,57.3
2026-03-09 22:30:00,29.35,58.53,38.02,34.07,974,922.7,22,0,39.18,61.14,38.63,36.09,1365.6,1067,35.563333333333304,60.19999999999998,1188.4666666666674,37.34,57.66
2026-03-09 22:35:00,28.2,57.43,38.08,35.29,974,867.9,22,0,29.35,58.53,38.02,34.07,922.7,974,32.243333333333304,59.0333333333333,1052.0666666666673,33.55,57.03
2026-03-09 22:40:00,36.6,57.3,38.26,41.98,942,1300.8,22,0,28.2,57.43,38.08,35.29,867.9,974,31.383333333333308,57.75333333333331,1030.4666666666672,30.3,56.92
2026-03-09 22:45:00,37.34,57.66,38.16,47.05,959,1330.3,22,0,36.6,57.3,38.26,41.98,1300.8,942,34.046666666666646,57.46333333333331,1166.333333333334,36.33,57.4
2026-03-09 22:50:00,33.55,57.03,38.2,34.26,895,939.8,22,0,37.34,57.66,38.16,47.05,1330.3,959,35.82999999999998,57.32999999999998,1190.3000000000004,28.23,57.3
2026-03-09 22:55:00,30.3,56.92,38.03,29.39,917,765.8,22,0,33.55,57.03,38.2,34.26,939.8,895,33.72999999999997,57.20333333333331,1011.9666666666672,34.58,56.24
2026-03-09 23:00:00,36.33,57.4,37.85,34.46,885,1245.7,23,0,30.3,56.92,38.03,29.39,765.8,917,33.3933333333333,57.116666666666646,983.7666666666672,38.61,56.15
2026-03-09 23:05:00,28.23,57.3,38.13,31.96,829,879.4,23,0,36.33,57.4,37.85,34.46,1245.7,885,31.619999999999973,57.20666666666664,963.6333333333338,31.02,54.74
2026-03-09 23:10:00,34.58,56.24,38.66,35.52,902,1040.6,23,0,28.23,57.3,38.13,31.96,879.4,829,33.04666666666664,56.97999999999998,1055.2333333333338,36.72,55.06
2026-03-09 23:15:00,38.61,56.15,38.51,41.46,870,1197.7,23,0,34.58,56.24,38.66,35.52,1040.6,902,33.806666666666636,56.563333333333304,1039.2333333333338,46.15,55.77
2026-03-09 23:20:00,31.02,54.74,39.23,38.11,867,1080.4,23,0,38.61,56.15,38.51,41.46,1197.7,870,34.736666666666636,55.70999999999998,1106.2333333333338,30.73,55.11
2026-03-09 23:25:00,36.72,55.06,38.2,32.5,789,961.7,23,0,31.02,54.74,39.23,38.11,1080.4,867,35.44999999999997,55.31666666666664,1079.9333333333338,26.79,52.94
2026-03-09 23:30:00,46.15,55.77,38.33,37.89,827,1181.0,23,0,36.72,55.06,38.2,32.5,961.7,789,37.9633333333333,55.189999999999976,1074.366666666667,25.18,52.83
2026-03-09 23:35:00,30.73,55.11,39.13,34.28,792,1075.5,23,0,46.15,55.77,38.33,37.89,1181.0,827,37.86666666666664,55.31333333333331,1072.7333333333338,23.16,53.55
2026-03-09 23:40:00,26.79,52.94,38.26,41.23,796,992.4,23,0,30.73,55.11,39.13,34.28,1075.5,792,34.556666666666636,54.60666666666665,1082.9666666666672,25.79,53.22
2026-03-09 23:45:00,25.18,52.83,38.41,28.4,736,924.3,23,0,26.79,52.94,38.26,41.23,992.4,796,27.566666666666638,53.62666666666664,997.4000000000005,31.09,52.56
2026-03-09 23:50:00,23.16,53.55,38.42,34.38,798,801.9,23,0,25.18,52.83,38.41,28.4,924.3,736,25.043333333333305,53.10666666666665,906.2000000000004,25.84,51.51
2026-03-09 23:55:00,25.79,53.22,38.57,30.34,796,864.2,23,0,23.16,53.55,38.42,34.38,801.9,798,24.70999999999997,53.19999999999998,863.4666666666672,30.79,50.98
2026-03-10 00:00:00,31.09,52.56,34.61,21.75,706,727.6,0,1,25.79,53.22,38.57,30.34,864.2,796,26.679999999999968,53.10999999999998,797.9000000000005,36.93,49.87
2026-03-10 00:05:00,25.84,51.51,35.0,32.45,691,807.9,0,1,31.09,52.56,34.61,21.75,727.6,706,27.573333333333306,52.42999999999998,799.9000000000005,33.42,50.33
2026-03-10 00:10:00,30.79,50.98,34.69,28.18,707,1019.2,0,1,25.84,51.51,35.0,32.45,807.9,691,29.23999999999997,51.68333333333331,851.5666666666672,23.16,50.2
2026-03-10 00:15:00,36.93,49.87,35.0,33.38,658,815.6,0,1,30.79,50.98,34.69,28.18,1019.2,707,31.18666666666664,50.78666666666664,880.9000000000005,34.86,50.37
2026-03-10 00:20:00,33.42,50.33,34.7,29.21,626,677.6,0,1,36.93,49.87,35.0,33.38,815.6,658,33.7133333333333,50.39333333333331,837.4666666666672,30.2,50.56
2026-03-10 00:25:00,23.16,50.2,34.86,28.33,686,647.3,0,1,33.42,50.33,34.7,29.21,677.6,626,31.169999999999973,50.133333333333304,713.5000000000005,32.93,51.28
2026-03-10 00:30:00,34.86,50.37,34.89,31.56,689,792.2,0,1,23.16,50.2,34.86,28.33,647.3,686,30.479999999999972,50.299999999999976,705.7000000000004,33.33,51.73
2026-03-10 00:35:00,30.2,50.56,35.25,35.29,586,741.5,0,1,34.86,50.37,34.89,31.56,792.2,689,29.406666666666638,50.376666666666644,727.0000000000005,27.27,51.7
2026-03-10 00:40:00,32.93,51.28,34.9,30.83,696,1003.9,0,1,30.2,50.56,35.25,35.29,741.5,586,32.663333333333306,50.73666666666664,845.8666666666671,32.49,51.96
2026-03-10 00:45:00,33.33,51.73,35.4,32.62,634,835.8,0,1,32.93,51.28,34.9,30.83,1003.9,696,32.15333333333331,51.189999999999976,860.4000000000004,22.33,50.97
2026-03-10 00:50:00,27.27,51.7,35.05,29.63,645,784.1,0,1,33.33,51.73,35.4,32.62,835.8,634,31.176666666666637,51.56999999999997,874.6000000000004,28.91,51.38
2026-03-10 00:55:00,32.49,51.96,35.65,24.29,571,748.2,0,1,27.27,51.7,35.05,29.63,784.1,645,31.029999999999976,51.796666666666646,789.3666666666671,27.83,50.78
2026-03-10 01:00:00,22.33,50.97,34.51,30.03,544,789.4,1,1,32.49,51.96,35.65,24.29,748.2,571,27.363333333333312,51.543333333333315,773.9000000000005,29.91,51.47
2026-03-10 01:05:00,28.91,51.38,35.11,24.2,548,623.6,1,1,22.33,50.97,34.51,30.03,789.4,544,27.90999999999998,51.436666666666646,720.4000000000005,20.48,50.14
2026-03-10 01:10:00,27.83,50.78,35.33,21.67,496,450.8,1,1,28.91,51.38,35.11,24.2,623.6,548,26.35666666666664,51.043333333333315,621.2666666666671,22.69,62.28
2026-03-10 01:15:00,29.91,51.47,35.0,28.32,533,669.4,1,1,27.83,50.78,35.33,21.67,450.8,496,28.883333333333308,51.20999999999998,581.2666666666672,22.1,48.11
2026-03-10 01:20:00,20.48,50.14,35.32,23.33,583,628.1,1,1,29.91,51.47,35.0,28.32,669.4,533,26.07333333333331,50.796666666666646,582.7666666666672,22.36,46.96
2026-03-10 01:25:00,22.69,62.28,35.22,35.68,622,725.5,1,1,20.48,50.14,35.32,23.33,628.1,583,24.359999999999975,54.629999999999974,674.3333333333338,48.16,47.03
2026-03-10 01:30:00,22.1,48.11,35.34,20.6,501,612.2,1,1,22.69,62.28,35.22,35.68,725.5,622,21.756666666666643,53.50999999999997,655.2666666666672,17.82,46.73
2026-03-10 01:35:00,22.36,46.96,35.42,17.41,525,477.9,1,1,22.1,48.11,35.34,20.6,612.2,501,22.383333333333308,52.44999999999998,605.2000000000005,23.51,46.65
2026-03-10 01:40:00,48.16,47.03,54.91,25.02,535,568.0,1,1,22.36,46.96,35.42,17.41,477.9,525,30.873333333333306,47.366666666666646,552.7000000000004,32.96,47.96
2026-03-10 01:45:00,17.82,46.73,36.02,23.69,486,447.1,1,1,48.16,47.03,54.91,25.02,568.0,535,29.446666666666644,46.90666666666664,497.66666666666714,23.72,47.89
2026-03-10 01:50:00,23.51,46.65,35.24,25.14,485,431.8,1,1,17.82,46.73,36.02,23.69,447.1,486,29.82999999999998,46.803333333333306,482.30000000000047,20.81,47.11
2026-03-10 01:55:00,32.96,47.96,35.38,27.14,527,609.2,1,1,23.51,46.65,35.24,25.14,431.8,485,24.76333333333331,47.11333333333331,496.0333333333338,20.76,45.19
2026-03-10 02:00:00,23.72,47.89,35.29,26.26,488,455.5,2,1,32.96,47.96,35.38,27.14,609.2,527,26.729999999999976,47.49999999999998,498.83333333333377,25.75,45.96
2026-03-10 02:05:00,20.81,47.11,35.46,23.52,428,347.3,2,1,23.72,47.89,35.29,26.26,455.5,488,25.829999999999973,47.65333333333331,470.66666666666714,20.43,47.09
2026-03-10 02:10:00,20.76,45.19,35.07,24.21,306,305.6,2,1,20.81,47.11,35.46,23.52,347.3,428,21.76333333333331,46.72999999999998,369.46666666666715,18.72,46.32
2026-03-10 02:15:00,25.75,45.96,35.36,24.27,356,494.5,2,1,20.76,45.19,35.07,24.21,305.6,306,22.43999999999998,46.086666666666645,382.46666666666715,25.48,46.32
2026-03-10 02:20:00,20.43,47.09,35.46,29.55,470,581.7,2,1,25.75,45.96,35.36,24.27,494.5,356,22.313333333333308,46.07999999999998,460.60000000000053,22.69,46.41
2026-03-10 02:25:00,18.72,46.32,35.72,14.94,392,458.4,2,1,20.43,47.09,35.46,29.55,581.7,470,21.633333333333308,46.45666666666665,511.53333333333376,26.67,47.09
2026-03-10 02:30:00,25.48,46.32,34.88,18.49,386,351.2,2,1,18.72,46.32,35.72,14.94,458.4,392,21.543333333333308,46.57666666666665,463.7666666666671,24.85,46.34
2026-03-10 02:35:00,22.69,46.41,35.33,23.75,430,472.6,2,1,25.48,46.32,34.88,18.49,351.2,386,22.296666666666642,46.34999999999997,427.4000000000005,21.89,47.6
2026-03-10 02:40:00,26.67,47.09,35.53,24.14,434,478.6,2,1,22.69,46.41,35.33,23.75,472.6,430,24.946666666666644,46.60666666666665,434.13333333333384,23.88,47.52
2026-03-10 02:45:00,24.85,46.34,35.44,30.14,444,634.8,2,1,26.67,47.09,35.53,24.14,478.6,434,24.73666666666664,46.613333333333316,528.6666666666671,23.23,45.87
2026-03-10 02:50:00,21.89,47.6,35.55,19.64,456,423.2,2,1,24.85,46.34,35.44,30.14,634.8,444,24.46999999999998,47.009999999999984,512.2000000000005,20.08,46.33
2026-03-10 02:55:00,23.88,47.52,35.68,34.16,461,551.8,2,1,21.89,47.6,35.55,19.64,423.2,456,23.539999999999978,47.153333333333315,536.6000000000005,17.84,46.64
2026-03-10 03:00:00,23.23,45.87,35.04,17.86,370,420.4,3,1,23.88,47.52,35.68,34.16,551.8,461,22.999999999999975,46.99666666666665,465.13333333333384,29.21,47.26
2026-03-10 03:05:00,20.08,46.33,35.77,17.17,373,456.0,3,1,23.23,45.87,35.04,17.86,420.4,370,22.396666666666643,46.5733333333333,476.06666666666706,22.57,46.42
2026-03-10 03:10:00,17.84,46.64,35.11,28.05,396,438.0,3,1,20.08,46.33,35.77,17.17,456.0,373,20.38333333333331,46.27999999999997,438.13333333333384,20.26,46.62
2026-03-10 03:15:00,29.21,47.26,35.49,27.75,477,636.7,3,1,17.84,46.64,35.11,28.05,438.0,396,22.37666666666664,46.74333333333331,510.2333333333338,25.5,46.43
2026-03-10 03:20:00,22.57,46.42,35.71,26.08,451,499.6,3,1,29.21,47.26,35.49,27.75,636.7,477,23.206666666666646,46.77333333333331,524.7666666666672,22.49,46.35
2026-03-10 03:25:00,20.26,46.62,35.7,21.02,394,435.5,3,1,22.57,46.42,35.71,26.08,499.6,451,24.01333333333331,46.766666666666644,523.9333333333338,17.13,45.58
2026-03-10 03:30:00,25.5,46.43,35.54,17.34,454,416.4,3,1,20.26,46.62,35.7,21.02,435.5,394,22.776666666666642,46.48999999999998,450.50000000000045,23.37,44.91
2026-03-10 03:35:00,22.49,46.35,35.36,19.53,398,451.4,3,1,25.5,46.43,35.54,17.34,416.4,454,22.749999999999975,46.46666666666664,434.4333333333338,17.92,46.19
2026-03-10 03:40:00,17.13,45.58,35.81,16.39,414,381.8,3,1,22.49,46.35,35.36,19.53,451.4,398,21.70666666666664,46.119999999999976,416.53333333333376,16.85,44.81
2026-03-10 03:45:00,23.37,44.91,35.5,16.49,341,406.5,3,1,17.13,45.58,35.81,16.39,381.8,414,20.99666666666664,45.61333333333331,413.2333333333338,18.83,45.71
2026-03-10 03:50:00,17.92,46.19,34.82,21.06,421,414.1,3,1,23.37,44.91,35.5,16.49,406.5,341,19.47333333333331,45.559999999999974,400.80000000000047,22.61,47.13
2026-03-10 03:55:00,16.85,44.81,35.36,19.65,366,375.6,3,1,17.92,46.19,34.82,21.06,414.1,421,19.379999999999978,45.303333333333306,398.7333333333338,22.45,47.35
2026-03-10 04:00:00,18.83,45.71,35.4,16.62,403,378.7,4,1,16.85,44.81,35.36,19.65,375.6,366,17.866666666666642,45.56999999999997,389.46666666666715,21.47,46.72
2026-03-10 04:05:00,22.61,47.13,35.52,20.22,425,431.7,4,1,18.83,45.71,35.4,16.62,378.7,403,19.429999999999975,45.883333333333304,395.33333333333377,24.22,46.11
2026-03-10 04:10:00,22.45,47.35,35.56,22.62,295,286.7,4,1,22.61,47.13,35.52,20.22,431.7,425,21.296666666666642,46.72999999999998,365.70000000000044,32.47,46.73
2026-03-10 04:15:00,21.47,46.72,35.93,29.65,359,423.7,4,1,22.45,47.35,35.56,22.62,286.7,295,22.176666666666645,47.06666666666664,380.70000000000044,19.87,45.69
2026-03-10 04:20:00,24.22,46.11,35.43,18.56,447,424.9,4,1,21.47,46.72,35.93,29.65,423.7,359,22.71333333333331,46.72666666666664,378.4333333333338,27.92,45.4
2026-03-10 04:25:00,32.47,46.73,34.99,23.22,458,535.0,4,1,24.22,46.11,35.43,18.56,424.9,447,26.05333333333331,46.51999999999998,461.20000000000044,26.3,45.29
2026-03-10 04:30:00,19.87,45.69,34.89,23.21,398,372.6,4,1,32.47,46.73,34.99,23.22,535.0,458,25.51999999999998,46.17666666666664,444.16666666666714,19.47,46.41
2026-03-10 04:35:00,27.92,45.4,35.78,24.8,353,492.7,4,1,19.87,45.69,34.89,23.21,372.6,398,26.753333333333313,45.93999999999997,466.76666666666716,18.22,45.78
2026-03-10 04:40:00,26.3,45.29,35.51,21.89,431,448.9,4,1,27.92,45.4,35.78,24.8,492.7,353,24.696666666666644,45.45999999999998,438.0666666666671,21.41,44.72
2026-03-10 04:45:00,19.47,46.41,36.38,18.03,434,403.7,4,1,26.3,45.29,35.51,21.89,448.9,431,24.563333333333308,45.69999999999997,448.43333333333385,18.47,45.4
2026-03-10 04:50:00,18.22,45.78,35.7,27.38,436,566.6,4,1,19.47,46.41,36.38,18.03,403.7,434,21.329999999999973,45.82666666666663,473.0666666666671,24.68,44.22
2026-03-10 04:55:00,21.41,44.72,35.15,23.56,414,543.2,4,1,18.22,45.78,35.7,27.38,566.6,436,19.699999999999974,45.636666666666635,504.5000000000005,20.63,45.38
2026-03-10 05:00:00,18.47,45.4,36.35,29.08,420,513.6,5,1,21.41,44.72,35.15,23.56,543.2,414,19.366666666666642,45.299999999999976,541.1333333333338,24.0,44.21
2026-03-10 05:05:00,24.68,44.22,35.37,26.31,423,451.4,5,1,18.47,45.4,36.35,29.08,513.6,420,21.51999999999998,44.77999999999997,502.73333333333386,25.85,44.95
2026-03-10 05:10:00,20.63,45.38,35.29,21.87,453,543.1,5,1,24.68,44.22,35.37,26.31,451.4,423,21.259999999999977,44.99999999999998,502.7000000000005,31.31,45.99
2026-03-10 05:15:00,24.0,44.21,35.54,21.69,404,500.3,5,1,20.63,45.38,35.29,21.87,543.1,453,23.10333333333331,44.6033333333333,498.26666666666716,25.43,46.12
2026-03-10 05:20:00,25.85,44.95,35.64,20.76,354,327.7,5,1,24.0,44.21,35.54,21.69,500.3,404,23.49333333333331,44.84666666666664,457.03333333333376,21.67,44.75
2026-03-10 05:25:00,31.31,45.99,35.64,26.47,552,603.8,5,1,25.85,44.95,35.64,20.76,327.7,354,27.05333333333331,45.049999999999976,477.26666666666716,17.8,45.7
2026-03-10 05:30:00,25.43,46.12,35.54,29.79,436,554.3,5,1,31.31,45.99,35.64,26.47,603.8,552,27.529999999999976,45.68666666666664,495.26666666666716,31.58,45.99
2026-03-10 05:35:00,21.67,44.75,35.92,15.71,503,548.4,5,1,25.43,46.12,35.54,29.79,554.3,436,26.136666666666642,45.619999999999976,568.8333333333338,27.98,45.93
2026-03-10 05:40:00,17.8,45.7,36.16,21.42,554,519.8,5,1,21.67,44.75,35.92,15.71,548.4,503,21.633333333333308,45.52333333333331,540.8333333333338,25.58,47.16
2026-03-10 05:45:00,31.58,45.99,35.87,24.06,543,733.9,5,1,17.8,45.7,36.16,21.42,519.8,554,23.68333333333331,45.47999999999998,600.7000000000004,20.9,47.43
2026-03-10 05:50:00,27.98,45.93,36.47,23.06,499,656.9,5,1,31.58,45.99,35.87,24.06,733.9,543,25.786666666666644,45.873333333333306,636.8666666666671,21.85,47.86
2026-03-10 05:55:00,25.58,47.16,35.58,23.22,613,700.2,5,1,27.98,45.93,36.47,23.06,656.9,499,28.379999999999978,46.35999999999998,697.0000000000006,32.63,49.07
2026-03-10 06:00:00,20.9,47.43,35.94,24.17,560,558.9,6,1,25.58,47.16,35.58,23.22,700.2,613,24.819999999999975,46.839999999999975,638.6666666666671,30.57,48.37
2026-03-10 06:05:00,21.85,47.86,36.29,22.16,480,414.0,6,1,20.9,47.43,35.94,24.17,558.9,560,22.776666666666642,47.48333333333331,557.7000000000004,27.99,47.77
2026-03-10 06:10:00,32.63,49.07,35.65,33.64,598,807.0,6,1,21.85,47.86,36.29,22.16,414.0,480,25.12666666666664,48.119999999999976,593.3000000000005,29.3,48.62
2026-03-10 06:15:00,30.57,48.37,36.13,23.92,560,645.5,6,1,32.63,49.07,35.65,33.64,807.0,598,28.349999999999977,48.43333333333331,622.1666666666671,25.08,47.75
2026-03-10 06:20:00,27.99,47.77,36.49,25.36,551,651.6,6,1,30.57,48.37,36.13,23.92,645.5,560,30.396666666666643,48.40333333333331,701.3666666666671,26.69,48.03
2026-03-10 06:25:00,29.3,48.62,35.62,23.72,601,580.9,6,1,27.99,47.77,36.49,25.36,651.6,551,29.286666666666644,48.25333333333331,626.0000000000005,28.79,48.79
2026-03-10 06:30:00,25.08,47.75,36.1,38.01,665,920.3,6,1,29.3,48.62,35.62,23.72,580.9,601,27.45666666666664,48.046666666666646,717.6000000000004,33.57,49.62
2026-03-10 06:35:00,26.69,48.03,35.9,21.62,634,649.1,6,1,25.08,47.75,36.1,38.01,920.3,665,27.023333333333312,48.133333333333304,716.7666666666672,27.83,50.25
2026-03-10 06:40:00,28.79,48.79,36.41,31.52,653,935.6,6,1,26.69,48.03,35.9,21.62,649.1,634,26.85333333333331,48.189999999999976,835.0000000000005,22.77,48.61
2026-03-10 06:45:00,33.57,49.62,36.52,25.22,677,650.4,6,1,28.79,48.79,36.41,31.52,935.6,653,29.68333333333331,48.81333333333331,745.0333333333339,31.84,49.2
2026-03-10 06:50:00,27.83,50.25,36.23,28.92,718,853.6,6,1,33.57,49.62,36.52,25.22,650.4,677,30.063333333333308,49.553333333333306,813.2000000000004,27.08,49.23
2026-03-10 06:55:00,22.77,48.61,35.6,19.58,560,575.3,6,1,27.83,50.25,36.23,28.92,853.6,718,28.05666666666664,49.49333333333331,693.1000000000005,32.88,49.11
2026-03-10 07:00:00,31.84,49.2,36.25,39.05,736,1003.7,7,1,22.77,48.61,35.6,19.58,575.3,560,27.479999999999976,49.35333333333332,810.8666666666671,25.38,48.68
2026-03-10 07:05:00,27.08,49.23,35.76,29.33,735,732.0,7,1,31.84,49.2,36.25,39.05,1003.7,736,27.229999999999976,49.013333333333314,770.3333333333339,32.98,49.0
2026-03-10 07:10:00,32.88,49.11,35.41,28.9,691,883.1,7,1,27.08,49.23,35.76,29.33,732.0,735,30.599999999999977,49.17999999999998,872.9333333333338,29.49,50.17
2026-03-10 07:15:00,25.38,48.68,36.06,40.5,696,901.7,7,1,32.88,49.11,35.41,28.9,883.1,691,28.446666666666644,49.00666666666664,838.9333333333338,31.38,50.65
2026-03-10 07:20:00,32.98,49.0,35.98,29.58,669,822.5,7,1,25.38,48.68,36.06,40.5,901.7,696,30.41333333333331,48.92999999999998,869.1000000000005,32.02,49.98
2026-03-10 07:25:00,29.49,50.17,36.3,33.21,791,798.3,7,1,32.98,49.0,35.98,29.58,822.5,669,29.283333333333307,49.2833333333333,840.8333333333338,28.69,50.08
2026-03-10 07:30:00,31.38,50.65,36.15,37.5,802,1004.3,7,1,29.49,50.17,36.3,33.21,798.3,791,31.283333333333307,49.939999999999976,875.0333333333338,54.01,64.61
2026-03-10 07:35:00,32.02,49.98,36.17,31.95,755,688.5,7,1,31.38,50.65,36.15,37.5,1004.3,802,30.96333333333331,50.266666666666644,830.3666666666671,25.94,51.91
2026-03-10 07:40:00,28.69,50.08,36.45,31.17,812,858.7,7,1,32.02,49.98,36.17,31.95,688.5,755,30.696666666666644,50.23666666666664,850.5000000000005,34.15,52.65
2026-03-10 07:45:00,54.01,64.61,35.88,58.56,1454,1477.9,7,1,28.69,50.08,36.45,31.17,858.7,812,38.239999999999974,54.889999999999965,1008.3666666666671,28.67,53.23
2026-03-10 07:50:00,25.94,51.91,36.32,35.68,859,1031.1,7,1,54.01,64.61,35.88,58.56,1477.9,1454,36.2133333333333,55.5333333333333,1122.5666666666673,37.17,54.35
2026-03-10 07:55:00,34.15,52.65,36.16,28.99,888,902.2,7,1,25.94,51.91,36.32,35.68,1031.1,859,38.0333333333333,56.38999999999998,1137.0666666666673,29.8,54.6
2026-03-10 08:00:00,28.67,53.23,36.5,27.88,914,961.3,8,1,34.15,52.65,36.16,28.99,902.2,888,29.58666666666664,52.596666666666636,964.8666666666671,30.89,54.51
2026-03-10 08:05:00,37.17,54.35,36.37,33.53,797,1025.7,8,1,28.67,53.23,36.5,27.88,961.3,914,33.32999999999998,53.409999999999975,963.0666666666672,36.73,54.38
2026-03-10 08:10:00,29.8,54.6,36.44,29.49,907,858.5,8,1,37.17,54.35,36.37,33.53,1025.7,797,31.87999999999997,54.059999999999974,948.5000000000005,34.11,53.93
2026-03-10 08:15:00,30.89,54.51,36.24,34.11,989,1122.0,8,1,29.8,54.6,36.44,29.49,858.5,907,32.61999999999997,54.48666666666664,1002.0666666666672,32.96,53.41
2026-03-10 08:20:00,36.73,54.38,36.38,32.78,1020,1116.9,8,1,30.89,54.51,36.24,34.11,1122.0,989,32.47333333333331,54.49666666666665,1032.4666666666672,36.49,56.07
2026-03-10 08:25:00,34.11,53.93,35.83,31.45,985,1116.3,8,1,36.73,54.38,36.38,32.78,1116.9,1020,33.909999999999975,54.27333333333331,1118.4000000000005,29.89,55.48
2026-03-10 08:30:00,32.96,53.41,36.52,40.81,1019,1196.4,8,1,34.11,53.93,35.83,31.45,1116.3,985,34.59999999999997,53.906666666666645,1143.2000000000005,35.77,56.02
2026-03-10 08:35:00,36.49,56.07,36.21,40.11,932,1121.0,8,1,32.96,53.41,36.52,40.81,1196.4,1019,34.519999999999975,54.46999999999997,1144.5666666666673,36.56,55.63
2026-03-10 08:40:00,29.89,55.48,36.76,33.63,961,812.7,8,1,36.49,56.07,36.21,40.11,1121.0,932,33.11333333333331,54.98666666666664,1043.366666666667,41.08,55.06
2026-03-10 08:45:00,35.77,56.02,36.9,34.81,958,991.1,8,1,29.89,55.48,36.76,33.63,812.7,961,34.049999999999976,55.85666666666665,974.9333333333338,31.52,55.88
2026-03-10 08:50:00,36.56,55.63,36.34,42.5,1062,1268.1,8,1,35.77,56.02,36.9,34.81,991.1,958,34.0733333333333,55.70999999999998,1023.9666666666672,39.49,56.75
2026-03-10 08:55:00,41.08,55.06,36.34,43.33,1057,1326.9,8,1,36.56,55.63,36.34,42.5,1268.1,1062,37.803333333333306,55.569999999999986,1195.3666666666672,35.24,57.75
2026-03-10 09:00:00,31.52,55.88,36.32,34.21,1075,1088.9,9,1,41.08,55.06,36.34,43.33,1326.9,1057,36.386666666666635,55.52333333333331,1227.9666666666672,34.57,57.84
2026-03-10 09:05:00,39.49,56.75,36.19,33.6,1121,1273.1,9,1,31.52,55.88,36.32,34.21,1088.9,1075,37.3633333333333,55.89666666666665,1229.633333333334,35.55,58.6
2026-03-10 09:10:00,35.24,57.75,36.62,48.44,1123,1307.9,9,1,39.49,56.75,36.19,33.6,1273.1,1121,35.416666666666636,56.793333333333315,1223.3000000000004,40.87,59.94
2026-03-10 09:15:00,34.57,57.84,36.95,39.61,1144,1185.0,9,1,35.24,57.75,36.62,48.44,1307.9,1123,36.4333333333333,57.44666666666664,1255.3333333333337,40.06,59.85
2026-03-10 09:20:00,35.55,58.6,36.61,40.91,1116,1324.7,9,1,34.57,57.84,36.95,39.61,1185.0,1144,35.11999999999997,58.06333333333331,1272.5333333333338,42.24,60.38
2026-03-10 09:25:00,40.87,59.94,36.5,40.72,1179,1374.2,9,1,35.55,58.6,36.61,40.91,1324.7,1116,36.99666666666664,58.793333333333315,1294.633333333334,34.71,61.14
2026-03-10 09:30:00,40.06,59.85,37.2,36.69,1254,1382.7,9,1,40.87,59.94,36.5,40.72,1374.2,1179,38.82666666666663,59.46333333333331,1360.5333333333338,38.16,61.13
2026-03-10 09:35:00,42.24,60.38,36.14,52.48,1209,1828.4,9,1,40.06,59.85,37.2,36.69,1382.7,1254,41.056666666666636,60.05666666666664,1528.433333333334,44.54,61.05
2026-03-10 09:40:00,34.71,61.14,36.24,36.01,1230,1270.2,9,1,42.24,60.38,36.14,52.48,1828.4,1209,39.00333333333331,60.45666666666665,1493.766666666667,36.31,61.75
2026-03-10 09:45:00,38.16,61.13,36.65,47.06,1157,1284.0,9,1,34.71,61.14,36.24,36.01,1270.2,1230,38.369999999999976,60.883333333333304,1460.8666666666675,44.03,62.48
2026-03-10 09:50:00,44.54,61.05,36.24,50.89,1167,1606.8,9,1,38.16,61.13,36.65,47.06,1284.0,1157,39.136666666666635,61.10666666666665,1387.0000000000002,42.74,63.09
2026-03-10 09:55:00,36.31,61.75,36.67,47.2,1225,1561.0,9,1,44.54,61.05,36.24,50.89,1606.8,1167,39.669999999999966,61.309999999999974,1483.9333333333336,41.0,63.2
2026-03-10 10:00:00,44.03,62.48,36.93,53.76,1333,1632.7,10,1,36.31,61.75,36.67,47.2,1561.0,1225,41.62666666666664,61.75999999999997,1600.1666666666672,46.43,63.51
2026-03-10 10:05:00,42.74,63.09,36.9,47.47,1282,1775.8,10,1,44.03,62.48,36.93,53.76,1632.7,1333,41.02666666666664,62.439999999999976,1656.5000000000002,45.23,64.07
2026-03-10 10:10:00,41.0,63.2,36.53,44.42,1337,1694.5,10,1,42.74,63.09,36.9,47.47,1775.8,1282,42.589999999999975,62.92333333333331,1701.0000000000002,42.6,64.1
2026-03-10 10:15:00,46.43,63.51,36.8,50.62,1311,1660.1,10,1,41.0,63.2,36.53,44.42,1694.5,1337,43.389999999999965,63.26666666666665,1710.133333333334,46.48,64.74
2026-03-10 10:20:00,45.23,64.07,36.17,54.81,1386,1486.3,10,1,46.43,63.51,36.8,50.62,1660.1,1311,44.21999999999997,63.593333333333305,1613.633333333334,41.15,65.52
2026-03-10 10:25:00,42.6,64.1,36.45,45.86,1488,1780.9,10,1,45.23,64.07,36.17,54.81,1486.3,1386,44.7533333333333,63.893333333333295,1642.4333333333336,48.24,66.0
2026-03-10 10:30:00,46.48,64.74,35.93,52.47,1356,1684.8,10,1,42.6,64.1,36.45,45.86,1780.9,1488,44.769999999999975,64.3033333333333,1650.6666666666672,41.78,64.37
2026-03-10 10:35:00,41.15,65.52,37.03,35.28,1359,1311.5,10,1,46.48,64.74,35.93,52.47,1684.8,1356,43.40999999999997,64.78666666666663,1592.4000000000005,37.1,64.73
2026-03-10 10:40:00,48.24,66.0,36.09,53.86,1539,2112.6,10,1,41.15,65.52,37.03,35.28,1311.5,1359,45.28999999999997,65.41999999999997,1702.9666666666672,35.04,64.87
2026-03-10 10:45:00,41.78,64.37,37.16,49.33,1449,1585.2,10,1,48.24,66.0,36.09,53.86,2112.6,1539,43.72333333333331,65.29666666666664,1669.766666666667,68.9,78.6
2026-03-10 10:50:00,37.1,64.73,36.83,46.82,1420,1504.4,10,1,41.78,64.37,37.16,49.33,1585.2,1449,42.373333333333306,65.03333333333332,1734.0666666666668,33.75,99.0
2026-03-10 10:55:00,35.04,64.87,36.64,44.28,1470,1562.3,10,1,37.1,64.73,36.83,46.82,1504.4,1420,37.9733333333333,64.65666666666665,1550.633333333334,36.81,65.09
2026-03-10 11:00:00,68.9,78.6,36.84,99.0,2086,2900.4,11,1,35.04,64.87,36.64,44.28,1562.3,1470,47.0133333333333,69.39999999999998,1989.033333333334,33.88,65.92
2026-03-10 11:05:00,33.75,99.0,36.66,52.0,1452,1618.8,11,1,68.9,78.6,36.84,99.0,2900.4,2086,45.89666666666664,80.82333333333331,2027.166666666667,51.54,67.18
2026-03-10 11:10:00,36.81,65.09,37.24,52.88,1541,1519.3,11,1,33.75,99.0,36.66,52.0,1618.8,1452,46.48666666666664,80.89666666666663,2012.8333333333337,48.49,67.29
2026-03-10 11:15:00,33.88,65.92,36.43,44.77,1487,1434.4,11,1,36.81,65.09,37.24,52.88,1519.3,1541,34.813333333333304,76.66999999999997,1524.1666666666672,52.7,68.09
2026-03-10 11:20:00,51.54,67.18,36.32,56.24,1526,1917.5,11,1,33.88,65.92,36.43,44.77,1434.4,1487,40.743333333333304,66.06333333333332,1623.7333333333336,41.25,69.44
2026-03-10 11:25:00,48.49,67.29,36.83,50.2,1581,1836.3,11,1,51.54,67.18,36.32,56.24,1917.5,1526,44.636666666666635,66.79666666666665,1729.4000000000005,73.64,78.45
2026-03-10 11:30:00,52.7,68.09,37.06,66.88,1654,2242.6,11,1,48.49,67.29,36.83,50.2,1836.3,1581,50.909999999999975,67.51999999999998,1998.8000000000004,54.02,69.31
2026-03-10 11:35:00,41.25,69.44,37.0,43.29,1690,1525.3,11,1,52.7,68.09,37.06,66.88,2242.6,1654,47.47999999999997,68.27333333333331,1868.0666666666668,38.28,70.04
2026-03-10 11:40:00,73.64,78.45,37.23,78.47,2599,2722.9,11,1,41.25,69.44,37.0,43.29,1525.3,1690,55.86333333333331,71.9933333333333,2163.6000000000004,52.71,69.5
2026-03-10 11:45:00,54.02,69.31,37.44,61.52,1679,2303.3,11,1,73.64,78.45,37.23,78.47,2722.9,2599,56.30333333333331,72.39999999999998,2183.833333333334,45.61,70.27
2026-03-10 11:50:00,38.28,70.04,36.87,45.55,1614,1542.0,11,1,54.02,69.31,37.44,61.52,2303.3,1679,55.31333333333331,72.59999999999998,2189.4000000000005,45.21,70.6
2026-03-10 11:55:00,52.71,69.5,37.19,56.13,1745,1940.4,11,1,38.28,70.04,36.87,45.55,1542.0,1614,48.336666666666645,69.61666666666665,1928.5666666666675,50.51,71.69
2026-03-10 12:00:00,45.61,70.27,36.42,46.35,1631,1774.2,12,1,52.71,69.5,37.19,56.13,1940.4,1745,45.5333333333333,69.93666666666665,1752.2000000000007,55.44,72.04
2026-03-10 12:05:00,45.21,70.6,36.69,54.42,1650,1934.5,12,1,45.61,70.27,36.42,46.35,1774.2,1631,47.843333333333305,70.12333333333329,1883.033333333334,46.79,73.48
2026-03-10 12:10:00,50.51,71.69,36.75,52.25,1662,1674.6,12,1,45.21,70.6,36.69,54.42,1934.5,1650,47.10999999999998,70.8533333333333,1794.433333333334,52.16,74.08
2026-03-10 12:15:00,55.44,72.04,36.69,57.55,1704,2174.8,12,1,50.51,71.69,36.75,52.25,1674.6,1662,50.386666666666635,71.44333333333331,1927.9666666666674,46.11,73.74
2026-03-10 12:20:00,46.79,73.48,37.05,57.01,1740,1833.6,12,1,55.44,72.04,36.69,57.55,2174.8,1704,50.9133333333333,72.40333333333331,1894.333333333334,49.49,74.27
2026-03-10 12:25:00,52.16,74.08,36.77,61.02,1811,2236.6,12,1,46.79,73.48,37.05,57.01,1833.6,1740,51.4633333333333,73.19999999999997,2081.6666666666674,62.55,74.55
2026-03-10 12:30:00,46.11,73.74,37.46,59.8,1774,1992.7,12,1,52.16,74.08,36.77,61.02,2236.6,1811,48.3533333333333,73.76666666666665,2020.9666666666672,49.77,74.01
2026-03-10 12:35:00,49.49,74.27,36.81,47.08,1771,1904.8,12,1,46.11,73.74,37.46,59.8,1992.7,1774,49.25333333333331,74.02999999999997,2044.7000000000005,51.11,72.01
2026-03-10 12:40:00,62.55,74.55,37.56,70.13,1751,2527.2,12,1,49.49,74.27,36.81,47.08,1904.8,1771,52.71666666666664,74.18666666666665,2141.566666666667,46.35,71.2
2026-03-10 12:45:00,49.77,74.01,36.88,49.55,1769,1887.3,12,1,62.55,74.55,37.56,70.13,2527.2,1751,53.93666666666664,74.27666666666664,2106.433333333334,41.18,73.54
2026-03-10 12:50:00,51.11,72.01,36.45,54.64,1722,2263.2,12,1,49.77,74.01,36.88,49.55,1887.3,1769,54.47666666666664,73.52333333333331,2225.9000000000005,58.42,74.64
2026-03-10 12:55:00,46.35,71.2,37.19,53.18,1797,1838.9,12,1,51.11,72.01,36.45,54.64,2263.2,1722,49.07666666666663,72.40666666666665,1996.4666666666672,41.6,73.71
2026-03-10 13:00:00,41.18,73.54,37.46,54.56,1797,1815.9,13,1,46.35,71.2,37.19,53.18,1838.9,1797,46.2133333333333,72.24999999999999,1972.6666666666672,53.89,74.35
2026-03-10 13:05:00,58.42,74.64,36.95,65.02,1732,2477.3,13,1,41.18,73.54,37.46,54.56,1815.9,1797,48.64999999999998,73.12666666666665,2044.033333333334,98.52,86.63
2026-03-10 13:10:00,41.6,73.71,37.28,45.73,1825,1578.1,13,1,58.42,74.64,36.95,65.02,2477.3,1732,47.06666666666664,73.96333333333331,1957.100000000001,65.05,86.27
2026-03-10 13:15:00,53.89,74.35,37.06,65.42,1858,2396.0,13,1,41.6,73.71,37.28,45.73,1578.1,1825,51.303333333333306,74.2333333333333,2150.466666666667,51.31,77.78
2026-03-10 13:20:00,98.52,86.63,36.91,94.99,2965,3835.5,13,1,53.89,74.35,37.06,65.42,2396.0,1858,64.66999999999997,78.22999999999998,2603.2000000000007,52.26,77.93
2026-03-10 13:25:00,65.05,86.27,37.44,79.84,3015,2944.9,13,1,98.52,86.63,36.91,94.99,3835.5,2965,72.48666666666664,82.41666666666664,3058.8000000000006,55.25,77.9
2026-03-10 13:30:00,51.31,77.78,36.75,51.81,1863,1894.9,13,1,65.05,86.27,37.44,79.84,2944.9,3015,71.62666666666664,83.55999999999997,2891.766666666667,44.11,76.92
2026-03-10 13:35:00,52.26,77.93,36.83,66.28,1940,2592.4,13,1,51.31,77.78,36.75,51.81,1894.9,1863,56.20666666666664,80.65999999999998,2477.4000000000005,54.52,78.18
2026-03-10 13:40:00,55.25,77.9,36.56,57.94,1882,2270.6,13,1,52.26,77.93,36.83,66.28,2592.4,1940,52.93999999999997,77.86999999999998,2252.6333333333337,42.02,77.78
2026-03-10 13:45:00,44.11,76.92,37.44,42.34,1844,1629.9,13,1,55.25,77.9,36.56,57.94,2270.6,1882,50.53999999999997,77.58333333333331,2164.3000000000006,47.22,79.39
2026-03-10 13:50:00,54.52,78.18,37.4,72.78,1949,2571.5,13,1,44.11,76.92,37.44,42.34,1629.9,1844,51.293333333333315,77.66666666666664,2157.333333333334,62.12,78.21
2026-03-10 13:55:00,42.02,77.78,37.46,42.46,1965,1706.3,13,1,54.52,78.18,37.4,72.78,2571.5,1949,46.883333333333304,77.62666666666665,1969.2333333333338,63.96,79.46
2026-03-10 14:00:00,47.22,79.39,36.89,52.81,1909,1890.2,14,1,42.02,77.78,37.46,42.46,1706.3,1965,47.919999999999966,78.44999999999997,2056.0000000000005,39.52,79.08
2026-03-10 14:05:00,62.12,78.21,37.06,56.64,1996,2420.0,14,1,47.22,79.39,36.89,52.81,1890.2,1909,50.4533333333333,78.45999999999998,2005.5000000000007,43.94,78.88
2026-03-10 14:10:00,63.96,79.46,36.86,64.57,1888,2556.5,14,1,62.12,78.21,37.06,56.64,2420.0,1996,57.76666666666663,79.01999999999997,2288.9000000000005,50.93,79.56
2026-03-10 14:15:00,39.52,79.08,37.17,48.13,1872,1660.8,14,1,63.96,79.46,36.86,64.57,2556.5,1888,55.19999999999997,78.91666666666663,2212.433333333334,38.96,79.26
2026-03-10 14:20:00,43.94,78.88,37.24,59.11,1908,2127.4,14,1,39.52,79.08,37.17,48.13,1660.8,1872,49.139999999999965,79.13999999999997,2114.9000000000005,90.78,92.53
2026-03-10 14:25:00,50.93,79.56,36.96,52.23,1986,1935.6,14,1,43.94,78.88,37.24,59.11,2127.4,1908,44.79666666666663,79.1733333333333,1907.9333333333336,58.19,80.55
2026-03-10 14:30:00,38.96,79.26,37.24,54.09,1954,1806.8,14,1,50.93,79.56,36.96,52.23,1935.6,1986,44.60999999999998,79.2333333333333,1956.6000000000004,57.86,81.29
2026-03-10 14:35:00,90.78,92.53,37.01,99.0,3289,3631.0,14,1,38.96,79.26,37.24,54.09,1806.8,1954,60.2233333333333,83.78333333333332,2457.8000000000006,51.01,81.58
2026-03-10 14:40:00,58.19,80.55,37.16,63.42,2028,2453.6,14,1,90.78,92.53,37.01,99.0,3631.0,3289,62.643333333333295,84.1133333333333,2630.466666666667,58.55,80.42
2026-03-10 14:45:00,57.86,81.29,36.94,65.94,2055,2423.1,14,1,58.19,80.55,37.16,63.42,2453.6,2028,68.94333333333331,84.78999999999998,2835.9,43.65,78.81
2026-03-10 14:50:00,51.01,81.58,37.29,60.54,2008,2023.3,14,1,57.86,81.29,36.94,65.94,2423.1,2055,55.68666666666664,81.13999999999997,2300.0000000000005,52.85,80.37
2026-03-10 14:55:00,58.55,80.42,36.89,67.45,2020,2814.5,14,1,51.01,81.58,37.29,60.54,2023.3,2008,55.806666666666636,81.09666666666665,2420.3000000000006,58.99,79.3
2026-03-10 15:00:00,43.65,78.81,37.46,49.26,2021,1900.1,15,1,58.55,80.42,36.89,67.45,2814.5,2020,51.06999999999997,80.26999999999998,2245.966666666667,55.68,78.36
2026-03-10 15:05:00,52.85,80.37,36.94,52.41,2041,2072.3,15,1,43.65,78.81,37.46,49.26,1900.1,2021,51.68333333333331,79.86666666666665,2262.3000000000006,52.59,79.22
2026-03-10 15:10:00,58.99,79.3,37.36,68.43,1969,2742.0,15,1,52.85,80.37,36.94,52.41,2072.3,2041,51.82999999999996,79.49333333333333,2238.1333333333337,50.18,78.98
2026-03-10 15:15:00,55.68,78.36,37.79,58.68,1949,2468.7,15,1,58.99,79.3,37.36,68.43,2742.0,1969,55.839999999999975,79.34333333333332,2427.6666666666674,49.37,80.58
2026-03-10 15:20:00,52.59,79.22,37.56,69.83,1952,2575.0,15,1,55.68,78.36,37.79,58.68,2468.7,1949,55.75333333333331,78.95999999999997,2595.233333333334,51.75,80.96
2026-03-10 15:25:00,50.18,78.98,37.43,60.47,2087,2254.7,15,1,52.59,79.22,37.56,69.83,2575.0,1952,52.81666666666664,78.85333333333331,2432.8000000000006,53.96,80.54
2026-03-10 15:30:00,49.37,80.58,37.57,50.74,2051,1887.5,15,1,50.18,78.98,37.43,60.47,2254.7,2087,50.7133333333333,79.5933333333333,2239.066666666667,51.07,80.93
2026-03-10 15:35:00,51.75,80.96,37.02,60.83,2026,2248.7,15,1,49.37,80.58,37.57,50.74,1887.5,2051,50.4333333333333,80.1733333333333,2130.3000000000006,61.19,81.02
2026-03-10 15:40:00,53.96,80.54,37.33,45.85,2020,1952.2,15,1,51.75,80.96,37.02,60.83,2248.7,2026,51.69333333333331,80.69333333333331,2029.4666666666674,46.67,81.24
2026-03-10 15:45:00,51.07,80.93,37.33,58.75,2039,2221.8,15,1,53.96,80.54,37.33,45.85,1952.2,2020,52.25999999999997,80.80999999999999,2140.9000000000005,50.31,81.77
2026-03-10 15:50:00,61.19,81.02,37.51,71.69,2000,2659.6,15,1,51.07,80.93,37.33,58.75,2221.8,2039,55.40666666666664,80.82999999999998,2277.8666666666672,53.26,80.92
2026-03-10 15:55:00,46.67,81.24,37.45,65.11,2012,2335.6,15,1,61.19,81.02,37.51,71.69,2659.6,2000,52.97666666666664,81.0633333333333,2405.6666666666674,59.74,81.34
2026-03-10 16:00:00,50.31,81.77,37.55,55.8,2002,2268.8,16,1,46.67,81.24,37.45,65.11,2335.6,2012,52.72333333333331,81.3433333333333,2421.333333333334,67.39,80.54
2026-03-10 16:05:00,53.26,80.92,37.93,50.85,1969,2390.0,16,1,50.31,81.77,37.55,55.8,2268.8,2002,50.07999999999998,81.30999999999997,2331.466666666667,48.57,80.45
2026-03-10 16:10:00,59.74,81.34,37.46,61.79,1979,2658.8,16,1,53.26,80.92,37.93,50.85,2390.0,1969,54.43666666666664,81.34333333333332,2439.2000000000007,50.01,78.29
2026-03-10 16:15:00,67.39,80.54,37.68,67.36,1994,2480.0,16,1,59.74,81.34,37.46,61.79,2658.8,1979,60.12999999999997,80.93333333333332,2509.600000000001,59.07,79.13
2026-03-10 16:20:00,48.57,80.45,37.93,67.93,1978,2126.6,16,1,67.39,80.54,37.68,67.36,2480.0,1994,58.566666666666634,80.77666666666664,2421.8000000000006,48.74,79.97
2026-03-10 16:25:00,50.01,78.29,37.71,49.4,1958,2058.9,16,1,48.57,80.45,37.93,67.93,2126.6,1978,55.3233333333333,79.75999999999999,2221.833333333334,57.31,79.74
2026-03-10 16:30:00,59.07,79.13,37.81,75.88,2087,2641.8,16,1,50.01,78.29,37.71,49.4,2058.9,1958,52.549999999999976,79.28999999999998,2275.7666666666673,55.02,80.06
2026-03-10 16:35:00,48.74,79.97,37.58,46.02,2012,1857.3,16,1,59.07,79.13,37.81,75.88,2641.8,2087,52.60666666666665,79.12999999999998,2186.000000000001,52.7,78.91
2026-03-10 16:40:00,57.31,79.74,37.67,60.12,2008,2291.8,16,1,48.74,79.97,37.58,46.02,1857.3,2012,55.03999999999997,79.6133333333333,2263.633333333334,54.04,79.07
2026-03-10 16:45:00,55.02,80.06,37.04,51.86,1974,2004.9,16,1,57.31,79.74,37.67,60.12,2291.8,2008,53.689999999999976,79.9233333333333,2051.333333333334,54.46,78.75
2026-03-10 16:50:00,52.7,78.91,37.64,63.98,1991,2107.1,16,1,55.02,80.06,37.04,51.86,2004.9,1974,55.00999999999997,79.56999999999998,2134.600000000001,44.92,80.15
2026-03-10 16:55:00,54.04,79.07,37.15,59.76,1886,2263.9,16,1,52.7,78.91,37.64,63.98,2107.1,1991,53.91999999999998,79.34666666666664,2125.3000000000006,57.61,80.7
2026-03-10 17:00:00,54.46,78.75,37.37,67.34,1954,2425.2,17,1,54.04,79.07,37.15,59.76,2263.9,1886,53.7333333333333,78.90999999999997,2265.400000000001,65.23,79.29
2026-03-10 17:05:00,44.92,80.15,37.98,48.45,1868,1794.4,17,1,54.46,78.75,37.37,67.34,2425.2,1954,51.13999999999998,79.32333333333331,2161.1666666666674,47.48,77.98
2026-03-10 17:10:00,57.61,80.7,37.38,72.38,1930,2704.0,17,1,44.92,80.15,37.98,48.45,1794.4,1868,52.32999999999998,79.86666666666663,2307.8666666666672,50.27,78.56
2026-03-10 17:15:00,65.23,79.29,37.31,71.38,1974,2843.6,17,1,57.61,80.7,37.38,72.38,2704.0,1930,55.919999999999966,80.04666666666664,2447.333333333334,54.55,78.4
2026-03-10 17:20:00,47.48,77.98,37.37,52.7,1838,1898.2,17,1,65.23,79.29,37.31,71.38,2843.6,1974,56.773333333333305,79.32333333333332,2481.933333333334,52.37,77.61
2026-03-10 17:25:00,50.27,78.56,37.54,57.48,1898,1959.1,17,1,47.48,77.98,37.37,52.7,1898.2,1838,54.32666666666663,78.60999999999997,2233.6333333333337,45.5,76.52
2026-03-10 17:30:00,54.55,78.4,37.5,56.05,1900,2064.6,17,1,50.27,78.56,37.54,57.48,1959.1,1898,50.76666666666663,78.31333333333332,1973.9666666666672,63.11,78.19
2026-03-10 17:35:00,52.37,77.61,37.53,65.82,1794,2342.1,17,1,54.55,78.4,37.5,56.05,2064.6,1900,52.39666666666664,78.18999999999998,2121.933333333334,45.35,76.57
2026-03-10 17:40:00,45.5,76.52,37.07,46.35,1936,1873.0,17,1,52.37,77.61,37.53,65.82,2342.1,1794,50.806666666666636,77.50999999999998,2093.233333333334,50.19,76.72
2026-03-10 17:45:00,63.11,78.19,38.0,59.49,1814,2424.4,17,1,45.5,76.52,37.07,46.35,1873.0,1936,53.65999999999997,77.43999999999998,2213.1666666666674,45.59,76.57
2026-03-10 17:50:00,45.35,76.57,37.66,54.17,1799,1838.7,17,1,63.11,78.19,38.0,59.49,2424.4,1814,51.31999999999997,77.0933333333333,2045.3666666666675,48.02,75.98
2026-03-10 17:55:00,50.19,76.72,37.76,52.38,1882,1997.5,17,1,45.35,76.57,37.66,54.17,1838.7,1799,52.883333333333304,77.15999999999997,2086.8666666666672,47.16,74.95
2026-03-10 18:00:00,45.59,76.57,37.46,41.47,1862,1640.9,18,1,50.19,76.72,37.76,52.38,1997.5,1882,47.043333333333315,76.61999999999996,1825.7000000000007,56.05,74.74
2026-03-10 18:05:00,48.02,75.98,37.63,57.6,1792,2028.6,18,1,45.59,76.57,37.46,41.47,1640.9,1862,47.93333333333331,76.4233333333333,1889.000000000001,60.88,74.9
2026-03-10 18:10:00,47.16,74.95,37.75,51.21,1785,1779.6,18,1,48.02,75.98,37.63,57.6,2028.6,1792,46.92333333333331,75.83333333333331,1816.3666666666675,49.59,74.52
2026-03-10 18:15:00,56.05,74.74,37.33,55.32,1782,2217.6,18,1,47.16,74.95,37.75,51.21,1779.6,1785,50.40999999999997,75.22333333333331,2008.6000000000006,48.38,74.01
2026-03-10 18:20:00,60.88,74.9,38.05,68.73,1835,2685.9,18,1,56.05,74.74,37.33,55.32,2217.6,1782,54.69666666666664,74.86333333333332,2227.7000000000007,43.85,74.58
2026-03-10 18:25:00,49.59,74.52,37.99,56.16,1756,2020.6,18,1,60.88,74.9,38.05,68.73,2685.9,1835,55.50666666666664,74.71999999999997,2308.033333333334,49.78,74.35
2026-03-10 18:30:00,48.38,74.01,38.24,50.03,1794,1661.0,18,1,49.59,74.52,37.99,56.16,2020.6,1756,52.94999999999998,74.47666666666665,2122.500000000001,43.06,73.89
2026-03-10 18:35:00,43.85,74.58,37.67,42.86,1680,1564.7,18,1,48.38,74.01,38.24,50.03,1661.0,1794,47.27333333333331,74.36999999999996,1748.7666666666676,51.2,73.56
2026-03-10 18:40:00,49.78,74.35,37.81,50.43,1720,1765.1,18,1,43.85,74.58,37.67,42.86,1564.7,1680,47.336666666666645,74.31333333333332,1663.600000000001,52.03,74.57
2026-03-10 18:45:00,43.06,73.89,37.88,58.17,1662,2034.1,18,1,49.78,74.35,37.81,50.43,1765.1,1720,45.56333333333331,74.27333333333331,1787.9666666666674,50.47,73.71
2026-03-10 18:50:00,51.2,73.56,37.73,59.0,1735,1876.2,18,1,43.06,73.89,37.88,58.17,2034.1,1662,48.0133333333333,73.93333333333331,1891.800000000001,45.73,73.75
2026-03-10 18:55:00,52.03,74.57,37.64,63.33,1797,2278.4,18,1,51.2,73.56,37.73,59.0,1876.2,1735,48.7633333333333,74.00666666666665,2062.900000000001,51.64,73.51
2026-03-10 19:00:00,50.47,73.71,38.14,61.78,1729,2365.8,19,1,52.03,74.57,37.64,63.33,2278.4,1797,51.23333333333331,73.94666666666664,2173.4666666666676,49.48,74.03
2026-03-10 19:05:00,45.73,73.75,37.84,46.56,1694,1701.6,19,1,50.47,73.71,38.14,61.78,2365.8,1729,49.40999999999997,74.00999999999998,2115.266666666668,47.82,73.47
2026-03-10 19:10:00,51.64,73.51,38.61,54.91,1582,1964.7,19,1,45.73,73.75,37.84,46.56,1701.6,1694,49.27999999999997,73.65666666666665,2010.700000000001,54.88,73.41
2026-03-10 19:15:00,49.48,74.03,38.01,56.15,1654,1959.4,19,1,51.64,73.51,38.61,54.91,1964.7,1582,48.94999999999997,73.7633333333333,1875.2333333333343,46.82,72.85
2026-03-10 19:20:00,47.82,73.47,37.05,52.76,1731,2033.1,19,1,49.48,74.03,38.01,56.15,1959.4,1654,49.64666666666664,73.66999999999997,1985.7333333333343,49.1,72.68
2026-03-10 19:25:00,54.88,73.41,38.35,56.76,1651,2010.7,19,1,47.82,73.47,37.05,52.76,2033.1,1731,50.72666666666663,73.63666666666664,2001.0666666666675,49.78,72.83
2026-03-10 19:30:00,46.82,72.85,38.04,49.53,1618,1909.1,19,1,54.88,73.41,38.35,56.76,2010.7,1651,49.839999999999975,73.24333333333331,1984.3000000000009,56.18,73.1
2026-03-10 19:35:00,49.1,72.68,37.98,53.39,1601,2105.8,19,1,46.82,72.85,38.04,49.53,1909.1,1618,50.266666666666644,72.97999999999998,2008.5333333333344,82.78,73.2
2026-03-10 19:40:00,49.78,72.83,38.21,53.04,1451,1948.9,19,1,49.1,72.68,37.98,53.39,2105.8,1601,48.56666666666664,72.78666666666663,1987.9333333333343,39.71,71.6
2026-03-10 19:45:00,56.18,73.1,37.72,55.29,1582,2287.3,19,1,49.78,72.83,38.21,53.04,1948.9,1451,51.68666666666664,72.86999999999999,2114.0000000000014,42.54,71.2
2026-03-10 19:50:00,82.78,73.2,55.66,54.88,1634,2016.4,19,1,56.18,73.1,37.72,55.29,2287.3,1582,62.9133333333333,73.04333333333331,2084.200000000001,51.22,70.26
2026-03-10 19:55:00,39.71,71.6,37.97,46.21,1460,1534.2,19,1,82.78,73.2,55.66,54.88,2016.4,1634,59.556666666666636,72.63333333333331,1945.9666666666674,52.91,69.28
2026-03-10 20:00:00,42.54,71.2,37.68,41.44,1533,1576.5,20,1,39.71,71.6,37.97,46.21,1534.2,1460,55.00999999999997,71.99999999999999,1709.0333333333344,41.4,69.25
2026-03-10 20:05:00,51.22,70.26,37.7,57.29,1519,2084.2,20,1,42.54,71.2,37.68,41.44,1576.5,1533,44.489999999999974,71.01999999999998,1731.6333333333343,44.84,67.68
2026-03-10 20:10:00,52.91,69.28,38.21,55.38,1468,1860.4,20,1,51.22,70.26,37.7,57.29,2084.2,1519,48.889999999999965,70.24666666666664,1840.3666666666677,43.58,68.68
2026-03-10 20:15:00,41.4,69.25,37.47,42.1,1579,1500.6,20,1,52.91,69.28,38.21,55.38,1860.4,1468,48.50999999999996,69.59666666666665,1815.0666666666675,47.25,70.01
2026-03-10 20:20:00,44.84,67.68,37.93,49.18,1500,1603.0,20,1,41.4,69.25,37.47,42.1,1500.6,1579,46.3833333333333,68.73666666666664,1654.6666666666679,96.81,69.75
2026-03-10 20:25:00,43.58,68.68,38.02,44.98,1461,1597.1,20,1,44.84,67.68,37.93,49.18,1603.0,1500,43.273333333333305,68.53666666666665,1566.9000000000008,44.82,69.19
2026-03-10 20:30:00,47.25,70.01,37.61,43.49,1397,1554.4,20,1,43.58,68.68,38.02,44.98,1597.1,1461,45.2233333333333,68.78999999999998,1584.8333333333346,32.72,68.09
2026-03-10 20:35:00,96.81,69.75,38.11,53.37,1382,2056.7,20,1,47.25,70.01,37.61,43.49,1554.4,1397,62.54666666666663,69.47999999999998,1736.0666666666675,41.83,66.2
2026-03-10 20:40:00,44.82,69.19,37.73,50.51,1434,1883.8,20,1,96.81,69.75,38.11,53.37,2056.7,1382,62.95999999999997,69.64999999999998,1831.6333333333343,34.37,64.69
2026-03-10 20:45:00,32.72,68.09,38.51,31.6,1419,1232.5,20,1,44.82,69.19,37.73,50.51,1883.8,1434,58.11666666666664,69.00999999999998,1724.3333333333342,50.35,65.44
2026-03-10 20:50:00,41.83,66.2,38.2,37.7,1371,1560.0,20,1,32.72,68.09,38.51,31.6,1232.5,1419,39.78999999999997,67.82666666666664,1558.7666666666676,44.65,66.39
2026-03-10 20:55:00,34.37,64.69,37.65,35.63,1310,1306.6,20,1,41.83,66.2,38.2,37.7,1560.0,1371,36.306666666666636,66.32666666666664,1366.3666666666677,49.23,66.93
2026-03-10 21:00:00,50.35,65.44,38.49,36.71,1250,1538.1,21,1,34.37,64.69,37.65,35.63,1306.6,1310,42.1833333333333,65.44333333333331,1468.2333333333343,48.44,66.11
2026-03-10 21:05:00,44.65,66.39,38.19,52.34,1337,1785.0,21,1,50.35,65.44,38.49,36.71,1538.1,1250,43.123333333333306,65.50666666666665,1543.2333333333343,38.66,66.34
2026-03-10 21:10:00,49.23,66.93,38.18,47.73,1263,1562.9,21,1,44.65,66.39,38.19,52.34,1785.0,1337,48.07666666666663,66.25333333333332,1628.6666666666679,33.6,65.36
2026-03-10 21:15:00,48.44,66.11,38.19,45.3,1334,1655.9,21,1,49.23,66.93,38.18,47.73,1562.9,1263,47.43999999999997,66.47666666666665,1667.9333333333343,29.87,64.82
2026-03-10 21:20:00,38.66,66.34,38.48,33.61,1242,1187.3,21,1,48.44,66.11,38.19,45.3,1655.9,1334,45.4433333333333,66.45999999999998,1468.700000000001,38.39,63.16
2026-03-10 21:25:00,33.6,65.36,38.3,34.96,1234,1127.0,21,1,38.66,66.34,38.48,33.61,1187.3,1242,40.233333333333306,65.93666666666665,1323.4000000000012,38.68,63.68
2026-03-10 21:30:00,29.87,64.82,38.38,38.24,1147,1256.3,21,1,33.6,65.36,38.3,34.96,1127.0,1234,34.0433333333333,65.50666666666665,1190.200000000001,47.67,64.06
2026-03-10 21:35:00,38.39,63.16,37.97,39.2,1157,1166.8,21,1,29.87,64.82,38.38,38.24,1256.3,1147,33.95333333333331,64.44666666666664,1183.3666666666677,35.86,63.02
2026-03-10 21:40:00,38.68,63.68,37.9,37.08,1276,1390.9,21,1,38.39,63.16,37.97,39.2,1166.8,1157,35.64666666666664,63.886666666666635,1271.3333333333344,31.55,63.13
2026-03-10 21:45:00,47.67,64.06,38.82,57.02,1245,1680.0,21,1,38.68,63.68,37.9,37.08,1390.9,1276,41.57999999999998,63.633333333333304,1412.5666666666677,43.43,64.84
2026-03-10 21:50:00,35.86,63.02,38.34,35.93,1122,1263.3,21,1,47.67,64.06,38.82,57.02,1680.0,1245,40.73666666666664,63.586666666666645,1444.7333333333345,35.95,64.09
2026-03-10 21:55:00,31.55,63.13,37.73,43.06,1094,1088.7,21,1,35.86,63.02,38.34,35.93,1263.3,1122,38.35999999999997,63.40333333333331,1344.0000000000011,38.96,63.75
2026-03-10 22:00:00,43.43,64.84,38.11,45.56,1125,1371.7,22,1,31.55,63.13,37.73,43.06,1088.7,1094,36.94666666666664,63.663333333333306,1241.2333333333345,36.59,63.47
2026-03-10 22:05:00,35.95,64.09,37.93,39.52,1039,1452.6,22,1,43.43,64.84,38.11,45.56,1371.7,1125,36.976666666666645,64.01999999999997,1304.3333333333342,29.94,62.76
2026-03-10 22:10:00,38.96,63.75,38.54,48.12,1085,1472.4,22,1,35.95,64.09,37.93,39.52,1452.6,1039,39.44666666666664,64.22666666666665,1432.2333333333345,39.69,62.43
2026-03-10 22:15:00,36.59,63.47,38.61,47.25,1118,1356.1,22,1,38.96,63.75,38.54,48.12,1472.4,1085,37.16666666666665,63.769999999999975,1427.0333333333344,25.13,60.44
2026-03-10 22:20:00,29.94,62.76,38.59,35.79,949,1083.6,22,1,36.59,63.47,38.61,47.25,1356.1,1118,35.16333333333331,63.32666666666663,1304.0333333333344,35.6,59.65
2026-03-10 22:25:00,39.69,62.43,38.39,41.44,1072,1519.1,22,1,29.94,62.76,38.59,35.79,1083.6,949,35.406666666666645,62.886666666666635,1319.600000000001,42.84,59.83
2026-03-10 22:30:00,25.13,60.44,38.35,39.8,1001,1084.5,22,1,39.69,62.43,38.39,41.44,1519.1,1072,31.586666666666645,61.87666666666664,1229.0666666666675,37.65,58.87
2026-03-10 22:35:00,35.6,59.65,37.78,28.85,1013,944.2,22,1,25.13,60.44,38.35,39.8,1084.5,1001,33.47333333333331,60.839999999999975,1182.600000000001,29.59,59.03
2026-03-10 22:40:00,42.84,59.83,38.9,40.56,992,1279.8,22,1,35.6,59.65,37.78,28.85,944.2,1013,34.52333333333331,59.9733333333333,1102.8333333333344,39.68,59.92
2026-03-10 22:45:00,37.65,58.87,38.49,38.41,917,1238.1,22,1,42.84,59.83,38.9,40.56,1279.8,992,38.69666666666665,59.44999999999997,1154.0333333333344,30.2,58.78
2026-03-10 22:50:00,29.59,59.03,38.61,24.96,867,842.9,22,1,37.65,58.87,38.49,38.41,1238.1,917,36.69333333333331,59.243333333333304,1120.2666666666678,33.65,56.89
2026-03-10 22:55:00,39.68,59.92,38.46,32.44,941,1274.9,22,1,29.59,59.03,38.61,24.96,842.9,867,35.63999999999998,59.27333333333331,1118.6333333333343,28.04,55.93
2026-03-10 23:00:00,30.2,58.78,38.3,29.4,910,885.7,23,1,39.68,59.92,38.46,32.44,1274.9,941,33.156666666666645,59.243333333333304,1001.1666666666679,29.03,54.82
2026-03-10 23:05:00,33.65,56.89,38.81,36.83,943,927.4,23,1,30.2,58.78,38.3,29.4,885.7,910,34.50999999999998,58.52999999999997,1029.3333333333344,34.94,54.37
2026-03-10 23:10:00,28.04,55.93,38.51,33.84,868,939.6,23,1,33.65,56.89,38.81,36.83,927.4,943,30.629999999999978,57.19999999999997,917.5666666666679,31.15,55.44
2026-03-10 23:15:00,29.03,54.82,38.33,34.33,790,765.6,23,1,28.04,55.93,38.51,33.84,939.6,868,30.23999999999997,55.879999999999974,877.5333333333343,31.21,54.25
2026-03-10 23:20:00,34.94,54.37,38.33,34.01,833,909.6,23,1,29.03,54.82,38.33,34.33,765.6,790,30.669999999999977,55.03999999999997,871.6000000000009,31.06,54.94
2026-03-10 23:25:00,31.15,55.44,38.49,25.86,873,927.3,23,1,34.94,54.37,38.33,34.01,909.6,833,31.70666666666664,54.87666666666664,867.500000000001,32.96,55.69
2026-03-10 23:30:00,31.21,54.25,38.29,40.32,838,1189.6,23,1,31.15,55.44,38.49,25.86,927.3,873,32.43333333333331,54.68666666666664,1008.8333333333344,27.89,54.98
2026-03-10 23:35:00,31.06,54.94,38.44,29.63,745,796.5,23,1,31.21,54.25,38.29,40.32,1189.6,838,31.139999999999976,54.87666666666664,971.1333333333345,28.7,55.29
2026-03-10 23:40:00,32.96,55.69,38.79,33.93,732,909.8,23,1,31.06,54.94,38.44,29.63,796.5,745,31.74333333333331,54.95999999999997,965.3000000000011,37.47,56.51
2026-03-10 23:45:00,27.89,54.98,39.45,28.05,742,747.8,23,1,32.96,55.69,38.79,33.93,909.8,732,30.63666666666664,55.2033333333333,818.0333333333343,23.87,56.16
2026-03-10 23:50:00,28.7,55.29,38.22,30.35,730,876.2,23,1,27.89,54.98,39.45,28.05,747.8,742,29.849999999999977,55.319999999999965,844.6000000000009,27.89,57.38
2026-03-10 23:55:00,37.47,56.51,39.02,28.75,736,734.0,23,1,28.7,55.29,38.22,30.35,876.2,730,31.353333333333307,55.593333333333305,786.000000000001,31.96,57.16
2026-03-11 00:00:00,23.87,56.16,35.17,29.87,753,948.5,0,2,37.47,56.51,39.02,28.75,734.0,736,30.013333333333307,55.98666666666664,852.9000000000011,33.22,55.8
2026-03-11 00:05:00,27.89,57.38,34.97,30.69,733,828.4,0,2,23.87,56.16,35.17,29.87,948.5,753,29.743333333333307,56.68333333333331,836.9666666666677,22.9,54.22
2026-03-11 00:10:00,31.96,57.16,35.01,27.65,698,839.9,0,2,27.89,57.38,34.97,30.69,828.4,733,27.906666666666638,56.89999999999997,872.2666666666677,27.59,53.17
2026-03-11 00:15:00,33.22,55.8,35.09,32.0,729,904.1,0,2,31.96,57.16,35.01,27.65,839.9,698,31.0233333333333,56.77999999999997,857.4666666666677,26.66,52.37
2026-03-11 00:20:00,22.9,54.22,34.65,28.46,607,697.7,0,2,33.22,55.8,35.09,32.0,904.1,729,29.359999999999967,55.72666666666664,813.900000000001,34.46,53.06
2026-03-11 00:25:00,27.59,53.17,34.94,40.42,743,1004.8,0,2,22.9,54.22,34.65,28.46,697.7,607,27.903333333333304,54.39666666666664,868.8666666666677,32.17,53.19
2026-03-11 00:30:00,26.66,52.37,34.83,28.12,617,829.3,0,2,27.59,53.17,34.94,40.42,1004.8,743,25.71666666666664,53.2533333333333,843.9333333333344,31.64,53.39
2026-03-11 00:35:00,34.46,53.06,34.91,26.84,657,730.8,0,2,26.66,52.37,34.83,28.12,829.3,617,29.569999999999975,52.86666666666664,854.9666666666676,32.22,52.86
2026-03-11 00:40:00,32.17,53.19,35.11,27.15,721,921.7,0,2,34.46,53.06,34.91,26.84,730.8,657,31.096666666666636,52.873333333333306,827.2666666666678,18.49,52.22
2026-03-11 00:45:00,31.64,53.39,34.9,32.93,617,847.9,0,2,32.17,53.19,35.11,27.15,921.7,721,32.75666666666664,53.21333333333331,833.4666666666677,25.51,53.17
2026-03-11 00:50:00,32.22,52.86,35.12,26.04,649,1006.2,0,2,31.64,53.39,34.9,32.93,847.9,617,32.00999999999997,53.14666666666664,925.2666666666678,29.57,51.42
2026-03-11 00:55:00,18.49,52.22,35.35,22.42,598,502.0,0,2,32.22,52.86,35.12,26.04,1006.2,649,27.44999999999997,52.8233333333333,785.3666666666677,21.22,49.99
2026-03-11 01:00:00,25.51,53.17,35.04,27.91,617,720.8,1,2,18.49,52.22,35.35,22.42,502.0,598,25.406666666666638,52.74999999999997,743.000000000001,19.63,50.3
2026-03-11 01:05:00,29.57,51.42,35.57,27.14,439,526.8,1,2,25.51,53.17,35.04,27.91,720.8,617,24.5233333333333,52.269999999999975,583.2000000000011,27.07,49.81
2026-03-11 01:10:00,21.22,49.99,35.0,25.67,568,585.7,1,2,29.57,51.42,35.57,27.14,526.8,439,25.43333333333331,51.52666666666664,611.100000000001,28.42,47.65
2026-03-11 01:15:00,19.63,50.3,34.97,21.47,528,501.1,1,2,21.22,49.99,35.0,25.67,585.7,568,23.473333333333304,50.56999999999997,537.8666666666677,26.9,47.32
2026-03-11 01:20:00,27.07,49.81,35.61,22.14,499,621.0,1,2,19.63,50.3,34.97,21.47,501.1,528,22.639999999999972,50.0333333333333,569.2666666666678,25.34,47.42
2026-03-11 01:25:00,28.42,47.65,35.27,25.72,449,602.3,1,2,27.07,49.81,35.61,22.14,621.0,499,25.039999999999974,49.2533333333333,574.8000000000011,24.36,46.09
2026-03-11 01:30:00,26.9,47.32,34.95,22.78,500,564.2,1,2,28.42,47.65,35.27,25.72,602.3,449,27.463333333333306,48.25999999999997,595.8333333333344,30.28,46.9
2026-03-11 01:35:00,25.34,47.42,35.39,17.96,537,559.8,1,2,26.9,47.32,34.95,22.78,564.2,500,26.88666666666664,47.46333333333331,575.4333333333344,20.59,47.62
2026-03-11 01:40:00,24.36,46.09,34.68,26.5,466,588.7,1,2,25.34,47.42,35.39,17.96,559.8,537,25.533333333333303,46.94333333333331,570.900000000001,22.77,47.35
2026-03-11 01:45:00,30.28,46.9,34.97,30.18,506,547.2,1,2,24.36,46.09,34.68,26.5,588.7,466,26.65999999999997,46.803333333333306,565.2333333333345,60.26,45.38
2026-03-11 01:50:00,20.59,47.62,35.36,24.56,553,704.0,1,2,30.28,46.9,34.97,30.18,547.2,506,25.07666666666664,46.86999999999997,613.3000000000011,20.21,44.71
2026-03-11 01:55:00,22.77,47.35,35.47,21.12,487,487.4,1,2,20.59,47.62,35.36,24.56,704.0,553,24.54666666666664,47.289999999999964,579.5333333333344,28.31,44.41
2026-03-11 02:00:00,60.26,45.38,59.11,18.59,414,414.9,2,2,22.77,47.35,35.47,21.12,487.4,487,34.53999999999997,46.7833333333333,535.4333333333344,30.37,45.14
2026-03-11 02:05:00,20.21,44.71,34.65,22.55,477,484.5,2,2,60.26,45.38,59.11,18.59,414.9,414,34.413333333333306,45.813333333333304,462.26666666666773,24.56,45.37
2026-03-11 02:10:00,28.31,44.41,35.45,22.93,448,476.6,2,2,20.21,44.71,34.65,22.55,484.5,477,36.25999999999997,44.83333333333331,458.6666666666677,25.4,44.81
2026-03-11 02:15:00,30.37,45.14,35.67,22.13,474,572.1,2,2,28.31,44.41,35.45,22.93,476.6,448,26.29666666666664,44.75333333333331,511.06666666666774,19.24,44.7
2026-03-11 02:20:00,24.56,45.37,35.39,24.82,395,385.0,2,2,30.37,45.14,35.67,22.13,572.1,474,27.746666666666638,44.9733333333333,477.90000000000106,25.86,45.62
2026-03-11 02:25:00,25.4,44.81,35.29,20.13,413,442.1,2,2,24.56,45.37,35.39,24.82,385.0,395,26.77666666666664,45.106666666666634,466.40000000000106,20.86,46.02
2026-03-11 02:30:00,19.24,44.7,35.75,12.71,410,404.9,2,2,25.4,44.81,35.29,20.13,442.1,413,23.066666666666634,44.95999999999997,410.6666666666677,15.05,45.99
2026-03-11 02:35:00,25.86,45.62,35.94,27.25,416,612.3,2,2,19.24,44.7,35.75,12.71,404.9,410,23.49999999999997,45.0433333333333,486.43333333333436,32.95,45.0
2026-03-11 02:40:00,20.86,46.02,35.87,23.97,373,473.7,2,2,25.86,45.62,35.94,27.25,612.3,416,21.98666666666664,45.44666666666664,496.96666666666766,26.05,45.18
2026-03-11 02:45:00,15.05,45.99,35.51,24.01,476,436.0,2,2,20.86,46.02,35.87,23.97,473.7,373,20.58999999999997,45.876666666666644,507.3333333333344,17.53,45.48
2026-03-11 02:50:00,32.95,45.0,35.67,26.54,548,742.1,2,2,15.05,45.99,35.51,24.01,436.0,476,22.953333333333305,45.66999999999998,550.6000000000012,21.7,44.89
2026-03-11 02:55:00,26.05,45.18,35.63,23.03,403,407.2,2,2,32.95,45.0,35.67,26.54,742.1,548,24.683333333333305,45.389999999999965,528.4333333333344,18.38,44.58
2026-03-11 03:00:00,17.53,45.48,35.88,21.44,421,403.2,3,2,26.05,45.18,35.63,23.03,407.2,403,25.509999999999973,45.21999999999997,517.500000000001,27.05,45.88
2026-03-11 03:05:00,21.7,44.89,35.81,20.0,380,585.5,3,2,17.53,45.48,35.88,21.44,403.2,421,21.759999999999973,45.1833333333333,465.3000000000011,18.9,45.83
2026-03-11 03:10:00,18.38,44.58,35.69,19.49,338,370.6,3,2,21.7,44.89,35.81,20.0,585.5,380,19.203333333333305,44.9833333333333,453.1000000000011,27.8,45.79
2026-03-11 03:15:00,27.05,45.88,35.16,26.24,373,404.1,3,2,18.38,44.58,35.69,19.49,370.6,338,22.376666666666637,45.11666666666664,453.40000000000117,20.5,45.75
2026-03-11 03:20:00,18.9,45.83,35.49,23.96,387,415.8,3,2,27.05,45.88,35.16,26.24,404.1,373,21.443333333333303,45.42999999999997,396.83333333333445,24.99,46.82
2026-03-11 03:25:00,27.8,45.79,35.51,16.08,383,388.8,3,2,18.9,45.83,35.49,23.96,415.8,387,24.583333333333304,45.83333333333331,402.90000000000117,25.19,46.83
2026-03-11 03:30:00,20.5,45.75,35.71,27.65,387,451.9,3,2,27.8,45.79,35.51,16.08,388.8,383,22.399999999999974,45.78999999999997,418.8333333333344,20.29,47.16
2026-03-11 03:35:00,24.99,46.82,35.45,17.6,396,387.3,3,2,20.5,45.75,35.71,27.65,451.9,387,24.429999999999968,46.11999999999997,409.33333333333445,19.14,46.54
2026-03-11 03:40:00,25.19,46.83,35.52,22.87,358,368.1,3,2,24.99,46.82,35.45,17.6,387.3,396,23.559999999999974,46.46666666666664,402.4333333333345,18.23,44.86
2026-03-11 03:45:00,20.29,47.16,35.78,30.1,370,496.4,3,2,25.19,46.83,35.52,22.87,368.1,358,23.48999999999997,46.93666666666664,417.2666666666678,22.36,45.45
2026-03-11 03:50:00,19.14,46.54,35.4,25.61,381,535.9,3,2,20.29,47.16,35.78,30.1,496.4,370,21.539999999999974,46.843333333333305,466.8000000000011,17.22,45.79
2026-03-11 03:55:00,18.23,44.86,35.62,14.41,322,355.9,3,2,19.14,46.54,35.4,25.61,535.9,381,19.219999999999974,46.18666666666663,462.7333333333343,23.57,45.56
2026-03-11 04:00:00,22.36,45.45,35.84,19.82,346,467.4,4,2,18.23,44.86,35.62,14.41,355.9,322,19.90999999999997,45.61666666666664,453.06666666666774,27.64,46.04
2026-03-11 04:05:00,17.22,45.79,35.52,19.09,322,332.3,4,2,22.36,45.45,35.84,19.82,467.4,346,19.26999999999997,45.36666666666664,385.200000000001,19.93,46.92
2026-03-11 04:10:00,23.57,45.56,36.04,15.74,327,439.1,4,2,17.22,45.79,35.52,19.09,332.3,322,21.049999999999972,45.59999999999997,412.93333333333436,21.41,46.68
2026-03-11 04:15:00,27.64,46.04,35.27,26.01,447,503.4,4,2,23.57,45.56,36.04,15.74,439.1,327,22.809999999999974,45.796666666666646,424.93333333333436,26.46,47.53
2026-03-11 04:20:00,19.93,46.92,35.99,23.22,381,518.7,4,2,27.64,46.04,35.27,26.01,503.4,447,23.713333333333306,46.17333333333331,487.06666666666774,27.73,47.17
2026-03-11 04:25:00,21.41,46.68,35.54,15.37,387,369.5,4,2,19.93,46.92,35.99,23.22,518.7,381,22.993333333333307,46.546666666666646,463.8666666666677,23.78,48.13
2026-03-11 04:30:00,26.46,47.53,35.67,14.66,420,368.7,4,2,21.41,46.68,35.54,15.37,369.5,387,22.59999999999997,47.0433333333333,418.9666666666678,23.29,46.65
2026-03-11 04:35:00,27.73,47.17,35.62,26.71,462,544.6,4,2,26.46,47.53,35.67,14.66,368.7,420,25.19999999999997,47.12666666666664,427.60000000000105,21.26,46.37
2026-03-11 04:40:00,23.78,48.13,36.24,17.49,513,480.9,4,2,27.73,47.17,35.62,26.71,544.6,462,25.98999999999997,47.60999999999998,464.7333333333343,22.95,46.77
2026-03-11 04:45:00,23.29,46.65,35.59,30.36,455,503.0,4,2,23.78,48.13,36.24,17.49,480.9,513,24.933333333333305,47.316666666666634,509.5000000000011,24.62,46.56
2026-03-11 04:50:00,21.26,46.37,35.67,20.92,453,515.2,4,2,23.29,46.65,35.59,30.36,503.0,455,22.77666666666664,47.049999999999976,499.700000000001,19.75,46.38
2026-03-11 04:55:00,22.95,46.77,35.95,17.93,413,538.1,4,2,21.26,46.37,35.67,20.92,515.2,453,22.49999999999997,46.596666666666636,518.7666666666678,20.28,46.54
2026-03-11 05:00:00,24.62,46.56,35.38,19.06,429,512.0,5,2,22.95,46.77,35.95,17.93,538.1,413,22.943333333333303,46.566666666666634,521.7666666666678,20.89,46.76
2026-03-11 05:05:00,19.75,46.38,35.43,20.83,484,589.2,5,2,24.62,46.56,35.38,19.06,512.0,429,22.43999999999997,46.56999999999997,546.4333333333344,23.62,47.02
2026-03-11 05:10:00,20.28,46.54,36.03,21.92,451,543.5,5,2,19.75,46.38,35.43,20.83,589.2,484,21.549999999999972,46.493333333333304,548.2333333333345,22.77,46.96
2026-03-11 05:15:00,20.89,46.76,36.17,16.55,370,401.5,5,2,20.28,46.54,36.03,21.92,543.5,451,20.30666666666664,46.55999999999997,511.40000000000117,28.06,48.12
2026-03-11 05:20:00,23.62,47.02,36.44,22.85,472,568.4,5,2,20.89,46.76,36.17,16.55,401.5,370,21.596666666666636,46.773333333333305,504.4666666666678,20.05,48.29
2026-03-11 05:25:00,22.77,46.96,35.9,29.94,533,666.7,5,2,23.62,47.02,36.44,22.85,568.4,472,22.426666666666637,46.913333333333306,545.5333333333343,25.09,48.12
2026-03-11 05:30:00,28.06,48.12,35.55,32.02,528,759.6,5,2,22.77,46.96,35.9,29.94,666.7,533,24.816666666666634,47.36666666666664,664.9000000000011,20.71,47.96
2026-03-11 05:35:00,20.05,48.29,35.91,32.1,452,571.5,5,2,28.06,48.12,35.55,32.02,759.6,528,23.626666666666637,47.789999999999964,665.9333333333344,26.89,48.02
2026-03-11 05:40:00,25.09,48.12,36.45,22.8,553,506.6,5,2,20.05,48.29,35.91,32.1,571.5,452,24.399999999999974,48.17666666666664,612.5666666666676,29.62,47.94
2026-03-11 05:45:00,20.71,47.96,35.96,23.17,512,531.1,5,2,25.09,48.12,36.45,22.8,506.6,553,21.94999999999997,48.1233333333333,536.4000000000011,32.37,46.99
2026-03-11 05:50:00,26.89,48.02,35.98,25.34,477,538.9,5,2,20.71,47.96,35.96,23.17,531.1,512,24.229999999999972,48.0333333333333,525.5333333333343,17.91,47.99
2026-03-11 05:55:00,29.62,47.94,36.04,25.95,550,636.2,5,2,26.89,48.02,35.98,25.34,538.9,477,25.73999999999997,47.9733333333333,568.7333333333345,22.92,47.32
2026-03-11 06:00:00,32.37,46.99,36.04,23.59,518,751.5,6,2,29.62,47.94,36.04,25.95,636.2,550,29.626666666666637,47.64999999999998,642.2000000000011,28.69,49.13
2026-03-11 06:05:00,17.91,47.99,36.29,23.97,551,487.4,6,2,32.37,46.99,36.04,23.59,751.5,518,26.633333333333308,47.639999999999965,625.0333333333343,28.39,49.83
2026-03-11 06:10:00,22.92,47.32,35.65,25.64,574,715.9,6,2,17.91,47.99,36.29,23.97,487.4,551,24.399999999999974,47.4333333333333,651.6000000000012,25.1,49.27
2026-03-11 06:15:00,28.69,49.13,35.65,24.9,611,834.1,6,2,22.92,47.32,35.65,25.64,715.9,574,23.173333333333307,48.14666666666664,679.1333333333345,28.54,49.94
2026-03-11 06:20:00,28.39,49.83,35.74,25.1,608,752.6,6,2,28.69,49.13,35.65,24.9,834.1,611,26.666666666666643,48.75999999999997,767.5333333333343,28.29,50.15
2026-03-11 06:25:00,25.1,49.27,35.76,22.55,662,650.9,6,2,28.39,49.83,35.74,25.1,752.6,608,27.393333333333306,49.40999999999997,745.8666666666677,32.34,50.06
2026-03-11 06:30:00,28.54,49.94,36.1,30.75,663,813.6,6,2,25.1,49.27,35.76,22.55,650.9,662,27.343333333333305,49.67999999999997,739.0333333333343,18.58,50.92
2026-03-11 06:35:00,28.29,50.15,36.25,33.18,605,670.2,6,2,28.54,49.94,36.1,30.75,813.6,663,27.309999999999974,49.78666666666663,711.5666666666679,31.02,51.94
2026-03-11 06:40:00,32.34,50.06,36.08,27.44,623,743.2,6,2,28.29,50.15,36.25,33.18,670.2,605,29.72333333333331,50.049999999999976,742.3333333333344,27.06,50.94
2026-03-11 06:45:00,18.58,50.92,36.16,27.0,605,655.5,6,2,32.34,50.06,36.08,27.44,743.2,623,26.403333333333308,50.37666666666664,689.6333333333345,25.21,50.57
2026-03-11 06:50:00,31.02,51.94,35.82,34.14,669,912.3,6,2,18.58,50.92,36.16,27.0,655.5,605,27.313333333333308,50.9733333333333,770.3333333333344,25.17,49.53
2026-03-11 06:55:00,27.06,50.94,36.25,24.16,701,663.7,6,2,31.02,51.94,35.82,34.14,912.3,669,25.553333333333303,51.26666666666663,743.8333333333344,24.27,48.74
2026-03-11 07:00:00,25.21,50.57,35.68,21.34,674,734.5,7,2,27.06,50.94,36.25,24.16,663.7,701,27.763333333333307,51.14999999999998,770.1666666666678,36.39,49.05
2026-03-11 07:05:00,25.17,49.53,36.04,29.38,705,866.5,7,2,25.21,50.57,35.68,21.34,734.5,674,25.813333333333308,50.346666666666636,754.900000000001,32.81,48.46
2026-03-11 07:10:00,24.27,48.74,35.73,21.8,685,679.2,7,2,25.17,49.53,36.04,29.38,866.5,705,24.883333333333308,49.61333333333331,760.0666666666679,30.25,49.32
2026-03-11 07:15:00,36.39,49.05,36.37,27.23,746,928.1,7,2,24.27,48.74,35.73,21.8,679.2,685,28.609999999999975,49.106666666666634,824.6000000000012,31.12,50.04
2026-03-11 07:20:00,32.81,48.46,36.54,31.56,787,1085.2,7,2,36.39,49.05,36.37,27.23,928.1,746,31.156666666666638,48.74999999999997,897.5000000000013,22.62,52.5
2026-03-11 07:25:00,30.25,49.32,36.06,41.63,716,1028.8,7,2,32.81,48.46,36.54,31.56,1085.2,787,33.14999999999998,48.9433333333333,1014.0333333333343,34.11,53.85
2026-03-11 07:30:00,31.12,50.04,35.79,33.44,808,958.3,7,2,30.25,49.32,36.06,41.63,1028.8,716,31.393333333333306,49.27333333333331,1024.100000000001,22.21,54.54
2026-03-11 07:35:00,22.62,52.5,36.04,33.18,812,864.6,7,2,31.12,50.04,35.79,33.44,958.3,808,27.99666666666664,50.61999999999997,950.5666666666676,28.58,55.38
2026-03-11 07:40:00,34.11,53.85,36.36,34.7,903,1171.2,7,2,22.62,52.5,36.04,33.18,864.6,812,29.283333333333307,52.129999999999974,998.0333333333343,77.58,54.9
2026-03-11 07:45:00,22.21,54.54,35.73,25.61,810,718.0,7,2,34.11,53.85,36.36,34.7,1171.2,903,26.313333333333304,53.629999999999974,917.9333333333344,31.67,54.97
2026-03-11 07:50:00,28.58,55.38,36.36,29.05,883,848.6,7,2,22.21,54.54,35.73,25.61,718.0,810,28.299999999999972,54.589999999999975,912.6000000000012,28.29,56.17
2026-03-11 07:55:00,77.58,54.9,36.25,42.47,840,1060.5,7,2,28.58,55.38,36.36,29.05,848.6,883,42.78999999999997,54.939999999999976,875.7000000000011,30.97,56.78
2026-03-11 08:00:00,31.67,54.97,36.17,83.52,959,1078.3,8,2,77.58,54.9,36.25,42.47,1060.5,840,45.94333333333331,55.08333333333331,995.8000000000011,36.43,56.99
2026-03-11 08:05:00,28.29,56.17,36.56,31.51,882,918.0,8,2,31.67,54.97,36.17,83.52,1078.3,959,45.84666666666664,55.346666666666636,1018.9333333333343,40.82,56.52
2026-03-11 08:10:00,30.97,56.78,36.8,31.68,914,878.3,8,2,28.29,56.17,36.56,31.51,918.0,882,30.309999999999974,55.9733333333333,958.2000000000011,36.63,59.23
2026-03-11 08:15:00,36.43,56.99,36.53,31.98,881,1080.3,8,2,30.97,56.78,36.8,31.68,878.3,914,31.896666666666636,56.64666666666664,958.8666666666677,29.92,58.48
2026-03-11 08:20:00,40.82,56.52,35.8,41.4,956,1332.1,8,2,36.43,56.99,36.53,31.98,1080.3,881,36.0733333333333,56.7633333333333,1096.900000000001,40.66,59.23
2026-03-11 08:25:00,36.63,59.23,35.85,30.66,1016,1128.2,8,2,40.82,56.52,35.8,41.4,1332.1,956,37.95999999999997,57.57999999999998,1180.200000000001,33.24,59.71
2026-03-11 08:30:00,29.92,58.48,36.54,34.39,937,1101.9,8,2,36.63,59.23,35.85,30.66,1128.2,1016,35.78999999999997,58.07666666666663,1187.4000000000012,40.14,60.13
2026-03-11 08:35:00,40.66,59.23,36.4,47.25,1005,1378.3,8,2,29.92,58.48,36.54,34.39,1101.9,937,35.73666666666664,58.97999999999997,1202.800000000001,36.6,61.09
2026-03-11 08:40:00,33.24,59.71,36.26,22.62,1017,1021.1,8,2,40.66,59.23,36.4,47.25,1378.3,1005,34.606666666666634,59.139999999999965,1167.100000000001,37.04,59.53
2026-03-11 08:45:00,40.14,60.13,36.26,41.6,1075,1554.6,8,2,33.24,59.71,36.26,22.62,1021.1,1017,38.0133333333333,59.68999999999997,1318.0000000000011,39.55,58.81
2026-03-11 08:50:00,36.6,61.09,36.3,39.47,1084,1221.7,8,2,40.14,60.13,36.26,41.6,1554.6,1075,36.659999999999975,60.309999999999974,1265.800000000001,36.61,60.1
2026-03-11 08:55:00,37.04,59.53,36.65,45.57,1040,1294.0,8,2,36.6,61.09,36.3,39.47,1221.7,1084,37.92666666666664,60.24999999999997,1356.7666666666676,36.86,59.46
2026-03-11 09:00:00,39.55,58.81,36.84,36.21,1119,1229.0,9,2,37.04,59.53,36.65,45.57,1294.0,1040,37.72999999999997,59.809999999999974,1248.2333333333345,42.35,60.37
2026-03-11 09:05:00,36.61,60.1,36.18,34.82,1070,1112.4,9,2,39.55,58.81,36.84,36.21,1229.0,1119,37.7333333333333,59.47999999999998,1211.800000000001,36.57,59.65
2026-03-11 09:10:00,36.86,59.46,35.97,35.18,1061,1108.9,9,2,36.61,60.1,36.18,34.82,1112.4,1070,37.67333333333331,59.45666666666664,1150.1000000000013,39.23,59.19
2026-03-11 09:15:00,42.35,60.37,35.67,42.05,1163,1610.1,9,2,36.86,59.46,35.97,35.18,1108.9,1061,38.606666666666634,59.97666666666664,1277.1333333333343,41.31,59.82
2026-03-11 09:20:00,36.57,59.65,36.56,38.78,1047,1407.4,9,2,42.35,60.37,35.67,42.05,1610.1,1163,38.593333333333305,59.82666666666663,1375.4666666666678,34.27,60.39
2026-03-11 09:25:00,39.23,59.19,36.01,35.24,1077,1289.6,9,2,36.57,59.65,36.56,38.78,1407.4,1047,39.383333333333304,59.73666666666663,1435.700000000001,46.08,61.6
2026-03-11 09:30:00,41.31,59.82,36.47,43.76,1201,1626.8,9,2,39.23,59.19,36.01,35.24,1289.6,1077,39.03666666666664,59.553333333333306,1441.2666666666676,37.31,62.82
2026-03-11 09:35:00,34.27,60.39,36.64,41.29,1191,1389.0,9,2,41.31,59.82,36.47,43.76,1626.8,1201,38.269999999999975,59.799999999999976,1435.1333333333343,44.19,62.45
2026-03-11 09:40:00,46.08,61.6,36.12,42.32,1223,1426.7,9,2,34.27,60.39,36.64,41.29,1389.0,1191,40.553333333333306,60.6033333333333,1480.8333333333342,35.44,61.63
2026-03-11 09:45:00,37.31,62.82,36.01,48.67,1245,1720.5,9,2,46.08,61.6,36.12,42.32,1426.7,1223,39.21999999999997,61.6033333333333,1512.0666666666677,39.83,62.51
2026-03-11 09:50:00,44.19,62.45,36.44,47.41,1226,1787.4,9,2,37.31,62.82,36.01,48.67,1720.5,1245,42.526666666666635,62.28999999999997,1644.8666666666677,37.41,62.5
2026-03-11 09:55:00,35.44,61.63,36.98,42.77,1263,1281.0,9,2,44.19,62.45,36.44,47.41,1787.4,1226,38.97999999999997,62.299999999999976,1596.300000000001,43.44,63.5
2026-03-11 10:00:00,39.83,62.51,36.97,42.37,1243,1687.8,10,2,35.44,61.63,36.98,42.77,1281.0,1263,39.81999999999997,62.19666666666664,1585.4000000000012,39.81,63.61
2026-03-11 10:05:00,37.41,62.5,36.33,34.16,1333,1343.8,10,2,39.83,62.51,36.97,42.37,1687.8,1243,37.559999999999974,62.21333333333331,1437.5333333333344,35.97,63.54
2026-03-11 10:10:00,43.44,63.5,36.53,44.31,1299,1617.2,10,2,37.41,62.5,36.33,34.16,1343.8,1333,40.22666666666664,62.836666666666645,1549.600000000001,36.54,65.33
2026-03-11 10:15:00,39.81,63.61,36.19,37.44,1341,1479.0,10,2,43.44,63.5,36.53,44.31,1617.2,1299,40.21999999999997,63.2033333333333,1480.0000000000011,41.7,66.12
2026-03-11 10:20:00,35.97,63.54,36.43,47.92,1384,1343.9,10,2,39.81,63.61,36.19,37.44,1479.0,1341,39.739999999999974,63.549999999999976,1480.0333333333344,40.89,66.37
2026-03-11 10:25:00,36.54,65.33,36.79,31.7,1366,1165.5,10,2,35.97,63.54,36.43,47.92,1343.9,1384,37.43999999999997,64.15999999999997,1329.4666666666678,47.48,67.75
2026-03-11 10:30:00,41.7,66.12,36.59,46.68,1472,1474.6,10,2,36.54,65.33,36.79,31.7,1165.5,1366,38.06999999999997,64.99666666666663,1328.0000000000011,49.31,66.9
2026-03-11 10:35:00,40.89,66.37,36.27,38.11,1351,1455.3,10,2,41.7,66.12,36.59,46.68,1474.6,1472,39.70999999999997,65.93999999999997,1365.1333333333343,43.42,67.56
2026-03-11 10:40:00,47.48,67.75,36.71,63.16,1367,1871.3,10,2,40.89,66.37,36.27,38.11,1455.3,1351,43.356666666666634,66.74666666666664,1600.4000000000008,48.09,67.5
2026-03-11 10:45:00,49.31,66.9,36.64,59.2,1546,2066.1,10,2,47.48,67.75,36.71,63.16,1871.3,1367,45.89333333333331,67.00666666666665,1797.5666666666675,43.97,68.92
2026-03-11 10:50:00,43.42,67.56,36.48,48.42,1403,1596.9,10,2,49.31,66.9,36.64,59.2,2066.1,1546,46.73666666666664,67.40333333333331,1844.7666666666676,38.76,70.4
2026-03-11 10:55:00,48.09,67.5,36.39,56.04,1504,1860.9,10,2,43.42,67.56,36.48,48.42,1596.9,1403,46.939999999999976,67.31999999999998,1841.300000000001,49.51,68.1
2026-03-11 11:00:00,43.97,68.92,36.95,49.26,1473,1403.7,11,2,48.09,67.5,36.39,56.04,1860.9,1504,45.159999999999975,67.9933333333333,1620.5000000000011,45.96,68.65
2026-03-11 11:05:00,38.76,70.4,37.09,40.78,1472,1424.3,11,2,43.97,68.92,36.95,49.26,1403.7,1473,43.606666666666634,68.93999999999998,1562.9666666666678,42.28,69.11
2026-03-11 11:10:00,49.51,68.1,37.03,57.46,1495,2001.7,11,2,38.76,70.4,37.09,40.78,1424.3,1472,44.07999999999996,69.13999999999997,1609.9000000000012,58.91,69.8
2026-03-11 11:15:00,45.96,68.65,36.85,55.23,1519,1764.4,11,2,49.51,68.1,37.03,57.46,2001.7,1495,44.743333333333304,69.04999999999997,1730.1333333333343,44.01,69.83
2026-03-11 11:20:00,42.28,69.11,36.81,44.37,1539,1725.2,11,2,45.96,68.65,36.85,55.23,1764.4,1519,45.916666666666636,68.61999999999998,1830.4333333333343,43.09,69.9
2026-03-11 11:25:00,58.91,69.8,36.64,54.42,1523,1968.8,11,2,42.28,69.11,36.81,44.37,1725.2,1539,49.049999999999976,69.18666666666665,1819.4666666666678,41.42,69.43
2026-03-11 11:30:00,44.01,69.83,37.24,57.11,1620,1865.1,11,2,58.91,69.8,36.64,54.42,1968.8,1523,48.39999999999997,69.57999999999997,1853.0333333333344,52.23,69.73
2026-03-11 11:35:00,43.09,69.9,36.45,44.38,1567,1475.0,11,2,44.01,69.83,37.24,57.11,1865.1,1620,48.669999999999966,69.8433333333333,1769.6333333333343,36.12,68.94
2026-03-11 11:40:00,41.42,69.43,36.81,42.72,1570,1515.1,11,2,43.09,69.9,36.45,44.38,1475.0,1567,42.839999999999975,69.71999999999997,1618.4000000000008,51.14,69.52
2026-03-11 11:45:00,52.23,69.73,36.46,57.73,1588,2012.0,11,2,41.42,69.43,36.81,42.72,1515.1,1570,45.57999999999998,69.68666666666665,1667.3666666666677,60.62,71.03
2026-03-11 11:50:00,36.12,68.94,37.15,41.56,1591,1481.0,11,2,52.23,69.73,36.46,57.73,2012.0,1588,43.25666666666664,69.36666666666663,1669.3666666666677,51.64,69.99
2026-03-11 11:55:00,51.14,69.52,36.99,63.23,1723,2208.5,11,2,36.12,68.94,37.15,41.56,1481.0,1591,46.496666666666634,69.39666666666663,1900.500000000001,51.37,70.71
2026-03-11 12:00:00,60.62,71.03,36.44,58.47,1659,2072.0,12,2,51.14,69.52,36.99,63.23,2208.5,1723,49.2933333333333,69.82999999999997,1920.500000000001,49.12,72.36
2026-03-11 12:05:00,51.64,69.99,36.94,53.69,1684,2177.2,12,2,60.62,71.03,36.44,58.47,2072.0,1659,54.46666666666664,70.17999999999996,2152.5666666666675,43.35,72.67
2026-03-11 12:10:00,51.37,70.71,36.82,62.53,1698,2204.6,12,2,51.64,69.99,36.94,53.69,2177.2,1684,54.5433333333333,70.57666666666664,2151.266666666668,54.91,72.76
2026-03-11 12:15:00,49.12,72.36,37.48,49.94,1731,2282.3,12,2,51.37,70.71,36.82,62.53,2204.6,1698,50.70999999999997,71.01999999999997,2221.3666666666672,46.35,71.93
2026-03-11 12:20:00,43.35,72.67,36.81,47.7,1714,1666.2,12,2,49.12,72.36,37.48,49.94,2282.3,1731,47.94666666666664,71.9133333333333,2051.033333333334,50.05,73.46
2026-03-11 12:25:00,54.91,72.76,36.79,57.54,1715,2166.6,12,2,43.35,72.67,36.81,47.7,1666.2,1714,49.12666666666664,72.59666666666664,2038.3666666666675,47.26,73.6
2026-03-11 12:30:00,46.35,71.93,36.56,61.32,1765,1889.9,12,2,54.91,72.76,36.79,57.54,2166.6,1715,48.2033333333333,72.4533333333333,1907.5666666666675,41.89,73.79
2026-03-11 12:35:00,50.05,73.46,37.56,53.9,1862,1961.7,12,2,46.35,71.93,36.56,61.32,1889.9,1765,50.43666666666664,72.71666666666664,2006.0666666666675,49.79,75.22
2026-03-11 12:40:00,47.26,73.6,36.67,50.81,1821,1775.9,12,2,50.05,73.46,37.56,53.9,1961.7,1862,47.886666666666635,72.99666666666664,1875.8333333333342,47.19,75.33
2026-03-11 12:45:00,41.89,73.79,37.12,60.11,1812,1915.6,12,2,47.26,73.6,36.67,50.81,1775.9,1821,46.39999999999997,73.61666666666663,1884.4000000000008,47.75,75.23
2026-03-11 12:50:00,49.79,75.22,36.63,44.94,1736,1773.3,12,2,41.89,73.79,37.12,60.11,1915.6,1812,46.313333333333304,74.2033333333333,1821.600000000001,57.54,75.16
2026-03-11 12:55:00,47.19,75.33,37.44,56.21,1844,2171.6,12,2,49.79,75.22,36.63,44.94,1773.3,1736,46.28999999999997,74.77999999999997,1953.5000000000007,52.83,74.65
2026-03-11 13:00:00,47.75,75.23,37.05,48.68,1849,1859.2,13,2,47.19,75.33,37.44,56.21,2171.6,1844,48.243333333333304,75.25999999999998,1934.7000000000007,63.46,75.29
2026-03-11 13:05:00,57.54,75.16,37.15,67.34,1803,2519.7,13,2,47.75,75.23,37.05,48.68,1859.2,1849,50.82666666666663,75.23999999999997,2183.5000000000005,51.95,75.99
2026-03-11 13:10:00,52.83,74.65,36.74,59.71,1845,2146.0,13,2,57.54,75.16,37.15,67.34,2519.7,1803,52.70666666666664,75.0133333333333,2174.966666666667,42.16,75.05
2026-03-11 13:15:00,63.46,75.29,37.02,69.98,1905,2552.0,13,2,52.83,74.65,36.74,59.71,2146.0,1845,57.94333333333331,75.0333333333333,2405.9000000000005,49.07,73.93
2026-03-11 13:20:00,51.95,75.99,37.45,53.06,1923,1814.6,13,2,63.46,75.29,37.02,69.98,2552.0,1905,56.07999999999998,75.30999999999999,2170.8666666666672,53.0,74.0
2026-03-11 13:25:00,42.16,75.05,37.35,44.14,1935,1725.9,13,2,51.95,75.99,37.45,53.06,1814.6,1923,52.523333333333305,75.4433333333333,2030.833333333334,63.65,74.96
2026-03-11 13:30:00,49.07,73.93,37.17,61.82,1868,2335.5,13,2,42.16,75.05,37.35,44.14,1725.9,1935,47.72666666666664,74.98999999999997,1958.6666666666672,43.31,75.5
2026-03-11 13:35:00,53.0,74.0,37.04,55.18,1944,2059.6,13,2,49.07,73.93,37.17,61.82,2335.5,1868,48.07666666666663,74.32666666666664,2040.333333333334,51.17,75.31
2026-03-11 13:40:00,63.65,74.96,36.82,69.52,1900,2675.9,13,2,53.0,74.0,37.04,55.18,2059.6,1944,55.239999999999974,74.29666666666664,2357.0000000000005,65.34,75.49
2026-03-11 13:45:00,43.31,75.5,36.94,55.08,1912,1891.6,13,2,63.65,74.96,36.82,69.52,2675.9,1900,53.31999999999997,74.81999999999998,2209.033333333334,52.32,75.44
2026-03-11 13:50:00,51.17,75.31,36.74,56.79,2002,2156.0,13,2,43.31,75.5,36.94,55.08,1891.6,1912,52.70999999999998,75.25666666666665,2241.1666666666674,47.66,75.89
2026-03-11 13:55:00,65.34,75.49,37.12,75.16,1937,2881.4,13,2,51.17,75.31,36.74,56.79,2156.0,2002,53.27333333333331,75.43333333333331,2309.6666666666674,53.91,76.3
2026-03-11 14:00:00,52.32,75.44,37.02,60.04,1940,2336.1,14,2,65.34,75.49,37.12,75.16,2881.4,1937,56.27666666666664,75.4133333333333,2457.833333333334,64.06,78.25
2026-03-11 14:05:00,47.66,75.89,37.11,48.86,1963,1748.5,14,2,52.32,75.44,37.02,60.04,2336.1,1940,55.106666666666634,75.60666666666663,2322.0000000000005,90.48,78.17
2026-03-11 14:10:00,53.91,76.3,37.31,61.5,2012,2590.9,14,2,47.66,75.89,37.11,48.86,1748.5,1963,51.29666666666663,75.87666666666664,2225.1666666666674,39.63,78.78
2026-03-11 14:15:00,64.06,78.25,37.4,63.4,2044,2627.0,14,2,53.91,76.3,37.31,61.5,2590.9,2012,55.20999999999997,76.8133333333333,2322.1333333333337,47.12,80.07
2026-03-11 14:20:00,90.48,78.17,53.74,60.04,1932,2070.9,14,2,64.06,78.25,37.4,63.4,2627.0,2044,69.4833333333333,77.57333333333331,2429.6000000000004,48.9,78.72
2026-03-11 14:25:00,39.63,78.78,37.41,57.15,1955,2068.9,14,2,90.48,78.17,53.74,60.04,2070.9,1932,64.72333333333331,78.39999999999998,2255.600000000001,57.81,77.94
2026-03-11 14:30:00,47.12,80.07,36.79,53.16,2021,1777.7,14,2,39.63,78.78,37.41,57.15,2068.9,1955,59.07666666666663,79.00666666666665,1972.5000000000007,49.04,77.6
2026-03-11 14:35:00,48.9,78.72,37.45,52.57,1949,1895.1,14,2,47.12,80.07,36.79,53.16,1777.7,2021,45.21666666666664,79.18999999999996,1913.9000000000005,43.12,79.13
2026-03-11 14:40:00,57.81,77.94,37.74,64.18,1989,2543.7,14,2,48.9,78.72,37.45,52.57,1895.1,1949,51.27666666666664,78.90999999999997,2072.1666666666674,55.34,77.42
2026-03-11 14:45:00,49.04,77.6,37.77,66.15,2007,2135.7,14,2,57.81,77.94,37.74,64.18,2543.7,1989,51.916666666666636,78.08666666666664,2191.5000000000005,54.81,77.21
2026-03-11 14:50:00,43.12,79.13,37.77,45.84,2024,1667.4,14,2,49.04,77.6,37.77,66.15,2135.7,2007,49.989999999999974,78.2233333333333,2115.6000000000004,53.17,76.07
2026-03-11 14:55:00,55.34,77.42,37.12,59.16,2010,2293.2,14,2,43.12,79.13,37.77,45.84,1667.4,2024,49.166666666666636,78.04999999999997,2032.1000000000004,81.85,76.89
2026-03-11 15:00:00,54.81,77.21,37.16,62.25,1987,2524.4,15,2,55.34,77.42,37.12,59.16,2293.2,2010,51.089999999999975,77.91999999999996,2161.6666666666674,57.2,76.46
2026-03-11 15:05:00,53.17,76.07,36.81,61.91,1994,2391.6,15,2,54.81,77.21,37.16,62.25,2524.4,1987,54.43999999999997,76.89999999999996,2403.066666666667,60.93,77.24
2026-03-11 15:10:00,81.85,76.89,52.88,50.58,2039,2163.9,15,2,53.17,76.07,36.81,61.91,2391.6,1994,63.276666666666635,76.7233333333333,2359.966666666667,57.16,78.37
2026-03-11 15:15:00,57.2,76.46,37.01,58.37,2017,2468.4,15,2,81.85,76.89,52.88,50.58,2163.9,2039,64.07333333333331,76.4733333333333,2341.3000000000006,44.54,78.58
2026-03-11 15:20:00,60.93,77.24,37.39,59.34,1969,2478.1,15,2,57.2,76.46,37.01,58.37,2468.4,2017,66.65999999999997,76.8633333333333,2370.1333333333337,63.78,78.5
2026-03-11 15:25:00,57.16,78.37,37.57,66.09,2059,2576.3,15,2,60.93,77.24,37.39,59.34,2478.1,1969,58.42999999999997,77.35666666666664,2507.6000000000004,57.12,77.96
2026-03-11 15:30:00,44.54,78.58,37.1,44.93,2030,1754.0,15,2,57.16,78.37,37.57,66.09,2576.3,2059,54.20999999999997,78.06333333333329,2269.466666666667,58.63,77.67
2026-03-11 15:35:00,63.78,78.5,37.63,64.28,2000,2785.2,15,2,44.54,78.58,37.1,44.93,1754.0,2030,55.15999999999997,78.4833333333333,2371.833333333334,62.08,77.61
2026-03-11 15:40:00,57.12,77.96,37.38,70.67,2122,2691.1,15,2,63.78,78.5,37.63,64.28,2785.2,2000,55.14666666666664,78.34666666666664,2410.1000000000004,55.27,77.8
2026-03-11 15:45:00,58.63,77.67,37.27,64.35,2039,2394.9,15,2,57.12,77.96,37.38,70.67,2691.1,2122,59.843333333333305,78.04333333333331,2623.7333333333336,48.65,79.26
2026-03-11 15:50:00,62.08,77.61,37.43,60.51,1996,2287.5,15,2,58.63,77.67,37.27,64.35,2394.9,2039,59.27666666666664,77.74666666666664,2457.833333333334,53.03,80.01
2026-03-11 15:55:00,55.27,77.8,37.38,62.78,2081,2342.9,15,2,62.08,77.61,37.43,60.51,2287.5,1996,58.65999999999997,77.69333333333331,2341.766666666667,51.58,79.25
2026-03-11 16:00:00,48.65,79.26,36.92,53.51,2020,1943.5,16,2,55.27,77.8,37.38,62.78,2342.9,2081,55.33333333333331,78.2233333333333,2191.3000000000006,55.78,79.94
2026-03-11 16:05:00,53.03,80.01,37.33,57.66,1969,2313.9,16,2,48.65,79.26,36.92,53.51,1943.5,2020,52.31666666666664,79.02333333333331,2200.1000000000004,58.04,79.13
2026-03-11 16:10:00,51.58,79.25,37.52,61.99,1972,2134.0,16,2,53.03,80.01,37.33,57.66,2313.9,1969,51.08666666666664,79.50666666666665,2130.466666666667,51.84,78.22
2026-03-11 16:15:00,55.78,79.94,37.15,64.43,2031,2271.5,16,2,51.58,79.25,37.52,61.99,2134.0,1972,53.46333333333331,79.7333333333333,2239.8000000000006,70.15,78.35
2026-03-11 16:20:00,58.04,79.13,37.52,65.35,1947,2399.7,16,2,55.78,79.94,37.15,64.43,2271.5,2031,55.133333333333304,79.43999999999998,2268.4,71.06,95.29
2026-03-11 16:25:00,51.84,78.22,37.48,51.8,1946,1866.0,16,2,58.04,79.13,37.52,65.35,2399.7,1947,55.21999999999997,79.09666666666664,2179.066666666667,51.66,77.2
2026-03-11 16:30:00,70.15,78.35,37.37,84.7,2080,2972.4,16,2,51.84,78.22,37.48,51.8,1866.0,1946,60.00999999999997,78.56666666666665,2412.7000000000003,60.31,77.21
2026-03-11 16:35:00,71.06,95.29,37.52,89.18,2898,3138.5,16,2,70.15,78.35,37.37,84.7,2972.4,2080,64.34999999999998,83.9533333333333,2658.966666666667,49.21,77.33
2026-03-11 16:40:00,51.66,77.2,37.91,55.75,1995,2274.5,16,2,71.06,95.29,37.52,89.18,3138.5,2898,64.28999999999998,83.6133333333333,2795.1333333333337,44.38,77.46
2026-03-11 16:45:00,60.31,77.21,37.17,65.14,1978,2699.2,16,2,51.66,77.2,37.91,55.75,2274.5,1995,61.00999999999997,83.2333333333333,2704.066666666667,58.6,78.34
2026-03-11 16:50:00,49.21,77.33,38.09,54.58,1972,1957.6,16,2,60.31,77.21,37.17,65.14,2699.2,1978,53.72666666666664,77.24666666666663,2310.433333333334,53.58,78.57
2026-03-11 16:55:00,44.38,77.46,37.34,56.97,1963,2109.2,16,2,49.21,77.33,38.09,54.58,1957.6,1972,51.299999999999976,77.3333333333333,2255.3333333333335,51.42,78.15
2026-03-11 17:00:00,58.6,78.34,36.85,67.73,1918,2353.6,17,2,44.38,77.46,37.34,56.97,2109.2,1963,50.72999999999997,77.70999999999997,2140.1333333333337,39.46,78.09
2026-03-11 17:05:00,53.58,78.57,37.06,63.86,1934,2274.2,17,2,58.6,78.34,36.85,67.73,2353.6,1918,52.18666666666664,78.12333333333329,2245.6666666666665,44.41,78.67
2026-03-11 17:10:00,51.42,78.15,36.92,63.49,2025,2406.5,17,2,53.58,78.57,37.06,63.86,2274.2,1934,54.5333333333333,78.35333333333331,2344.766666666667,46.51,79.48
2026-03-11 17:15:00,39.46,78.09,37.58,48.51,1914,1699.4,17,2,51.42,78.15,36.92,63.49,2406.5,2025,48.15333333333331,78.26999999999997,2126.7000000000003,51.64,79.55
2026-03-11 17:20:00,44.41,78.67,37.58,53.4,1911,1902.2,17,2,39.46,78.09,37.58,48.51,1699.4,1914,45.096666666666636,78.3033333333333,2002.7000000000005,57.78,79.87
2026-03-11 17:25:00,46.51,79.48,37.8,54.52,1891,1939.5,17,2,44.41,78.67,37.58,53.4,1902.2,1911,43.45999999999997,78.74666666666664,1847.0333333333338,50.81,79.05
2026-03-11 17:30:00,51.64,79.55,38.07,56.32,1959,2167.0,17,2,46.51,79.48,37.8,54.52,1939.5,1891,47.519999999999975,79.2333333333333,2002.9000000000003,52.32,75.47
2026-03-11 17:35:00,57.78,79.87,37.65,70.5,1860,2595.3,17,2,51.64,79.55,38.07,56.32,2167.0,1959,51.97666666666664,79.63333333333331,2233.933333333334,52.3,75.89
2026-03-11 17:40:00,50.81,79.05,38.01,56.28,1897,2105.7,17,2,57.78,79.87,37.65,70.5,2595.3,1860,53.409999999999975,79.48999999999997,2289.333333333334,48.71,76.18
2026-03-11 17:45:00,52.32,75.47,37.68,51.34,1859,2123.5,17,2,50.81,79.05,38.01,56.28,2105.7,1897,53.636666666666635,78.12999999999997,2274.833333333334,63.98,77.01
2026-03-11 17:50:00,52.3,75.89,37.49,53.06,1890,1917.1,17,2,52.32,75.47,37.68,51.34,2123.5,1859,51.80999999999997,76.8033333333333,2048.766666666667,41.95,75.7
2026-03-11 17:55:00,48.71,76.18,37.79,57.08,1902,1793.0,17,2,52.3,75.89,37.49,53.06,1917.1,1890,51.109999999999964,75.84666666666664,1944.5333333333338,48.18,74.98
2026-03-11 18:00:00,63.98,77.01,37.91,68.96,1879,2747.8,18,2,48.71,76.18,37.79,57.08,1793.0,1902,54.996666666666634,76.35999999999997,2152.6333333333337,59.72,76.26
2026-03-11 18:05:00,41.95,75.7,38.18,50.09,1859,1706.8,18,2,63.98,77.01,37.91,68.96,2747.8,1879,51.546666666666646,76.29666666666664,2082.5333333333338,58.25,75.44
2026-03-11 18:10:00,48.18,74.98,37.59,50.21,1790,1972.4,18,2,41.95,75.7,38.18,50.09,1706.8,1859,51.36999999999997,75.89666666666665,2142.333333333334,61.36,76.23
2026-03-11 18:15:00,59.72,76.26,37.58,66.58,1936,2551.2,18,2,48.18,74.98,37.59,50.21,1972.4,1790,49.94999999999997,75.64666666666665,2076.8000000000006,60.0,77.53
2026-03-11 18:20:00,58.25,75.44,38.16,63.1,1798,2502.2,18,2,59.72,76.26,37.58,66.58,2551.2,1936,55.383333333333304,75.55999999999999,2341.933333333334,47.05,78.33
2026-03-11 18:25:00,61.36,76.23,38.35,64.42,1858,2327.6,18,2,58.25,75.44,38.16,63.1,2502.2,1798,59.776666666666635,75.97666666666665,2460.3333333333335,62.83,92.03
2026-03-11 18:30:00,60.0,77.53,38.04,61.28,1824,2469.4,18,2,61.36,76.23,38.35,64.42,2327.6,1858,59.86999999999997,76.39999999999996,2433.066666666667,45.15,76.98
2026-03-11 18:35:00,47.05,78.33,37.9,56.62,1747,1787.1,18,2,60.0,77.53,38.04,61.28,2469.4,1824,56.136666666666635,77.3633333333333,2194.7000000000003,44.15,75.47
2026-03-11 18:40:00,62.83,92.03,38.0,70.43,2417,2535.2,18,2,47.05,78.33,37.9,56.62,1787.1,1747,56.62666666666664,82.62999999999998,2263.9000000000005,40.52,73.99
2026-03-11 18:45:00,45.15,76.98,37.44,51.38,1707,1853.6,18,2,62.83,92.03,38.0,70.43,2535.2,2417,51.67666666666664,82.44666666666664,2058.6333333333337,50.17,73.7
2026-03-11 18:50:00,44.15,75.47,37.62,46.74,1687,1751.8,18,2,45.15,76.98,37.44,51.38,1853.6,1707,50.70999999999997,81.49333333333331,2046.8666666666668,38.55,74.16
2026-03-11 18:55:00,40.52,73.99,37.72,46.68,1747,1718.4,18,2,44.15,75.47,37.62,46.74,1751.8,1687,43.27333333333331,75.47999999999998,1774.6000000000004,39.2,73.89
2026-03-11 19:00:00,50.17,73.7,37.96,59.76,1717,2231.3,19,2,40.52,73.99,37.72,46.68,1718.4,1747,44.94666666666664,74.38666666666664,1900.5000000000007,45.78,73.03
2026-03-11 19:05:00,38.55,74.16,37.84,46.26,1590,1658.3,19,2,50.17,73.7,37.96,59.76,2231.3,1717,43.07999999999996,73.94999999999997,1869.3333333333337,41.84,72.92
2026-03-11 19:10:00,39.2,73.89,37.45,51.42,1637,1697.8,19,2,38.55,74.16,37.84,46.26,1658.3,1590,42.63999999999997,73.91666666666663,1862.4666666666672,46.17,72.51
2026-03-11 19:15:00,45.78,73.03,37.68,55.06,1732,1706.1,19,2,39.2,73.89,37.45,51.42,1697.8,1637,41.17666666666664,73.69333333333331,1687.4000000000003,57.77,72.3
2026-03-11 19:20:00,41.84,72.92,38.18,45.95,1734,1524.2,19,2,45.78,73.03,37.68,55.06,1706.1,1732,42.273333333333305,73.27999999999997,1642.7000000000005,36.23,71.41
2026-03-11 19:25:00,46.17,72.51,37.47,46.74,1660,1568.6,19,2,41.84,72.92,38.18,45.95,1524.2,1734,44.596666666666636,72.81999999999998,1599.633333333334,38.65,70.76
2026-03-11 19:30:00,57.77,72.3,38.5,57.69,1542,2148.8,19,2,46.17,72.51,37.47,46.74,1568.6,1660,48.593333333333305,72.57666666666664,1747.2000000000007,36.78,72.01
2026-03-11 19:35:00,36.23,71.41,37.71,48.65,1570,1421.4,19,2,57.77,72.3,38.5,57.69,2148.8,1542,46.7233333333333,72.07333333333331,1712.933333333334,50.32,72.9
2026-03-11 19:40:00,38.65,70.76,37.94,46.86,1567,1560.1,19,2,36.23,71.41,37.71,48.65,1421.4,1570,44.21666666666664,71.48999999999997,1710.1000000000004,43.07,72.62
2026-03-11 19:45:00,36.78,72.01,38.29,44.65,1610,1495.5,19,2,38.65,70.76,37.94,46.86,1560.1,1567,37.21999999999997,71.3933333333333,1492.333333333334,42.41,71.29
2026-03-11 19:50:00,50.32,72.9,37.96,47.41,1505,1967.8,19,2,36.78,72.01,38.29,44.65,1495.5,1610,41.916666666666636,71.88999999999997,1674.4666666666672,43.69,70.88
2026-03-11 19:55:00,43.07,72.62,38.95,54.26,1555,1931.0,19,2,50.32,72.9,37.96,47.41,1967.8,1505,43.389999999999965,72.50999999999998,1798.1000000000004,45.34,70.39
2026-03-11 20:00:00,42.41,71.29,38.3,41.11,1493,1459.4,20,2,43.07,72.62,38.95,54.26,1931.0,1555,45.26666666666663,72.26999999999998,1786.0666666666673,44.25,68.81
2026-03-11 20:05:00,43.69,70.88,37.43,47.78,1559,1587.9,20,2,42.41,71.29,38.3,41.11,1459.4,1493,43.056666666666636,71.59666666666664,1659.4333333333336,41.73,68.44
2026-03-11 20:10:00,45.34,70.39,38.12,53.84,1556,1824.9,20,2,43.69,70.88,37.43,47.78,1587.9,1559,43.813333333333304,70.85333333333331,1624.0666666666673,37.53,68.41
2026-03-11 20:15:00,44.25,68.81,37.75,45.12,1401,1638.9,20,2,45.34,70.39,38.12,53.84,1824.9,1556,44.42666666666664,70.02666666666664,1683.9000000000005,43.44,68.63
2026-03-11 20:20:00,41.73,68.44,37.91,37.7,1437,1437.1,20,2,44.25,68.81,37.75,45.12,1638.9,1401,43.77333333333331,69.21333333333331,1633.633333333334,45.53,68.87
2026-03-11 20:25:00,37.53,68.41,37.26,46.98,1443,1512.4,20,2,41.73,68.44,37.91,37.7,1437.1,1437,41.16999999999997,68.5533333333333,1529.4666666666672,35.8,69.04
2026-03-11 20:30:00,43.44,68.63,38.3,52.02,1501,1730.1,20,2,37.53,68.41,37.26,46.98,1512.4,1443,40.89999999999997,68.4933333333333,1559.866666666667,45.41,68.01
2026-03-11 20:35:00,45.53,68.87,37.57,44.41,1432,1476.9,20,2,43.44,68.63,38.3,52.02,1730.1,1501,42.166666666666636,68.63666666666664,1573.133333333334,48.25,67.76
2026-03-11 20:40:00,35.8,69.04,37.75,40.47,1390,1403.2,20,2,45.53,68.87,37.57,44.41,1476.9,1432,41.58999999999997,68.84666666666664,1536.7333333333336,46.23,67.43
2026-03-11 20:45:00,45.41,68.01,37.99,38.48,1387,1598.9,20,2,35.8,69.04,37.75,40.47,1403.2,1390,42.246666666666634,68.63999999999997,1493.0000000000007,38.31,66.68
2026-03-11 20:50:00,48.25,67.76,37.73,47.77,1359,1710.2,20,2,45.41,68.01,37.99,38.48,1598.9,1387,43.15333333333331,68.26999999999998,1570.766666666667,38.93,66.97
2026-03-11 20:55:00,46.23,67.43,38.02,44.05,1303,1742.4,20,2,48.25,67.76,37.73,47.77,1710.2,1359,46.62999999999997,67.7333333333333,1683.833333333334,40.74,66.91
2026-03-11 21:00:00,38.31,66.68,37.75,44.36,1358,1304.0,21,2,46.23,67.43,38.02,44.05,1742.4,1303,44.2633333333333,67.28999999999998,1585.5333333333338,44.66,66.03
2026-03-11 21:05:00,38.93,66.97,38.57,39.97,1257,1351.8,21,2,38.31,66.68,37.75,44.36,1304.0,1358,41.15666666666664,67.02666666666664,1466.0666666666673,46.43,65.58
2026-03-11 21:10:00,40.74,66.91,38.72,40.53,1323,1311.0,21,2,38.93,66.97,38.57,39.97,1351.8,1257,39.32666666666665,66.85333333333331,1322.266666666667,34.3,66.22
2026-03-11 21:15:00,44.66,66.03,38.02,48.95,1291,1729.7,21,2,40.74,66.91,38.72,40.53,1311.0,1323,41.44333333333331,66.63666666666664,1464.166666666667,35.63,66.36
2026-03-11 21:20:00,46.43,65.58,38.4,42.44,1264,1236.1,21,2,44.66,66.03,38.02,48.95,1729.7,1291,43.94333333333331,66.1733333333333,1425.6000000000004,32.19,65.21
2026-03-11 21:25:00,34.3,66.22,38.46,32.18,1251,1195.5,21,2,46.43,65.58,38.4,42.44,1236.1,1264,41.79666666666663,65.9433333333333,1387.1000000000004,38.84,64.06
2026-03-11 21:30:00,35.63,66.36,38.37,38.81,1197,1397.1,21,2,34.3,66.22,38.46,32.18,1195.5,1251,38.78666666666663,66.0533333333333,1276.2333333333338,44.14,62.48
2026-03-11 21:35:00,32.19,65.21,38.13,40.51,1176,1063.6,21,2,35.63,66.36,38.37,38.81,1397.1,1197,34.03999999999997,65.92999999999996,1218.7333333333336,43.9,61.83
2026-03-11 21:40:00,38.84,64.06,38.67,33.97,1127,1125.1,21,2,32.19,65.21,38.13,40.51,1063.6,1176,35.553333333333306,65.20999999999997,1195.266666666667,37.18,61.07
2026-03-11 21:45:00,44.14,62.48,37.95,40.16,1105,1466.2,21,2,38.84,64.06,38.67,33.97,1125.1,1127,38.38999999999998,63.916666666666636,1218.3000000000004,32.77,61.29
2026-03-11 21:50:00,43.9,61.83,38.26,53.79,1177,1688.8,21,2,44.14,62.48,37.95,40.16,1466.2,1105,42.29333333333331,62.78999999999997,1426.7000000000005,30.12,61.42
2026-03-11 21:55:00,37.18,61.07,38.06,32.18,1176,1063.3,21,2,43.9,61.83,38.26,53.79,1688.8,1177,41.739999999999974,61.7933333333333,1406.1000000000004,41.02,61.59
2026-03-11 22:00:00,32.77,61.29,38.15,31.96,1099,1107.0,22,2,37.18,61.07,38.06,32.18,1063.3,1176,37.949999999999974,61.39666666666664,1286.366666666667,33.88,61.93
2026-03-11 22:05:00,30.12,61.42,37.92,36.13,1007,935.8,22,2,32.77,61.29,38.15,31.96,1107.0,1099,33.35666666666664,61.25999999999997,1035.366666666667,32.05,61.34
2026-03-11 22:10:00,41.02,61.59,37.9,32.55,1120,1022.8,22,2,30.12,61.42,37.92,36.13,935.8,1007,34.636666666666635,61.43333333333331,1021.8666666666671,33.2,59.79
2026-03-11 22:15:00,33.88,61.93,38.3,35.69,1027,1140.2,22,2,41.02,61.59,37.9,32.55,1022.8,1120,35.00666666666664,61.64666666666665,1032.9333333333336,37.68,59.08
2026-03-11 22:20:00,32.05,61.34,38.51,42.13,982,1171.1,22,2,33.88,61.93,38.3,35.69,1140.2,1027,35.64999999999997,61.61999999999997,1111.366666666667,40.9,59.3
2026-03-11 22:25:00,33.2,59.79,38.36,35.76,1041,1177.6,22,2,32.05,61.34,38.51,42.13,1171.1,982,33.0433333333333,61.019999999999975,1162.9666666666672,40.3,59.4
2026-03-11 22:30:00,37.68,59.08,38.69,44.54,1020,1352.9,22,2,33.2,59.79,38.36,35.76,1177.6,1041,34.309999999999974,60.06999999999997,1233.866666666667,31.66,58.51
2026-03-11 22:35:00,40.9,59.3,38.21,43.35,998,1391.9,22,2,37.68,59.08,38.69,44.54,1352.9,1020,37.25999999999997,59.389999999999965,1307.4666666666672,42.42,69.8
2026-03-11 22:40:00,40.3,59.4,38.17,37.62,965,1334.9,22,2,40.9,59.3,38.21,43.35,1391.9,998,39.62666666666663,59.25999999999997,1359.9000000000005,34.94,57.1
2026-03-11 22:45:00,31.66,58.51,38.27,34.18,908,998.3,22,2,40.3,59.4,38.17,37.62,1334.9,965,37.61999999999997,59.069999999999965,1241.7000000000005,33.48,57.12
2026-03-11 22:50:00,42.42,69.8,38.19,47.3,1402,1222.4,22,2,31.66,58.51,38.27,34.18,998.3,908,38.12666666666663,62.56999999999997,1185.2000000000005,62.04,69.75
2026-03-11 22:55:00,34.94,57.1,38.15,36.15,866,1160.7,22,2,42.42,69.8,38.19,47.3,1222.4,1402,36.33999999999997,61.803333333333306,1127.133333333334,34.3,56.4
2026-03-11 23:00:00,33.48,57.12,38.67,31.43,842,1163.8,23,2,34.94,57.1,38.15,36.15,1160.7,866,36.94666666666663,61.339999999999975,1182.3000000000004,46.45,56.13
2026-03-11 23:05:00,62.04,69.75,38.14,53.79,1565,1900.7,23,2,33.48,57.12,38.67,31.43,1163.8,842,43.48666666666663,61.3233333333333,1408.4000000000005,31.01,55.21
2026-03-11 23:10:00,34.3,56.4,38.4,42.83,916,1038.0,23,2,62.04,69.75,38.14,53.79,1900.7,1565,43.27333333333329,61.089999999999975,1367.5000000000007,30.63,54.57
2026-03-11 23:15:00,46.45,56.13,37.99,45.16,871,1269.6,23,2,34.3,56.4,38.4,42.83,1038.0,916,47.596666666666636,60.75999999999997,1402.766666666667,39.64,55.41
2026-03-11 23:20:00,31.01,55.21,38.6,37.59,840,911.6,23,2,46.45,56.13,37.99,45.16,1269.6,871,37.2533333333333,55.913333333333306,1073.0666666666673,29.17,55.35
2026-03-11 23:25:00,30.63,54.57,38.94,35.37,833,1013.3,23,2,31.01,55.21,38.6,37.59,911.6,840,36.029999999999966,55.303333333333306,1064.8333333333337,32.64,54.78
2026-03-11 23:30:00,39.64,55.41,38.46,28.7,831,1068.9,23,2,30.63,54.57,38.94,35.37,1013.3,833,33.75999999999997,55.063333333333304,997.9333333333337,32.57,55.19
2026-03-11 23:35:00,29.17,55.35,39.31,32.84,777,856.8,23,2,39.64,55.41,38.46,28.7,1068.9,831,33.14666666666663,55.109999999999964,979.6666666666671,29.8,53.72
2026-03-11 23:40:00,32.64,54.78,38.28,28.99,756,889.1,23,2,29.17,55.35,39.31,32.84,856.8,777,33.816666666666634,55.17999999999997,938.266666666667,28.42,52.65
2026-03-11 23:45:00,32.57,55.19,39.2,31.48,736,851.5,23,2,32.64,54.78,38.28,28.99,889.1,756,31.45999999999997,55.106666666666634,865.8000000000003,26.35,52.92
2026-03-11 23:50:00,29.8,53.72,38.8,29.28,719,762.7,23,2,32.57,55.19,39.2,31.48,851.5,736,31.66999999999997,54.563333333333304,834.4333333333337,32.18,53.86
2026-03-11 23:55:00,28.42,52.65,38.51,36.27,796,924.3,23,2,29.8,53.72,38.8,29.28,762.7,719,30.263333333333303,53.8533333333333,846.1666666666671,32.93,53.85
2026-03-12 00:00:00,26.35,52.92,34.66,22.61,769,711.7,0,3,28.42,52.65,38.51,36.27,924.3,796,28.18999999999997,53.096666666666636,799.5666666666671,41.09,53.21
2026-03-12 00:05:00,32.18,53.86,35.32,31.91,720,930.6,0,3,26.35,52.92,34.66,22.61,711.7,769,28.983333333333302,53.14333333333331,855.5333333333338,24.9,53.39
2026-03-12 00:10:00,32.93,53.85,34.87,32.08,743,1024.7,0,3,32.18,53.86,35.32,31.91,930.6,720,30.486666666666633,53.5433333333333,889.0000000000005,26.39,53.87
2026-03-12 00:15:00,41.09,53.21,34.94,33.1,673,937.8,0,3,32.93,53.85,34.87,32.08,1024.7,743,35.39999999999997,53.639999999999965,964.3666666666671,29.19,54.38
2026-03-12 00:20:00,24.9,53.39,34.78,30.98,696,861.8,0,3,41.09,53.21,34.94,33.1,937.8,673,32.9733333333333,53.48333333333331,941.4333333333337,36.09,55.23
2026-03-12 00:25:00,26.39,53.87,34.96,26.76,711,781.6,0,3,24.9,53.39,34.78,30.98,861.8,696,30.793333333333297,53.489999999999974,860.4000000000004,31.23,54.5
2026-03-12 00:30:00,29.19,54.38,34.72,22.75,691,805.5,0,3,26.39,53.87,34.96,26.76,781.6,711,26.826666666666636,53.879999999999974,816.3000000000003,25.32,52.38
2026-03-12 00:35:00,36.09,55.23,35.2,34.05,730,734.8,0,3,29.19,54.38,34.72,22.75,805.5,691,30.556666666666633,54.493333333333304,773.966666666667,26.76,51.38
2026-03-12 00:40:00,31.23,54.5,35.4,31.96,619,889.6,0,3,36.09,55.23,35.2,34.05,734.8,730,32.169999999999966,54.7033333333333,809.9666666666672,27.52,50.74
2026-03-12 00:45:00,25.32,52.38,35.45,24.46,523,684.3,0,3,31.23,54.5,35.4,31.96,889.6,619,30.87999999999997,54.03666666666663,769.5666666666671,18.27,49.39
2026-03-12 00:50:00,26.76,51.38,35.13,30.69,608,574.9,0,3,25.32,52.38,35.45,24.46,684.3,523,27.76999999999997,52.75333333333331,716.266666666667,22.01,49.72
2026-03-12 00:55:00,27.52,50.74,34.82,24.1,627,709.7,0,3,26.76,51.38,35.13,30.69,574.9,608,26.533333333333303,51.49999999999998,656.3000000000003,33.15,49.05
2026-03-12 01:00:00,18.27,49.39,35.06,20.63,552,547.5,1,3,27.52,50.74,34.82,24.1,709.7,627,24.183333333333305,50.50333333333331,610.7000000000004,32.79,49.1
2026-03-12 01:05:00,22.01,49.72,35.07,25.68,506,480.1,1,3,18.27,49.39,35.06,20.63,547.5,552,22.59999999999997,49.94999999999997,579.1000000000004,20.75,47.91
2026-03-12 01:10:00,33.15,49.05,34.8,27.85,540,712.7,1,3,22.01,49.72,35.07,25.68,480.1,506,24.476666666666635,49.386666666666635,580.1000000000005,27.82,47.46
2026-03-12 01:15:00,32.79,49.1,35.2,34.02,627,815.8,1,3,33.15,49.05,34.8,27.85,712.7,540,29.316666666666634,49.28999999999997,669.5333333333336,19.98,47.51
2026-03-12 01:20:00,20.75,47.91,35.73,29.47,478,604.3,1,3,32.79,49.1,35.2,34.02,815.8,627,28.896666666666633,48.68666666666664,710.9333333333337,30.62,48.81
2026-03-12 01:25:00,27.82,47.46,34.28,23.66,525,720.4,1,3,20.75,47.91,35.73,29.47,604.3,478,27.119999999999965,48.15666666666664,713.5000000000003,25.34,47.85
2026-03-12 01:30:00,19.98,47.51,34.82,22.19,445,452.5,1,3,27.82,47.46,34.28,23.66,720.4,525,22.84999999999997,47.62666666666664,592.4000000000004,19.31,49.35
2026-03-12 01:35:00,30.62,48.81,34.65,20.2,481,541.6,1,3,19.98,47.51,34.82,22.19,452.5,445,26.13999999999997,47.92666666666664,571.5000000000003,29.18,48.65
2026-03-12 01:40:00,25.34,47.85,35.51,24.12,531,510.9,1,3,30.62,48.81,34.65,20.2,541.6,481,25.313333333333304,48.056666666666636,501.666666666667,29.09,48.28
2026-03-12 01:45:00,19.31,49.35,35.33,20.13,575,592.3,1,3,25.34,47.85,35.51,24.12,510.9,531,25.089999999999964,48.66999999999998,548.266666666667,25.91,49.57
2026-03-12 01:50:00,29.18,48.65,35.28,19.55,498,613.7,1,3,19.31,49.35,35.33,20.13,592.3,575,24.609999999999967,48.61666666666664,572.3000000000004,25.58,50.14
2026-03-12 01:55:00,29.09,48.28,35.46,29.57,502,674.5,1,3,29.18,48.65,35.28,19.55,613.7,498,25.859999999999967,48.75999999999997,626.8333333333337,20.31,48.5
2026-03-12 02:00:00,25.91,49.57,35.58,15.95,505,563.2,2,3,29.09,48.28,35.46,29.57,674.5,502,28.05999999999997,48.83333333333331,617.1333333333338,67.95,48.1
2026-03-12 02:05:00,25.58,50.14,34.65,23.29,479,580.8,2,3,25.91,49.57,35.58,15.95,563.2,505,26.859999999999967,49.32999999999998,606.1666666666671,20.69,46.4
2026-03-12 02:10:00,20.31,48.5,35.54,22.38,420,498.1,2,3,25.58,50.14,34.65,23.29,580.8,479,23.933333333333298,49.40333333333331,547.3666666666671,20.65,46.12
2026-03-12 02:15:00,67.95,48.1,34.83,24.59,521,702.8,2,3,20.31,48.5,35.54,22.38,498.1,420,37.94666666666664,48.913333333333306,593.9000000000004,28.65,44.61
2026-03-12 02:20:00,20.69,46.4,35.51,21.57,425,561.3,2,3,67.95,48.1,34.83,24.59,702.8,521,36.316666666666634,47.666666666666636,587.4000000000004,20.9,43.34
2026-03-12 02:25:00,20.65,46.12,35.7,17.57,476,423.7,2,3,20.69,46.4,35.51,21.57,561.3,425,36.42999999999997,46.8733333333333,562.6000000000004,21.46,43.11
2026-03-12 02:30:00,28.65,44.61,35.05,26.32,379,481.7,2,3,20.65,46.12,35.7,17.57,423.7,476,23.329999999999966,45.70999999999997,488.9000000000004,25.7,43.38
2026-03-12 02:35:00,20.9,43.34,35.01,21.59,377,518.4,2,3,28.65,44.61,35.05,26.32,481.7,379,23.399999999999967,44.68999999999997,474.60000000000036,27.93,45.14
2026-03-12 02:40:00,21.46,43.11,34.56,19.26,464,513.5,2,3,20.9,43.34,35.01,21.59,518.4,377,23.669999999999963,43.68666666666664,504.5333333333337,15.93,45.34
2026-03-12 02:45:00,25.7,43.38,35.28,27.17,455,609.8,2,3,21.46,43.11,34.56,19.26,513.5,464,22.686666666666635,43.27666666666664,547.2333333333337,19.25,46.0
2026-03-12 02:50:00,27.93,45.14,35.37,26.07,382,556.2,2,3,25.7,43.38,35.28,27.17,609.8,455,25.029999999999962,43.87666666666664,559.8333333333337,24.6,46.31
2026-03-12 02:55:00,15.93,45.34,35.29,22.74,413,471.3,2,3,27.93,45.14,35.37,26.07,556.2,382,23.186666666666635,44.619999999999976,545.766666666667,21.35,44.56
2026-03-12 03:00:00,19.25,46.0,35.05,16.67,419,394.8,3,3,15.93,45.34,35.29,22.74,471.3,413,21.036666666666633,45.49333333333331,474.10000000000036,25.26,44.8
2026-03-12 03:05:00,24.6,46.31,35.21,13.63,313,320.5,3,3,19.25,46.0,35.05,16.67,394.8,419,19.926666666666634,45.883333333333304,395.53333333333376,22.51,44.25
2026-03-12 03:10:00,21.35,44.56,34.9,23.37,394,534.5,3,3,24.6,46.31,35.21,13.63,320.5,313,21.733333333333302,45.623333333333306,416.60000000000036,24.97,44.77
2026-03-12 03:15:00,25.26,44.8,35.66,28.54,424,410.4,3,3,21.35,44.56,34.9,23.37,534.5,394,23.736666666666636,45.2233333333333,421.80000000000035,27.52,44.3
2026-03-12 03:20:00,22.51,44.25,35.93,24.27,428,421.1,3,3,25.26,44.8,35.66,28.54,410.4,424,23.039999999999967,44.53666666666663,455.3333333333337,22.68,43.64
2026-03-12 03:25:00,24.97,44.77,36.08,29.87,436,553.2,3,3,22.51,44.25,35.93,24.27,421.1,428,24.24666666666663,44.606666666666634,461.56666666666706,17.7,43.46
2026-03-12 03:30:00,27.52,44.3,35.51,27.65,399,591.0,3,3,24.97,44.77,36.08,29.87,553.2,436,24.999999999999968,44.439999999999976,521.766666666667,20.65,43.57
2026-03-12 03:35:00,22.68,43.64,35.6,21.04,301,424.1,3,3,27.52,44.3,35.51,27.65,591.0,399,25.056666666666633,44.23666666666664,522.7666666666671,23.34,43.86
2026-03-12 03:40:00,17.7,43.46,35.51,23.15,432,465.8,3,3,22.68,43.64,35.6,21.04,424.1,301,22.633333333333297,43.799999999999976,493.6333333333337,24.18,43.37
2026-03-12 03:45:00,20.65,43.57,35.91,22.11,397,496.2,3,3,17.7,43.46,35.51,23.15,465.8,432,20.3433333333333,43.556666666666636,462.03333333333376,29.37,43.66
2026-03-12 03:50:00,23.34,43.86,35.54,21.83,359,430.4,3,3,20.65,43.57,35.91,22.11,496.2,397,20.5633333333333,43.629999999999974,464.13333333333367,29.57,45.4
2026-03-12 03:55:00,24.18,43.37,35.35,23.22,461,683.3,3,3,23.34,43.86,35.54,21.83,430.4,359,22.7233333333333,43.599999999999966,536.6333333333337,26.49,45.05
2026-03-12 04:00:00,29.37,43.66,35.35,25.02,439,613.0,4,3,24.18,43.37,35.35,23.22,683.3,461,25.629999999999967,43.62999999999997,575.5666666666671,30.7,45.26
2026-03-12 04:05:00,29.57,45.4,35.28,25.61,456,601.1,4,3,29.37,43.66,35.35,25.02,613.0,439,27.70666666666663,44.143333333333295,632.466666666667,29.69,45.2
2026-03-12 04:10:00,26.49,45.05,36.01,22.46,449,494.8,4,3,29.57,45.4,35.28,25.61,601.1,456,28.476666666666635,44.7033333333333,569.6333333333338,21.32,46.49
2026-03-12 04:15:00,30.7,45.26,35.56,21.09,431,583.8,4,3,26.49,45.05,36.01,22.46,494.8,449,28.91999999999997,45.23666666666663,559.9000000000003,19.76,46.36
2026-03-12 04:20:00,29.69,45.2,35.44,20.89,447,415.1,4,3,30.7,45.26,35.56,21.09,583.8,431,28.959999999999965,45.169999999999966,497.9000000000004,13.02,45.76
2026-03-12 04:25:00,21.32,46.49,35.36,11.15,448,437.1,4,3,29.69,45.2,35.44,20.89,415.1,447,27.236666666666636,45.64999999999998,478.666666666667,21.22,44.14
2026-03-12 04:30:00,19.76,46.36,35.43,24.4,431,398.0,4,3,21.32,46.49,35.36,11.15,437.1,448,23.589999999999964,46.016666666666644,416.73333333333375,22.4,45.56
2026-03-12 04:35:00,13.02,45.76,35.47,23.05,340,400.1,4,3,19.76,46.36,35.43,24.4,398.0,431,18.033333333333303,46.2033333333333,411.73333333333375,25.1,46.0
2026-03-12 04:40:00,21.22,44.14,35.81,22.36,473,422.8,4,3,13.02,45.76,35.47,23.05,400.1,340,17.999999999999968,45.419999999999966,406.9666666666671,24.27,45.55
2026-03-12 04:45:00,22.4,45.56,35.75,26.55,454,556.8,4,3,21.22,44.14,35.81,22.36,422.8,473,18.879999999999967,45.15333333333331,459.9000000000004,25.42,45.08
2026-03-12 04:50:00,25.1,46.0,35.58,20.86,428,525.2,4,3,22.4,45.56,35.75,26.55,556.8,454,22.906666666666634,45.23333333333331,501.60000000000036,17.38,45.48
2026-03-12 04:55:00,24.27,45.55,35.63,11.28,434,402.8,4,3,25.1,46.0,35.58,20.86,525.2,428,23.9233333333333,45.7033333333333,494.9333333333338,18.11,45.18
2026-03-12 05:00:00,25.42,45.08,35.27,28.13,480,544.5,5,3,24.27,45.55,35.63,11.28,402.8,434,24.929999999999968,45.5433333333333,490.83333333333377,22.83,44.84
2026-03-12 05:05:00,17.38,45.48,35.86,22.59,458,477.7,5,3,25.42,45.08,35.27,28.13,544.5,480,22.356666666666637,45.36999999999997,475.00000000000045,23.95,46.0
2026-03-12 05:10:00,18.11,45.18,34.94,17.15,473,453.0,5,3,17.38,45.48,35.86,22.59,477.7,458,20.3033333333333,45.24666666666664,491.7333333333338,21.56,45.4
2026-03-12 05:15:00,22.83,44.84,35.55,25.71,483,646.0,5,3,18.11,45.18,34.94,17.15,453.0,473,19.439999999999966,45.166666666666636,525.5666666666672,28.33,45.01
2026-03-12 05:20:00,23.95,46.0,35.33,27.43,506,533.9,5,3,22.83,44.84,35.55,25.71,646.0,483,21.629999999999967,45.339999999999975,544.3000000000005,22.83,44.42
2026-03-12 05:25:00,21.56,45.4,35.73,20.56,418,476.2,5,3,23.95,46.0,35.33,27.43,533.9,506,22.77999999999997,45.4133333333333,552.0333333333338,32.56,44.72
2026-03-12 05:30:00,28.33,45.01,36.16,28.64,489,616.9,5,3,21.56,45.4,35.73,20.56,476.2,418,24.6133333333333,45.46999999999997,542.3333333333338,20.04,45.15
2026-03-12 05:35:00,22.83,44.42,35.59,23.45,552,574.2,5,3,28.33,45.01,36.16,28.64,616.9,489,24.239999999999966,44.9433333333333,555.7666666666671,23.71,45.17
2026-03-12 05:40:00,32.56,44.72,35.48,26.81,493,670.3,5,3,22.83,44.42,35.59,23.45,574.2,552,27.906666666666634,44.71666666666664,620.4666666666672,21.69,45.7
2026-03-12 05:45:00,20.04,45.15,35.07,34.81,551,573.7,5,3,32.56,44.72,35.48,26.81,670.3,493,25.1433333333333,44.7633333333333,606.0666666666672,23.17,44.39
2026-03-12 05:50:00,23.71,45.17,35.67,18.07,461,420.7,5,3,20.04,45.15,35.07,34.81,573.7,551,25.436666666666635,45.0133333333333,554.9000000000004,25.3,43.02
2026-03-12 05:55:00,21.69,45.7,36.06,30.86,539,523.4,5,3,23.71,45.17,35.67,18.07,420.7,461,21.8133333333333,45.339999999999975,505.9333333333338,27.67,43.04
2026-03-12 06:00:00,23.17,44.39,36.28,27.88,567,682.4,6,3,21.69,45.7,36.06,30.86,523.4,539,22.856666666666637,45.086666666666645,542.1666666666671,30.34,44.55
2026-03-12 06:05:00,25.3,43.02,35.68,23.16,486,525.8,6,3,23.17,44.39,36.28,27.88,682.4,567,23.38666666666664,44.369999999999976,577.2000000000004,21.27,45.92
2026-03-12 06:10:00,27.67,43.04,35.6,24.3,551,595.0,6,3,25.3,43.02,35.68,23.16,525.8,486,25.379999999999967,43.48333333333331,601.0666666666671,34.54,45.46
2026-03-12 06:15:00,30.34,44.55,36.03,19.59,619,725.8,6,3,27.67,43.04,35.6,24.3,595.0,551,27.769999999999968,43.53666666666663,615.5333333333338,29.42,46.47
2026-03-12 06:20:00,21.27,45.92,35.66,21.3,547,561.9,6,3,30.34,44.55,36.03,19.59,725.8,619,26.426666666666634,44.5033333333333,627.5666666666672,21.27,46.77
2026-03-12 06:25:00,34.54,45.46,35.87,24.18,614,806.8,6,3,21.27,45.92,35.66,21.3,561.9,547,28.71666666666663,45.309999999999974,698.166666666667,36.57,48.83
2026-03-12 06:30:00,29.42,46.47,36.03,25.56,608,745.8,6,3,34.54,45.46,35.87,24.18,806.8,614,28.409999999999968,45.94999999999997,704.8333333333338,31.33,49.26
2026-03-12 06:35:00,21.27,46.77,35.94,30.02,616,679.7,6,3,29.42,46.47,36.03,25.56,745.8,608,28.409999999999968,46.23333333333331,744.1000000000004,26.21,49.01
2026-03-12 06:40:00,36.57,48.83,35.88,34.48,716,971.9,6,3,21.27,46.77,35.94,30.02,679.7,616,29.086666666666634,47.356666666666634,799.1333333333338,30.97,48.85
2026-03-12 06:45:00,31.33,49.26,36.19,26.56,703,817.5,6,3,36.57,48.83,35.88,34.48,971.9,716,29.7233333333333,48.28666666666663,823.0333333333338,35.08,50.46
2026-03-12 06:50:00,26.21,49.01,35.59,23.87,597,568.7,6,3,31.33,49.26,36.19,26.56,817.5,703,31.369999999999965,49.0333333333333,786.0333333333338,22.49,49.97
2026-03-12 06:55:00,30.97,48.85,36.09,35.94,624,934.3,6,3,26.21,49.01,35.59,23.87,568.7,597,29.5033333333333,49.03999999999997,773.5000000000005,30.16,49.89
2026-03-12 07:00:00,35.08,50.46,36.23,36.18,653,954.6,7,3,30.97,48.85,36.09,35.94,934.3,624,30.7533333333333,49.439999999999976,819.2000000000004,26.13,50.85
2026-03-12 07:05:00,22.49,49.97,36.06,38.56,636,737.7,7,3,35.08,50.46,36.23,36.18,954.6,653,29.513333333333296,49.75999999999997,875.5333333333338,25.82,50.65
2026-03-12 07:10:00,30.16,49.89,36.28,33.9,701,903.3,7,3,22.49,49.97,36.06,38.56,737.7,636,29.243333333333297,50.10666666666665,865.2000000000004,35.57,51.14
2026-03-12 07:15:00,26.13,50.85,35.63,28.56,685,692.5,7,3,30.16,49.89,36.28,33.9,903.3,701,26.259999999999962,50.23666666666664,777.8333333333338,33.24,52.75
2026-03-12 07:20:00,25.82,50.65,35.9,32.23,739,944.9,7,3,26.13,50.85,35.63,28.56,692.5,685,27.369999999999965,50.46333333333331,846.9000000000004,22.24,52.69
2026-03-12 07:25:00,35.57,51.14,36.48,34.99,838,1078.1,7,3,25.82,50.65,35.9,32.23,944.9,739,29.1733333333333,50.879999999999974,905.166666666667,29.62,52.07
2026-03-12 07:30:00,33.24,52.75,35.46,36.0,850,1049.1,7,3,35.57,51.14,36.48,34.99,1078.1,838,31.543333333333297,51.5133333333333,1024.0333333333338,24.03,52.86
2026-03-12 07:35:00,22.24,52.69,35.67,27.47,800,861.8,7,3,33.24,52.75,35.46,36.0,1049.1,850,30.349999999999962,52.19333333333331,996.3333333333336,35.08,52.12
2026-03-12 07:40:00,29.62,52.07,36.16,34.2,684,790.5,7,3,22.24,52.69,35.67,27.47,861.8,800,28.36666666666663,52.5033333333333,900.466666666667,33.79,54.03
2026-03-12 07:45:00,24.03,52.86,35.99,33.03,854,826.3,7,3,29.62,52.07,36.16,34.2,790.5,684,25.296666666666635,52.53999999999997,826.2000000000004,25.09,53.25
2026-03-12 07:50:00,35.08,52.12,36.38,34.91,827,1041.6,7,3,24.03,52.86,35.99,33.03,826.3,854,29.576666666666636,52.349999999999966,886.1333333333337,41.15,54.74
2026-03-12 07:55:00,33.79,54.03,36.11,39.01,930,1122.2,7,3,35.08,52.12,36.38,34.91,1041.6,827,30.96666666666663,53.00333333333331,996.7000000000004,29.97,55.36
2026-03-12 08:00:00,25.09,53.25,36.22,35.08,901,983.0,8,3,33.79,54.03,36.11,39.01,1122.2,930,31.319999999999965,53.133333333333304,1048.9333333333336,37.21,54.77
2026-03-12 08:05:00,41.15,54.74,35.54,35.71,809,1081.6,8,3,25.09,53.25,36.22,35.08,983.0,901,33.3433333333333,54.00666666666664,1062.266666666667,32.92,55.61
2026-03-12 08:10:00,29.97,55.36,36.24,39.08,856,1063.1,8,3,41.15,54.74,35.54,35.71,1081.6,809,32.069999999999965,54.44999999999997,1042.5666666666668,32.38,55.46
2026-03-12 08:15:00,37.21,54.77,36.11,35.12,983,1198.6,8,3,29.97,55.36,36.24,39.08,1063.1,856,36.109999999999964,54.95666666666664,1114.4333333333336,39.11,56.76
2026-03-12 08:20:00,32.92,55.61,36.57,29.26,923,1106.0,8,3,37.21,54.77,36.11,35.12,1198.6,983,33.366666666666625,55.246666666666634,1122.5666666666668,28.03,56.53
2026-03-12 08:25:00,32.38,55.46,36.43,37.62,914,955.7,8,3,32.92,55.61,36.57,29.26,1106.0,923,34.169999999999966,55.27999999999997,1086.766666666667,31.92,56.25
2026-03-12 08:30:00,39.11,56.76,35.84,37.63,956,1315.5,8,3,32.38,55.46,36.43,37.62,955.7,914,34.8033333333333,55.94333333333331,1125.7333333333338,35.16,56.68
2026-03-12 08:35:00,28.03,56.53,35.63,29.59,993,947.6,8,3,39.11,56.76,35.84,37.63,1315.5,956,33.1733333333333,56.24999999999997,1072.9333333333336,30.96,55.89
2026-03-12 08:40:00,31.92,56.25,36.12,33.54,954,1108.8,8,3,28.03,56.53,35.63,29.59,947.6,993,33.01999999999996,56.5133333333333,1123.9666666666672,42.95,56.55
2026-03-12 08:45:00,35.16,56.68,35.79,31.9,1102,942.6,8,3,31.92,56.25,36.12,33.54,1108.8,954,31.703333333333294,56.48666666666664,999.6666666666671,34.68,57.29
2026-03-12 08:50:00,30.96,55.89,36.52,35.76,995,978.0,8,3,35.16,56.68,35.79,31.9,942.6,1102,32.67999999999996,56.273333333333305,1009.8000000000003,37.83,58.27
2026-03-12 08:55:00,42.95,56.55,36.22,46.61,1071,1447.2,8,3,30.96,55.89,36.52,35.76,978.0,995,36.35666666666663,56.373333333333306,1122.6000000000006,38.57,57.15
2026-03-12 09:00:00,34.68,57.29,36.14,43.62,1087,1299.5,9,3,42.95,56.55,36.22,46.61,1447.2,1071,36.19666666666663,56.57666666666663,1241.5666666666673,33.14,58.03
2026-03-12 09:05:00,37.83,58.27,36.96,38.85,1082,1249.0,9,3,34.68,57.29,36.14,43.62,1299.5,1087,38.48666666666663,57.369999999999976,1331.9000000000005,38.51,59.32
2026-03-12 09:10:00,38.57,57.15,36.16,37.74,1056,1263.4,9,3,37.83,58.27,36.96,38.85,1249.0,1082,37.02666666666662,57.56999999999997,1270.633333333334,40.28,60.09
2026-03-12 09:15:00,33.14,58.03,36.21,31.88,1029,1179.2,9,3,38.57,57.15,36.16,37.74,1263.4,1056,36.51333333333329,57.81666666666664,1230.5333333333338,30.78,59.13
2026-03-12 09:20:00,38.51,59.32,36.15,38.46,1100,1201.1,9,3,33.14,58.03,36.21,31.88,1179.2,1029,36.73999999999996,58.166666666666636,1214.5666666666673,40.4,59.56
2026-03-12 09:25:00,40.28,60.09,36.12,42.55,1185,1469.4,9,3,38.51,59.32,36.15,38.46,1201.1,1100,37.30999999999997,59.14666666666664,1283.2333333333338,35.66,61.39
2026-03-12 09:30:00,30.78,59.13,35.9,35.55,1113,1017.3,9,3,40.28,60.09,36.12,42.55,1469.4,1185,36.52333333333329,59.5133333333333,1229.266666666667,38.99,60.78
2026-03-12 09:35:00,40.4,59.56,36.14,41.18,1147,1655.9,9,3,30.78,59.13,35.9,35.55,1017.3,1113,37.1533333333333,59.593333333333305,1380.8666666666675,37.07,60.15
2026-03-12 09:40:00,35.66,61.39,36.65,34.19,1259,1204.6,9,3,40.4,59.56,36.14,41.18,1655.9,1147,35.613333333333294,60.02666666666664,1292.6000000000004,41.88,59.69
2026-03-12 09:45:00,38.99,60.78,36.36,46.43,1273,1384.2,9,3,35.66,61.39,36.65,34.19,1204.6,1259,38.34999999999996,60.57666666666663,1414.9000000000005,40.86,60.03
2026-03-12 09:50:00,37.07,60.15,35.87,44.16,1272,1415.8,9,3,38.99,60.78,36.36,46.43,1384.2,1273,37.23999999999996,60.773333333333305,1334.866666666667,33.78,59.71
2026-03-12 09:55:00,41.88,59.69,36.63,44.96,1275,1516.9,9,3,37.07,60.15,35.87,44.16,1415.8,1272,39.3133333333333,60.20666666666664,1438.9666666666672,46.99,61.06
2026-03-12 10:00:00,40.86,60.03,36.5,37.88,1286,1193.0,10,3,41.88,59.69,36.63,44.96,1516.9,1275,39.93666666666663,59.95666666666664,1375.2333333333338,34.52,60.81
2026-03-12 10:05:00,33.78,59.71,36.47,39.04,1326,1224.8,10,3,40.86,60.03,36.5,37.88,1193.0,1286,38.83999999999997,59.80999999999997,1311.5666666666673,46.8,61.43
2026-03-12 10:10:00,46.99,61.06,36.51,41.49,1276,1530.9,10,3,33.78,59.71,36.47,39.04,1224.8,1326,40.543333333333294,60.26666666666663,1316.2333333333338,42.52,61.77
2026-03-12 10:15:00,34.52,60.81,35.96,37.61,1293,1157.9,10,3,46.99,61.06,36.51,41.49,1530.9,1276,38.429999999999964,60.52666666666664,1304.5333333333338,36.39,62.48
2026-03-12 10:20:00,46.8,61.43,36.81,30.74,1393,1393.4,10,3,34.52,60.81,35.96,37.61,1157.9,1293,42.76999999999996,61.09999999999997,1360.7333333333338,45.91,63.83
2026-03-12 10:25:00,42.52,61.77,36.65,49.98,1442,1636.8,10,3,46.8,61.43,36.81,30.74,1393.4,1393,41.279999999999966,61.336666666666645,1396.033333333334,40.21,65.94
2026-03-12 10:30:00,36.39,62.48,36.4,38.95,1406,1255.0,10,3,42.52,61.77,36.65,49.98,1636.8,1442,41.9033333333333,61.89333333333331,1428.4000000000003,33.51,66.07
2026-03-12 10:35:00,45.91,63.83,36.48,55.53,1369,1889.7,10,3,36.39,62.48,36.4,38.95,1255.0,1406,41.60666666666663,62.6933333333333,1593.833333333334,48.07,66.69
2026-03-12 10:40:00,40.21,65.94,36.59,43.63,1512,1507.4,10,3,45.91,63.83,36.48,55.53,1889.7,1369,40.83666666666662,64.0833333333333,1550.7000000000005,58.42,67.58
2026-03-12 10:45:00,33.51,66.07,36.26,37.98,1376,1273.9,10,3,40.21,65.94,36.59,43.63,1507.4,1512,39.87666666666663,65.27999999999997,1557.0000000000007,48.05,67.91
2026-03-12 10:50:00,48.07,66.69,36.58,55.18,1421,2041.5,10,3,33.51,66.07,36.26,37.98,1273.9,1376,40.59666666666663,66.23333333333329,1607.6000000000006,45.46,68.59
2026-03-12 10:55:00,58.42,67.58,36.48,42.57,1329,1814.5,10,3,48.07,66.69,36.58,55.18,2041.5,1421,46.66666666666663,66.77999999999996,1709.9666666666672,36.09,68.15
2026-03-12 11:00:00,48.05,67.91,36.95,49.6,1474,1693.0,11,3,58.42,67.58,36.48,42.57,1814.5,1329,51.5133333333333,67.3933333333333,1849.6666666666672,49.6,67.91
2026-03-12 11:05:00,45.46,68.59,36.71,42.24,1498,1776.6,11,3,48.05,67.91,36.95,49.6,1693.0,1474,50.643333333333295,68.02666666666663,1761.366666666667,60.16,69.23
2026-03-12 11:10:00,36.09,68.15,36.41,36.92,1518,1376.8,11,3,45.46,68.59,36.71,42.24,1776.6,1498,43.19999999999996,68.21666666666663,1615.4666666666672,44.09,68.89
2026-03-12 11:15:00,49.6,67.91,36.39,56.04,1595,1864.4,11,3,36.09,68.15,36.41,36.92,1376.8,1518,43.71666666666663,68.21666666666663,1672.6000000000004,43.85,69.33
2026-03-12 11:20:00,60.16,69.23,36.81,63.14,1559,2252.8,11,3,49.6,67.91,36.39,56.04,1864.4,1595,48.616666666666625,68.42999999999996,1831.333333333334,40.32,69.31
2026-03-12 11:25:00,44.09,68.89,36.98,40.42,1625,1590.3,11,3,60.16,69.23,36.81,63.14,2252.8,1559,51.283333333333296,68.67666666666663,1902.5000000000007,50.13,70.98
2026-03-12 11:30:00,43.85,69.33,36.82,53.32,1641,1842.3,11,3,44.09,68.89,36.98,40.42,1590.3,1625,49.366666666666625,69.14999999999996,1895.133333333334,49.96,69.42
2026-03-12 11:35:00,40.32,69.31,37.26,46.73,1637,1714.0,11,3,43.85,69.33,36.82,53.32,1842.3,1641,42.753333333333295,69.17666666666663,1715.5333333333338,44.13,70.05
2026-03-12 11:40:00,50.13,70.98,36.43,59.5,1571,2039.5,11,3,40.32,69.31,37.26,46.73,1714.0,1637,44.76666666666663,69.8733333333333,1865.266666666667,44.32,69.62
2026-03-12 11:45:00,49.96,69.42,36.58,54.22,1588,1931.4,11,3,50.13,70.98,36.43,59.5,2039.5,1571,46.803333333333306,69.90333333333331,1894.9666666666672,41.07,68.58
2026-03-12 11:50:00,44.13,70.05,36.47,50.95,1598,1708.8,11,3,49.96,69.42,36.58,54.22,1931.4,1588,48.073333333333295,70.14999999999996,1893.2333333333338,42.97,68.44
2026-03-12 11:55:00,44.32,69.62,36.49,56.77,1662,2119.2,11,3,44.13,70.05,36.47,50.95,1708.8,1598,46.136666666666635,69.69666666666664,1919.8000000000004,50.97,68.81
2026-03-12 12:00:00,41.07,68.58,36.04,43.64,1588,1507.1,12,3,44.32,69.62,36.49,56.77,2119.2,1662,43.1733333333333,69.41666666666663,1778.366666666667,49.85,70.45
2026-03-12 12:05:00,42.97,68.44,36.83,49.61,1637,1356.3,12,3,41.07,68.58,36.04,43.64,1507.1,1588,42.78666666666663,68.87999999999995,1660.866666666667,56.33,70.69
2026-03-12 12:10:00,50.97,68.81,37.11,60.3,1724,2331.7,12,3,42.97,68.44,36.83,49.61,1356.3,1637,45.003333333333295,68.60999999999996,1731.7000000000005,48.07,70.06
2026-03-12 12:15:00,49.85,70.45,37.34,56.96,1768,2081.8,12,3,50.97,68.81,37.11,60.3,2331.7,1724,47.92999999999997,69.2333333333333,1923.266666666667,41.84,70.18
2026-03-12 12:20:00,56.33,70.69,36.39,62.45,1761,2520.3,12,3,49.85,70.45,37.34,56.96,2081.8,1768,52.3833333333333,69.9833333333333,2311.266666666667,48.59,71.56
2026-03-12 12:25:00,48.07,70.06,36.86,52.42,1853,1952.7,12,3,56.33,70.69,36.39,62.45,2520.3,1761,51.41666666666663,70.39999999999996,2184.933333333334,57.85,73.09
2026-03-12 12:30:00,41.84,70.18,36.8,49.01,1814,1798.8,12,3,48.07,70.06,36.86,52.42,1952.7,1853,48.746666666666634,70.30999999999996,2090.6000000000004,50.1,74.54
2026-03-12 12:35:00,48.59,71.56,36.91,47.45,1771,1903.6,12,3,41.84,70.18,36.8,49.01,1798.8,1814,46.16666666666663,70.59999999999997,1885.0333333333338,49.06,74.66
2026-03-12 12:40:00,57.85,73.09,36.6,51.52,1778,2243.7,12,3,48.59,71.56,36.91,47.45,1903.6,1771,49.42666666666664,71.60999999999997,1982.0333333333338,57.03,73.48
2026-03-12 12:45:00,50.1,74.54,36.84,58.28,1845,2075.4,12,3,57.85,73.09,36.6,51.52,2243.7,1778,52.17999999999997,73.06333333333332,2074.2333333333336,51.96,71.67
2026-03-12 12:50:00,49.06,74.66,37.01,53.49,1802,2074.5,12,3,50.1,74.54,36.84,58.28,2075.4,1845,52.33666666666664,74.09666666666664,2131.2000000000003,46.07,73.63
2026-03-12 12:55:00,57.03,73.48,37.03,55.68,1832,2075.2,12,3,49.06,74.66,37.01,53.49,2074.5,1802,52.0633333333333,74.22666666666663,2075.033333333334,51.1,74.36
2026-03-12 13:00:00,51.96,71.67,36.54,51.4,1831,2084.6,13,3,57.03,73.48,37.03,55.68,2075.2,1832,52.6833333333333,73.26999999999997,2078.1000000000004,52.93,75.48
2026-03-12 13:05:00,46.07,73.63,37.05,54.7,1828,1825.6,13,3,51.96,71.67,36.54,51.4,2084.6,1831,51.68666666666663,72.92666666666663,1995.133333333334,52.71,74.24
2026-03-12 13:10:00,51.1,74.36,37.06,61.84,1857,2155.1,13,3,46.07,73.63,37.05,54.7,1825.6,1828,49.70999999999996,73.21999999999996,2021.766666666667,43.23,73.93
2026-03-12 13:15:00,52.93,75.48,36.85,63.81,1854,2485.1,13,3,51.1,74.36,37.06,61.84,2155.1,1857,50.033333333333296,74.48999999999997,2155.266666666667,52.44,75.15
2026-03-12 13:20:00,52.71,74.24,37.22,55.44,1836,2184.2,13,3,52.93,75.48,36.85,63.81,2485.1,1854,52.246666666666634,74.6933333333333,2274.8,53.9,74.45
2026-03-12 13:25:00,43.23,73.93,37.08,60.61,1890,1930.3,13,3,52.71,74.24,37.22,55.44,2184.2,1836,49.6233333333333,74.54999999999997,2199.8666666666672,47.88,74.32
2026-03-12 13:30:00,52.44,75.15,36.97,56.85,1898,2144.3,13,3,43.23,73.93,37.08,60.61,1930.3,1890,49.45999999999996,74.43999999999997,2086.2666666666673,51.11,74.65
2026-03-12 13:35:00,53.9,74.45,36.78,59.07,1919,2031.3,13,3,52.44,75.15,36.97,56.85,2144.3,1898,49.85666666666663,74.50999999999998,2035.3000000000004,55.17,75.29
2026-03-12 13:40:00,47.88,74.32,36.6,52.71,1911,2153.0,13,3,53.9,74.45,36.78,59.07,2031.3,1919,51.40666666666663,74.63999999999997,2109.5333333333338,59.26,76.02
2026-03-12 13:45:00,51.11,74.65,36.86,54.86,1868,1935.1,13,3,47.88,74.32,36.6,52.71,2153.0,1911,50.9633333333333,74.4733333333333,2039.8000000000004,60.4,76.15
2026-03-12 13:50:00,55.17,75.29,37.04,63.63,1945,2276.4,13,3,51.11,74.65,36.86,54.86,1935.1,1868,51.38666666666663,74.7533333333333,2121.5000000000005,45.22,74.33
2026-03-12 13:55:00,59.26,76.02,37.92,61.22,1869,2411.9,13,3,55.17,75.29,37.04,63.63,2276.4,1945,55.17999999999997,75.31999999999998,2207.8000000000006,47.48,74.21
2026-03-12 14:00:00,60.4,76.15,37.05,70.16,1979,2557.3,14,3,59.26,76.02,37.92,61.22,2411.9,1869,58.27666666666662,75.81999999999998,2415.2000000000003,50.67,76.62
2026-03-12 14:05:00,45.22,74.33,36.75,55.75,1939,1977.8,14,3,60.4,76.15,37.05,70.16,2557.3,1979,54.95999999999996,75.49999999999996,2315.666666666667,54.63,76.94
2026-03-12 14:10:00,47.48,74.21,36.88,48.59,1951,1878.6,14,3,45.22,74.33,36.75,55.75,1977.8,1939,51.033333333333296,74.89666666666663,2137.9,56.85,76.96
2026-03-12 14:15:00,50.67,76.62,37.14,61.94,1990,2264.0,14,3,47.48,74.21,36.88,48.59,1878.6,1951,47.789999999999964,75.0533333333333,2040.133333333334,56.74,76.69
2026-03-12 14:20:00,54.63,76.94,36.96,61.89,1960,2516.6,14,3,50.67,76.62,37.14,61.94,2264.0,1990,50.92666666666663,75.9233333333333,2219.7333333333336,64.39,77.36
2026-03-12 14:25:00,56.85,76.96,37.37,65.92,1969,2497.8,14,3,54.63,76.94,36.96,61.89,2516.6,1960,54.04999999999996,76.83999999999996,2426.1333333333337,55.49,77.64
2026-03-12 14:30:00,56.74,76.69,37.09,55.18,2000,2101.1,14,3,56.85,76.96,37.37,65.92,2497.8,1969,56.073333333333295,76.8633333333333,2371.833333333334,66.59,78.93
2026-03-12 14:35:00,64.39,77.36,37.27,74.87,1967,2781.1,14,3,56.74,76.69,37.09,55.18,2101.1,2000,59.32666666666663,77.00333333333329,2460.0000000000005,46.62,79.5
2026-03-12 14:40:00,55.49,77.64,37.57,53.58,2001,2246.0,14,3,64.39,77.36,37.27,74.87,2781.1,1967,58.8733333333333,77.22999999999998,2376.066666666667,44.36,78.83
2026-03-12 14:45:00,66.59,78.93,37.37,73.65,1962,2901.4,14,3,55.49,77.64,37.57,53.58,2246.0,2001,62.15666666666663,77.97666666666663,2642.833333333334,44.48,77.74
2026-03-12 14:50:00,46.62,79.5,36.94,60.56,1965,2064.9,14,3,66.59,78.93,37.37,73.65,2901.4,1962,56.2333333333333,78.68999999999997,2404.1000000000004,62.2,77.14
2026-03-12 14:55:00,44.36,78.83,36.91,52.74,1962,1710.7,14,3,46.62,79.5,36.94,60.56,2064.9,1965,52.52333333333329,79.08666666666663,2225.666666666667,68.69,76.7
2026-03-12 15:00:00,44.48,77.74,37.17,52.03,1928,1885.1,15,3,44.36,78.83,36.91,52.74,1710.7,1962,45.153333333333286,78.68999999999996,1886.9000000000005,54.3,76.92
2026-03-12 15:05:00,62.2,77.14,37.04,67.89,1961,2541.7,15,3,44.48,77.74,37.17,52.03,1885.1,1928,50.34666666666663,77.9033333333333,2045.833333333334,47.54,77.22
2026-03-12 15:10:00,68.69,76.7,36.6,79.98,2056,2908.4,15,3,62.2,77.14,37.04,67.89,2541.7,1961,58.45666666666663,77.1933333333333,2445.066666666667,59.82,76.88
2026-03-12 15:15:00,54.3,76.92,37.3,57.99,2004,2154.6,15,3,68.69,76.7,36.6,79.98,2908.4,2056,61.72999999999996,76.91999999999997,2534.9,59.42,76.25
2026-03-12 15:20:00,47.54,77.22,37.29,46.71,1990,1758.9,15,3,54.3,76.92,37.3,57.99,2154.6,2004,56.8433333333333,76.94666666666664,2273.966666666667,56.04,76.87
2026-03-12 15:25:00,59.82,76.88,36.86,69.28,2048,2613.8,15,3,47.54,77.22,37.29,46.71,1758.9,1990,53.88666666666663,77.00666666666665,2175.766666666667,52.55,76.44
2026-03-12 15:30:00,59.42,76.25,37.17,63.31,2067,2541.4,15,3,59.82,76.88,36.86,69.28,2613.8,2048,55.5933333333333,76.7833333333333,2304.7000000000003,49.19,76.82
2026-03-12 15:35:00,56.04,76.87,37.29,61.0,2100,2061.4,15,3,59.42,76.25,37.17,63.31,2541.4,2067,58.42666666666663,76.66666666666663,2405.533333333334,60.23,77.74
2026-03-12 15:40:00,52.55,76.44,37.27,60.85,1940,2208.4,15,3,56.04,76.87,37.29,61.0,2061.4,2100,56.003333333333295,76.51999999999997,2270.4000000000005,47.96,77.25
2026-03-12 15:45:00,49.19,76.82,37.61,53.58,2004,2022.5,15,3,52.55,76.44,37.27,60.85,2208.4,1940,52.5933333333333,76.70999999999997,2097.433333333334,50.25,78.69
2026-03-12 15:50:00,60.23,77.74,37.81,63.13,2073,2524.6,15,3,49.19,76.82,37.61,53.58,2022.5,2004,53.98999999999996,76.99999999999996,2251.833333333334,57.24,79.01
2026-03-12 15:55:00,47.96,77.25,37.09,57.52,2074,2040.9,15,3,60.23,77.74,37.81,63.13,2524.6,2073,52.45999999999996,77.26999999999997,2196.0000000000005,61.48,79.76
2026-03-12 16:00:00,50.25,78.69,37.47,51.39,2009,2224.6,16,3,47.96,77.25,37.09,57.52,2040.9,2074,52.8133333333333,77.8933333333333,2263.3666666666672,90.6,88.65
2026-03-12 16:05:00,57.24,79.01,37.44,62.26,2034,2396.9,16,3,50.25,78.69,37.47,51.39,2224.6,2009,51.81666666666663,78.31666666666662,2220.8000000000006,55.8,80.19
2026-03-12 16:10:00,61.48,79.76,37.42,68.88,2039,2287.8,16,3,57.24,79.01,37.44,62.26,2396.9,2034,56.323333333333295,79.1533333333333,2303.100000000001,50.76,79.79
2026-03-12 16:15:00,90.6,88.65,37.46,99.0,3491,3613.4,16,3,61.48,79.76,37.42,68.88,2287.8,2039,69.7733333333333,82.47333333333331,2766.033333333334,55.9,80.13
2026-03-12 16:20:00,55.8,80.19,37.17,72.42,1964,2831.6,16,3,90.6,88.65,37.46,99.0,3613.4,3491,69.2933333333333,82.86666666666663,2910.9333333333343,61.32,80.3
2026-03-12 16:25:00,50.76,79.79,37.03,53.47,1988,2109.6,16,3,55.8,80.19,37.17,72.42,2831.6,1964,65.71999999999996,82.87666666666665,2851.5333333333333,73.14,80.37
2026-03-12 16:30:00,55.9,80.13,37.07,65.9,2026,2258.3,16,3,50.76,79.79,37.03,53.47,2109.6,1988,54.153333333333286,80.03666666666663,2399.833333333334,69.57,81.15
2026-03-12 16:35:00,61.32,80.3,37.55,72.82,2047,2770.0,16,3,55.9,80.13,37.07,65.9,2258.3,2026,55.99333333333329,80.0733333333333,2379.3000000000006,49.58,81.94
2026-03-12 16:40:00,73.14,80.37,37.42,83.25,2018,3165.1,16,3,61.32,80.3,37.55,72.82,2770.0,2047,63.4533333333333,80.26666666666664,2731.1333333333337,50.56,81.17
2026-03-12 16:45:00,69.57,81.15,37.75,73.37,2069,3006.5,16,3,73.14,80.37,37.42,83.25,3165.1,2018,68.00999999999996,80.60666666666664,2980.533333333334,94.48,96.86
2026-03-12 16:50:00,49.58,81.94,37.31,57.66,2038,2242.5,16,3,69.57,81.15,37.75,73.37,3006.5,2069,64.09666666666664,81.15333333333331,2804.7000000000007,50.63,81.4
2026-03-12 16:55:00,50.56,81.17,37.06,60.05,1990,2268.6,16,3,49.58,81.94,37.31,57.66,2242.5,2038,56.56999999999996,81.41999999999997,2505.866666666667,51.64,80.45
2026-03-12 17:00:00,94.48,96.86,37.51,99.0,3158,4081.0,17,3,50.56,81.17,37.06,60.05,2268.6,1990,64.87333333333329,86.65666666666664,2864.0333333333333,57.42,79.37
2026-03-12 17:05:00,50.63,81.4,37.37,57.53,1904,2084.7,17,3,94.48,96.86,37.51,99.0,4081.0,3158,65.2233333333333,86.47666666666663,2811.433333333334,58.67,78.26
2026-03-12 17:10:00,51.64,80.45,37.6,48.87,1962,1983.9,17,3,50.63,81.4,37.37,57.53,2084.7,1904,65.5833333333333,86.23666666666664,2716.5333333333338,56.54,78.35
2026-03-12 17:15:00,57.42,79.37,37.44,71.97,1910,2556.9,17,3,51.64,80.45,37.6,48.87,1983.9,1962,53.22999999999996,80.40666666666664,2208.5000000000005,57.76,79.11
2026-03-12 17:20:00,58.67,78.26,37.96,67.11,1942,2504.1,17,3,57.42,79.37,37.44,71.97,2556.9,1910,55.90999999999997,79.35999999999997,2348.3000000000006,59.88,79.81
2026-03-12 17:25:00,56.54,78.35,37.74,68.17,1923,2460.4,17,3,58.67,78.26,37.96,67.11,2504.1,1942,57.543333333333294,78.65999999999997,2507.1333333333337,63.2,80.01
2026-03-12 17:30:00,57.76,79.11,37.6,60.29,1834,2029.2,17,3,56.54,78.35,37.74,68.17,2460.4,1923,57.65666666666663,78.57333333333331,2331.233333333334,59.39,80.99
2026-03-12 17:35:00,59.88,79.81,37.36,64.34,1932,2333.7,17,3,57.76,79.11,37.6,60.29,2029.2,1834,58.05999999999997,79.08999999999997,2274.433333333334,47.8,79.58
2026-03-12 17:40:00,63.2,80.01,37.44,65.39,1901,2551.8,17,3,59.88,79.81,37.36,64.34,2333.7,1932,60.279999999999966,79.6433333333333,2304.9000000000005,47.38,79.86
2026-03-12 17:45:00,59.39,80.99,37.5,64.77,1883,2490.1,17,3,63.2,80.01,37.44,65.39,2551.8,1901,60.8233333333333,80.26999999999997,2458.533333333334,53.22,79.72
2026-03-12 17:50:00,47.8,79.58,38.14,51.47,1902,2193.9,17,3,59.39,80.99,37.5,64.77,2490.1,1883,56.796666666666624,80.1933333333333,2411.933333333334,46.77,79.25
2026-03-12 17:55:00,47.38,79.86,37.97,52.69,1822,1947.5,17,3,47.8,79.58,38.14,51.47,2193.9,1902,51.52333333333329,80.1433333333333,2210.5000000000005,39.2,77.99
2026-03-12 18:00:00,53.22,79.72,38.06,64.25,1849,2247.5,18,3,47.38,79.86,37.97,52.69,1947.5,1822,49.46666666666663,79.71999999999997,2129.6333333333337,45.31,78.36
2026-03-12 18:05:00,46.77,79.25,37.75,53.24,1812,2016.4,18,3,53.22,79.72,38.06,64.25,2247.5,1849,49.1233333333333,79.60999999999997,2070.466666666667,45.95,76.53
2026-03-12 18:10:00,39.2,77.99,37.67,40.86,1853,1672.5,18,3,46.77,79.25,37.75,53.24,2016.4,1812,46.396666666666626,78.98666666666664,1978.8000000000004,49.17,76.61
2026-03-12 18:15:00,45.31,78.36,37.56,50.21,1850,2007.3,18,3,39.2,77.99,37.67,40.86,1672.5,1853,43.75999999999997,78.5333333333333,1898.7333333333338,48.63,76.13
2026-03-12 18:20:00,45.95,76.53,38.03,50.6,1852,1809.1,18,3,45.31,78.36,37.56,50.21,2007.3,1850,43.48666666666663,77.62666666666662,1829.633333333334,50.04,75.98
2026-03-12 18:25:00,49.17,76.61,37.58,53.19,1850,2158.1,18,3,45.95,76.53,38.03,50.6,1809.1,1852,46.80999999999997,77.16666666666663,1991.5000000000007,40.34,75.66
2026-03-12 18:30:00,48.63,76.13,38.3,55.81,1771,1917.9,18,3,49.17,76.61,37.58,53.19,2158.1,1850,47.91666666666663,76.4233333333333,1961.7000000000007,45.1,75.57
2026-03-12 18:35:00,50.04,75.98,37.94,51.62,1766,1992.2,18,3,48.63,76.13,38.3,55.81,1917.9,1771,49.279999999999966,76.23999999999997,2022.7333333333343,53.29,76.72
2026-03-12 18:40:00,40.34,75.66,38.0,49.28,1785,1701.0,18,3,50.04,75.98,37.94,51.62,1992.2,1766,46.33666666666662,75.92333333333329,1870.3666666666675,50.69,76.88
2026-03-12 18:45:00,45.1,75.57,38.11,50.83,1745,1890.2,18,3,40.34,75.66,38.0,49.28,1701.0,1785,45.15999999999997,75.73666666666662,1861.133333333334,48.71,76.06
2026-03-12 18:50:00,53.29,76.72,37.59,62.33,1751,2233.5,18,3,45.1,75.57,38.11,50.83,1890.2,1745,46.243333333333304,75.98333333333329,1941.5666666666675,51.89,74.46
2026-03-12 18:55:00,50.69,76.88,37.64,56.4,1657,2218.9,18,3,53.29,76.72,37.59,62.33,2233.5,1751,49.69333333333329,76.38999999999997,2114.2000000000007,45.21,72.98
2026-03-12 19:00:00,48.71,76.06,37.88,58.6,1733,2196.4,19,3,50.69,76.88,37.64,56.4,2218.9,1657,50.896666666666626,76.5533333333333,2216.266666666667,38.51,72.39
2026-03-12 19:05:00,51.89,74.46,37.77,70.19,1731,2246.8,19,3,48.71,76.06,37.88,58.6,2196.4,1733,50.42999999999996,75.79999999999997,2220.7000000000007,44.24,71.12
2026-03-12 19:10:00,45.21,72.98,37.01,56.53,1647,1774.8,19,3,51.89,74.46,37.77,70.19,2246.8,1731,48.603333333333296,74.49999999999996,2072.6666666666674,35.6,70.89
2026-03-12 19:15:00,38.51,72.39,38.53,45.6,1688,1650.5,19,3,45.21,72.98,37.01,56.53,1774.8,1647,45.20333333333329,73.27666666666663,1890.7000000000007,49.77,70.28
2026-03-12 19:20:00,44.24,71.12,37.88,54.72,1679,1905.6,19,3,38.51,72.39,38.53,45.6,1650.5,1688,42.6533333333333,72.1633333333333,1776.9666666666672,47.61,69.91
2026-03-12 19:25:00,35.6,70.89,37.94,45.16,1548,1395.1,19,3,44.24,71.12,37.88,54.72,1905.6,1679,39.44999999999996,71.46666666666664,1650.4000000000005,38.29,69.42
2026-03-12 19:30:00,49.77,70.28,38.45,45.83,1633,2060.0,19,3,35.6,70.89,37.94,45.16,1395.1,1548,43.2033333333333,70.7633333333333,1786.9000000000005,49.79,69.71
2026-03-12 19:35:00,47.61,69.91,38.09,56.9,1627,1791.6,19,3,49.77,70.28,38.45,45.83,2060.0,1633,44.32666666666663,70.35999999999997,1748.9000000000008,52.09,69.63
2026-03-12 19:40:00,38.29,69.42,38.29,45.28,1608,1438.9,19,3,47.61,69.91,38.09,56.9,1791.6,1627,45.2233333333333,69.86999999999996,1763.5000000000007,53.79,69.32
2026-03-12 19:45:00,49.79,69.71,37.43,50.78,1546,1872.3,19,3,38.29,69.42,38.29,45.28,1438.9,1608,45.22999999999996,69.67999999999996,1700.933333333334,48.57,66.37
2026-03-12 19:50:00,52.09,69.63,37.11,55.13,1618,1897.3,19,3,49.79,69.71,37.43,50.78,1872.3,1546,46.7233333333333,69.58666666666663,1736.1666666666672,40.93,67.61
2026-03-12 19:55:00,53.79,69.32,38.29,63.22,1467,2156.0,19,3,52.09,69.63,37.11,55.13,1897.3,1618,51.889999999999965,69.55333333333328,1975.2000000000007,43.28,66.56
2026-03-12 20:00:00,48.57,66.37,38.29,58.16,1487,1856.5,20,3,53.79,69.32,38.29,63.22,2156.0,1467,51.48333333333329,68.43999999999996,1969.9333333333336,47.8,66.82
2026-03-12 20:05:00,40.93,67.61,37.78,50.79,1492,1583.0,20,3,48.57,66.37,38.29,58.16,1856.5,1487,47.76333333333329,67.76666666666664,1865.1666666666672,47.58,66.91
2026-03-12 20:10:00,43.28,66.56,38.34,54.03,1548,1586.5,20,3,40.93,67.61,37.78,50.79,1583.0,1492,44.25999999999996,66.84666666666664,1675.333333333334,39.65,65.59
2026-03-12 20:15:00,47.8,66.82,37.95,53.81,1488,1998.2,20,3,43.28,66.56,38.34,54.03,1586.5,1548,44.003333333333295,66.99666666666663,1722.5666666666673,47.89,68.23
2026-03-12 20:20:00,47.58,66.91,38.09,54.92,1484,2076.8,20,3,47.8,66.82,37.95,53.81,1998.2,1488,46.21999999999996,66.76333333333329,1887.1666666666672,43.29,68.78
2026-03-12 20:25:00,39.65,65.59,38.39,40.77,1417,1627.6,20,3,47.58,66.91,38.09,54.92,2076.8,1484,45.009999999999955,66.43999999999997,1900.8666666666675,40.81,68.83
2026-03-12 20:30:00,47.89,68.23,37.71,47.39,1452,1843.0,20,3,39.65,65.59,38.39,40.77,1627.6,1417,45.039999999999964,66.90999999999997,1849.133333333334,48.34,70.43
2026-03-12 20:35:00,43.29,68.78,37.76,49.86,1463,1916.4,20,3,47.89,68.23,37.71,47.39,1843.0,1452,43.60999999999996,67.5333333333333,1795.6666666666672,49.85,70.37
2026-03-12 20:40:00,40.81,68.83,38.25,45.19,1486,1520.4,20,3,43.29,68.78,37.76,49.86,1916.4,1463,43.996666666666634,68.6133333333333,1759.933333333334,41.17,70.4
2026-03-12 20:45:00,48.34,70.43,37.89,45.57,1407,1798.5,20,3,40.81,68.83,38.25,45.19,1520.4,1486,44.146666666666626,69.34666666666664,1745.1000000000006,41.47,69.52
2026-03-12 20:50:00,49.85,70.37,38.2,50.83,1296,1806.5,20,3,48.34,70.43,37.89,45.57,1798.5,1407,46.33333333333329,69.87666666666664,1708.4666666666672,36.28,68.71
2026-03-12 20:55:00,41.17,70.4,38.13,53.95,1347,1784.7,20,3,49.85,70.37,38.2,50.83,1806.5,1296,46.4533333333333,70.39999999999996,1796.5666666666673,47.24,68.25
2026-03-12 21:00:00,41.47,69.52,38.63,38.5,1366,1471.2,21,3,41.17,70.4,38.13,53.95,1784.7,1347,44.1633333333333,70.09666666666664,1687.4666666666672,49.29,67.06
2026-03-12 21:05:00,36.28,68.71,38.06,38.37,1275,1316.8,21,3,41.47,69.52,38.63,38.5,1471.2,1366,39.639999999999965,69.54333333333331,1524.2333333333338,41.93,67.22
2026-03-12 21:10:00,47.24,68.25,38.14,44.9,1308,1712.9,21,3,36.28,68.71,38.06,38.37,1316.8,1275,41.6633333333333,68.82666666666664,1500.3000000000009,38.61,68.57
2026-03-12 21:15:00,49.29,67.06,37.86,48.34,1239,1640.9,21,3,47.24,68.25,38.14,44.9,1712.9,1308,44.26999999999996,68.00666666666663,1556.8666666666675,42.19,67.17
2026-03-12 21:20:00,41.93,67.22,38.07,43.23,1278,1637.7,21,3,49.29,67.06,37.86,48.34,1640.9,1239,46.1533333333333,67.50999999999996,1663.833333333334,32.68,66.43
2026-03-12 21:25:00,38.61,68.57,37.83,39.71,1236,1283.9,21,3,41.93,67.22,38.07,43.23,1637.7,1278,43.27666666666662,67.61666666666663,1520.833333333334,37.38,65.62
2026-03-12 21:30:00,42.19,67.17,38.38,39.36,1231,1316.3,21,3,38.61,68.57,37.83,39.71,1283.9,1236,40.90999999999996,67.65333333333331,1412.633333333334,62.68,75.58
2026-03-12 21:35:00,32.68,66.43,38.39,42.23,1201,1245.3,21,3,42.19,67.17,38.38,39.36,1316.3,1231,37.826666666666625,67.38999999999997,1281.833333333334,39.52,62.7
2026-03-12 21:40:00,37.38,65.62,38.31,32.66,1188,1149.2,21,3,32.68,66.43,38.39,42.23,1245.3,1201,37.41666666666663,66.40666666666664,1236.933333333334,36.51,62.5
2026-03-12 21:45:00,62.68,75.58,38.4,52.6,1904,1863.4,21,3,37.38,65.62,38.31,32.66,1149.2,1188,44.246666666666634,69.20999999999997,1419.3000000000004,33.16,61.81
2026-03-12 21:50:00,39.52,62.7,38.41,50.22,1184,1601.7,21,3,62.68,75.58,38.4,52.6,1863.4,1904,46.526666666666635,67.96666666666664,1538.1000000000006,36.75,61.54
2026-03-12 21:55:00,36.51,62.5,38.13,40.34,1172,1295.1,21,3,39.52,62.7,38.41,50.22,1601.7,1184,46.23666666666663,66.92666666666663,1586.7333333333343,26.61,60.41
2026-03-12 22:00:00,33.16,61.81,37.97,39.8,1086,1099.9,22,3,36.51,62.5,38.13,40.34,1295.1,1172,36.396666666666626,62.33666666666664,1332.2333333333338,35.81,62.42
2026-03-12 22:05:00,36.75,61.54,38.56,45.97,1094,1446.2,22,3,33.16,61.81,37.97,39.8,1099.9,1086,35.473333333333294,61.94999999999997,1280.4000000000005,29.55,63.25
2026-03-12 22:10:00,26.61,60.41,37.99,34.84,1048,1009.9,22,3,36.75,61.54,38.56,45.97,1446.2,1094,32.1733333333333,61.2533333333333,1185.333333333334,28.78,62.82
2026-03-12 22:15:00,35.81,62.42,38.07,33.36,1019,1185.2,22,3,26.61,60.41,37.99,34.84,1009.9,1048,33.05666666666663,61.45666666666663,1213.7666666666673,37.32,62.84
2026-03-12 22:20:00,29.55,63.25,38.59,34.15,1073,1021.8,22,3,35.81,62.42,38.07,33.36,1185.2,1019,30.656666666666627,62.026666666666635,1072.3000000000009,40.17,62.95
2026-03-12 22:25:00,28.78,62.82,38.72,41.96,1045,1341.3,22,3,29.55,63.25,38.59,34.15,1021.8,1073,31.379999999999963,62.82999999999996,1182.7666666666673,35.51,62.04
2026-03-12 22:30:00,37.32,62.84,38.1,36.52,1007,1191.1,22,3,28.78,62.82,38.72,41.96,1341.3,1045,31.883333333333297,62.96999999999997,1184.7333333333338,30.76,60.16
2026-03-12 22:35:00,40.17,62.95,38.9,40.69,984,1234.1,22,3,37.32,62.84,38.1,36.52,1191.1,1007,35.4233333333333,62.86999999999997,1255.5000000000005,41.19,60.26
2026-03-12 22:40:00,35.51,62.04,38.59,35.75,902,1183.8,22,3,40.17,62.95,38.9,40.69,1234.1,984,37.66666666666663,62.609999999999964,1203.0000000000007,36.36,60.8
2026-03-12 22:45:00,30.76,60.16,38.45,34.62,968,967.7,22,3,35.51,62.04,38.59,35.75,1183.8,902,35.47999999999996,61.71666666666663,1128.533333333334,44.46,72.5
2026-03-12 22:50:00,41.19,60.26,38.31,32.43,995,1141.0,22,3,30.76,60.16,38.45,34.62,967.7,968,35.81999999999996,60.819999999999965,1097.5000000000007,35.02,57.85
2026-03-12 22:55:00,36.36,60.8,38.52,34.74,939,1219.9,22,3,41.19,60.26,38.31,32.43,1141.0,995,36.10333333333329,60.40666666666664,1109.533333333334,26.89,57.55
2026-03-12 23:00:00,44.46,72.5,38.57,46.6,1243,1209.0,23,3,36.36,60.8,38.52,34.74,1219.9,939,40.66999999999996,64.51999999999997,1189.9666666666674,35.2,57.35
2026-03-12 23:05:00,35.02,57.85,38.48,35.13,881,983.0,23,3,44.46,72.5,38.57,46.6,1209.0,1243,38.613333333333294,63.71666666666664,1137.3000000000006,29.48,58.13
2026-03-12 23:10:00,26.89,57.55,38.88,33.92,967,791.5,23,3,35.02,57.85,38.48,35.13,983.0,881,35.45666666666663,62.6333333333333,994.5000000000006,27.24,57.8
2026-03-12 23:15:00,35.2,57.35,38.66,32.17,840,1053.1,23,3,26.89,57.55,38.88,33.92,791.5,967,32.36999999999997,57.58333333333329,942.5333333333339,35.46,58.13
2026-03-12 23:20:00,29.48,58.13,37.85,38.71,922,1230.8,23,3,35.2,57.35,38.66,32.17,1053.1,840,30.523333333333298,57.67666666666664,1025.133333333334,30.17,56.71
2026-03-12 23:25:00,27.24,57.8,38.2,27.7,789,692.8,23,3,29.48,58.13,37.85,38.71,1230.8,922,30.63999999999996,57.75999999999996,992.2333333333339,28.22,56.33
2026-03-12 23:30:00,35.46,58.13,38.75,37.47,829,1170.3,23,3,27.24,57.8,38.2,27.7,692.8,789,30.72666666666663,58.01999999999996,1031.3000000000004,40.67,57.37
2026-03-12 23:35:00,30.17,56.71,38.03,39.39,753,907.1,23,3,35.46,58.13,38.75,37.47,1170.3,829,30.95666666666663,57.54666666666663,923.4000000000005,25.63,57.26
2026-03-12 23:40:00,28.22,56.33,38.55,37.49,767,881.3,23,3,30.17,56.71,38.03,39.39,907.1,753,31.283333333333292,57.056666666666636,986.2333333333339,32.55,55.88
2026-03-12 23:45:00,40.67,57.37,38.95,33.09,839,1084.8,23,3,28.22,56.33,38.55,37.49,881.3,767,33.01999999999996,56.803333333333306,957.7333333333339,30.32,55.88
2026-03-12 23:50:00,25.63,57.26,38.76,37.87,746,901.9,23,3,40.67,57.37,38.95,33.09,1084.8,839,31.50666666666663,56.98666666666663,956.0000000000006,35.94,55.28
2026-03-12 23:55:00,32.55,55.88,38.78,34.71,721,918.7,23,3,25.63,57.26,38.76,37.87,901.9,746,32.94999999999996,56.83666666666664,968.4666666666672,20.73,54.36
2026-03-13 00:00:00,30.32,55.88,35.26,25.46,723,732.0,0,4,32.55,55.88,38.78,34.71,918.7,721,29.49999999999996,56.33999999999997,850.8666666666672,29.6,54.44
2026-03-13 00:05:00,35.94,55.28,34.91,36.28,717,946.8,0,4,30.32,55.88,35.26,25.46,732.0,723,32.93666666666663,55.67999999999997,865.8333333333339,31.78,53.35
2026-03-13 00:10:00,20.73,54.36,35.12,24.6,639,721.3,0,4,35.94,55.28,34.91,36.28,946.8,717,28.996666666666627,55.1733333333333,800.0333333333339,31.56,52.12
2026-03-13 00:15:00,29.6,54.44,34.89,35.37,656,845.4,0,4,20.73,54.36,35.12,24.6,721.3,639,28.75666666666663,54.6933333333333,837.8333333333339,18.59,51.84
2026-03-13 00:20:00,31.78,53.35,35.22,22.94,600,560.9,0,4,29.6,54.44,34.89,35.37,845.4,656,27.369999999999962,54.049999999999976,709.2000000000006,30.23,52.95
2026-03-13 00:25:00,31.56,52.12,35.37,27.97,694,917.2,0,4,31.78,53.35,35.22,22.94,560.9,600,30.97999999999996,53.30333333333329,774.5000000000006,23.78,53.5
2026-03-13 00:30:00,18.59,51.84,34.95,23.78,702,747.1,0,4,31.56,52.12,35.37,27.97,917.2,694,27.309999999999963,52.43666666666663,741.7333333333339,29.58,52.38
2026-03-13 00:35:00,30.23,52.95,34.69,31.47,624,654.0,0,4,18.59,51.84,34.95,23.78,747.1,702,26.793333333333294,52.303333333333306,772.7666666666673,30.53,52.68
2026-03-13 00:40:00,23.78,53.5,35.42,25.09,566,719.0,0,4,30.23,52.95,34.69,31.47,654.0,624,24.19999999999996,52.7633333333333,706.7000000000007,32.57,52.18
2026-03-13 00:45:00,29.58,52.38,34.74,25.63,575,615.6,0,4,23.78,53.5,35.42,25.09,719.0,566,27.863333333333298,52.9433333333333,662.8666666666672,28.51,51.89
2026-03-13 00:50:00,30.53,52.68,35.34,26.58,640,738.8,0,4,29.58,52.38,34.74,25.63,615.6,575,27.963333333333296,52.8533333333333,691.133333333334,23.02,51.65
2026-03-13 00:55:00,32.57,52.18,35.09,31.55,603,851.8,0,4,30.53,52.68,35.34,26.58,738.8,640,30.8933333333333,52.4133333333333,735.4000000000005,24.87,51.11
2026-03-13 01:00:00,28.51,51.89,34.84,20.79,520,608.1,1,4,32.57,52.18,35.09,31.55,851.8,603,30.53666666666663,52.249999999999964,732.9000000000005,30.9,51.06
2026-03-13 01:05:00,23.02,51.65,35.08,21.35,464,474.0,1,4,28.51,51.89,34.84,20.79,608.1,520,28.033333333333292,51.90666666666663,644.6333333333339,26.57,50.09
2026-03-13 01:10:00,24.87,51.11,35.38,28.59,552,561.7,1,4,23.02,51.65,35.08,21.35,474.0,464,25.46666666666663,51.54999999999996,547.933333333334,22.15,49.91
2026-03-13 01:15:00,30.9,51.06,35.53,26.58,520,566.2,1,4,24.87,51.11,35.38,28.59,561.7,552,26.263333333333293,51.273333333333305,533.9666666666673,20.86,50.02
2026-03-13 01:20:00,26.57,50.09,34.58,32.27,500,695.5,1,4,30.9,51.06,35.53,26.58,566.2,520,27.44666666666663,50.7533333333333,607.8000000000006,24.72,49.07
2026-03-13 01:25:00,22.15,49.91,35.46,22.82,603,584.9,1,4,26.57,50.09,34.58,32.27,695.5,500,26.53999999999996,50.3533333333333,615.5333333333339,25.27,50.24
2026-03-13 01:30:00,20.86,50.02,35.28,27.03,525,550.4,1,4,22.15,49.91,35.46,22.82,584.9,603,23.193333333333296,50.00666666666664,610.2666666666672,27.04,49.62
2026-03-13 01:35:00,24.72,49.07,35.7,24.54,473,625.6,1,4,20.86,50.02,35.28,27.03,550.4,525,22.576666666666625,49.666666666666636,586.9666666666673,27.45,49.2
2026-03-13 01:40:00,25.27,50.24,35.28,31.62,494,717.9,1,4,24.72,49.07,35.7,24.54,625.6,473,23.616666666666628,49.77666666666664,631.3000000000005,31.0,48.26
2026-03-13 01:45:00,27.04,49.62,35.14,30.6,476,458.9,1,4,25.27,50.24,35.28,31.62,717.9,494,25.67666666666663,49.643333333333295,600.8000000000006,23.42,47.8
2026-03-13 01:50:00,27.45,49.2,35.22,23.46,532,465.7,1,4,27.04,49.62,35.14,30.6,458.9,476,26.58666666666663,49.68666666666664,547.5000000000006,20.18,48.14
2026-03-13 01:55:00,31.0,48.26,35.36,26.25,486,681.7,1,4,27.45,49.2,35.22,23.46,465.7,532,28.496666666666627,49.026666666666635,535.433333333334,20.78,47.64
2026-03-13 02:00:00,23.42,47.8,34.88,19.01,415,428.0,2,4,31.0,48.26,35.36,26.25,681.7,486,27.289999999999964,48.41999999999996,525.133333333334,25.43,47.94
2026-03-13 02:05:00,20.18,48.14,35.18,18.88,457,413.6,2,4,23.42,47.8,34.88,19.01,428.0,415,24.866666666666628,48.066666666666634,507.76666666666733,24.16,48.9
2026-03-13 02:10:00,20.78,47.64,35.29,21.22,480,427.7,2,4,20.18,48.14,35.18,18.88,413.6,457,21.45999999999996,47.859999999999964,423.1000000000006,22.33,48.49
2026-03-13 02:15:00,25.43,47.94,35.3,25.87,470,584.0,2,4,20.78,47.64,35.29,21.22,427.7,480,22.129999999999963,47.90666666666664,475.1000000000006,22.16,47.13
2026-03-13 02:20:00,24.16,48.9,34.66,21.84,388,520.0,2,4,25.43,47.94,35.3,25.87,584.0,470,23.45666666666663,48.15999999999997,510.56666666666723,19.59,46.91
2026-03-13 02:25:00,22.33,48.49,35.54,22.08,359,350.7,2,4,24.16,48.9,34.66,21.84,520.0,388,23.973333333333297,48.4433333333333,484.90000000000055,23.12,46.49
2026-03-13 02:30:00,22.16,47.13,35.27,25.25,435,549.7,2,4,22.33,48.49,35.54,22.08,350.7,359,22.883333333333294,48.1733333333333,473.4666666666672,19.87,45.17
2026-03-13 02:35:00,19.59,46.91,35.54,19.53,397,384.8,2,4,22.16,47.13,35.27,25.25,549.7,435,21.35999999999996,47.50999999999996,428.40000000000055,23.46,45.59
2026-03-13 02:40:00,23.12,46.49,35.63,19.53,328,337.6,2,4,19.59,46.91,35.54,19.53,384.8,397,21.623333333333296,46.843333333333305,424.0333333333339,29.47,56.7
2026-03-13 02:45:00,19.87,45.17,35.48,23.54,425,601.8,2,4,23.12,46.49,35.63,19.53,337.6,328,20.859999999999964,46.18999999999997,441.40000000000055,24.66,44.2
2026-03-13 02:50:00,23.46,45.59,35.55,18.12,398,379.3,2,4,19.87,45.17,35.48,23.54,601.8,425,22.149999999999963,45.74999999999997,439.56666666666723,22.59,44.22
2026-03-13 02:55:00,29.47,56.7,35.52,30.16,572,642.0,2,4,23.46,45.59,35.55,18.12,379.3,398,24.266666666666627,49.15333333333331,541.0333333333339,21.85,44.31
2026-03-13 03:00:00,24.66,44.2,35.61,21.05,378,395.5,3,4,29.47,56.7,35.52,30.16,642.0,572,25.863333333333298,48.82999999999996,472.26666666666716,27.79,44.43
2026-03-13 03:05:00,22.59,44.22,35.19,25.29,423,517.6,3,4,24.66,44.2,35.61,21.05,395.5,378,25.573333333333295,48.3733333333333,518.3666666666672,19.66,45.27
2026-03-13 03:10:00,21.85,44.31,35.08,22.53,391,409.6,3,4,22.59,44.22,35.19,25.29,517.6,423,23.033333333333292,44.243333333333304,440.90000000000055,21.15,46.8
2026-03-13 03:15:00,27.79,44.43,35.17,23.4,411,406.7,3,4,21.85,44.31,35.08,22.53,409.6,391,24.07666666666663,44.319999999999965,444.6333333333339,13.53,45.62
2026-03-13 03:20:00,19.66,45.27,35.64,22.74,451,611.6,3,4,27.79,44.43,35.17,23.4,406.7,411,23.099999999999962,44.669999999999966,475.96666666666715,21.0,45.6
2026-03-13 03:25:00,21.15,46.8,35.59,22.57,301,335.6,3,4,19.66,45.27,35.64,22.74,611.6,451,22.866666666666628,45.499999999999964,451.30000000000047,16.72,46.32
2026-03-13 03:30:00,13.53,45.62,35.79,19.71,418,371.6,3,4,21.15,46.8,35.59,22.57,335.6,301,18.113333333333294,45.896666666666626,439.60000000000053,20.3,46.04
2026-03-13 03:35:00,21.0,45.6,35.28,27.69,416,417.5,3,4,13.53,45.62,35.79,19.71,371.6,418,18.55999999999996,46.00666666666663,374.90000000000055,26.29,47.3
2026-03-13 03:40:00,16.72,46.32,35.31,15.42,406,392.7,3,4,21.0,45.6,35.28,27.69,417.5,416,17.083333333333297,45.846666666666636,393.93333333333385,23.92,47.89
2026-03-13 03:45:00,20.3,46.04,35.76,22.65,359,509.6,3,4,16.72,46.32,35.31,15.42,392.7,406,19.33999999999996,45.98666666666663,439.93333333333385,17.68,47.67
2026-03-13 03:50:00,26.29,47.3,35.66,16.55,360,434.7,3,4,20.3,46.04,35.76,22.65,509.6,359,21.103333333333296,46.553333333333306,445.6666666666672,17.93,46.51
2026-03-13 03:55:00,23.92,47.89,35.28,20.09,377,343.8,3,4,26.29,47.3,35.66,16.55,434.7,360,23.5033333333333,47.07666666666663,429.3666666666672,23.58,45.28
2026-03-13 04:00:00,17.68,47.67,35.7,14.68,392,431.0,4,4,23.92,47.89,35.28,20.09,343.8,377,22.629999999999963,47.61999999999997,403.1666666666672,21.56,44.89
2026-03-13 04:05:00,17.93,46.51,35.69,19.3,344,324.2,4,4,17.68,47.67,35.7,14.68,431.0,392,19.843333333333295,47.356666666666634,366.3333333333339,27.41,45.06
2026-03-13 04:10:00,23.58,45.28,34.85,20.8,325,342.0,4,4,17.93,46.51,35.69,19.3,324.2,344,19.72999999999996,46.48666666666663,365.73333333333386,27.33,44.83
2026-03-13 04:15:00,21.56,44.89,35.6,27.64,424,555.3,4,4,23.58,45.28,34.85,20.8,342.0,325,21.023333333333294,45.55999999999997,407.1666666666672,18.58,44.79
2026-03-13 04:20:00,27.41,45.06,35.9,18.04,390,386.4,4,4,21.56,44.89,35.6,27.64,555.3,424,24.183333333333294,45.07666666666663,427.90000000000055,31.11,60.84
2026-03-13 04:25:00,27.33,44.83,35.13,25.9,382,579.9,4,4,27.41,45.06,35.9,18.04,386.4,390,25.433333333333294,44.92666666666664,507.2000000000005,26.69,45.77
2026-03-13 04:30:00,18.58,44.79,36.09,25.49,417,558.1,4,4,27.33,44.83,35.13,25.9,579.9,382,24.43999999999996,44.893333333333295,508.13333333333384,22.93,46.64
2026-03-13 04:35:00,31.11,60.84,35.97,33.71,646,787.7,4,4,18.58,44.79,36.09,25.49,558.1,417,25.673333333333293,50.1533333333333,641.9000000000005,21.99,48.4
2026-03-13 04:40:00,26.69,45.77,35.64,17.16,401,390.6,4,4,31.11,60.84,35.97,33.71,787.7,646,25.45999999999996,50.46666666666664,578.8000000000005,25.18,47.66
2026-03-13 04:45:00,22.93,46.64,35.54,18.53,432,527.0,4,4,26.69,45.77,35.64,17.16,390.6,401,26.909999999999965,51.08333333333331,568.4333333333338,18.06,46.94
2026-03-13 04:50:00,21.99,48.4,36.1,16.79,394,405.7,4,4,22.93,46.64,35.54,18.53,527.0,432,23.869999999999962,46.93666666666663,441.10000000000053,24.14,47.18
2026-03-13 04:55:00,25.18,47.66,35.61,30.63,467,535.7,4,4,21.99,48.4,36.1,16.79,405.7,394,23.366666666666628,47.56666666666663,489.46666666666715,24.93,46.79
2026-03-13 05:00:00,18.06,46.94,36.62,22.55,432,375.2,5,4,25.18,47.66,35.61,30.63,535.7,467,21.743333333333293,47.66666666666663,438.8666666666672,27.92,45.5
2026-03-13 05:05:00,24.14,47.18,35.72,26.13,447,501.5,5,4,18.06,46.94,36.62,22.55,375.2,432,22.45999999999996,47.25999999999996,470.80000000000047,21.51,44.97
2026-03-13 05:10:00,24.93,46.79,35.57,21.04,424,534.1,5,4,24.14,47.18,35.72,26.13,501.5,447,22.376666666666626,46.96999999999997,470.26666666666716,26.89,45.22
2026-03-13 05:15:00,27.92,45.5,35.74,24.49,459,462.9,5,4,24.93,46.79,35.57,21.04,534.1,424,25.6633333333333,46.489999999999974,499.50000000000045,28.88,45.34
2026-03-13 05:20:00,21.51,44.97,36.07,22.85,467,599.3,5,4,27.92,45.5,35.74,24.49,462.9,459,24.78666666666663,45.753333333333295,532.1000000000005,20.18,45.34
2026-03-13 05:25:00,26.89,45.22,36.08,16.71,404,387.0,5,4,21.51,44.97,36.07,22.85,599.3,467,25.439999999999966,45.22999999999996,483.06666666666723,24.72,46.29
2026-03-13 05:30:00,28.88,45.34,35.24,32.8,469,677.1,5,4,26.89,45.22,36.08,16.71,387.0,404,25.759999999999962,45.17666666666664,554.4666666666672,22.11,44.96
2026-03-13 05:35:00,20.18,45.34,35.64,24.54,443,513.7,5,4,28.88,45.34,35.24,32.8,677.1,469,25.316666666666624,45.299999999999976,525.9333333333338,29.93,44.71
2026-03-13 05:40:00,24.72,46.29,35.85,21.23,452,647.2,5,4,20.18,45.34,35.64,24.54,513.7,443,24.593333333333295,45.65666666666664,612.6666666666673,23.33,46.2
2026-03-13 05:45:00,22.11,44.96,35.77,28.68,490,665.4,5,4,24.72,46.29,35.85,21.23,647.2,452,22.336666666666627,45.52999999999997,608.7666666666672,26.27,46.68
2026-03-13 05:50:00,29.93,44.71,36.23,30.81,498,649.0,5,4,22.11,44.96,35.77,28.68,665.4,490,25.586666666666627,45.319999999999965,653.8666666666672,29.14,46.31
2026-03-13 05:55:00,23.33,46.2,35.61,22.44,453,476.0,5,4,29.93,44.71,36.23,30.81,649.0,498,25.123333333333296,45.28999999999997,596.8000000000005,31.09,46.55
2026-03-13 06:00:00,26.27,46.68,36.44,25.08,522,600.5,6,4,23.33,46.2,35.61,22.44,476.0,453,26.509999999999962,45.86333333333331,575.1666666666672,25.28,47.08
2026-03-13 06:05:00,29.14,46.31,36.08,26.42,658,852.4,6,4,26.27,46.68,36.44,25.08,600.5,522,26.246666666666627,46.396666666666626,642.9666666666672,28.01,48.53
2026-03-13 06:10:00,31.09,46.55,36.04,30.19,612,833.1,6,4,29.14,46.31,36.08,26.42,852.4,658,28.833333333333297,46.5133333333333,762.0000000000006,30.91,49.71
2026-03-13 06:15:00,25.28,47.08,36.3,27.67,458,627.8,6,4,31.09,46.55,36.04,30.19,833.1,612,28.5033333333333,46.646666666666626,771.1000000000005,25.56,49.06
2026-03-13 06:20:00,28.01,48.53,36.3,29.01,603,763.2,6,4,25.28,47.08,36.3,27.67,627.8,458,28.126666666666633,47.386666666666635,741.3666666666671,27.53,49.28
2026-03-13 06:25:00,30.91,49.71,36.26,29.15,603,848.5,6,4,28.01,48.53,36.3,29.01,763.2,603,28.06666666666663,48.43999999999997,746.5000000000006,27.6,48.81
2026-03-13 06:30:00,25.56,49.06,35.72,35.71,574,681.9,6,4,30.91,49.71,36.26,29.15,848.5,603,28.159999999999965,49.099999999999966,764.5333333333339,21.91,49.42
2026-03-13 06:35:00,27.53,49.28,35.61,27.57,623,692.8,6,4,25.56,49.06,35.72,35.71,681.9,574,27.99999999999996,49.349999999999966,741.0666666666672,25.69,48.17
2026-03-13 06:40:00,27.6,48.81,35.86,31.93,623,752.5,6,4,27.53,49.28,35.61,27.57,692.8,623,26.89666666666663,49.04999999999996,709.0666666666672,25.03,49.69
2026-03-13 06:45:00,21.91,49.42,36.77,30.7,608,809.8,6,4,27.6,48.81,35.86,31.93,752.5,623,25.67999999999996,49.169999999999966,751.7000000000004,31.32,50.37
2026-03-13 06:50:00,25.69,48.17,35.55,29.01,669,780.5,6,4,21.91,49.42,36.77,30.7,809.8,608,25.06666666666663,48.79999999999996,780.9333333333338,24.04,51.04
2026-03-13 06:55:00,25.03,49.69,36.09,27.41,663,785.5,6,4,25.69,48.17,35.55,29.01,780.5,669,24.209999999999965,49.0933333333333,791.9333333333338,26.9,51.1
2026-03-13 07:00:00,31.32,50.37,36.06,29.78,739,951.9,7,4,25.03,49.69,36.09,27.41,785.5,663,27.346666666666632,49.40999999999997,839.3000000000005,29.44,50.31
2026-03-13 07:05:00,24.04,51.04,36.11,21.44,715,636.6,7,4,31.32,50.37,36.06,29.78,951.9,739,26.796666666666628,50.366666666666625,791.3333333333338,29.77,50.19
2026-03-13 07:10:00,26.9,51.1,36.16,25.88,698,908.0,7,4,24.04,51.04,36.11,21.44,636.6,715,27.419999999999963,50.83666666666662,832.1666666666671,33.76,50.67
2026-03-13 07:15:00,29.44,50.31,36.24,34.04,745,885.9,7,4,26.9,51.1,36.16,25.88,908.0,698,26.793333333333294,50.816666666666634,810.1666666666673,18.98,49.69
2026-03-13 07:20:00,29.77,50.19,36.32,33.37,684,913.1,7,4,29.44,50.31,36.24,34.04,885.9,745,28.703333333333294,50.5333333333333,902.3333333333339,31.06,49.67
2026-03-13 07:25:00,33.76,50.67,35.97,32.95,791,973.2,7,4,29.77,50.19,36.32,33.37,913.1,684,30.989999999999963,50.389999999999965,924.0666666666672,28.54,49.6
2026-03-13 07:30:00,18.98,49.69,36.27,19.26,763,637.7,7,4,33.76,50.67,35.97,32.95,973.2,791,27.5033333333333,50.1833333333333,841.3333333333339,32.87,49.34
2026-03-13 07:35:00,31.06,49.67,36.63,34.39,825,905.2,7,4,18.98,49.69,36.27,19.26,637.7,763,27.933333333333298,50.00999999999997,838.7000000000006,34.34,49.46
2026-03-13 07:40:00,28.54,49.6,36.65,26.25,834,784.3,7,4,31.06,49.67,36.63,34.39,905.2,825,26.193333333333296,49.6533333333333,775.7333333333339,37.65,50.14
2026-03-13 07:45:00,32.87,49.34,36.49,29.54,847,814.6,7,4,28.54,49.6,36.65,26.25,784.3,834,30.823333333333295,49.53666666666663,834.7000000000006,26.56,50.06
2026-03-13 07:50:00,34.34,49.46,35.76,30.98,870,1057.9,7,4,32.87,49.34,36.49,29.54,814.6,847,31.91666666666663,49.46666666666664,885.6000000000005,34.77,49.41
2026-03-13 07:55:00,37.65,50.14,36.11,36.6,831,1043.7,7,4,34.34,49.46,35.76,30.98,1057.9,870,34.9533333333333,49.64666666666664,972.0666666666672,39.84,49.21
2026-03-13 08:00:00,26.56,50.06,36.15,33.11,809,705.5,8,4,37.65,50.14,36.11,36.6,1043.7,831,32.84999999999996,49.886666666666635,935.7000000000004,33.08,50.74
2026-03-13 08:05:00,34.77,49.41,36.25,41.15,899,956.4,8,4,26.56,50.06,36.15,33.11,705.5,809,32.9933333333333,49.86999999999997,901.8666666666672,35.85,50.83
2026-03-13 08:10:00,39.84,49.21,36.39,41.57,919,1210.4,8,4,34.77,49.41,36.25,41.15,956.4,899,33.7233333333333,49.55999999999997,957.433333333334,27.51,52.31
2026-03-13 08:15:00,33.08,50.74,36.03,29.6,913,960.6,8,4,39.84,49.21,36.39,41.57,1210.4,919,35.896666666666626,49.78666666666663,1042.4666666666674,38.1,54.15
2026-03-13 08:20:00,35.85,50.83,36.62,34.31,990,915.0,8,4,33.08,50.74,36.03,29.6,960.6,913,36.25666666666663,50.25999999999997,1028.6666666666672,42.56,53.9
2026-03-13 08:25:00,27.51,52.31,35.78,25.93,1108,1028.4,8,4,35.85,50.83,36.62,34.31,915.0,990,32.14666666666663,51.293333333333294,968.0000000000006,36.92,53.0
2026-03-13 08:30:00,38.1,54.15,36.94,39.87,1015,1405.4,8,4,27.51,52.31,35.78,25.93,1028.4,1108,33.819999999999965,52.42999999999997,1116.2666666666673,32.99,54.21
2026-03-13 08:35:00,42.56,53.9,36.48,38.49,1006,1413.8,8,4,38.1,54.15,36.94,39.87,1405.4,1015,36.056666666666636,53.4533333333333,1282.533333333334,32.4,55.48
2026-03-13 08:40:00,36.92,53.0,36.45,36.36,926,1245.1,8,4,42.56,53.9,36.48,38.49,1413.8,1006,39.1933333333333,53.6833333333333,1354.7666666666673,33.9,56.39
2026-03-13 08:45:00,32.99,54.21,36.22,43.54,1074,1562.7,8,4,36.92,53.0,36.45,36.36,1245.1,926,37.48999999999996,53.7033333333333,1407.2000000000007,36.54,56.14
2026-03-13 08:50:00,32.4,55.48,36.47,37.59,1116,1104.4,8,4,32.99,54.21,36.22,43.54,1562.7,1074,34.103333333333296,54.22999999999996,1304.0666666666673,34.91,90.2
2026-03-13 08:55:00,33.9,56.39,36.29,36.37,1057,1132.7,8,4,32.4,55.48,36.47,37.59,1104.4,1116,33.09666666666663,55.359999999999964,1266.6000000000006,37.0,57.16
2026-03-13 09:00:00,36.54,56.14,36.26,31.79,1044,1232.1,9,4,33.9,56.39,36.29,36.37,1132.7,1057,34.27999999999996,56.003333333333295,1156.4000000000005,33.4,57.6
2026-03-13 09:05:00,34.91,90.2,36.54,35.88,1065,1047.9,9,4,36.54,56.14,36.26,31.79,1232.1,1044,35.116666666666625,67.57666666666664,1137.5666666666673,41.25,58.63
2026-03-13 09:10:00,37.0,57.16,35.94,35.31,1053,1184.7,9,4,34.91,90.2,36.54,35.88,1047.9,1065,36.149999999999956,67.8333333333333,1154.9000000000008,29.69,58.46
2026-03-13 09:15:00,33.4,57.6,36.2,35.2,1029,1149.1,9,4,37.0,57.16,35.94,35.31,1184.7,1053,35.103333333333296,68.31999999999996,1127.233333333334,34.93,59.73
2026-03-13 09:20:00,41.25,58.63,36.48,43.16,1127,1500.6,9,4,33.4,57.6,36.2,35.2,1149.1,1029,37.21666666666663,57.79666666666663,1278.133333333334,42.7,69.27
2026-03-13 09:25:00,29.69,58.46,36.58,46.24,1150,1254.0,9,4,41.25,58.63,36.48,43.16,1500.6,1127,34.779999999999966,58.22999999999997,1301.2333333333338,48.35,60.56
2026-03-13 09:30:00,34.93,59.73,35.97,52.48,1142,1420.5,9,4,29.69,58.46,36.58,46.24,1254.0,1150,35.28999999999996,58.93999999999997,1391.7000000000007,36.16,62.16
2026-03-13 09:35:00,42.7,69.27,36.27,66.54,1702,1712.9,9,4,34.93,59.73,35.97,52.48,1420.5,1142,35.7733333333333,62.48666666666663,1462.4666666666672,34.11,61.79
2026-03-13 09:40:00,48.35,60.56,35.46,51.4,1247,1757.6,9,4,42.7,69.27,36.27,66.54,1712.9,1702,41.99333333333329,63.18666666666663,1630.333333333334,46.6,62.59
2026-03-13 09:45:00,36.16,62.16,35.93,35.38,1280,1259.7,9,4,48.35,60.56,35.46,51.4,1757.6,1247,42.4033333333333,63.996666666666634,1576.7333333333338,36.26,63.46
2026-03-13 09:50:00,34.11,61.79,36.63,45.06,1181,1446.4,9,4,36.16,62.16,35.93,35.38,1259.7,1280,39.539999999999964,61.5033333333333,1487.9000000000005,38.04,64.47
2026-03-13 09:55:00,46.6,62.59,36.88,53.71,1314,1803.4,9,4,34.11,61.79,36.63,45.06,1446.4,1181,38.95666666666663,62.17999999999997,1503.1666666666672,43.74,63.34
2026-03-13 10:00:00,36.26,63.46,36.63,42.31,1289,1385.0,10,4,46.6,62.59,36.88,53.71,1803.4,1314,38.98999999999996,62.61333333333331,1544.933333333334,49.6,64.36
2026-03-13 10:05:00,38.04,64.47,36.59,41.54,1256,1484.2,10,4,36.26,63.46,36.63,42.31,1385.0,1289,40.29999999999996,63.50666666666664,1557.533333333334,42.04,64.08
2026-03-13 10:10:00,43.74,63.34,36.31,48.63,1293,1688.9,10,4,38.04,64.47,36.59,41.54,1484.2,1256,39.34666666666663,63.75666666666664,1519.3666666666675,38.87,63.5
2026-03-13 10:15:00,49.6,64.36,36.17,51.3,1346,1659.8,10,4,43.74,63.34,36.31,48.63,1688.9,1293,43.793333333333294,64.05666666666663,1610.9666666666674,40.06,64.22
2026-03-13 10:20:00,42.04,64.08,36.84,44.5,1400,1608.2,10,4,49.6,64.36,36.17,51.3,1659.8,1346,45.12666666666663,63.92666666666664,1652.3000000000004,43.07,64.74
2026-03-13 10:25:00,38.87,63.5,36.3,43.86,1248,1318.8,10,4,42.04,64.08,36.84,44.5,1608.2,1400,43.503333333333295,63.97999999999996,1528.933333333334,46.91,66.49
2026-03-13 10:30:00,40.06,64.22,36.41,42.69,1373,1389.7,10,4,38.87,63.5,36.3,43.86,1318.8,1248,40.323333333333295,63.9333333333333,1438.9000000000005,51.92,67.79
2026-03-13 10:35:00,43.07,64.74,35.99,50.47,1513,1617.2,10,4,40.06,64.22,36.41,42.69,1389.7,1373,40.66666666666663,64.1533333333333,1441.9000000000005,51.68,69.29
2026-03-13 10:40:00,46.91,66.49,36.2,54.72,1419,1705.4,10,4,43.07,64.74,35.99,50.47,1617.2,1513,43.34666666666663,65.14999999999996,1570.7666666666673,46.05,67.63
2026-03-13 10:45:00,51.92,67.79,36.27,53.97,1486,1984.4,10,4,46.91,66.49,36.2,54.72,1705.4,1419,47.29999999999996,66.33999999999996,1769.0000000000007,50.81,67.05
2026-03-13 10:50:00,51.68,69.29,36.91,49.48,1487,2058.7,10,4,51.92,67.79,36.27,53.97,1984.4,1486,50.16999999999996,67.85666666666664,1916.1666666666672,45.51,66.94
2026-03-13 10:55:00,46.05,67.63,36.53,60.88,1436,2051.1,10,4,51.68,69.29,36.91,49.48,2058.7,1487,49.8833333333333,68.23666666666664,2031.4000000000003,44.3,69.6
2026-03-13 11:00:00,50.81,67.05,37.04,59.69,1458,2027.5,11,4,46.05,67.63,36.53,60.88,2051.1,1436,49.51333333333329,67.98999999999997,2045.766666666667,38.14,67.94
2026-03-13 11:05:00,45.51,66.94,36.78,54.09,1619,1939.2,11,4,50.81,67.05,37.04,59.69,2027.5,1458,47.45666666666663,67.20666666666664,2005.933333333334,46.26,68.59
2026-03-13 11:10:00,44.3,69.6,36.58,43.64,1500,1658.6,11,4,45.51,66.94,36.78,54.09,1939.2,1619,46.8733333333333,67.8633333333333,1875.1000000000006,43.43,68.32
2026-03-13 11:15:00,38.14,67.94,36.51,49.32,1441,1448.7,11,4,44.3,69.6,36.58,43.64,1658.6,1500,42.649999999999956,68.15999999999997,1682.1666666666672,45.36,67.53
2026-03-13 11:20:00,46.26,68.59,36.7,57.78,1562,1984.9,11,4,38.14,67.94,36.51,49.32,1448.7,1441,42.899999999999956,68.70999999999997,1697.4000000000008,44.81,68.87
2026-03-13 11:25:00,43.43,68.32,36.64,47.24,1637,1813.3,11,4,46.26,68.59,36.7,57.78,1984.9,1562,42.60999999999996,68.2833333333333,1748.9666666666672,53.86,69.9
2026-03-13 11:30:00,45.36,67.53,37.05,46.2,1504,1654.9,11,4,43.43,68.32,36.64,47.24,1813.3,1637,45.01666666666663,68.14666666666663,1817.7000000000007,58.62,68.65
2026-03-13 11:35:00,44.81,68.87,36.48,51.9,1660,1975.1,11,4,45.36,67.53,37.05,46.2,1654.9,1504,44.533333333333296,68.23999999999997,1814.433333333334,41.19,69.77
2026-03-13 11:40:00,53.86,69.9,36.95,58.57,1674,2194.8,11,4,44.81,68.87,36.48,51.9,1975.1,1660,48.00999999999996,68.76666666666664,1941.6000000000006,44.6,69.52
2026-03-13 11:45:00,58.62,68.65,37.36,64.8,1663,2304.7,11,4,53.86,69.9,36.95,58.57,2194.8,1674,52.42999999999997,69.13999999999997,2158.2000000000007,40.93,69.8
2026-03-13 11:50:00,41.19,69.77,36.9,45.06,1681,1690.6,11,4,58.62,68.65,37.36,64.8,2304.7,1663,51.2233333333333,69.43999999999996,2063.3666666666672,48.44,70.07
2026-03-13 11:55:00,44.6,69.52,37.04,38.84,1623,1488.8,11,4,41.19,69.77,36.9,45.06,1690.6,1681,48.13666666666663,69.3133333333333,1828.0333333333338,50.34,71.75
2026-03-13 12:00:00,40.93,69.8,36.87,47.16,1691,1644.6,12,4,44.6,69.52,37.04,38.84,1488.8,1623,42.23999999999996,69.69666666666664,1608.0000000000007,46.55,73.2
2026-03-13 12:05:00,48.44,70.07,36.84,50.51,1678,1929.9,12,4,40.93,69.8,36.87,47.16,1644.6,1691,44.65666666666663,69.79666666666662,1687.7666666666673,51.19,73.8
2026-03-13 12:10:00,50.34,71.75,37.25,48.7,1676,1865.2,12,4,48.44,70.07,36.84,50.51,1929.9,1678,46.569999999999965,70.53999999999996,1813.2333333333338,61.75,73.99
2026-03-13 12:15:00,46.55,73.2,36.75,50.81,1728,1897.8,12,4,50.34,71.75,37.25,48.7,1865.2,1676,48.44333333333329,71.6733333333333,1897.6333333333341,45.99,73.62
2026-03-13 12:20:00,51.19,73.8,37.0,47.9,1738,1909.4,12,4,46.55,73.2,36.75,50.81,1897.8,1728,49.35999999999996,72.91666666666663,1890.8000000000004,55.11,74.13
2026-03-13 12:25:00,61.75,73.99,36.89,63.14,1757,2427.2,12,4,51.19,73.8,37.0,47.9,1909.4,1738,53.1633333333333,73.6633333333333,2078.1333333333337,47.93,74.1
2026-03-13 12:30:00,45.99,73.62,36.44,53.19,1730,1872.1,12,4,61.75,73.99,36.89,63.14,2427.2,1757,52.97666666666663,73.8033333333333,2069.566666666667,56.28,73.83
2026-03-13 12:35:00,55.11,74.13,36.86,70.01,1828,2416.3,12,4,45.99,73.62,36.44,53.19,1872.1,1730,54.283333333333296,73.9133333333333,2238.533333333334,48.18,75.12
2026-03-13 12:40:00,47.93,74.1,36.37,58.89,1739,2152.3,12,4,55.11,74.13,36.86,70.01,2416.3,1828,49.67666666666663,73.94999999999996,2146.900000000001,61.64,76.49
2026-03-13 12:45:00,56.28,73.83,36.85,51.72,1706,2015.1,12,4,47.93,74.1,36.37,58.89,2152.3,1739,53.10666666666663,74.01999999999997,2194.566666666667,46.88,77.11
2026-03-13 12:50:00,48.18,75.12,37.24,49.83,1901,1733.8,12,4,56.28,73.83,36.85,51.72,2015.1,1706,50.79666666666663,74.34999999999997,1967.0666666666673,50.96,77.47
2026-03-13 12:55:00,61.64,76.49,36.93,68.88,1851,2587.7,12,4,48.18,75.12,37.24,49.83,1733.8,1901,55.366666666666625,75.14666666666663,2112.2000000000007,48.14,77.79
2026-03-13 13:00:00,46.88,77.11,36.96,54.25,1857,1810.0,13,4,61.64,76.49,36.93,68.88,2587.7,1851,52.23333333333329,76.23999999999997,2043.833333333334,51.24,78.73
2026-03-13 13:05:00,50.96,77.47,37.11,59.84,1875,1976.1,13,4,46.88,77.11,36.96,54.25,1810.0,1857,53.15999999999996,77.0233333333333,2124.600000000001,50.35,79.03
2026-03-13 13:10:00,48.14,77.79,37.33,58.6,1843,1745.1,13,4,50.96,77.47,37.11,59.84,1976.1,1875,48.65999999999997,77.45666666666664,1843.7333333333343,48.53,80.81
2026-03-13 13:15:00,51.24,78.73,36.54,55.16,1971,2269.0,13,4,48.14,77.79,37.33,58.6,1745.1,1843,50.113333333333294,77.99666666666663,1996.7333333333343,60.67,79.67
2026-03-13 13:20:00,50.35,79.03,37.03,59.85,1871,1819.2,13,4,51.24,78.73,36.54,55.16,2269.0,1971,49.90999999999996,78.51666666666664,1944.433333333334,60.97,80.16
2026-03-13 13:25:00,48.53,80.81,36.91,50.34,1932,1946.1,13,4,50.35,79.03,37.03,59.85,1819.2,1871,50.039999999999964,79.5233333333333,2011.433333333334,44.55,78.44
2026-03-13 13:30:00,60.67,79.67,37.09,62.15,1916,2437.9,13,4,48.53,80.81,36.91,50.34,1946.1,1932,53.1833333333333,79.83666666666663,2067.733333333334,48.59,78.73
2026-03-13 13:35:00,60.97,80.16,37.15,66.58,1956,2659.8,13,4,60.67,79.67,37.09,62.15,2437.9,1916,56.7233333333333,80.2133333333333,2347.9333333333343,51.47,77.76
2026-03-13 13:40:00,44.55,78.44,37.53,58.16,1840,1976.1,13,4,60.97,80.16,37.15,66.58,2659.8,1956,55.396666666666626,79.4233333333333,2357.9333333333343,49.56,77.45
2026-03-13 13:45:00,48.59,78.73,36.55,48.19,1927,1906.6,13,4,44.55,78.44,37.53,58.16,1976.1,1840,51.369999999999955,79.10999999999997,2180.8333333333344,51.21,78.85
2026-03-13 13:50:00,51.47,77.76,36.88,48.63,1948,1728.0,13,4,48.59,78.73,36.55,48.19,1906.6,1927,48.20333333333329,78.30999999999996,1870.2333333333343,60.46,78.61
2026-03-13 13:55:00,49.56,77.45,37.46,51.95,1915,1828.7,13,4,51.47,77.76,36.88,48.63,1728.0,1948,49.8733333333333,77.97999999999996,1821.100000000001,54.32,78.14
2026-03-13 14:00:00,51.21,78.85,37.26,46.8,1916,1857.0,14,4,49.56,77.45,37.46,51.95,1828.7,1915,50.746666666666634,78.01999999999997,1804.5666666666675,48.06,77.27
2026-03-13 14:05:00,60.46,78.61,37.39,66.59,2019,2574.7,14,4,51.21,78.85,37.26,46.8,1857.0,1916,53.743333333333304,78.3033333333333,2086.8000000000006,59.13,76.72
2026-03-13 14:10:00,54.32,78.14,37.86,61.03,1991,2350.5,14,4,60.46,78.61,37.39,66.59,2574.7,2019,55.32999999999996,78.5333333333333,2260.733333333334,54.21,77.45
2026-03-13 14:15:00,48.06,77.27,37.14,53.38,1957,2044.6,14,4,54.32,78.14,37.86,61.03,2350.5,1991,54.279999999999966,78.00666666666663,2323.266666666668,49.35,77.05
2026-03-13 14:20:00,59.13,76.72,37.02,69.0,1872,2530.7,14,4,48.06,77.27,37.14,53.38,2044.6,1957,53.83666666666662,77.37666666666664,2308.600000000001,60.88,77.95
2026-03-13 14:25:00,54.21,77.45,37.47,64.67,1961,2306.3,14,4,59.13,76.72,37.02,69.0,2530.7,1872,53.79999999999996,77.14666666666663,2293.8666666666672,49.4,75.87
2026-03-13 14:30:00,49.35,77.05,36.96,60.12,2041,2286.7,14,4,54.21,77.45,37.47,64.67,2306.3,1961,54.22999999999996,77.07333333333331,2374.5666666666675,50.44,76.21
2026-03-13 14:35:00,60.88,77.95,36.9,64.02,2042,2737.2,14,4,49.35,77.05,36.96,60.12,2286.7,2041,54.8133333333333,77.48333333333329,2443.400000000001,46.82,75.58
2026-03-13 14:40:00,49.4,75.87,36.93,53.75,1972,1905.6,14,4,60.88,77.95,36.9,64.02,2737.2,2042,53.20999999999996,76.95666666666664,2309.833333333334,54.11,74.84
2026-03-13 14:45:00,50.44,76.21,37.54,48.62,1984,1882.7,14,4,49.4,75.87,36.93,53.75,1905.6,1972,53.573333333333295,76.67666666666663,2175.1666666666674,53.59,75.13
2026-03-13 14:50:00,46.82,75.58,37.54,54.91,1916,1981.5,14,4,50.44,76.21,37.54,48.62,1882.7,1984,48.88666666666663,75.88666666666664,1923.2666666666676,44.89,74.88
2026-03-13 14:55:00,54.11,74.84,36.99,59.43,1999,1961.7,14,4,46.82,75.58,37.54,54.91,1981.5,1916,50.45666666666663,75.5433333333333,1941.9666666666678,60.09,76.5
2026-03-13 15:00:00,53.59,75.13,37.57,60.9,1924,2178.3,15,4,54.11,74.84,36.99,59.43,1961.7,1999,51.506666666666625,75.1833333333333,2040.5000000000011,64.46,77.5
2026-03-13 15:05:00,44.89,74.88,37.05,54.51,1967,1819.2,15,4,53.59,75.13,37.57,60.9,2178.3,1924,50.863333333333294,74.94999999999997,1986.4000000000012,66.3,78.37
2026-03-13 15:10:00,60.09,76.5,37.13,65.09,2011,2378.4,15,4,44.89,74.88,37.05,54.51,1819.2,1967,52.85666666666663,75.50333333333329,2125.300000000001,54.8,77.7
2026-03-13 15:15:00,64.46,77.5,37.57,73.46,2058,2966.2,15,4,60.09,76.5,37.13,65.09,2378.4,2011,56.47999999999996,76.2933333333333,2387.9333333333343,52.52,76.52
2026-03-13 15:20:00,66.3,78.37,37.43,66.87,2044,2568.2,15,4,64.46,77.5,37.57,73.46,2966.2,2058,63.616666666666625,77.45666666666664,2637.600000000001,67.28,75.91
2026-03-13 15:25:00,54.8,77.7,37.48,44.2,1979,1938.2,15,4,66.3,78.37,37.43,66.87,2568.2,2044,61.853333333333296,77.85666666666664,2490.8666666666672,58.7,76.63
2026-03-13 15:30:00,52.52,76.52,37.25,58.25,1964,2165.5,15,4,54.8,77.7,37.48,44.2,1938.2,1979,57.8733333333333,77.52999999999997,2223.9666666666676,55.37,76.93
2026-03-13 15:35:00,67.28,75.91,37.8,69.17,1992,2834.9,15,4,52.52,76.52,37.25,58.25,2165.5,1964,58.19999999999997,76.70999999999997,2312.8666666666672,53.4,76.27
2026-03-13 15:40:00,58.7,76.63,37.8,70.16,2021,2404.2,15,4,67.28,75.91,37.8,69.17,2834.9,1992,59.499999999999964,76.3533333333333,2468.2000000000007,50.24,76.82
2026-03-13 15:45:00,55.37,76.93,37.34,62.36,2066,2235.6,15,4,58.7,76.63,37.8,70.16,2404.2,2021,60.44999999999996,76.48999999999997,2491.5666666666675,47.96,76.45
2026-03-13 15:50:00,53.4,76.27,36.95,60.57,1984,2070.5,15,4,55.37,76.93,37.34,62.36,2235.6,2066,55.823333333333295,76.60999999999997,2236.766666666668,58.66,76.79
2026-03-13 15:55:00,50.24,76.82,37.39,56.84,1948,2161.1,15,4,53.4,76.27,36.95,60.57,2070.5,1984,53.003333333333295,76.6733333333333,2155.733333333334,55.29,77.34
2026-03-13 16:00:00,47.96,76.45,37.69,50.58,1975,2000.3,16,4,50.24,76.82,37.39,56.84,2161.1,1948,50.533333333333296,76.5133333333333,2077.3000000000006,60.97,75.31
2026-03-13 16:05:00,58.66,76.79,37.51,68.66,2096,2580.4,16,4,47.96,76.45,37.69,50.58,2000.3,1975,52.28666666666663,76.68666666666664,2247.266666666668,44.66,74.98
2026-03-13 16:10:00,55.29,77.34,37.32,75.08,1993,2524.3,16,4,58.66,76.79,37.51,68.66,2580.4,2096,53.96999999999996,76.85999999999997,2368.3333333333344,56.37,76.56
2026-03-13 16:15:00,60.97,75.31,37.78,66.47,1968,2202.2,16,4,55.29,77.34,37.32,75.08,2524.3,1993,58.30666666666662,76.47999999999998,2435.6333333333346,54.21,77.84
2026-03-13 16:20:00,44.66,74.98,37.27,54.14,1970,1964.5,16,4,60.97,75.31,37.78,66.47,2202.2,1968,53.63999999999996,75.87666666666665,2230.3333333333344,51.87,78.16
2026-03-13 16:25:00,56.37,76.56,37.32,60.94,2035,2428.7,16,4,44.66,74.98,37.27,54.14,1964.5,1970,53.999999999999964,75.61666666666663,2198.4666666666676,65.85,76.77
2026-03-13 16:30:00,54.21,77.84,37.53,70.34,1937,2485.2,16,4,56.37,76.56,37.32,60.94,2428.7,2035,51.746666666666634,76.45999999999997,2292.8000000000006,53.23,78.69
2026-03-13 16:35:00,51.87,78.16,38.28,61.89,1890,2422.7,16,4,54.21,77.84,37.53,70.34,2485.2,1937,54.149999999999956,77.51999999999997,2445.533333333334,52.69,79.46
2026-03-13 16:40:00,65.85,76.77,36.54,78.99,1956,2880.2,16,4,51.87,78.16,38.28,61.89,2422.7,1890,57.30999999999997,77.58999999999996,2596.033333333334,52.85,79.64
2026-03-13 16:45:00,53.23,78.69,37.87,57.47,1971,2187.7,16,4,65.85,76.77,36.54,78.99,2880.2,1956,56.98333333333329,77.87333333333329,2496.8666666666672,53.5,80.6
2026-03-13 16:50:00,52.69,79.46,37.23,57.96,2040,2153.0,16,4,53.23,78.69,37.87,57.47,2187.7,1971,57.256666666666625,78.30666666666663,2406.9666666666676,50.13,79.73
2026-03-13 16:55:00,52.85,79.64,38.1,46.24,1976,1933.1,16,4,52.69,79.46,37.23,57.96,2153.0,2040,52.92333333333329,79.2633333333333,2091.266666666668,48.07,77.72
2026-03-13 17:00:00,53.5,80.6,38.05,61.73,1962,2235.3,17,4,52.85,79.64,38.1,46.24,1933.1,1976,53.0133333333333,79.89999999999996,2107.1333333333346,93.08,91.22
2026-03-13 17:05:00,50.13,79.73,37.36,62.75,2044,2177.5,17,4,53.5,80.6,38.05,61.73,2235.3,1962,52.15999999999997,79.98999999999997,2115.300000000001,54.93,77.95
2026-03-13 17:10:00,48.07,77.72,38.06,59.33,1874,2072.0,17,4,50.13,79.73,37.36,62.75,2177.5,2044,50.56666666666663,79.34999999999997,2161.600000000001,54.6,77.71
2026-03-13 17:15:00,93.08,91.22,37.59,99.0,3349,4108.1,17,4,48.07,77.72,38.06,59.33,2072.0,1874,63.75999999999996,82.88999999999997,2785.866666666668,47.32,76.43
2026-03-13 17:20:00,54.93,77.95,37.51,65.3,1891,2526.1,17,4,93.08,91.22,37.59,99.0,4108.1,3349,65.35999999999997,82.29666666666664,2902.066666666668,44.51,75.54
2026-03-13 17:25:00,54.6,77.71,37.49,52.96,1965,1945.5,17,4,54.93,77.95,37.51,65.3,2526.1,1891,67.53666666666662,82.2933333333333,2859.9000000000015,46.94,76.77
2026-03-13 17:30:00,47.32,76.43,38.0,50.19,1839,1868.0,17,4,54.6,77.71,37.49,52.96,1945.5,1965,52.283333333333296,77.3633333333333,2113.200000000001,52.09,76.31
2026-03-13 17:35:00,44.51,75.54,37.86,49.03,1973,1950.7,17,4,47.32,76.43,38.0,50.19,1868.0,1839,48.80999999999997,76.55999999999997,1921.4000000000012,52.51,74.94
2026-03-13 17:40:00,46.94,76.77,37.3,52.63,1827,1889.7,17,4,44.51,75.54,37.86,49.03,1950.7,1973,46.256666666666625,76.24666666666663,1902.800000000001,41.84,74.27
2026-03-13 17:45:00,52.09,76.31,37.44,60.17,1945,2030.3,17,4,46.94,76.77,37.3,52.63,1889.7,1827,47.846666666666636,76.20666666666664,1956.9000000000012,44.61,74.29
2026-03-13 17:50:00,52.51,74.94,37.41,54.39,1905,2268.8,17,4,52.09,76.31,37.44,60.17,2030.3,1945,50.51333333333329,76.00666666666662,2062.9333333333348,53.59,72.68
2026-03-13 17:55:00,41.84,74.27,37.86,48.49,1826,1796.1,17,4,52.51,74.94,37.41,54.39,2268.8,1905,48.8133333333333,75.1733333333333,2031.7333333333347,56.88,73.29
2026-03-13 18:00:00,44.61,74.29,38.02,49.15,1801,1800.6,18,4,41.84,74.27,37.86,48.49,1796.1,1826,46.319999999999965,74.49999999999996,1955.1666666666679,85.46,82.9
2026-03-13 18:05:00,53.59,72.68,37.23,58.65,1812,2384.1,18,4,44.61,74.29,38.02,49.15,1800.6,1801,46.67999999999997,73.74666666666663,1993.600000000001,41.82,74.16
2026-03-13 18:10:00,56.88,73.29,37.28,58.16,1809,2347.2,18,4,53.59,72.68,37.23,58.65,2384.1,1812,51.6933333333333,73.41999999999997,2177.300000000001,51.25,75.13
2026-03-13 18:15:00,85.46,82.9,37.97,94.99,2652,3680.1,18,4,56.88,73.29,37.28,58.16,2347.2,1809,65.30999999999996,76.28999999999998,2803.800000000001,47.73,73.93
2026-03-13 18:20:00,41.82,74.16,37.97,51.73,1817,1760.6,18,4,85.46,82.9,37.97,94.99,3680.1,2652,61.38666666666663,76.7833333333333,2595.9666666666676,55.82,73.71
2026-03-13 18:25:00,51.25,75.13,37.32,55.9,1808,2053.6,18,4,41.82,74.16,37.97,51.73,1760.6,1817,59.50999999999996,77.39666666666663,2498.1000000000013,51.48,73.24
2026-03-13 18:30:00,47.73,73.93,37.32,62.1,1691,2249.0,18,4,51.25,75.13,37.32,55.9,2053.6,1808,46.9333333333333,74.40666666666664,2021.0666666666677,47.73,72.89
2026-03-13 18:35:00,55.82,73.71,38.0,62.99,1798,2553.8,18,4,47.73,73.93,37.32,62.1,2249.0,1691,51.599999999999966,74.25666666666662,2285.466666666668,39.67,71.41
2026-03-13 18:40:00,51.48,73.24,38.33,55.34,1779,1994.1,18,4,55.82,73.71,38.0,62.99,2553.8,1798,51.67666666666663,73.62666666666662,2265.6333333333346,60.6,71.95
2026-03-13 18:45:00,47.73,72.89,37.87,55.82,1788,2036.8,18,4,51.48,73.24,38.33,55.34,1994.1,1779,51.67666666666663,73.27999999999996,2194.900000000001,43.18,72.64
2026-03-13 18:50:00,39.67,71.41,37.5,52.28,1750,1798.7,18,4,47.73,72.89,37.87,55.82,2036.8,1788,46.293333333333294,72.5133333333333,1943.2000000000014,43.53,72.71
2026-03-13 18:55:00,60.6,71.95,37.97,65.98,1718,2296.7,18,4,39.67,71.41,37.5,52.28,1798.7,1750,49.33333333333329,72.0833333333333,2044.0666666666677,48.06,72.01
2026-03-13 19:00:00,43.18,72.64,37.82,45.99,1762,1634.7,19,4,60.6,71.95,37.97,65.98,2296.7,1718,47.816666666666634,71.99999999999996,1910.0333333333344,51.48,71.46
2026-03-13 19:05:00,43.53,72.71,38.05,46.05,1640,1676.7,19,4,43.18,72.64,37.82,45.99,1634.7,1762,49.103333333333296,72.4333333333333,1869.366666666668,50.14,74.32
2026-03-13 19:10:00,48.06,72.01,37.91,53.65,1650,2162.7,19,4,43.53,72.71,38.05,46.05,1676.7,1640,44.9233333333333,72.4533333333333,1824.7000000000014,45.78,73.69
2026-03-13 19:15:00,51.48,71.46,38.29,48.51,1570,1927.0,19,4,48.06,72.01,37.91,53.65,2162.7,1650,47.68999999999996,72.05999999999996,1922.1333333333343,44.05,74.69
2026-03-13 19:20:00,50.14,74.32,37.58,54.13,1677,2018.3,19,4,51.48,71.46,38.29,48.51,1927.0,1570,49.893333333333295,72.59666666666664,2036.0000000000011,52.36,73.21
2026-03-13 19:25:00,45.78,73.69,38.09,50.1,1624,1485.5,19,4,50.14,74.32,37.58,54.13,2018.3,1677,49.13333333333329,73.15666666666662,1810.266666666668,51.31,73.48
2026-03-13 19:30:00,44.05,74.69,37.37,40.63,1578,1623.5,19,4,45.78,73.69,38.09,50.1,1485.5,1624,46.65666666666663,74.23333333333329,1709.1000000000013,41.0,73.61
2026-03-13 19:35:00,52.36,73.21,37.47,58.79,1567,2168.7,19,4,44.05,74.69,37.37,40.63,1623.5,1578,47.396666666666626,73.86333333333329,1759.2333333333345,41.93,72.28
2026-03-13 19:40:00,51.31,73.48,37.93,45.77,1560,1907.2,19,4,52.36,73.21,37.47,58.79,2168.7,1567,49.23999999999996,73.7933333333333,1899.800000000001,46.25,71.42
2026-03-13 19:45:00,41.0,73.61,37.97,51.56,1644,1441.2,19,4,51.31,73.48,37.93,45.77,1907.2,1560,48.2233333333333,73.4333333333333,1839.0333333333347,49.02,71.72
2026-03-13 19:50:00,41.93,72.28,37.72,50.01,1525,1873.3,19,4,41.0,73.61,37.97,51.56,1441.2,1644,44.746666666666634,73.12333333333329,1740.5666666666677,41.09,72.71
2026-03-13 19:55:00,46.25,71.42,38.58,49.53,1528,2053.5,19,4,41.93,72.28,37.72,50.01,1873.3,1525,43.05999999999997,72.43666666666662,1789.3333333333346,41.0,73.1
2026-03-13 20:00:00,49.02,71.72,37.7,48.98,1632,1962.3,20,4,46.25,71.42,38.58,49.53,2053.5,1528,45.73333333333329,71.80666666666663,1963.0333333333344,42.19,72.69
2026-03-13 20:05:00,41.09,72.71,38.23,56.34,1518,1853.4,20,4,49.02,71.72,37.7,48.98,1962.3,1632,45.4533333333333,71.94999999999997,1956.4000000000012,40.66,73.0
2026-03-13 20:10:00,41.0,73.1,38.22,41.41,1473,1457.0,20,4,41.09,72.71,38.23,56.34,1853.4,1518,43.7033333333333,72.50999999999995,1757.5666666666677,45.1,72.65
2026-03-13 20:15:00,42.19,72.69,38.21,50.28,1532,1934.6,20,4,41.0,73.1,38.22,41.41,1457.0,1473,41.42666666666663,72.8333333333333,1748.3333333333342,55.2,72.53
2026-03-13 20:20:00,40.66,73.0,38.11,39.23,1479,1441.9,20,4,42.19,72.69,38.21,50.28,1934.6,1532,41.283333333333296,72.92999999999996,1611.1666666666679,43.71,71.73
2026-03-13 20:25:00,45.1,72.65,37.57,49.98,1450,1692.0,20,4,40.66,73.0,38.11,39.23,1441.9,1479,42.649999999999956,72.77999999999997,1689.5000000000011,43.68,69.08
2026-03-13 20:30:00,55.2,72.53,37.97,50.93,1407,1813.2,20,4,45.1,72.65,37.57,49.98,1692.0,1450,46.98666666666663,72.72666666666663,1649.0333333333344,38.55,69.88
2026-03-13 20:35:00,43.71,71.73,38.32,45.91,1441,1474.2,20,4,55.2,72.53,37.97,50.93,1813.2,1407,48.003333333333295,72.3033333333333,1659.800000000001,37.73,67.4
2026-03-13 20:40:00,43.68,69.08,38.41,42.06,1432,1525.3,20,4,43.71,71.73,38.32,45.91,1474.2,1441,47.529999999999966,71.1133333333333,1604.2333333333345,42.82,66.02
2026-03-13 20:45:00,38.55,69.88,38.13,37.01,1448,1350.2,20,4,43.68,69.08,38.41,42.06,1525.3,1432,41.97999999999996,70.22999999999996,1449.9000000000012,49.35,65.29
2026-03-13 20:50:00,37.73,67.4,38.2,31.25,1305,1327.8,20,4,38.55,69.88,38.13,37.01,1350.2,1448,39.98666666666663,68.78666666666663,1401.100000000001,43.06,65.37
2026-03-13 20:55:00,42.82,66.02,38.65,41.93,1380,1449.7,20,4,37.73,67.4,38.2,31.25,1327.8,1305,39.69999999999996,67.76666666666664,1375.9000000000012,36.82,66.03
2026-03-13 21:00:00,49.35,65.29,38.57,38.47,1312,1774.5,21,4,42.82,66.02,38.65,41.93,1449.7,1380,43.299999999999955,66.23666666666664,1517.3333333333346,43.2,65.82
2026-03-13 21:05:00,43.06,65.37,38.28,41.58,1279,1402.1,21,4,49.35,65.29,38.57,38.47,1774.5,1312,45.07666666666663,65.55999999999996,1542.100000000001,41.42,65.91
2026-03-13 21:10:00,36.82,66.03,38.34,47.94,1235,1514.4,21,4,43.06,65.37,38.28,41.58,1402.1,1279,43.07666666666663,65.56333333333332,1563.6666666666679,45.93,64.88
2026-03-13 21:15:00,43.2,65.82,38.9,47.59,1264,1750.2,21,4,36.82,66.03,38.34,47.94,1514.4,1235,41.026666666666635,65.73999999999997,1555.5666666666677,30.76,63.93
2026-03-13 21:20:00,41.42,65.91,37.97,41.35,1201,1380.8,21,4,43.2,65.82,38.9,47.59,1750.2,1264,40.47999999999996,65.91999999999996,1548.4666666666678,31.55,63.01
2026-03-13 21:25:00,45.93,64.88,38.11,42.15,1273,1453.6,21,4,41.42,65.91,37.97,41.35,1380.8,1201,43.51666666666663,65.53666666666663,1528.200000000001,33.84,63.29
2026-03-13 21:30:00,30.76,63.93,38.39,44.68,1249,1213.2,21,4,45.93,64.88,38.11,42.15,1453.6,1273,39.36999999999996,64.90666666666662,1349.200000000001,32.71,62.88
2026-03-13 21:35:00,31.55,63.01,38.4,37.3,1180,1232.9,21,4,30.76,63.93,38.39,44.68,1213.2,1249,36.07999999999996,63.93999999999996,1299.900000000001,42.27,62.16
2026-03-13 21:40:00,33.84,63.29,38.42,30.07,1276,1200.6,21,4,31.55,63.01,38.4,37.3,1232.9,1180,32.04999999999996,63.40999999999997,1215.5666666666677,35.67,61.41
2026-03-13 21:45:00,32.71,62.88,38.64,38.94,1171,1293.1,21,4,33.84,63.29,38.42,30.07,1200.6,1276,32.69999999999996,63.05999999999997,1242.200000000001,33.98,61.44
2026-03-13 21:50:00,42.27,62.16,38.77,43.55,1140,1424.6,21,4,32.71,62.88,38.64,38.94,1293.1,1171,36.2733333333333,62.776666666666635,1306.100000000001,34.91,62.56
2026-03-13 21:55:00,35.67,61.41,38.71,36.78,1064,1044.9,21,4,42.27,62.16,38.77,43.55,1424.6,1140,36.8833333333333,62.14999999999997,1254.200000000001,33.03,62.79
2026-03-13 22:00:00,33.98,61.44,38.2,37.97,1171,1156.7,22,4,35.67,61.41,38.71,36.78,1044.9,1064,37.30666666666662,61.66999999999996,1208.7333333333345,53.02,73.12
2026-03-13 22:05:00,34.91,62.56,38.45,39.91,1063,1348.3,22,4,33.98,61.44,38.2,37.97,1156.7,1171,34.853333333333296,61.803333333333306,1183.300000000001,32.4,62.09
2026-03-13 22:10:00,33.03,62.79,37.98,32.45,1101,1050.8,22,4,34.91,62.56,38.45,39.91,1348.3,1063,33.973333333333294,62.2633333333333,1185.2666666666676,40.24,70.47
2026-03-13 22:15:00,53.02,73.12,37.95,50.7,1605,1824.9,22,4,33.03,62.79,37.98,32.45,1050.8,1101,40.319999999999965,66.15666666666664,1408.0000000000011,28.97,61.32
2026-03-13 22:20:00,32.4,62.09,38.33,36.84,1056,1096.5,22,4,53.02,73.12,37.95,50.7,1824.9,1605,39.4833333333333,65.99999999999997,1324.0666666666677,36.84,60.05
2026-03-13 22:25:00,40.24,70.47,38.27,45.79,1530,1466.1,22,4,32.4,62.09,38.33,36.84,1096.5,1056,41.886666666666635,68.55999999999997,1462.500000000001,30.36,58.43
2026-03-13 22:30:00,28.97,61.32,38.82,33.69,1003,1130.8,22,4,40.24,70.47,38.27,45.79,1466.1,1530,33.86999999999996,64.62666666666664,1231.1333333333343,29.93,57.39
2026-03-13 22:35:00,36.84,60.05,38.42,46.75,933,1235.6,22,4,28.97,61.32,38.82,33.69,1130.8,1003,35.349999999999966,63.94666666666664,1277.5000000000011,31.63,58.32
2026-03-13 22:40:00,30.36,58.43,38.39,38.18,917,930.1,22,4,36.84,60.05,38.42,46.75,1235.6,933,32.05666666666663,59.9333333333333,1098.8333333333344,35.61,57.25
2026-03-13 22:45:00,29.93,57.39,38.52,28.51,958,969.0,22,4,30.36,58.43,38.39,38.18,930.1,917,32.37666666666663,58.623333333333306,1044.900000000001,30.8,56.44
2026-03-13 22:50:00,31.63,58.32,38.47,25.61,912,812.6,22,4,29.93,57.39,38.52,28.51,969.0,958,30.63999999999996,58.04666666666663,903.9000000000011,41.21,57.34
2026-03-13 22:55:00,35.61,57.25,38.6,27.62,897,947.1,22,4,31.63,58.32,38.47,25.61,812.6,912,32.389999999999965,57.65333333333331,909.5666666666679,26.34,56.81
2026-03-13 23:00:00,30.8,56.44,38.77,41.16,940,983.4,23,4,35.61,57.25,38.6,27.62,947.1,897,32.679999999999964,57.33666666666664,914.3666666666677,33.41,57.16
2026-03-13 23:05:00,41.21,57.34,38.0,40.13,940,1285.4,23,4,30.8,56.44,38.77,41.16,983.4,940,35.8733333333333,57.00999999999997,1071.9666666666678,34.72,56.22
2026-03-13 23:10:00,26.34,56.81,38.92,35.44,839,824.6,23,4,41.21,57.34,38.0,40.13,1285.4,940,32.783333333333296,56.86333333333331,1031.1333333333343,30.18,55.82
2026-03-13 23:15:00,33.41,57.16,38.26,33.42,874,918.8,23,4,26.34,56.81,38.92,35.44,824.6,839,33.6533333333333,57.1033333333333,1009.6000000000012,21.83,56.96
2026-03-13 23:20:00,34.72,56.22,38.65,34.02,815,982.2,23,4,33.41,57.16,38.26,33.42,918.8,874,31.489999999999963,56.72999999999997,908.5333333333343,31.45,57.91
2026-03-13 23:25:00,30.18,55.82,38.23,38.18,846,1081.9,23,4,34.72,56.22,38.65,34.02,982.2,815,32.76999999999996,56.39999999999998,994.3000000000011,26.98,57.89
2026-03-13 23:30:00,21.83,56.96,38.12,33.8,847,822.4,23,4,30.18,55.82,38.23,38.18,1081.9,846,28.909999999999958,56.33333333333331,962.1666666666678,21.25,56.94
2026-03-13 23:35:00,31.45,57.91,38.77,38.08,837,1076.3,23,4,21.83,56.96,38.12,33.8,822.4,847,27.81999999999996,56.89666666666664,993.5333333333343,31.42,55.92
2026-03-13 23:40:00,26.98,57.89,38.31,27.89,757,1082.2,23,4,31.45,57.91,38.77,38.08,1076.3,837,26.75333333333329,57.58666666666664,993.6333333333345,36.42,67.53
2026-03-13 23:45:00,21.25,56.94,38.53,23.24,671,589.1,23,4,26.98,57.89,38.31,27.89,1082.2,757,26.559999999999963,57.57999999999996,915.8666666666677,24.51,54.0
2026-03-13 23:50:00,31.42,55.92,38.92,38.68,696,774.6,23,4,21.25,56.94,38.53,23.24,589.1,671,26.549999999999965,56.916666666666636,815.3000000000011,19.74,52.36
2026-03-13 23:55:00,36.42,67.53,38.67,38.9,1196,1003.0,23,4,31.42,55.92,38.92,38.68,774.6,696,29.69666666666663,60.129999999999974,788.9000000000011,21.49,51.65
2026-03-14 00:00:00,24.51,54.0,35.62,28.43,477,523.7,0,5,36.42,67.53,38.67,38.9,1003.0,1196,30.7833333333333,59.14999999999998,767.1000000000012,19.95,51.2
2026-03-14 00:05:00,19.74,52.36,35.09,23.85,478,560.5,0,5,24.51,54.0,35.62,28.43,523.7,477,26.88999999999996,57.96333333333331,695.7333333333345,28.83,51.32
2026-03-14 00:10:00,21.49,51.65,35.05,19.74,414,444.0,0,5,19.74,52.36,35.09,23.85,560.5,478,21.913333333333295,52.669999999999966,509.40000000000106,33.19,50.29
2026-03-14 00:15:00,19.95,51.2,34.86,25.06,392,559.4,0,5,21.49,51.65,35.05,19.74,444.0,414,20.393333333333292,51.73666666666664,521.3000000000011,21.22,49.67
2026-03-14 00:20:00,28.83,51.32,34.74,22.92,527,487.4,0,5,19.95,51.2,34.86,25.06,559.4,392,23.423333333333293,51.389999999999965,496.93333333333436,23.2,50.72
2026-03-14 00:25:00,33.19,50.29,34.8,22.45,475,575.4,0,5,28.83,51.32,34.74,22.92,487.4,527,27.323333333333295,50.93666666666664,540.7333333333344,22.65,49.42
2026-03-14 00:30:00,21.22,49.67,35.02,17.43,467,570.5,0,5,33.19,50.29,34.8,22.45,575.4,475,27.746666666666627,50.42666666666664,544.4333333333343,26.67,49.1
2026-03-14 00:35:00,23.2,50.72,35.13,20.76,458,491.4,0,5,21.22,49.67,35.02,17.43,570.5,467,25.869999999999962,50.22666666666664,545.7666666666677,28.41,50.1
2026-03-14 00:40:00,22.65,49.42,35.18,14.25,399,466.4,0,5,23.2,50.72,35.13,20.76,491.4,458,22.356666666666626,49.93666666666664,509.4333333333345,18.15,49.19
2026-03-14 00:45:00,26.67,49.1,34.67,14.54,405,599.0,0,5,22.65,49.42,35.18,14.25,466.4,399,24.173333333333293,49.746666666666634,518.9333333333344,25.12,50.21
2026-03-14 00:50:00,28.41,50.1,35.13,28.25,464,681.5,0,5,26.67,49.1,34.67,14.54,599.0,405,25.909999999999958,49.53999999999997,582.3000000000011,30.99,49.08
2026-03-14 00:55:00,18.15,49.19,35.14,29.51,424,478.9,0,5,28.41,50.1,35.13,28.25,681.5,464,24.409999999999965,49.46333333333331,586.4666666666677,26.04,49.13
2026-03-14 01:00:00,25.12,50.21,35.03,27.43,519,685.6,1,5,18.15,49.19,35.14,29.51,478.9,424,23.8933333333333,49.83333333333331,615.3333333333344,18.78,47.87
2026-03-14 01:05:00,30.99,49.08,35.1,23.44,375,409.2,1,5,25.12,50.21,35.03,27.43,685.6,519,24.75333333333329,49.493333333333304,524.5666666666677,26.27,46.71
2026-03-14 01:10:00,26.04,49.13,34.84,19.94,456,585.6,1,5,30.99,49.08,35.1,23.44,409.2,375,27.383333333333297,49.47333333333331,560.1333333333345,20.38,45.65
2026-03-14 01:15:00,18.78,47.87,35.66,16.01,317,322.4,1,5,26.04,49.13,34.84,19.94,585.6,456,25.269999999999964,48.69333333333331,439.0666666666677,19.13,44.85
2026-03-14 01:20:00,26.27,46.71,35.23,18.28,384,449.4,1,5,18.78,47.87,35.66,16.01,322.4,317,23.69666666666663,47.90333333333331,452.46666666666766,24.67,43.07
2026-03-14 01:25:00,20.38,45.65,34.9,17.19,333,407.4,1,5,26.27,46.71,35.23,18.28,449.4,384,21.809999999999963,46.743333333333304,393.0666666666677,25.22,42.97
2026-03-14 01:30:00,19.13,44.85,35.11,16.89,313,351.4,1,5,20.38,45.65,34.9,17.19,407.4,333,21.92666666666663,45.73666666666664,402.7333333333343,25.8,44.34
2026-03-14 01:35:00,24.67,43.07,35.14,19.44,308,326.1,1,5,19.13,44.85,35.11,16.89,351.4,313,21.3933333333333,44.523333333333305,361.6333333333344,20.53,43.72
2026-03-14 01:40:00,25.22,42.97,35.6,19.67,346,427.9,1,5,24.67,43.07,35.14,19.44,326.1,308,23.00666666666663,43.629999999999974,368.4666666666678,19.01,43.52
2026-03-14 01:45:00,25.8,44.34,35.36,20.43,330,390.4,1,5,25.22,42.97,35.6,19.67,427.9,346,25.22999999999996,43.45999999999998,381.4666666666678,24.22,44.61
2026-03-14 01:50:00,20.53,43.72,35.44,24.0,363,349.3,1,5,25.8,44.34,35.36,20.43,390.4,330,23.849999999999966,43.67666666666664,389.200000000001,24.81,44.89
2026-03-14 01:55:00,19.01,43.52,34.72,17.0,328,400.9,1,5,20.53,43.72,35.44,24.0,349.3,363,21.779999999999962,43.85999999999998,380.200000000001,17.91,46.3
2026-03-14 02:00:00,24.22,44.61,34.92,25.31,359,453.8,2,5,19.01,43.52,34.72,17.0,400.9,328,21.2533333333333,43.94999999999997,401.3333333333344,26.46,45.46
2026-03-14 02:05:00,24.81,44.89,35.29,16.47,391,384.5,2,5,24.22,44.61,34.92,25.31,453.8,359,22.67999999999996,44.339999999999975,413.06666666666774,13.41,44.91
2026-03-14 02:10:00,17.91,46.3,34.84,24.25,334,463.9,2,5,24.81,44.89,35.29,16.47,384.5,391,22.313333333333293,45.26666666666663,434.0666666666677,25.76,43.69
2026-03-14 02:15:00,26.46,45.46,34.91,23.39,354,437.6,2,5,17.91,46.3,34.84,24.25,463.9,334,23.05999999999996,45.549999999999976,428.6666666666677,29.6,44.57
2026-03-14 02:20:00,13.41,44.91,35.35,26.09,272,350.8,2,5,26.46,45.46,34.91,23.39,437.6,354,19.259999999999962,45.556666666666636,417.43333333333436,22.65,43.46
2026-03-14 02:25:00,25.76,43.69,35.32,14.89,306,310.5,2,5,13.41,44.91,35.35,26.09,350.8,272,21.876666666666633,44.68666666666664,366.3000000000011,24.63,43.04
2026-03-14 02:30:00,29.6,44.57,35.07,12.7,332,320.4,2,5,25.76,43.69,35.32,14.89,310.5,306,22.923333333333293,44.389999999999965,327.23333333333443,21.1,43.58
2026-03-14 02:35:00,22.65,43.46,35.31,17.75,366,346.6,2,5,29.6,44.57,35.07,12.7,320.4,332,26.0033333333333,43.90666666666664,325.8333333333344,23.83,43.33
2026-03-14 02:40:00,24.63,43.04,35.38,27.74,343,485.4,2,5,22.65,43.46,35.31,17.75,346.6,366,25.626666666666626,43.68999999999997,384.1333333333344,21.91,43.26
2026-03-14 02:45:00,21.1,43.58,35.77,22.47,320,400.1,2,5,24.63,43.04,35.38,27.74,485.4,343,22.793333333333294,43.35999999999998,410.700000000001,19.57,43.1
2026-03-14 02:50:00,23.83,43.33,35.27,16.94,260,254.0,2,5,21.1,43.58,35.77,22.47,400.1,320,23.18666666666663,43.316666666666634,379.8333333333344,19.2,43.55
2026-03-14 02:55:00,21.91,43.26,35.58,19.65,260,233.2,2,5,23.83,43.33,35.27,16.94,254.0,260,22.279999999999962,43.389999999999965,295.76666666666773,63.93,43.06
2026-03-14 03:00:00,19.57,43.1,35.78,24.72,245,336.6,3,5,21.91,43.26,35.58,19.65,233.2,260,21.769999999999964,43.22999999999997,274.60000000000105,26.83,43.33
2026-03-14 03:05:00,19.2,43.55,35.0,15.86,293,383.1,3,5,19.57,43.1,35.78,24.72,336.6,245,20.226666666666627,43.303333333333306,317.6333333333344,22.59,43.09
2026-03-14 03:10:00,63.93,43.06,35.48,23.42,315,256.6,3,5,19.2,43.55,35.0,15.86,383.1,293,34.23333333333329,43.23666666666664,325.43333333333436,22.9,43.89
2026-03-14 03:15:00,26.83,43.33,35.19,49.31,257,303.5,3,5,63.93,43.06,35.48,23.42,256.6,315,36.6533333333333,43.313333333333304,314.40000000000106,16.77,43.96
2026-03-14 03:20:00,22.59,43.09,34.68,21.72,186,210.5,3,5,26.83,43.33,35.19,49.31,303.5,257,37.783333333333296,43.15999999999997,256.8666666666677,18.93,43.34
2026-03-14 03:25:00,22.9,43.89,35.54,21.98,266,341.6,3,5,22.59,43.09,34.68,21.72,210.5,186,24.106666666666626,43.43666666666664,285.2000000000011,17.74,43.74
2026-03-14 03:30:00,16.77,43.96,35.3,15.79,229,263.3,3,5,22.9,43.89,35.54,21.98,341.6,266,20.753333333333295,43.64666666666665,271.8000000000011,15.6,44.14
2026-03-14 03:35:00,18.93,43.34,35.69,13.67,228,274.6,3,5,16.77,43.96,35.3,15.79,263.3,229,19.533333333333296,43.72999999999998,293.16666666666777,15.73,45.35
2026-03-14 03:40:00,17.74,43.74,35.51,12.56,138,186.9,3,5,18.93,43.34,35.69,13.67,274.6,228,17.813333333333293,43.67999999999997,241.60000000000107,17.28,45.51
2026-03-14 03:45:00,15.6,44.14,35.7,17.02,309,325.5,3,5,17.74,43.74,35.51,12.56,186.9,138,17.423333333333293,43.739999999999974,262.3333333333344,19.71,44.27
2026-03-14 03:50:00,15.73,45.35,36.17,17.77,289,282.4,3,5,15.6,44.14,35.7,17.02,325.5,309,16.35666666666663,44.40999999999997,264.93333333333436,21.58,45.16
2026-03-14 03:55:00,17.28,45.51,35.14,19.98,335,340.8,3,5,15.73,45.35,36.17,17.77,282.4,289,16.203333333333294,44.99999999999997,316.23333333333443,18.56,44.12
2026-03-14 04:00:00,19.71,44.27,35.35,21.19,286,367.4,4,5,17.28,45.51,35.14,19.98,340.8,335,17.573333333333295,45.043333333333315,330.200000000001,19.09,42.02
2026-03-14 04:05:00,21.58,45.16,35.2,18.4,300,294.8,4,5,19.71,44.27,35.35,21.19,367.4,286,19.523333333333298,44.97999999999997,334.3333333333344,16.7,42.42
2026-03-14 04:10:00,18.56,44.12,36.1,19.75,289,287.7,4,5,21.58,45.16,35.2,18.4,294.8,300,19.949999999999964,44.516666666666644,316.6333333333344,21.11,42.74
2026-03-14 04:15:00,19.09,42.02,35.28,22.95,269,251.7,4,5,18.56,44.12,36.1,19.75,287.7,289,19.743333333333297,43.76666666666663,278.0666666666677,20.78,42.35
2026-03-14 04:20:00,16.7,42.42,34.69,21.28,293,354.3,4,5,19.09,42.02,35.28,22.95,251.7,269,18.116666666666628,42.8533333333333,297.90000000000106,19.05,42.55
2026-03-14 04:25:00,21.11,42.74,35.29,11.59,221,294.8,4,5,16.7,42.42,34.69,21.28,354.3,293,18.96666666666663,42.39333333333331,300.26666666666773,19.72,42.55
2026-03-14 04:30:00,20.78,42.35,35.72,28.25,301,387.7,4,5,21.11,42.74,35.29,11.59,294.8,221,19.529999999999962,42.50333333333331,345.60000000000105,17.21,42.92
2026-03-14 04:35:00,19.05,42.55,35.59,19.32,309,401.9,4,5,20.78,42.35,35.72,28.25,387.7,301,20.313333333333293,42.54666666666664,361.4666666666678,27.75,42.63
2026-03-14 04:40:00,19.72,42.55,36.0,12.51,358,383.7,4,5,19.05,42.55,35.59,19.32,401.9,309,19.849999999999962,42.483333333333306,391.10000000000105,14.91,41.96
2026-03-14 04:45:00,17.21,42.92,36.17,25.6,263,325.3,4,5,19.72,42.55,36.0,12.51,383.7,358,18.659999999999965,42.67333333333331,370.30000000000103,24.07,41.92
2026-03-14 04:50:00,27.75,42.63,35.58,11.98,344,371.7,4,5,17.21,42.92,36.17,25.6,325.3,263,21.559999999999963,42.69999999999997,360.23333333333443,20.73,42.42
2026-03-14 04:55:00,14.91,41.96,36.23,21.33,249,264.8,4,5,27.75,42.63,35.58,11.98,371.7,344,19.95666666666663,42.50333333333331,320.60000000000105,26.75,42.56
2026-03-14 05:00:00,24.07,41.92,35.75,22.75,297,340.7,5,5,14.91,41.96,36.23,21.33,264.8,249,22.243333333333297,42.16999999999997,325.73333333333443,25.3,42.38
2026-03-14 05:05:00,20.73,42.42,36.1,24.17,282,311.6,5,5,24.07,41.92,35.75,22.75,340.7,297,19.903333333333297,42.09999999999997,305.70000000000107,13.6,41.15
2026-03-14 05:10:00,26.75,42.56,35.64,19.22,362,432.5,5,5,20.73,42.42,36.1,24.17,311.6,282,23.849999999999966,42.299999999999976,361.60000000000105,21.89,41.53
2026-03-14 05:15:00,25.3,42.38,35.71,20.76,375,500.6,5,5,26.75,42.56,35.64,19.22,432.5,362,24.259999999999962,42.45333333333331,414.90000000000106,23.53,41.97
2026-03-14 05:20:00,13.6,41.15,35.98,17.6,283,306.5,5,5,25.3,42.38,35.71,20.76,500.6,375,21.883333333333297,42.02999999999997,413.200000000001,21.79,41.73
2026-03-14 05:25:00,21.89,41.53,35.88,30.03,361,452.8,5,5,13.6,41.15,35.98,17.6,306.5,283,20.263333333333296,41.68666666666664,419.9666666666678,22.05,43.1
2026-03-14 05:30:00,23.53,41.97,35.85,22.93,381,523.7,5,5,21.89,41.53,35.88,30.03,452.8,361,19.6733333333333,41.549999999999976,427.6666666666677,16.77,44.07
2026-03-14 05:35:00,21.79,41.73,35.32,16.82,314,398.5,5,5,23.53,41.97,35.85,22.93,523.7,381,22.403333333333297,41.743333333333304,458.3333333333344,21.4,43.42
2026-03-14 05:40:00,22.05,43.1,35.8,13.77,295,366.3,5,5,21.79,41.73,35.32,16.82,398.5,314,22.45666666666663,42.26666666666664,429.50000000000114,15.23,42.84
2026-03-14 05:45:00,16.77,44.07,36.09,23.46,428,450.8,5,5,22.05,43.1,35.8,13.77,366.3,295,20.203333333333298,42.96666666666664,405.2000000000011,20.39,42.62
2026-03-14 05:50:00,21.4,43.42,35.54,20.71,351,365.7,5,5,16.77,44.07,36.09,23.46,450.8,428,20.0733333333333,43.52999999999997,394.2666666666678,24.59,43.88
2026-03-14 05:55:00,15.23,42.84,35.77,22.17,373,343.8,5,5,21.4,43.42,35.54,20.71,365.7,351,17.799999999999965,43.44333333333331,386.7666666666678,19.92,44.97
2026-03-14 06:00:00,20.39,42.62,35.49,14.35,471,626.5,6,5,15.23,42.84,35.77,22.17,343.8,373,19.006666666666632,42.95999999999998,445.3333333333344,21.89,45.94
2026-03-14 06:05:00,24.59,43.88,36.01,22.99,324,397.3,6,5,20.39,42.62,35.49,14.35,626.5,471,20.069999999999965,43.11333333333331,455.86666666666775,17.27,47.34
2026-03-14 06:10:00,19.92,44.97,35.7,18.24,391,399.7,6,5,24.59,43.88,36.01,22.99,397.3,324,21.633333333333297,43.8233333333333,474.5000000000011,17.93,47.33
2026-03-14 06:15:00,21.89,45.94,36.33,17.77,397,507.8,6,5,19.92,44.97,35.7,18.24,399.7,391,22.133333333333297,44.92999999999997,434.9333333333345,15.79,46.17
2026-03-14 06:20:00,17.27,47.34,35.7,16.55,412,412.3,6,5,21.89,45.94,36.33,17.77,507.8,397,19.6933333333333,46.08333333333331,439.9333333333345,29.13,46.05
2026-03-14 06:25:00,17.93,47.33,36.12,24.5,416,419.6,6,5,17.27,47.34,35.7,16.55,412.3,412,19.029999999999962,46.869999999999976,446.5666666666678,22.44,46.31
2026-03-14 06:30:00,15.79,46.17,35.32,20.41,420,515.8,6,5,17.93,47.33,36.12,24.5,419.6,416,16.99666666666663,46.94666666666664,449.2333333333345,25.44,47.03
2026-03-14 06:35:00,29.13,46.05,36.14,21.15,415,516.3,6,5,15.79,46.17,35.32,20.41,515.8,420,20.949999999999964,46.516666666666644,483.90000000000106,24.99,46.16
2026-03-14 06:40:00,22.44,46.31,36.32,12.9,424,472.9,6,5,29.13,46.05,36.14,21.15,516.3,415,22.453333333333294,46.17666666666664,501.6666666666677,21.44,46.61
2026-03-14 06:45:00,25.44,47.03,36.55,16.0,499,453.2,6,5,22.44,46.31,36.32,12.9,472.9,424,25.66999999999997,46.46333333333331,480.8000000000011,21.39,46.01
2026-03-14 06:50:00,24.99,46.16,36.03,15.55,490,598.7,6,5,25.44,47.03,36.55,16.0,453.2,499,24.289999999999964,46.49999999999997,508.2666666666678,21.58,46.14
2026-03-14 06:55:00,21.44,46.61,36.08,26.82,506,663.9,6,5,24.99,46.16,36.03,15.55,598.7,490,23.95666666666663,46.599999999999966,571.9333333333344,20.3,47.07
2026-03-14 07:00:00,21.39,46.01,36.46,19.79,468,645.0,7,5,21.44,46.61,36.08,26.82,663.9,506,22.60666666666663,46.25999999999997,635.8666666666678,27.39,47.07
2026-03-14 07:05:00,21.58,46.14,35.15,25.58,526,549.7,7,5,21.39,46.01,36.46,19.79,645.0,468,21.469999999999967,46.2533333333333,619.5333333333346,25.55,46.18
2026-03-14 07:10:00,20.3,47.07,35.91,28.14,444,558.6,7,5,21.58,46.14,35.15,25.58,549.7,526,21.089999999999964,46.40666666666664,584.4333333333344,23.43,47.27
2026-03-14 07:15:00,27.39,47.07,35.81,27.47,536,625.5,7,5,20.3,47.07,35.91,28.14,558.6,444,23.089999999999964,46.75999999999997,577.9333333333344,23.95,47.17
2026-03-14 07:20:00,25.55,46.18,36.04,22.28,601,786.9,7,5,27.39,47.07,35.81,27.47,625.5,536,24.4133333333333,46.773333333333305,657.0000000000013,26.22,46.16
2026-03-14 07:25:00,23.43,47.27,36.47,20.71,461,534.1,7,5,25.55,46.18,36.04,22.28,786.9,601,25.45666666666663,46.839999999999975,648.8333333333345,20.42,47.12
2026-03-14 07:30:00,23.95,47.17,36.55,34.1,475,715.7,7,5,23.43,47.27,36.47,20.71,534.1,461,24.309999999999963,46.873333333333306,678.9000000000011,24.0,47.07
2026-03-14 07:35:00,26.22,46.16,35.75,23.13,548,658.4,7,5,23.95,47.17,36.55,34.1,715.7,475,24.5333333333333,46.86666666666664,636.0666666666679,34.14,47.14
2026-03-14 07:40:00,20.42,47.12,36.6,18.83,502,488.1,7,5,26.22,46.16,35.75,23.13,658.4,548,23.529999999999962,46.816666666666634,620.7333333333345,18.93,47.74
2026-03-14 07:45:00,24.0,47.07,36.15,26.18,602,592.2,7,5,20.42,47.12,36.6,18.83,488.1,502,23.546666666666628,46.7833333333333,579.5666666666679,22.27,47.19
2026-03-14 07:50:00,34.14,47.14,36.11,27.15,694,1029.2,7,5,24.0,47.07,36.15,26.18,592.2,602,26.18666666666663,47.10999999999998,703.1666666666679,18.05,47.2
2026-03-14 07:55:00,18.93,47.74,35.7,28.07,605,675.6,7,5,34.14,47.14,36.11,27.15,1029.2,694,25.68999999999996,47.316666666666634,765.6666666666679,21.81,47.63
2026-03-14 08:00:00,22.27,47.19,36.24,26.05,567,648.7,8,5,18.93,47.74,35.7,28.07,675.6,605,25.113333333333298,47.356666666666634,784.5000000000013,28.17,48.05
2026-03-14 08:05:00,18.05,47.2,36.47,16.74,596,586.2,8,5,22.27,47.19,36.24,26.05,648.7,567,19.74999999999996,47.37666666666664,636.8333333333345,34.49,48.72
2026-03-14 08:10:00,21.81,47.63,36.36,25.63,619,728.8,8,5,18.05,47.2,36.47,16.74,586.2,596,20.70999999999996,47.339999999999975,654.5666666666679,23.65,48.08
2026-03-14 08:15:00,28.17,48.05,35.85,23.48,629,741.4,8,5,21.81,47.63,36.36,25.63,728.8,619,22.67666666666663,47.62666666666664,685.4666666666677,29.64,48.13
2026-03-14 08:20:00,34.49,48.72,35.98,31.52,635,836.5,8,5,28.17,48.05,35.85,23.48,741.4,629,28.156666666666627,48.133333333333304,768.9000000000011,30.54,49.84
2026-03-14 08:25:00,23.65,48.08,36.16,29.48,659,731.8,8,5,34.49,48.72,35.98,31.52,836.5,635,28.769999999999964,48.2833333333333,769.9000000000011,32.97,49.28
2026-03-14 08:30:00,29.64,48.13,36.01,29.31,681,813.4,8,5,23.65,48.08,36.16,29.48,731.8,659,29.259999999999962,48.309999999999974,793.9000000000011,28.39,48.48
2026-03-14 08:35:00,30.54,49.84,35.89,34.43,720,906.5,8,5,29.64,48.13,36.01,29.31,813.4,681,27.9433333333333,48.68333333333331,817.2333333333345,22.86,49.54
2026-03-14 08:40:00,32.97,49.28,35.9,32.93,704,1021.0,8,5,30.54,49.84,35.89,34.43,906.5,720,31.049999999999965,49.08333333333331,913.6333333333345,33.62,50.34
2026-03-14 08:45:00,28.39,48.48,36.68,29.38,678,866.9,8,5,32.97,49.28,35.9,32.93,1021.0,704,30.633333333333297,49.19999999999997,931.4666666666677,31.41,50.82
2026-03-14 08:50:00,22.86,49.54,36.34,28.2,682,610.2,8,5,28.39,48.48,36.68,29.38,866.9,678,28.073333333333295,49.09999999999997,832.7000000000011,22.87,50.47
2026-03-14 08:55:00,33.62,50.34,36.09,28.66,750,1013.3,8,5,22.86,49.54,36.34,28.2,610.2,682,28.289999999999964,49.45333333333331,830.1333333333345,33.85,51.8
2026-03-14 09:00:00,31.41,50.82,36.37,32.72,742,943.0,9,5,33.62,50.34,36.09,28.66,1013.3,750,29.296666666666628,50.23333333333331,855.5000000000013,28.87,53.4
2026-03-14 09:05:00,22.87,50.47,36.36,21.24,715,651.2,9,5,31.41,50.82,36.37,32.72,943.0,742,29.299999999999965,50.543333333333315,869.1666666666679,37.88,53.85
2026-03-14 09:10:00,33.85,51.8,36.25,29.83,777,1004.6,9,5,22.87,50.47,36.36,21.24,651.2,715,29.376666666666633,51.02999999999997,866.2666666666678,33.51,54.1
2026-03-14 09:15:00,28.87,53.4,36.21,21.63,766,789.6,9,5,33.85,51.8,36.25,29.83,1004.6,777,28.52999999999997,51.889999999999965,815.1333333333345,28.83,52.95
2026-03-14 09:20:00,37.88,53.85,36.22,32.19,799,829.5,9,5,28.87,53.4,36.21,21.63,789.6,766,33.533333333333296,53.01666666666663,874.5666666666679,37.03,53.25
2026-03-14 09:25:00,33.51,54.1,35.91,26.63,839,996.3,9,5,37.88,53.85,36.22,32.19,829.5,799,33.41999999999996,53.7833333333333,871.8000000000011,35.05,53.54
2026-03-14 09:30:00,28.83,52.95,36.29,30.88,861,973.1,9,5,33.51,54.1,35.91,26.63,996.3,839,33.40666666666663,53.633333333333304,932.9666666666677,36.66,55.62
2026-03-14 09:35:00,37.03,53.25,36.33,36.02,879,1014.2,9,5,28.83,52.95,36.29,30.88,973.1,861,33.1233333333333,53.43333333333331,994.5333333333346,35.41,55.3
2026-03-14 09:40:00,35.05,53.54,35.59,34.36,857,1057.9,9,5,37.03,53.25,36.33,36.02,1014.2,879,33.63666666666663,53.24666666666664,1015.0666666666679,39.28,55.47
2026-03-14 09:45:00,36.66,55.62,36.29,38.89,842,1122.7,9,5,35.05,53.54,35.59,34.36,1057.9,857,36.24666666666662,54.136666666666635,1064.9333333333345,31.29,55.96
2026-03-14 09:50:00,35.41,55.3,36.63,36.99,911,1066.0,9,5,36.66,55.62,36.29,38.89,1122.7,842,35.70666666666662,54.819999999999965,1082.2000000000012,34.43,55.1
2026-03-14 09:55:00,39.28,55.47,36.13,43.33,929,1304.4,9,5,35.41,55.3,36.63,36.99,1066.0,911,37.116666666666625,55.4633333333333,1164.366666666668,29.42,53.81
2026-03-14 10:00:00,31.29,55.96,36.67,33.35,902,1115.1,10,5,39.28,55.47,36.13,43.33,1304.4,929,35.32666666666663,55.57666666666663,1161.8333333333344,30.87,54.18
2026-03-14 10:05:00,34.43,55.1,36.64,32.18,867,1149.1,10,5,31.29,55.96,36.67,33.35,1115.1,902,34.999999999999964,55.50999999999997,1189.5333333333344,33.61,54.91
2026-03-14 10:10:00,29.42,53.81,36.67,30.76,841,780.7,10,5,34.43,55.1,36.64,32.18,1149.1,867,31.713333333333292,54.95666666666664,1014.9666666666677,33.37,55.8
2026-03-14 10:15:00,30.87,54.18,36.79,29.19,893,1190.4,10,5,29.42,53.81,36.67,30.76,780.7,841,31.573333333333295,54.36333333333331,1040.0666666666677,35.42,55.84
2026-03-14 10:20:00,33.61,54.91,36.66,27.81,998,989.0,10,5,30.87,54.18,36.79,29.19,1190.4,893,31.299999999999965,54.299999999999976,986.7000000000012,33.18,56.39
2026-03-14 10:25:00,33.37,55.8,36.94,36.1,892,1223.8,10,5,33.61,54.91,36.66,27.81,989.0,998,32.616666666666625,54.96333333333331,1134.4000000000012,38.59,57.13
2026-03-14 10:30:00,35.42,55.84,36.02,35.35,967,1064.7,10,5,33.37,55.8,36.94,36.1,1223.8,892,34.13333333333329,55.51666666666663,1092.5000000000011,37.95,57.18
2026-03-14 10:35:00,33.18,56.39,36.59,35.26,1046,1282.5,10,5,35.42,55.84,36.02,35.35,1064.7,967,33.98999999999996,56.00999999999997,1190.3333333333346,30.04,57.05
2026-03-14 10:40:00,38.59,57.13,37.05,34.52,1017,1322.2,10,5,33.18,56.39,36.59,35.26,1282.5,1046,35.72999999999996,56.45333333333331,1223.1333333333343,36.35,55.55
2026-03-14 10:45:00,37.95,57.18,36.42,39.37,951,1183.9,10,5,38.59,57.13,37.05,34.52,1322.2,1017,36.573333333333295,56.89999999999998,1262.866666666668,30.45,57.03
2026-03-14 10:50:00,30.04,57.05,37.26,42.8,1004,1163.6,10,5,37.95,57.18,36.42,39.37,1183.9,951,35.52666666666663,57.11999999999997,1223.2333333333345,33.25,57.31
2026-03-14 10:55:00,36.35,55.55,36.59,41.65,962,1232.4,10,5,30.04,57.05,37.26,42.8,1163.6,1004,34.779999999999966,56.593333333333305,1193.300000000001,26.65,57.71
2026-03-14 11:00:00,30.45,57.03,37.38,29.35,1063,976.5,11,5,36.35,55.55,36.59,41.65,1232.4,962,32.27999999999996,56.5433333333333,1124.1666666666679,40.11,58.48
2026-03-14 11:05:00,33.25,57.31,36.88,45.33,1112,1312.0,11,5,30.45,57.03,37.38,29.35,976.5,1063,33.34999999999996,56.629999999999974,1173.6333333333343,38.27,59.49
2026-03-14 11:10:00,26.65,57.71,36.78,32.66,1037,994.6,11,5,33.25,57.31,36.88,45.33,1312.0,1112,30.116666666666628,57.34999999999997,1094.366666666668,32.87,58.17
2026-03-14 11:15:00,40.11,58.48,36.45,35.89,1141,1303.9,11,5,26.65,57.71,36.78,32.66,994.6,1037,33.33666666666662,57.83333333333331,1203.5000000000011,33.76,58.52
2026-03-14 11:20:00,38.27,59.49,36.25,45.06,1124,1460.6,11,5,40.11,58.48,36.45,35.89,1303.9,1141,35.009999999999955,58.559999999999974,1253.0333333333344,38.26,58.01
2026-03-14 11:25:00,32.87,58.17,35.99,29.91,1123,1044.7,11,5,38.27,59.49,36.25,45.06,1460.6,1124,37.08333333333329,58.7133333333333,1269.7333333333345,40.86,58.84
2026-03-14 11:30:00,33.76,58.52,36.72,39.49,1124,1091.8,11,5,32.87,58.17,35.99,29.91,1044.7,1123,34.96666666666662,58.72666666666664,1199.0333333333344,43.18,59.79
2026-03-14 11:35:00,38.26,58.01,36.51,33.71,1063,1135.6,11,5,33.76,58.52,36.72,39.49,1091.8,1124,34.96333333333329,58.2333333333333,1090.7000000000012,39.52,60.49
2026-03-14 11:40:00,40.86,58.84,37.38,36.61,1135,1375.9,11,5,38.26,58.01,36.51,33.71,1135.6,1063,37.626666666666615,58.45666666666664,1201.100000000001,37.49,59.69
2026-03-14 11:45:00,43.18,59.79,36.83,41.32,1152,1369.7,11,5,40.86,58.84,37.38,36.61,1375.9,1135,40.76666666666662,58.879999999999974,1293.7333333333345,37.95,60.8
2026-03-14 11:50:00,39.52,60.49,37.04,36.27,1169,1113.0,11,5,43.18,59.79,36.83,41.32,1369.7,1152,41.18666666666663,59.70666666666664,1286.2000000000014,32.94,60.67
2026-03-14 11:55:00,37.49,59.69,37.27,38.53,1184,1165.2,11,5,39.52,60.49,37.04,36.27,1113.0,1169,40.06333333333329,59.989999999999974,1215.9666666666678,37.65,61.16
2026-03-14 12:00:00,37.95,60.8,36.66,43.39,1221,1460.0,12,5,37.49,59.69,37.27,38.53,1165.2,1184,38.31999999999996,60.32666666666663,1246.0666666666677,38.52,61.34
2026-03-14 12:05:00,32.94,60.67,36.94,33.07,1158,1032.7,12,5,37.95,60.8,36.66,43.39,1460.0,1221,36.12666666666663,60.386666666666635,1219.300000000001,58.87,78.31
2026-03-14 12:10:00,37.65,61.16,36.9,40.01,1249,1204.9,12,5,32.94,60.67,36.94,33.07,1032.7,1158,36.17999999999996,60.87666666666664,1232.5333333333347,30.06,62.91
2026-03-14 12:15:00,38.52,61.34,37.02,41.36,1183,1286.5,12,5,37.65,61.16,36.9,40.01,1204.9,1249,36.369999999999955,61.05666666666664,1174.7000000000014,37.53,62.79
2026-03-14 12:20:00,58.87,78.31,36.87,66.51,2192,2374.8,12,5,38.52,61.34,37.02,41.36,1286.5,1183,45.01333333333329,66.93666666666664,1622.0666666666682,31.91,62.15
2026-03-14 12:25:00,30.06,62.91,36.88,41.99,1265,1242.9,12,5,58.87,78.31,36.87,66.51,2374.8,2192,42.483333333333285,67.51999999999997,1634.7333333333347,44.92,63.06
2026-03-14 12:30:00,37.53,62.79,36.66,51.75,1282,1669.5,12,5,30.06,62.91,36.88,41.99,1242.9,1265,42.153333333333286,68.0033333333333,1762.4000000000015,39.0,62.41
2026-03-14 12:35:00,31.91,62.15,36.97,36.18,1272,1261.1,12,5,37.53,62.79,36.66,51.75,1669.5,1282,33.16666666666662,62.61666666666664,1391.1666666666679,40.24,63.06
2026-03-14 12:40:00,44.92,63.06,36.54,47.02,1274,1557.0,12,5,31.91,62.15,36.97,36.18,1261.1,1272,38.119999999999955,62.666666666666636,1495.866666666668,42.18,63.23
2026-03-14 12:45:00,39.0,62.41,37.18,54.64,1316,1795.0,12,5,44.92,63.06,36.54,47.02,1557.0,1274,38.60999999999996,62.53999999999997,1537.7000000000014,52.06,65.05
2026-03-14 12:50:00,40.24,63.06,37.47,47.95,1344,1511.3,12,5,39.0,62.41,37.18,54.64,1795.0,1316,41.38666666666663,62.843333333333305,1621.1000000000013,38.13,64.9
2026-03-14 12:55:00,42.18,63.23,36.97,44.18,1399,1303.4,12,5,40.24,63.06,37.47,47.95,1511.3,1344,40.473333333333294,62.89999999999997,1536.5666666666677,33.52,63.53
2026-03-14 13:00:00,52.06,65.05,36.88,50.87,1329,1726.7,13,5,42.18,63.23,36.97,44.18,1303.4,1399,44.826666666666625,63.77999999999997,1513.800000000001,45.97,64.29
2026-03-14 13:05:00,38.13,64.9,36.51,43.0,1310,1645.5,13,5,52.06,65.05,36.88,50.87,1726.7,1329,44.123333333333285,64.3933333333333,1558.5333333333347,31.62,65.89
2026-03-14 13:10:00,33.52,63.53,37.36,37.69,1297,1384.8,13,5,38.13,64.9,36.51,43.0,1645.5,1310,41.23666666666663,64.49333333333331,1585.6666666666679,38.27,65.74
2026-03-14 13:15:00,45.97,64.29,37.01,44.02,1318,1357.7,13,5,33.52,63.53,37.36,37.69,1384.8,1297,39.20666666666663,64.23999999999997,1462.6666666666679,39.1,64.63
2026-03-14 13:20:00,31.62,65.89,37.34,31.03,1315,1143.1,13,5,45.97,64.29,37.01,44.02,1357.7,1318,37.036666666666626,64.56999999999998,1295.2000000000012,39.97,65.31
2026-03-14 13:25:00,38.27,65.74,37.47,36.25,1310,1322.8,13,5,31.62,65.89,37.34,31.03,1143.1,1315,38.619999999999955,65.30666666666663,1274.5333333333347,40.7,65.31
2026-03-14 13:30:00,39.1,64.63,37.15,47.1,1386,1198.5,13,5,38.27,65.74,37.47,36.25,1322.8,1310,36.329999999999956,65.41999999999996,1221.4666666666678,34.07,63.63
2026-03-14 13:35:00,39.97,65.31,37.14,44.26,1280,1466.3,13,5,39.1,64.63,37.15,47.1,1198.5,1386,39.11333333333329,65.22666666666663,1329.2000000000012,38.58,64.04
2026-03-14 13:40:00,40.7,65.31,36.74,52.65,1389,1666.9,13,5,39.97,65.31,37.14,44.26,1466.3,1280,39.92333333333329,65.0833333333333,1443.9000000000015,44.73,64.01
2026-03-14 13:45:00,34.07,63.63,37.28,41.02,1339,1340.2,13,5,40.7,65.31,36.74,52.65,1666.9,1389,38.24666666666663,64.74999999999997,1491.1333333333348,49.6,65.67
2026-03-14 13:50:00,38.58,64.04,36.47,43.17,1282,1225.0,13,5,34.07,63.63,37.28,41.02,1340.2,1339,37.78333333333329,64.32666666666664,1410.7000000000014,41.18,66.16
2026-03-14 13:55:00,44.73,64.01,36.77,46.74,1350,1712.4,13,5,38.58,64.04,36.47,43.17,1225.0,1282,39.126666666666615,63.89333333333331,1425.866666666668,49.77,66.53
2026-03-14 14:00:00,49.6,65.67,37.23,53.89,1347,1716.7,14,5,44.73,64.01,36.77,46.74,1712.4,1350,44.303333333333285,64.57333333333331,1551.366666666668,62.7,65.76
2026-03-14 14:05:00,41.18,66.16,36.86,39.88,1405,1717.1,14,5,49.6,65.67,37.23,53.89,1716.7,1347,45.16999999999996,65.27999999999997,1715.4000000000015,35.45,66.41
2026-03-14 14:10:00,49.77,66.53,37.08,51.66,1351,1945.7,14,5,41.18,66.16,36.86,39.88,1717.1,1405,46.849999999999966,66.11999999999996,1793.1666666666679,36.18,65.17
2026-03-14 14:15:00,62.7,65.76,37.22,39.41,1353,1260.6,14,5,49.77,66.53,37.08,51.66,1945.7,1351,51.21666666666662,66.14999999999996,1641.1333333333343,43.52,66.83
2026-03-14 14:20:00,35.45,66.41,37.38,39.3,1336,1361.1,14,5,62.7,65.76,37.22,39.41,1260.6,1353,49.30666666666662,66.2333333333333,1522.4666666666678,41.39,67.07
2026-03-14 14:25:00,36.18,65.17,37.62,47.99,1354,1475.8,14,5,35.45,66.41,37.38,39.3,1361.1,1336,44.77666666666662,65.77999999999997,1365.8333333333346,44.85,67.47
2026-03-14 14:30:00,43.52,66.83,37.28,58.31,1420,1816.9,14,5,36.18,65.17,37.62,47.99,1475.8,1354,38.38333333333329,66.13666666666664,1551.2666666666676,44.02,66.57
2026-03-14 14:35:00,41.39,67.07,37.51,45.0,1378,1629.8,14,5,43.52,66.83,37.28,58.31,1816.9,1420,40.363333333333294,66.35666666666663,1640.8333333333346,43.54,66.05
2026-03-14 14:40:00,44.85,67.47,37.41,47.01,1365,1778.6,14,5,41.39,67.07,37.51,45.0,1629.8,1378,43.253333333333295,67.12333333333329,1741.766666666668,41.99,65.05
2026-03-14 14:45:00,44.02,66.57,37.0,54.91,1363,1847.7,14,5,44.85,67.47,37.41,47.01,1778.6,1365,43.41999999999996,67.03666666666663,1752.0333333333347,42.85,64.85
2026-03-14 14:50:00,43.54,66.05,36.88,44.59,1352,1628.3,14,5,44.02,66.57,37.0,54.91,1847.7,1363,44.13666666666663,66.69666666666664,1751.5333333333344,43.23,66.28
2026-03-14 14:55:00,41.99,65.05,37.5,40.72,1342,1769.9,14,5,43.54,66.05,36.88,44.59,1628.3,1352,43.1833333333333,65.88999999999996,1748.6333333333348,47.11,66.57
2026-03-14 15:00:00,42.85,64.85,37.53,53.11,1424,1819.9,15,5,41.99,65.05,37.5,40.72,1769.9,1342,42.793333333333294,65.31666666666663,1739.366666666668,39.5,65.86
2026-03-14 15:05:00,43.23,66.28,37.46,35.71,1401,1425.3,15,5,42.85,64.85,37.53,53.11,1819.9,1424,42.68999999999996,65.3933333333333,1671.7000000000014,48.05,66.52
2026-03-14 15:10:00,47.11,66.57,36.99,38.47,1367,1461.3,15,5,43.23,66.28,37.46,35.71,1425.3,1401,44.396666666666626,65.89999999999996,1568.8333333333346,48.18,66.7
2026-03-14 15:15:00,39.5,65.86,37.83,39.78,1370,1383.8,15,5,47.11,66.57,36.99,38.47,1461.3,1367,43.27999999999995,66.23666666666664,1423.4666666666678,42.77,66.0
2026-03-14 15:20:00,48.05,66.52,37.5,46.87,1404,1540.0,15,5,39.5,65.86,37.83,39.78,1383.8,1370,44.88666666666662,66.31666666666662,1461.7000000000014,40.88,66.2
2026-03-14 15:25:00,48.18,66.7,37.29,54.5,1449,1941.0,15,5,48.05,66.52,37.5,46.87,1540.0,1404,45.24333333333329,66.35999999999996,1621.600000000001,37.99,66.66
2026-03-14 15:30:00,42.77,66.0,37.35,44.13,1338,1402.3,15,5,48.18,66.7,37.29,54.5,1941.0,1449,46.33333333333329,66.40666666666664,1627.766666666668,45.58,66.88
2026-03-14 15:35:00,40.88,66.2,37.35,40.58,1399,1440.1,15,5,42.77,66.0,37.35,44.13,1402.3,1338,43.94333333333329,66.29999999999997,1594.4666666666678,37.23,66.9
2026-03-14 15:40:00,37.99,66.66,37.49,43.51,1431,1382.9,15,5,40.88,66.2,37.35,40.58,1440.1,1399,40.546666666666624,66.28666666666663,1408.4333333333345,47.57,67.76
2026-03-14 15:45:00,45.58,66.88,38.0,53.79,1367,1671.9,15,5,37.99,66.66,37.49,43.51,1382.9,1431,41.48333333333329,66.57999999999997,1498.300000000001,49.48,69.37
2026-03-14 15:50:00,37.23,66.9,37.41,47.65,1389,1405.5,15,5,45.58,66.88,38.0,53.79,1671.9,1367,40.26666666666662,66.8133333333333,1486.766666666668,39.16,68.56
2026-03-14 15:55:00,47.57,67.76,36.94,50.39,1351,1528.7,15,5,37.23,66.9,37.41,47.65,1405.5,1389,43.45999999999996,67.17999999999996,1535.366666666668,47.02,66.71
2026-03-14 16:00:00,49.48,69.37,37.49,46.3,1406,1650.4,16,5,47.57,67.76,36.94,50.39,1528.7,1351,44.759999999999955,68.00999999999998,1528.2000000000014,39.52,65.95
2026-03-14 16:05:00,39.16,68.56,37.31,44.16,1425,1458.9,16,5,49.48,69.37,37.49,46.3,1650.4,1406,45.403333333333286,68.56333333333329,1546.0000000000011,38.3,66.05
2026-03-14 16:10:00,47.02,66.71,37.23,50.74,1446,1724.3,16,5,39.16,68.56,37.31,44.16,1458.9,1425,45.21999999999995,68.2133333333333,1611.2000000000014,46.84,65.29
2026-03-14 16:15:00,39.52,65.95,37.82,53.87,1378,1515.6,16,5,47.02,66.71,37.23,50.74,1724.3,1446,41.899999999999956,67.07333333333331,1566.266666666668,52.12,65.17
2026-03-14 16:20:00,38.3,66.05,37.42,44.41,1366,1464.2,16,5,39.52,65.95,37.82,53.87,1515.6,1378,41.613333333333294,66.23666666666664,1568.0333333333347,43.42,65.42
2026-03-14 16:25:00,46.84,65.29,37.75,54.36,1445,1857.1,16,5,38.3,66.05,37.42,44.41,1464.2,1366,41.55333333333329,65.7633333333333,1612.300000000001,36.29,65.74
2026-03-14 16:30:00,52.12,65.17,37.14,48.36,1431,2046.9,16,5,46.84,65.29,37.75,54.36,1857.1,1445,45.753333333333295,65.5033333333333,1789.4000000000015,38.74,65.84
2026-03-14 16:35:00,43.42,65.42,37.6,47.9,1320,1666.9,16,5,52.12,65.17,37.14,48.36,2046.9,1431,47.45999999999996,65.29333333333331,1856.9666666666678,38.98,66.24
2026-03-14 16:40:00,36.29,65.74,37.54,32.61,1439,1218.7,16,5,43.42,65.42,37.6,47.9,1666.9,1320,43.94333333333329,65.4433333333333,1644.1666666666679,40.99,65.78
2026-03-14 16:45:00,38.74,65.84,37.56,49.81,1386,1506.1,16,5,36.29,65.74,37.54,32.61,1218.7,1439,39.48333333333329,65.66666666666664,1463.9000000000012,43.72,65.42
2026-03-14 16:50:00,38.98,66.24,38.33,55.99,1402,1684.0,16,5,38.74,65.84,37.56,49.81,1506.1,1386,38.003333333333295,65.93999999999996,1469.6000000000013,46.25,66.09
2026-03-14 16:55:00,40.99,65.78,37.28,43.22,1370,1621.5,16,5,38.98,66.24,38.33,55.99,1684.0,1402,39.56999999999996,65.9533333333333,1603.866666666668,35.42,66.03
2026-03-14 17:00:00,43.72,65.42,37.59,45.05,1379,1493.4,17,5,40.99,65.78,37.28,43.22,1621.5,1370,41.229999999999954,65.8133333333333,1599.6333333333343,36.41,66.1
2026-03-14 17:05:00,46.25,66.09,37.77,39.73,1364,1311.9,17,5,43.72,65.42,37.59,45.05,1493.4,1379,43.653333333333286,65.7633333333333,1475.6000000000013,42.27,67.4
2026-03-14 17:10:00,35.42,66.03,37.93,38.09,1276,1210.4,17,5,46.25,66.09,37.77,39.73,1311.9,1364,41.796666666666624,65.84666666666664,1338.5666666666677,43.75,68.04
2026-03-14 17:15:00,36.41,66.1,37.51,39.02,1309,1206.6,17,5,35.42,66.03,37.93,38.09,1210.4,1276,39.35999999999996,66.0733333333333,1242.966666666668,36.6,65.52
2026-03-14 17:20:00,42.27,67.4,37.53,51.55,1382,1629.4,17,5,36.41,66.1,37.51,39.02,1206.6,1309,38.033333333333296,66.50999999999996,1348.800000000001,41.08,64.42
2026-03-14 17:25:00,43.75,68.04,37.26,38.7,1251,1442.6,17,5,42.27,67.4,37.53,51.55,1629.4,1382,40.80999999999995,67.17999999999996,1426.2000000000014,30.75,63.39
2026-03-14 17:30:00,36.6,65.52,37.79,45.28,1292,1197.4,17,5,43.75,68.04,37.26,38.7,1442.6,1251,40.87333333333329,66.98666666666664,1423.1333333333343,45.67,63.5
2026-03-14 17:35:00,41.08,64.42,37.73,37.85,1365,1288.7,17,5,36.6,65.52,37.79,45.28,1197.4,1292,40.476666666666624,65.9933333333333,1309.566666666668,43.77,64.23
2026-03-14 17:40:00,30.75,63.39,38.03,29.36,1269,1161.5,17,5,41.08,64.42,37.73,37.85,1288.7,1365,36.14333333333329,64.4433333333333,1215.866666666668,38.44,64.57
2026-03-14 17:45:00,45.67,63.5,37.67,39.67,1370,1202.7,17,5,30.75,63.39,38.03,29.36,1161.5,1269,39.16666666666662,63.76999999999996,1217.6333333333343,36.07,64.6
2026-03-14 17:50:00,43.77,64.23,37.93,47.77,1229,1582.4,17,5,45.67,63.5,37.67,39.67,1202.7,1370,40.0633333333333,63.70666666666663,1315.5333333333347,40.27,64.95
2026-03-14 17:55:00,38.44,64.57,37.4,37.2,1284,1490.4,17,5,43.77,64.23,37.93,47.77,1582.4,1229,42.62666666666663,64.09999999999997,1425.1666666666679,33.47,64.47
2026-03-14 18:00:00,36.07,64.6,37.48,38.88,1284,1295.5,18,5,38.44,64.57,37.4,37.2,1490.4,1284,39.42666666666663,64.46666666666663,1456.1000000000013,31.53,63.97
2026-03-14 18:05:00,40.27,64.95,37.13,48.33,1295,1414.6,18,5,36.07,64.6,37.48,38.88,1295.5,1284,38.25999999999996,64.70666666666664,1400.1666666666679,40.11,63.07
2026-03-14 18:10:00,33.47,64.47,37.53,37.57,1254,1230.9,18,5,40.27,64.95,37.13,48.33,1414.6,1295,36.603333333333296,64.6733333333333,1313.6666666666679,38.96,62.93
2026-03-14 18:15:00,31.53,63.97,38.12,28.85,1231,1168.7,18,5,33.47,64.47,37.53,37.57,1230.9,1254,35.089999999999954,64.4633333333333,1271.4000000000012,39.49,62.85
2026-03-14 18:20:00,40.11,63.07,37.22,39.7,1241,1501.5,18,5,31.53,63.97,38.12,28.85,1168.7,1231,35.036666666666626,63.83666666666664,1300.366666666668,38.51,63.55
2026-03-14 18:25:00,38.96,62.93,38.33,42.82,1245,1484.8,18,5,40.11,63.07,37.22,39.7,1501.5,1241,36.866666666666625,63.3233333333333,1385.0000000000011,40.68,63.54
2026-03-14 18:30:00,39.49,62.85,37.79,48.75,1257,1572.9,18,5,38.96,62.93,38.33,42.82,1484.8,1245,39.51999999999996,62.94999999999997,1519.7333333333345,42.15,63.98
2026-03-14 18:35:00,38.51,63.55,37.56,38.65,1280,1303.0,18,5,39.49,62.85,37.79,48.75,1572.9,1257,38.98666666666662,63.109999999999964,1453.5666666666677,43.07,63.65
2026-03-14 18:40:00,40.68,63.54,37.94,40.5,1220,1251.8,18,5,38.51,63.55,37.56,38.65,1303.0,1280,39.55999999999995,63.3133333333333,1375.9000000000012,39.89,63.55
2026-03-14 18:45:00,42.15,63.98,37.69,38.96,1184,1391.4,18,5,40.68,63.54,37.94,40.5,1251.8,1220,40.44666666666662,63.68999999999997,1315.4000000000012,45.05,64.92
2026-03-14 18:50:00,43.07,63.65,37.98,48.52,1246,1779.9,18,5,42.15,63.98,37.69,38.96,1391.4,1184,41.96666666666662,63.7233333333333,1474.366666666668,35.16,64.63
2026-03-14 18:55:00,39.89,63.55,37.68,37.39,1173,1315.2,18,5,43.07,63.65,37.98,48.52,1779.9,1246,41.70333333333329,63.72666666666663,1495.5000000000011,58.53,79.99
2026-03-14 19:00:00,45.05,64.92,37.31,46.77,1103,1518.0,19,5,39.89,63.55,37.68,37.39,1315.2,1173,42.66999999999996,64.03999999999996,1537.7000000000014,46.97,62.55
2026-03-14 19:05:00,35.16,64.63,36.97,40.23,1252,1198.2,19,5,45.05,64.92,37.31,46.77,1518.0,1103,40.033333333333296,64.36666666666663,1343.8000000000013,29.61,61.22
2026-03-14 19:10:00,58.53,79.99,37.93,63.57,1862,2034.0,19,5,35.16,64.63,36.97,40.23,1198.2,1252,46.24666666666662,69.84666666666662,1583.4000000000012,39.8,60.6
2026-03-14 19:15:00,46.97,62.55,38.03,37.59,1213,1513.1,19,5,58.53,79.99,37.93,63.57,2034.0,1862,46.88666666666663,69.05666666666663,1581.7666666666676,36.71,61.05
2026-03-14 19:20:00,29.61,61.22,38.02,40.41,1033,1116.0,19,5,46.97,62.55,38.03,37.59,1513.1,1213,45.036666666666626,67.91999999999996,1554.366666666668,40.73,61.07
2026-03-14 19:25:00,39.8,60.6,37.92,43.6,1178,1377.9,19,5,29.61,61.22,38.02,40.41,1116.0,1033,38.793333333333294,61.45666666666663,1335.6666666666679,41.56,61.71
2026-03-14 19:30:00,36.71,61.05,37.69,38.31,1131,1070.3,19,5,39.8,60.6,37.92,43.6,1377.9,1178,35.37333333333329,60.95666666666663,1188.0666666666677,43.98,61.53
2026-03-14 19:35:00,40.73,61.07,37.7,43.77,1151,1380.7,19,5,36.71,61.05,37.69,38.31,1070.3,1131,39.079999999999956,60.90666666666664,1276.3000000000013,31.85,60.42
2026-03-14 19:40:00,41.56,61.71,38.05,52.27,1112,1584.0,19,5,40.73,61.07,37.7,43.77,1380.7,1151,39.66666666666662,61.276666666666635,1345.0000000000011,73.37,70.78
2026-03-14 19:45:00,43.98,61.53,38.34,46.82,1207,1429.8,19,5,41.56,61.71,38.05,52.27,1584.0,1112,42.089999999999954,61.43666666666663,1464.8333333333346,30.69,61.77
2026-03-14 19:50:00,31.85,60.42,37.7,41.34,1125,1038.8,19,5,43.98,61.53,38.34,46.82,1429.8,1207,39.12999999999996,61.21999999999997,1350.866666666668,32.45,59.77
2026-03-14 19:55:00,73.37,70.78,37.75,66.48,1746,2285.2,19,5,31.85,60.42,37.7,41.34,1038.8,1125,49.73333333333329,64.2433333333333,1584.600000000001,33.84,60.35
2026-03-14 20:00:00,30.69,61.77,38.14,34.66,1091,1002.9,20,5,73.37,70.78,37.75,66.48,2285.2,1746,45.30333333333329,64.32333333333331,1442.300000000001,33.51,59.68
2026-03-14 20:05:00,32.45,59.77,38.32,37.02,1050,928.7,20,5,30.69,61.77,38.14,34.66,1002.9,1091,45.503333333333295,64.10666666666664,1405.6000000000013,39.75,58.89
2026-03-14 20:10:00,33.84,60.35,38.59,40.12,1016,1027.1,20,5,32.45,59.77,38.32,37.02,928.7,1050,32.326666666666625,60.629999999999974,986.2333333333345,38.0,58.82
2026-03-14 20:15:00,33.51,59.68,37.45,36.86,1042,1122.9,20,5,33.84,60.35,38.59,40.12,1027.1,1016,33.26666666666662,59.9333333333333,1026.2333333333345,29.75,58.37
2026-03-14 20:20:00,39.75,58.89,38.36,40.1,1061,1337.2,20,5,33.51,59.68,37.45,36.86,1122.9,1042,35.69999999999996,59.639999999999965,1162.4000000000012,34.86,59.47
2026-03-14 20:25:00,38.0,58.82,37.98,37.81,973,1244.9,20,5,39.75,58.89,38.36,40.1,1337.2,1061,37.08666666666662,59.129999999999974,1235.0000000000011,25.64,58.58
2026-03-14 20:30:00,29.75,58.37,37.88,31.19,949,953.4,20,5,38.0,58.82,37.98,37.81,1244.9,973,35.83333333333329,58.69333333333331,1178.5000000000011,39.91,57.58
2026-03-14 20:35:00,34.86,59.47,38.58,37.24,1021,1150.4,20,5,29.75,58.37,37.88,31.19,953.4,949,34.20333333333329,58.886666666666635,1116.2333333333347,34.03,56.67
2026-03-14 20:40:00,25.64,58.58,38.29,33.86,927,786.1,20,5,34.86,59.47,38.58,37.24,1150.4,1021,30.083333333333297,58.806666666666636,963.3000000000012,36.35,56.43
2026-03-14 20:45:00,39.91,57.58,38.38,35.64,1011,1120.5,20,5,25.64,58.58,38.29,33.86,786.1,927,33.469999999999956,58.5433333333333,1019.0000000000013,31.11,57.43
2026-03-14 20:50:00,34.03,56.67,38.67,39.44,916,1199.9,20,5,39.91,57.58,38.38,35.64,1120.5,1011,33.19333333333329,57.60999999999998,1035.5000000000011,35.43,57.89
2026-03-14 20:55:00,36.35,56.43,38.61,34.3,869,922.3,20,5,34.03,56.67,38.67,39.44,1199.9,916,36.76333333333329,56.89333333333331,1080.9000000000012,34.75,59.58
2026-03-14 21:00:00,31.11,57.43,38.03,28.69,934,868.2,21,5,36.35,56.43,38.61,34.3,922.3,869,33.829999999999956,56.843333333333305,996.8000000000012,23.69,58.82
2026-03-14 21:05:00,35.43,57.89,38.33,36.65,881,1168.2,21,5,31.11,57.43,38.03,28.69,868.2,934,34.296666666666624,57.24999999999997,986.2333333333345,44.97,73.14
2026-03-14 21:10:00,34.75,59.58,38.29,35.44,918,1240.4,21,5,35.43,57.89,38.33,36.65,1168.2,881,33.76333333333329,58.299999999999976,1092.266666666668,23.12,59.9
2026-03-14 21:15:00,23.69,58.82,38.34,28.41,843,850.1,21,5,34.75,59.58,38.29,35.44,1240.4,918,31.289999999999953,58.7633333333333,1086.2333333333347,37.47,59.66
2026-03-14 21:20:00,44.97,73.14,38.37,53.54,1355,1623.8,21,5,23.69,58.82,38.34,28.41,850.1,843,34.469999999999956,63.846666666666636,1238.1000000000013,34.35,58.27
2026-03-14 21:25:00,23.12,59.9,38.33,35.83,814,821.2,21,5,44.97,73.14,38.37,53.54,1623.8,1355,30.59333333333329,63.95333333333331,1098.366666666668,30.61,57.42
2026-03-14 21:30:00,37.47,59.66,38.05,39.59,867,1153.7,21,5,23.12,59.9,38.33,35.83,821.2,814,35.186666666666625,64.2333333333333,1199.566666666668,33.78,57.29
2026-03-14 21:35:00,34.35,58.27,37.95,34.76,867,978.6,21,5,37.47,59.66,38.05,39.59,1153.7,867,31.64666666666663,59.27666666666664,984.5000000000013,33.41,57.58
2026-03-14 21:40:00,30.61,57.42,37.71,33.3,843,1065.1,21,5,34.35,58.27,37.95,34.76,978.6,867,34.14333333333329,58.44999999999997,1065.8000000000013,37.48,56.82
2026-03-14 21:45:00,33.78,57.29,38.3,39.46,859,1210.0,21,5,30.61,57.42,37.71,33.3,1065.1,843,32.91333333333329,57.659999999999975,1084.5666666666677,32.79,57.09
2026-03-14 21:50:00,33.41,57.58,37.69,33.46,817,1020.4,21,5,33.78,57.29,38.3,39.46,1210.0,859,32.59999999999996,57.42999999999998,1098.5000000000011,24.41,56.98
2026-03-14 21:55:00,37.48,56.82,38.85,33.47,770,1041.9,21,5,33.41,57.58,37.69,33.46,1020.4,817,34.88999999999995,57.22999999999998,1090.766666666668,33.02,57.25
2026-03-14 22:00:00,32.79,57.09,38.89,31.58,754,1013.2,22,5,37.48,56.82,38.85,33.47,1041.9,770,34.55999999999995,57.16333333333332,1025.1666666666679,26.53,56.49
2026-03-14 22:05:00,24.41,56.98,37.99,26.16,715,747.5,22,5,32.79,57.09,38.89,31.58,1013.2,754,31.55999999999996,56.96333333333331,934.2000000000013,29.97,55.86
2026-03-14 22:10:00,33.02,57.25,38.27,27.05,697,670.3,22,5,24.41,56.98,37.99,26.16,747.5,715,30.07333333333329,57.10666666666665,810.3333333333345,30.63,55.69
2026-03-14 22:15:00,26.53,56.49,38.6,28.14,739,723.5,22,5,33.02,57.25,38.27,27.05,670.3,697,27.986666666666622,56.90666666666664,713.7666666666679,27.87,56.58
2026-03-14 22:20:00,29.97,55.86,38.32,34.6,737,884.8,22,5,26.53,56.49,38.6,28.14,723.5,739,29.839999999999957,56.53333333333331,759.5333333333346,35.02,56.18
2026-03-14 22:25:00,30.63,55.69,37.6,16.68,710,733.5,22,5,29.97,55.86,38.32,34.6,884.8,737,29.04333333333329,56.013333333333314,780.6000000000013,31.78,56.04
2026-03-14 22:30:00,27.87,56.58,38.45,32.41,705,875.6,22,5,30.63,55.69,37.6,16.68,733.5,710,29.489999999999952,56.043333333333315,831.3000000000012,27.59,55.62
2026-03-14 22:35:00,35.02,56.18,38.25,35.34,735,1033.9,22,5,27.87,56.58,38.45,32.41,875.6,705,31.17333333333329,56.14999999999998,881.0000000000013,31.37,55.42
2026-03-14 22:40:00,31.78,56.04,38.9,31.82,669,850.8,22,5,35.02,56.18,38.25,35.34,1033.9,735,31.556666666666626,56.266666666666644,920.1000000000013,31.83,54.96
2026-03-14 22:45:00,27.59,55.62,38.38,23.33,693,747.7,22,5,31.78,56.04,38.9,31.82,850.8,669,31.463333333333292,55.94666666666664,877.4666666666681,25.56,54.2
2026-03-14 22:50:00,31.37,55.42,38.69,29.32,718,724.1,22,5,27.59,55.62,38.38,23.33,747.7,693,30.246666666666624,55.69333333333331,774.2000000000013,35.5,54.48
2026-03-14 22:55:00,31.83,54.96,38.73,19.63,608,573.0,22,5,31.37,55.42,38.69,29.32,724.1,718,30.26333333333329,55.333333333333314,681.6000000000013,26.71,54.59
2026-03-14 23:00:00,25.56,54.2,37.97,26.42,570,585.6,23,5,31.83,54.96,38.73,19.63,573.0,608,29.58666666666662,54.85999999999998,627.566666666668,29.5,54.09
2026-03-14 23:05:00,35.5,54.48,38.44,32.03,666,844.8,23,5,25.56,54.2,37.97,26.42,585.6,570,30.963333333333292,54.546666666666646,667.8000000000013,27.21,53.11
2026-03-14 23:10:00,26.71,54.59,38.47,21.73,613,753.2,23,5,35.5,54.48,38.44,32.03,844.8,666,29.25666666666662,54.42333333333331,727.866666666668,28.19,52.28
2026-03-14 23:15:00,29.5,54.09,37.89,27.4,640,785.5,23,5,26.71,54.59,38.47,21.73,753.2,613,30.569999999999954,54.38666666666665,794.5000000000013,24.76,51.5
2026-03-14 23:20:00,27.21,53.11,38.67,27.6,611,813.5,23,5,29.5,54.09,37.89,27.4,785.5,640,27.806666666666626,53.92999999999998,784.066666666668,26.49,51.15
2026-03-14 23:25:00,28.19,52.28,38.17,32.31,594,688.3,23,5,27.21,53.11,38.67,27.6,813.5,611,28.299999999999955,53.159999999999975,762.4333333333346,28.1,49.71
2026-03-14 23:30:00,24.76,51.5,38.37,31.11,598,687.8,23,5,28.19,52.28,38.17,32.31,688.3,594,26.719999999999956,52.296666666666646,729.866666666668,27.66,50.36
2026-03-14 23:35:00,26.49,51.15,38.33,25.52,506,598.2,23,5,24.76,51.5,38.37,31.11,687.8,598,26.479999999999958,51.64333333333331,658.1000000000013,21.3,49.24
2026-03-14 23:40:00,28.1,49.71,39.08,22.3,585,611.5,23,5,26.49,51.15,38.33,25.52,598.2,506,26.449999999999957,50.78666666666664,632.5000000000013,18.27,48.63
2026-03-14 23:45:00,27.66,50.36,38.63,28.38,549,516.0,23,5,28.1,49.71,39.08,22.3,611.5,585,27.416666666666618,50.40666666666664,575.2333333333346,23.32,48.23
2026-03-14 23:50:00,21.3,49.24,38.62,30.85,506,610.7,23,5,27.66,50.36,38.63,28.38,516.0,549,25.686666666666625,49.76999999999998,579.4000000000013,29.04,48.23
2026-03-14 23:55:00,18.27,48.63,38.29,27.94,504,546.5,23,5,21.3,49.24,38.62,30.85,610.7,506,22.409999999999954,49.409999999999975,557.7333333333346,28.76,48.81
2026-03-15 00:00:00,23.32,48.23,34.75,25.58,520,646.3,0,6,18.27,48.63,38.29,27.94,546.5,504,20.96333333333329,48.69999999999998,601.166666666668,23.02,47.03
2026-03-15 00:05:00,29.04,48.23,35.31,26.87,553,742.5,0,6,23.32,48.23,34.75,25.58,646.3,520,23.543333333333283,48.36333333333331,645.1000000000013,28.44,47.01
2026-03-15 00:10:00,28.76,48.81,34.96,30.44,506,550.7,0,6,29.04,48.23,35.31,26.87,742.5,553,27.039999999999953,48.42333333333331,646.5000000000013,22.2,48.92
2026-03-15 00:15:00,23.02,47.03,35.7,27.32,509,616.7,0,6,28.76,48.81,34.96,30.44,550.7,506,26.939999999999955,48.02333333333331,636.6333333333347,19.24,48.61
2026-03-15 00:20:00,28.44,47.01,35.6,15.32,391,473.4,0,6,23.02,47.03,35.7,27.32,616.7,509,26.739999999999956,47.616666666666646,546.9333333333346,24.04,46.91
2026-03-15 00:25:00,22.2,48.92,34.85,24.25,448,547.5,0,6,28.44,47.01,35.6,15.32,473.4,391,24.553333333333285,47.65333333333331,545.866666666668,23.18,45.78
2026-03-15 00:30:00,19.24,48.61,35.27,28.2,449,569.6,0,6,22.2,48.92,34.85,24.25,547.5,448,23.29333333333329,48.17999999999998,530.166666666668,19.59,45.82
2026-03-15 00:35:00,24.04,46.91,35.4,22.0,488,616.0,0,6,19.24,48.61,35.27,28.2,569.6,449,21.826666666666622,48.14666666666665,577.7000000000013,23.75,45.39
2026-03-15 00:40:00,23.18,45.78,34.86,20.72,471,497.8,0,6,24.04,46.91,35.4,22.0,616.0,488,22.15333333333329,47.09999999999997,561.1333333333347,19.86,44.88
2026-03-15 00:45:00,19.59,45.82,34.95,14.56,428,457.9,0,6,23.18,45.78,34.86,20.72,497.8,471,22.269999999999953,46.16999999999998,523.9000000000013,29.99,45.16
2026-03-15 00:50:00,23.75,45.39,34.86,24.42,424,458.4,0,6,19.59,45.82,34.95,14.56,457.9,428,22.17333333333329,45.663333333333306,471.3666666666679,21.03,47.31
2026-03-15 00:55:00,19.86,44.88,35.11,22.53,387,440.6,0,6,23.75,45.39,34.86,24.42,458.4,424,21.066666666666624,45.36333333333331,452.3000000000013,45.69,46.71
2026-03-15 01:00:00,29.99,45.16,35.16,29.36,379,518.1,1,6,19.86,44.88,35.11,22.53,440.6,387,24.53333333333329,45.14333333333332,472.3666666666679,19.03,46.04
2026-03-15 01:05:00,21.03,47.31,35.24,17.48,321,326.0,1,6,29.99,45.16,35.16,29.36,518.1,379,23.626666666666623,45.7833333333333,428.23333333333466,24.14,45.55
2026-03-15 01:10:00,45.69,46.71,59.88,24.41,431,647.0,1,6,21.03,47.31,35.24,17.48,326.0,321,32.23666666666662,46.39333333333331,497.0333333333346,15.56,44.11
2026-03-15 01:15:00,19.03,46.04,34.82,21.59,321,341.1,1,6,45.69,46.71,59.88,24.41,647.0,431,28.58333333333329,46.686666666666646,438.03333333333467,21.06,45.02
2026-03-15 01:20:00,24.14,45.55,35.08,21.6,403,390.5,1,6,19.03,46.04,34.82,21.59,341.1,321,29.61999999999996,46.09999999999997,459.53333333333467,19.43,45.82
2026-03-15 01:25:00,15.56,44.11,35.25,15.45,288,344.2,1,6,24.14,45.55,35.08,21.6,390.5,403,19.576666666666625,45.23333333333331,358.6000000000013,28.95,46.33
2026-03-15 01:30:00,21.06,45.02,35.14,11.52,334,330.8,1,6,15.56,44.11,35.25,15.45,344.2,288,20.25333333333329,44.89333333333331,355.16666666666794,19.95,46.33
2026-03-15 01:35:00,19.43,45.82,35.72,15.49,287,358.3,1,6,21.06,45.02,35.14,11.52,330.8,334,18.68333333333329,44.98333333333331,344.4333333333346,24.26,45.91
2026-03-15 01:40:00,28.95,46.33,35.33,18.57,354,341.8,1,6,19.43,45.82,35.72,15.49,358.3,287,23.146666666666622,45.72333333333331,343.6333333333346,15.96,45.74
2026-03-15 01:45:00,19.95,46.33,35.89,22.31,323,311.8,1,6,28.95,46.33,35.33,18.57,341.8,354,22.776666666666625,46.15999999999997,337.3000000000013,23.19,44.53
2026-03-15 01:50:00,24.26,45.91,35.54,18.43,331,336.0,1,6,19.95,46.33,35.89,22.31,311.8,323,24.386666666666624,46.189999999999976,329.866666666668,22.22,43.83
2026-03-15 01:55:00,15.96,45.74,35.36,12.67,270,363.0,1,6,24.26,45.91,35.54,18.43,336.0,331,20.056666666666626,45.99333333333331,336.9333333333346,26.37,44.7
2026-03-15 02:00:00,23.19,44.53,35.12,21.25,282,385.9,2,6,15.96,45.74,35.36,12.67,363.0,270,21.136666666666624,45.39333333333331,361.63333333333463,21.0,45.29
2026-03-15 02:05:00,22.22,43.83,35.14,17.08,329,288.2,2,6,23.19,44.53,35.12,21.25,385.9,282,20.456666666666624,44.69999999999998,345.70000000000135,24.08,45.3
2026-03-15 02:10:00,26.37,44.7,35.96,21.71,323,311.1,2,6,22.22,43.83,35.14,17.08,288.2,329,23.926666666666623,44.3533333333333,328.4000000000013,26.47,44.99
2026-03-15 02:15:00,21.0,45.29,35.79,16.19,307,317.5,2,6,26.37,44.7,35.96,21.71,311.1,323,23.196666666666626,44.60666666666665,305.6000000000013,18.55,45.14
2026-03-15 02:20:00,24.08,45.3,35.25,23.86,335,432.6,2,6,21.0,45.29,35.79,16.19,317.5,307,23.816666666666624,45.09666666666664,353.73333333333466,25.38,45.4
2026-03-15 02:25:00,26.47,44.99,35.07,20.69,241,344.3,2,6,24.08,45.3,35.25,23.86,432.6,335,23.849999999999955,45.19333333333331,364.8000000000013,21.41,44.51
2026-03-15 02:30:00,18.55,45.14,35.34,9.49,257,265.2,2,6,26.47,44.99,35.07,20.69,344.3,241,23.03333333333329,45.14333333333331,347.366666666668,22.1,43.91
2026-03-15 02:35:00,25.38,45.4,35.2,21.91,333,429.0,2,6,18.55,45.14,35.34,9.49,265.2,257,23.466666666666622,45.17666666666664,346.16666666666794,24.2,44.23
2026-03-15 02:40:00,21.41,44.51,34.82,21.36,254,275.4,2,6,25.38,45.4,35.2,21.91,429.0,333,21.779999999999955,45.016666666666644,323.2000000000013,16.45,43.13
2026-03-15 02:45:00,22.1,43.91,35.59,16.51,336,318.2,2,6,21.41,44.51,34.82,21.36,275.4,254,22.963333333333292,44.60666666666665,340.8666666666679,21.1,43.91
2026-03-15 02:50:00,24.2,44.23,35.55,26.13,304,448.6,2,6,22.1,43.91,35.59,16.51,318.2,336,22.56999999999996,44.21666666666664,347.4000000000013,20.75,44.34
2026-03-15 02:55:00,16.45,43.13,36.0,23.98,263,354.9,2,6,24.2,44.23,35.55,26.13,448.6,304,20.916666666666625,43.75666666666664,373.9000000000013,18.07,43.43
2026-03-15 03:00:00,21.1,43.91,35.67,21.41,263,346.3,3,6,16.45,43.13,36.0,23.98,354.9,263,20.58333333333329,43.75666666666664,383.26666666666796,17.45,42.68
2026-03-15 03:05:00,20.75,44.34,35.84,16.12,296,267.5,3,6,21.1,43.91,35.67,21.41,346.3,263,19.43333333333329,43.793333333333315,322.9000000000013,22.92,43.22
2026-03-15 03:10:00,18.07,43.43,35.43,15.45,227,297.5,3,6,20.75,44.34,35.84,16.12,267.5,296,19.97333333333329,43.89333333333332,303.76666666666796,22.55,43.9
2026-03-15 03:15:00,17.45,42.68,35.71,22.92,288,356.0,3,6,18.07,43.43,35.43,15.45,297.5,227,18.75666666666662,43.48333333333331,307.0000000000013,16.43,43.52
2026-03-15 03:20:00,22.92,43.22,35.25,18.74,227,299.2,3,6,17.45,42.68,35.71,22.92,356.0,288,19.479999999999958,43.10999999999998,317.56666666666797,24.19,43.23
2026-03-15 03:25:00,22.55,43.9,35.29,14.57,285,285.0,3,6,22.92,43.22,35.25,18.74,299.2,227,20.97333333333329,43.266666666666644,313.4000000000013,20.34,42.07
2026-03-15 03:30:00,16.43,43.52,35.39,20.39,273,262.0,3,6,22.55,43.9,35.29,14.57,285.0,285,20.63333333333329,43.546666666666646,282.06666666666797,23.09,42.64
2026-03-15 03:35:00,24.19,43.23,35.4,21.15,223,269.9,3,6,16.43,43.52,35.39,20.39,262.0,273,21.056666666666626,43.549999999999976,272.30000000000126,21.33,43.78
2026-03-15 03:40:00,20.34,42.07,35.86,15.21,275,381.0,3,6,24.19,43.23,35.4,21.15,269.9,223,20.319999999999958,42.939999999999976,304.30000000000126,22.9,43.65
2026-03-15 03:45:00,23.09,42.64,35.18,19.68,277,285.3,3,6,20.34,42.07,35.86,15.21,381.0,275,22.53999999999996,42.64666666666664,312.0666666666679,14.44,43.98
2026-03-15 03:50:00,21.33,43.78,35.44,16.01,285,361.5,3,6,23.09,42.64,35.18,19.68,285.3,277,21.586666666666627,42.82999999999998,342.6000000000013,19.7,42.92
2026-03-15 03:55:00,22.9,43.65,35.57,22.74,218,313.3,3,6,21.33,43.78,35.44,16.01,361.5,285,22.439999999999955,43.35666666666665,320.0333333333346,17.44,43.0
2026-03-15 04:00:00,14.44,43.98,34.79,22.43,306,307.2,4,6,22.9,43.65,35.57,22.74,313.3,218,19.556666666666622,43.803333333333306,327.3333333333346,15.05,43.24
2026-03-15 04:05:00,19.7,42.92,35.66,24.98,319,432.1,4,6,14.44,43.98,34.79,22.43,307.2,306,19.01333333333329,43.516666666666644,350.866666666668,22.77,43.63
2026-03-15 04:10:00,17.44,43.0,35.57,25.85,332,430.1,4,6,19.7,42.92,35.66,24.98,432.1,319,17.19333333333329,43.299999999999976,389.8000000000013,19.44,43.65
2026-03-15 04:15:00,15.05,43.24,35.71,11.91,138,138.0,4,6,17.44,43.0,35.57,25.85,430.1,332,17.396666666666622,43.05333333333331,333.4000000000013,20.91,43.63
2026-03-15 04:20:00,22.77,43.63,35.72,14.71,231,329.4,4,6,15.05,43.24,35.71,11.91,138.0,138,18.41999999999996,43.28999999999997,299.16666666666794,25.28,43.96
2026-03-15 04:25:00,19.44,43.65,35.97,20.17,238,229.5,4,6,22.77,43.63,35.72,14.71,329.4,231,19.086666666666627,43.50666666666664,232.3000000000013,33.39,55.66
2026-03-15 04:30:00,20.91,43.63,35.62,23.28,298,459.9,4,6,19.44,43.65,35.97,20.17,229.5,238,21.03999999999996,43.63666666666665,339.6000000000013,21.55,43.05
2026-03-15 04:35:00,25.28,43.96,36.06,24.01,290,397.1,4,6,20.91,43.63,35.62,23.28,459.9,298,21.876666666666626,43.74666666666665,362.16666666666794,22.04,42.01
2026-03-15 04:40:00,33.39,55.66,35.31,38.61,619,581.4,4,6,25.28,43.96,36.06,24.01,397.1,290,26.526666666666625,47.74999999999998,479.4666666666679,26.54,42.53
2026-03-15 04:45:00,21.55,43.05,35.27,20.14,309,309.7,4,6,33.39,55.66,35.31,38.61,581.4,619,26.739999999999963,47.55666666666664,429.4000000000013,16.54,43.62
2026-03-15 04:50:00,22.04,42.01,36.12,21.62,339,392.4,4,6,21.55,43.05,35.27,20.14,309.7,309,25.659999999999958,46.90666666666664,427.8333333333346,16.37,44.17
2026-03-15 04:55:00,26.54,42.53,36.1,17.14,346,378.8,4,6,22.04,42.01,36.12,21.62,392.4,339,23.376666666666626,42.52999999999997,360.30000000000126,17.1,43.33
2026-03-15 05:00:00,16.54,43.62,35.7,18.48,221,285.5,5,6,26.54,42.53,36.1,17.14,378.8,346,21.706666666666624,42.71999999999997,352.23333333333466,18.62,44.05
2026-03-15 05:05:00,16.37,44.17,35.53,17.45,263,280.7,5,6,16.54,43.62,35.7,18.48,285.5,221,19.816666666666624,43.439999999999976,315.0000000000013,23.97,43.09
2026-03-15 05:10:00,17.1,43.33,35.69,15.32,263,272.2,5,6,16.37,44.17,35.53,17.45,280.7,263,16.669999999999963,43.70666666666665,279.46666666666795,29.05,54.88
2026-03-15 05:15:00,18.62,44.05,35.33,17.84,292,285.5,5,6,17.1,43.33,35.69,15.32,272.2,263,17.363333333333298,43.84999999999997,279.46666666666795,22.96,42.44
2026-03-15 05:20:00,23.97,43.09,36.01,18.29,405,566.1,5,6,18.62,44.05,35.33,17.84,285.5,292,19.89666666666663,43.489999999999974,374.6000000000013,18.6,43.63
2026-03-15 05:25:00,29.05,54.88,36.0,21.83,515,644.2,5,6,23.97,43.09,36.01,18.29,566.1,405,23.879999999999956,47.339999999999975,498.6000000000013,17.5,43.77
2026-03-15 05:30:00,22.96,42.44,35.49,17.29,382,499.1,5,6,29.05,54.88,36.0,21.83,644.2,515,25.326666666666625,46.80333333333331,569.8000000000013,22.16,43.9
2026-03-15 05:35:00,18.6,43.63,36.18,27.41,403,394.0,5,6,22.96,42.44,35.49,17.29,499.1,382,23.536666666666623,46.98333333333331,512.4333333333346,18.77,43.37
2026-03-15 05:40:00,17.5,43.77,35.51,23.99,374,324.0,5,6,18.6,43.63,36.18,27.41,394.0,403,19.68666666666663,43.27999999999998,405.70000000000135,26.66,43.97
2026-03-15 05:45:00,22.16,43.9,35.52,22.02,321,351.4,5,6,17.5,43.77,35.51,23.99,324.0,374,19.41999999999996,43.76666666666665,356.4666666666679,22.84,44.16
2026-03-15 05:50:00,18.77,43.37,35.65,22.64,361,390.9,5,6,22.16,43.9,35.52,22.02,351.4,321,19.476666666666627,43.67999999999998,355.4333333333346,21.75,44.25
2026-03-15 05:55:00,26.66,43.97,35.82,22.6,388,533.0,5,6,18.77,43.37,35.65,22.64,390.9,361,22.52999999999996,43.74666666666664,425.1000000000013,21.52,43.53
2026-03-15 06:00:00,22.84,44.16,36.07,24.6,414,432.0,6,6,26.66,43.97,35.82,22.6,533.0,388,22.75666666666663,43.83333333333331,451.9666666666679,23.82,42.91
2026-03-15 06:05:00,21.75,44.25,35.98,31.53,433,605.6,6,6,22.84,44.16,36.07,24.6,432.0,414,23.74999999999996,44.12666666666664,523.5333333333347,19.05,44.23
2026-03-15 06:10:00,21.52,43.53,35.13,18.65,361,472.5,6,6,21.75,44.25,35.98,31.53,605.6,433,22.03666666666663,43.97999999999997,503.366666666668,19.84,44.15
2026-03-15 06:15:00,23.82,42.91,36.08,22.25,342,367.3,6,6,21.52,43.53,35.13,18.65,472.5,361,22.36333333333329,43.563333333333304,481.8000000000013,25.82,45.56
2026-03-15 06:20:00,19.05,44.23,35.63,20.78,409,428.6,6,6,23.82,42.91,36.08,22.25,367.3,342,21.463333333333292,43.556666666666636,422.8000000000013,24.92,45.14
2026-03-15 06:25:00,19.84,44.15,35.61,19.86,447,492.7,6,6,19.05,44.23,35.63,20.78,428.6,409,20.903333333333293,43.7633333333333,429.53333333333467,24.87,45.0
2026-03-15 06:30:00,25.82,45.56,35.8,22.19,484,686.1,6,6,19.84,44.15,35.61,19.86,492.7,447,21.56999999999996,44.64666666666664,535.8000000000013,19.71,45.53
2026-03-15 06:35:00,24.92,45.14,35.95,23.28,431,566.7,6,6,25.82,45.56,35.8,22.19,686.1,484,23.526666666666628,44.94999999999998,581.8333333333346,50.5,53.63
2026-03-15 06:40:00,24.87,45.0,35.16,21.55,487,616.4,6,6,24.92,45.14,35.95,23.28,566.7,431,25.20333333333329,45.23333333333331,623.066666666668,22.72,46.05
2026-03-15 06:45:00,19.71,45.53,36.48,19.5,425,380.9,6,6,24.87,45.0,35.16,21.55,616.4,487,23.16666666666663,45.22333333333331,521.3333333333346,25.28,45.68
2026-03-15 06:50:00,50.5,53.63,35.8,34.44,768,827.9,6,6,19.71,45.53,36.48,19.5,380.9,425,31.693333333333296,48.05333333333331,608.4000000000013,24.7,45.68
2026-03-15 06:55:00,22.72,46.05,36.19,19.71,457,488.9,6,6,50.5,53.63,35.8,34.44,827.9,768,30.976666666666627,48.40333333333331,565.9000000000012,34.41,45.8
2026-03-15 07:00:00,25.28,45.68,35.88,26.5,488,534.8,7,6,22.72,46.05,36.19,19.71,488.9,457,32.83333333333329,48.45333333333331,617.2000000000013,25.53,46.41
2026-03-15 07:05:00,24.7,45.68,36.11,30.34,459,554.6,7,6,25.28,45.68,35.88,26.5,534.8,488,24.23333333333329,45.803333333333306,526.1000000000013,21.27,45.66
2026-03-15 07:10:00,34.41,45.8,35.83,32.27,498,697.8,7,6,24.7,45.68,36.11,30.34,554.6,459,28.129999999999956,45.71999999999997,595.7333333333346,23.83,45.67
2026-03-15 07:15:00,25.53,46.41,36.13,24.95,469,512.7,7,6,34.41,45.8,35.83,32.27,697.8,498,28.213333333333292,45.96333333333331,588.3666666666679,32.08,45.28
2026-03-15 07:20:00,21.27,45.66,36.16,18.61,474,555.9,7,6,25.53,46.41,36.13,24.95,512.7,469,27.069999999999954,45.95666666666664,588.8000000000012,53.18,53.65
2026-03-15 07:25:00,23.83,45.67,36.06,25.6,572,651.4,7,6,21.27,45.66,36.16,18.61,555.9,474,23.54333333333329,45.913333333333306,573.3333333333346,24.96,45.05
2026-03-15 07:30:00,32.08,45.28,36.14,25.13,511,693.3,7,6,23.83,45.67,36.06,25.6,651.4,572,25.72666666666662,45.53666666666664,633.5333333333346,24.53,46.43
2026-03-15 07:35:00,53.18,53.65,36.0,45.49,885,1085.7,7,6,32.08,45.28,36.14,25.13,693.3,511,36.36333333333329,48.19999999999998,810.1333333333347,18.65,47.01
2026-03-15 07:40:00,24.96,45.05,36.2,38.96,621,761.6,7,6,53.18,53.65,36.0,45.49,1085.7,885,36.73999999999996,47.99333333333331,846.866666666668,23.74,47.29
2026-03-15 07:45:00,24.53,46.43,35.66,25.51,613,638.9,7,6,24.96,45.05,36.2,38.96,761.6,621,34.223333333333294,48.376666666666644,828.7333333333346,20.82,47.31
2026-03-15 07:50:00,18.65,47.01,36.17,22.0,587,616.2,7,6,24.53,46.43,35.66,25.51,638.9,613,22.713333333333292,46.163333333333306,672.2333333333346,35.73,49.93
2026-03-15 07:55:00,23.74,47.29,36.16,30.2,672,763.6,7,6,18.65,47.01,36.17,22.0,616.2,587,22.306666666666626,46.909999999999975,672.9000000000013,34.86,52.32
2026-03-15 08:00:00,20.82,47.31,35.99,25.1,533,675.5,8,6,23.74,47.29,36.16,30.2,763.6,672,21.069999999999954,47.20333333333331,685.1000000000013,23.7,51.59
2026-03-15 08:05:00,35.73,49.93,36.05,29.93,661,700.0,8,6,20.82,47.31,35.99,25.1,675.5,533,26.763333333333293,48.17666666666665,713.0333333333347,43.15,60.63
2026-03-15 08:10:00,34.86,52.32,35.97,31.21,617,731.3,8,6,35.73,49.93,36.05,29.93,700.0,661,30.46999999999996,49.85333333333332,702.2666666666679,31.22,51.08
2026-03-15 08:15:00,23.7,51.59,36.01,31.8,617,720.3,8,6,34.86,52.32,35.97,31.21,731.3,617,31.429999999999954,51.27999999999997,717.2000000000013,32.64,49.63
2026-03-15 08:20:00,43.15,60.63,35.97,33.29,888,964.7,8,6,23.7,51.59,36.01,31.8,720.3,617,33.90333333333329,54.84666666666664,805.4333333333346,31.03,49.21
2026-03-15 08:25:00,31.22,51.08,35.94,31.28,755,808.9,8,6,43.15,60.63,35.97,33.29,964.7,888,32.68999999999996,54.43333333333331,831.3000000000012,25.2,50.05
2026-03-15 08:30:00,32.64,49.63,35.42,32.08,673,622.5,8,6,31.22,51.08,35.94,31.28,808.9,755,35.66999999999996,53.77999999999997,798.7000000000013,21.97,49.53
2026-03-15 08:35:00,31.03,49.21,36.18,30.87,638,788.6,8,6,32.64,49.63,35.42,32.08,622.5,673,31.629999999999963,49.97333333333331,740.0000000000013,33.27,50.05
2026-03-15 08:40:00,25.2,50.05,36.03,22.82,660,795.0,8,6,31.03,49.21,36.18,30.87,788.6,638,29.623333333333296,49.629999999999974,735.366666666668,29.19,50.03
2026-03-15 08:45:00,21.97,49.53,36.69,32.5,718,626.1,8,6,25.2,50.05,36.03,22.82,795.0,660,26.06666666666663,49.59666666666664,736.566666666668,22.39,49.22
2026-03-15 08:50:00,33.27,50.05,36.71,30.17,746,1013.7,8,6,21.97,49.53,36.69,32.5,626.1,718,26.813333333333293,49.87666666666664,811.6000000000013,29.74,50.28
2026-03-15 08:55:00,29.19,50.03,36.47,31.68,725,995.0,8,6,33.27,50.05,36.71,30.17,1013.7,746,28.143333333333292,49.869999999999976,878.2666666666679,30.77,49.97
2026-03-15 09:00:00,22.39,49.22,36.33,27.67,746,670.2,9,6,29.19,50.03,36.47,31.68,995.0,725,28.283333333333292,49.766666666666644,892.9666666666681,27.83,53.08
2026-03-15 09:05:00,29.74,50.28,36.07,35.31,787,830.8,9,6,22.39,49.22,36.33,27.67,670.2,746,27.106666666666626,49.843333333333305,832.0000000000013,35.22,53.02
2026-03-15 09:10:00,30.77,49.97,36.11,30.68,718,698.1,9,6,29.74,50.28,36.07,35.31,830.8,787,27.633333333333297,49.8233333333333,733.0333333333347,29.03,53.64
2026-03-15 09:15:00,27.83,53.08,35.93,29.06,776,842.0,9,6,30.77,49.97,36.11,30.68,698.1,718,29.44666666666663,51.10999999999998,790.3000000000012,32.8,53.03
2026-03-15 09:20:00,35.22,53.02,36.66,37.67,808,866.9,9,6,27.83,53.08,35.93,29.06,842.0,776,31.273333333333294,52.02333333333331,802.3333333333345,32.71,51.95
2026-03-15 09:25:00,29.03,53.64,36.53,29.15,878,889.5,9,6,35.22,53.02,36.66,37.67,866.9,808,30.6933333333333,53.24666666666664,866.1333333333347,34.77,53.98
2026-03-15 09:30:00,32.8,53.03,36.49,32.63,805,1082.5,9,6,29.03,53.64,36.53,29.15,889.5,878,32.349999999999966,53.22999999999998,946.3000000000014,37.57,55.03
2026-03-15 09:35:00,32.71,51.95,36.39,35.06,839,1175.2,9,6,32.8,53.03,36.49,32.63,1082.5,805,31.513333333333296,52.87333333333331,1049.066666666668,30.58,54.97
2026-03-15 09:40:00,34.77,53.98,36.14,33.19,806,1041.6,9,6,32.71,51.95,36.39,35.06,1175.2,839,33.42666666666663,52.98666666666664,1099.766666666668,32.63,54.55
2026-03-15 09:45:00,37.57,55.03,36.08,36.1,935,1052.1,9,6,34.77,53.98,36.14,33.19,1041.6,806,35.01666666666663,53.65333333333331,1089.6333333333346,35.31,54.03
2026-03-15 09:50:00,30.58,54.97,36.44,23.67,889,951.1,9,6,37.57,55.03,36.08,36.1,1052.1,935,34.30666666666663,54.659999999999975,1014.9333333333344,44.98,55.2
2026-03-15 09:55:00,32.63,54.55,36.63,33.39,881,1128.4,9,6,30.58,54.97,36.44,23.67,951.1,889,33.5933333333333,54.84999999999997,1043.866666666668,32.76,57.1
2026-03-15 10:00:00,35.31,54.03,36.99,32.33,858,1134.2,10,6,32.63,54.55,36.63,33.39,1128.4,881,32.83999999999997,54.516666666666644,1071.2333333333347,39.17,57.21
2026-03-15 10:05:00,44.98,55.2,36.38,45.06,1007,1475.4,10,6,35.31,54.03,36.99,32.33,1134.2,858,37.639999999999965,54.59333333333331,1246.0000000000014,39.66,56.95
2026-03-15 10:10:00,32.76,57.1,36.28,35.43,915,1149.1,10,6,44.98,55.2,36.38,45.06,1475.4,1007,37.6833333333333,55.44333333333331,1252.9000000000012,40.13,55.85
2026-03-15 10:15:00,39.17,57.21,36.45,42.05,943,1249.5,10,6,32.76,57.1,36.28,35.43,1149.1,915,38.96999999999996,56.50333333333331,1291.3333333333346,29.81,54.91
2026-03-15 10:20:00,39.66,56.95,37.24,39.6,977,1188.7,10,6,39.17,57.21,36.45,42.05,1249.5,943,37.19666666666663,57.086666666666645,1195.766666666668,35.56,56.41
2026-03-15 10:25:00,40.13,55.85,36.56,35.43,970,1298.2,10,6,39.66,56.95,37.24,39.6,1188.7,977,39.6533333333333,56.66999999999998,1245.4666666666678,36.46,56.41
2026-03-15 10:30:00,29.81,54.91,36.67,34.75,922,957.0,10,6,40.13,55.85,36.56,35.43,1298.2,970,36.533333333333296,55.90333333333331,1147.966666666668,36.08,56.78
2026-03-15 10:35:00,35.56,56.41,36.29,29.97,930,918.3,10,6,29.81,54.91,36.67,34.75,957.0,922,35.16666666666663,55.72333333333331,1057.8333333333346,34.81,57.32
2026-03-15 10:40:00,36.46,56.41,36.17,35.01,1027,1196.9,10,6,35.56,56.41,36.29,29.97,918.3,930,33.9433333333333,55.90999999999997,1024.066666666668,40.46,57.22
2026-03-15 10:45:00,36.08,56.78,36.69,39.94,1009,997.1,10,6,36.46,56.41,36.17,35.01,1196.9,1027,36.033333333333296,56.5333333333333,1037.4333333333345,33.56,57.46
2026-03-15 10:50:00,34.81,57.32,36.26,35.5,990,1060.7,10,6,36.08,56.78,36.69,39.94,997.1,1009,35.783333333333296,56.836666666666645,1084.9000000000012,35.69,56.88
2026-03-15 10:55:00,40.46,57.22,36.68,42.66,1050,1420.6,10,6,34.81,57.32,36.26,35.5,1060.7,990,37.116666666666625,57.10666666666665,1159.4666666666678,35.15,59.14
2026-03-15 11:00:00,33.56,57.46,36.17,39.33,1058,1286.3,11,6,40.46,57.22,36.68,42.66,1420.6,1050,36.276666666666635,57.333333333333314,1255.866666666668,28.38,57.74
2026-03-15 11:05:00,35.69,56.88,36.6,41.15,1085,1337.7,11,6,33.56,57.46,36.17,39.33,1286.3,1058,36.569999999999965,57.186666666666646,1348.2000000000014,38.89,58.39
2026-03-15 11:10:00,35.15,59.14,37.27,33.12,1095,1179.7,11,6,35.69,56.88,36.6,41.15,1337.7,1085,34.79999999999996,57.82666666666665,1267.9000000000015,36.93,59.56
2026-03-15 11:15:00,28.38,57.74,36.9,41.27,1065,1147.3,11,6,35.15,59.14,37.27,33.12,1179.7,1095,33.073333333333295,57.91999999999998,1221.566666666668,29.75,58.61
2026-03-15 11:20:00,38.89,58.39,36.68,44.91,1140,1600.2,11,6,28.38,57.74,36.9,41.27,1147.3,1065,34.139999999999965,58.42333333333331,1309.0666666666682,39.21,59.29
2026-03-15 11:25:00,36.93,59.56,36.82,38.13,1115,960.1,11,6,38.89,58.39,36.68,44.91,1600.2,1140,34.7333333333333,58.56333333333331,1235.8666666666682,32.74,58.7
2026-03-15 11:30:00,29.75,58.61,36.77,36.55,1166,1168.2,11,6,36.93,59.56,36.82,38.13,960.1,1115,35.18999999999996,58.85333333333332,1242.8333333333346,35.54,59.96
2026-03-15 11:35:00,39.21,59.29,36.63,48.48,1202,1595.8,11,6,29.75,58.61,36.77,36.55,1168.2,1166,35.29666666666663,59.15333333333331,1241.366666666668,37.21,58.57
2026-03-15 11:40:00,32.74,58.7,36.41,34.56,1097,1263.3,11,6,39.21,59.29,36.63,48.48,1595.8,1202,33.89999999999997,58.866666666666646,1342.4333333333345,39.63,59.21
2026-03-15 11:45:00,35.54,59.96,36.74,36.86,1150,1410.9,11,6,32.74,58.7,36.41,34.56,1263.3,1097,35.82999999999996,59.31666666666664,1423.3333333333346,44.33,58.72
2026-03-15 11:50:00,37.21,58.57,37.35,34.04,1132,1199.2,11,6,35.54,59.96,36.74,36.86,1410.9,1150,35.1633333333333,59.07666666666665,1291.1333333333348,42.01,58.76
2026-03-15 11:55:00,39.63,59.21,36.92,30.09,1154,1109.6,11,6,37.21,58.57,37.35,34.04,1199.2,1132,37.45999999999996,59.24666666666664,1239.9000000000015,52.48,73.85
2026-03-15 12:00:00,44.33,58.72,37.31,46.69,1105,1389.5,12,6,39.63,59.21,36.92,30.09,1109.6,1154,40.389999999999965,58.833333333333314,1232.766666666668,29.84,59.35
2026-03-15 12:05:00,42.01,58.76,37.02,41.98,1143,1698.1,12,6,44.33,58.72,37.31,46.69,1389.5,1105,41.98999999999996,58.89666666666665,1399.0666666666682,38.18,59.42
2026-03-15 12:10:00,52.48,73.85,37.03,66.16,1716,1877.1,12,6,42.01,58.76,37.02,41.98,1698.1,1143,46.27333333333329,63.77666666666664,1654.9000000000012,48.27,59.29
2026-03-15 12:15:00,29.84,59.35,36.47,38.66,1133,1024.2,12,6,52.48,73.85,37.03,66.16,1877.1,1716,41.44333333333329,63.98666666666664,1533.1333333333343,42.78,58.43
2026-03-15 12:20:00,38.18,59.42,37.23,46.28,1217,1304.7,12,6,29.84,59.35,36.47,38.66,1024.2,1133,40.16666666666662,64.20666666666665,1402.0000000000016,50.63,71.03
2026-03-15 12:25:00,48.27,59.29,37.35,48.15,1189,1682.1,12,6,38.18,59.42,37.23,46.28,1304.7,1217,38.76333333333329,59.35333333333332,1337.0000000000011,36.78,59.17
2026-03-15 12:30:00,42.78,58.43,36.65,44.58,1153,1362.0,12,6,48.27,59.29,37.35,48.15,1682.1,1189,43.076666666666625,59.04666666666665,1449.6000000000013,44.83,59.99
2026-03-15 12:35:00,50.63,71.03,36.29,55.79,1797,2091.3,12,6,42.78,58.43,36.65,44.58,1362.0,1153,47.22666666666663,62.91666666666665,1711.8000000000013,43.45,61.6
2026-03-15 12:40:00,36.78,59.17,36.87,44.65,1159,1513.1,12,6,50.63,71.03,36.29,55.79,2091.3,1797,43.396666666666626,62.876666666666644,1655.4666666666678,45.6,61.41
2026-03-15 12:45:00,44.83,59.99,37.16,47.96,1287,1873.3,12,6,36.78,59.17,36.87,44.65,1513.1,1159,44.07999999999996,63.39666666666665,1825.9000000000012,39.23,61.2
2026-03-15 12:50:00,43.45,61.6,37.22,42.15,1277,1293.2,12,6,44.83,59.99,37.16,47.96,1873.3,1287,41.68666666666663,60.25333333333331,1559.866666666668,35.17,61.07
2026-03-15 12:55:00,45.6,61.41,36.56,47.82,1322,1710.4,12,6,43.45,61.6,37.22,42.15,1293.2,1277,44.62666666666663,60.99999999999998,1625.6333333333343,36.19,61.01
2026-03-15 13:00:00,39.23,61.2,37.25,40.07,1262,1281.5,13,6,45.6,61.41,36.56,47.82,1710.4,1322,42.75999999999996,61.40333333333331,1428.366666666668,36.68,60.44
2026-03-15 13:05:00,35.17,61.07,36.91,42.04,1336,1284.0,13,6,39.23,61.2,37.25,40.07,1281.5,1262,39.999999999999964,61.22666666666665,1425.300000000001,48.22,60.87
2026-03-15 13:10:00,36.19,61.01,37.65,34.79,1205,1205.4,13,6,35.17,61.07,36.91,42.04,1284.0,1336,36.863333333333294,61.09333333333331,1256.9666666666678,41.07,61.19
2026-03-15 13:15:00,36.68,60.44,37.03,35.27,1356,1244.0,13,6,36.19,61.01,37.65,34.79,1205.4,1205,36.01333333333329,60.839999999999975,1244.4666666666678,33.95,61.08
2026-03-15 13:20:00,48.22,60.87,37.06,50.29,1355,1588.4,13,6,36.68,60.44,37.03,35.27,1244.0,1356,40.363333333333294,60.77333333333331,1345.9333333333345,36.6,62.06
2026-03-15 13:25:00,41.07,61.19,36.74,42.72,1304,1740.0,13,6,48.22,60.87,37.06,50.29,1588.4,1355,41.98999999999996,60.833333333333314,1524.1333333333343,39.07,60.8
2026-03-15 13:30:00,33.95,61.08,36.86,41.69,1286,1541.5,13,6,41.07,61.19,36.74,42.72,1740.0,1304,41.07999999999996,61.046666666666646,1623.300000000001,45.29,61.57
2026-03-15 13:35:00,36.6,62.06,37.61,42.25,1329,1366.0,13,6,33.95,61.08,36.86,41.69,1541.5,1286,37.20666666666663,61.44333333333331,1549.1666666666679,34.16,99.0
2026-03-15 13:40:00,39.07,60.8,37.13,44.34,1348,1809.9,13,6,36.6,62.06,37.61,42.25,1366.0,1329,36.539999999999964,61.31333333333331,1572.4666666666678,44.71,61.08
2026-03-15 13:45:00,45.29,61.57,37.17,50.65,1225,1653.1,13,6,39.07,60.8,37.13,44.34,1809.9,1348,40.319999999999965,61.47666666666665,1609.6666666666679,28.09,61.68
2026-03-15 13:50:00,34.16,99.0,37.07,36.54,1378,1335.9,13,6,45.29,61.57,37.17,50.65,1653.1,1225,39.50666666666663,73.78999999999998,1599.6333333333343,41.25,62.04
2026-03-15 13:55:00,44.71,61.08,37.3,43.23,1399,1578.5,13,6,34.16,99.0,37.07,36.54,1335.9,1378,41.38666666666663,73.88333333333331,1522.5000000000011,42.21,63.34
2026-03-15 14:00:00,28.09,61.68,36.85,31.6,1374,1200.5,14,6,44.71,61.08,37.3,43.23,1578.5,1399,35.6533333333333,73.91999999999997,1371.6333333333343,36.6,63.09
2026-03-15 14:05:00,41.25,62.04,36.84,46.7,1344,1345.3,14,6,28.09,61.68,36.85,31.6,1200.5,1374,38.01666666666663,61.59999999999999,1374.766666666668,45.91,71.81
2026-03-15 14:10:00,42.21,63.34,37.12,41.95,1360,1520.6,14,6,41.25,62.04,36.84,46.7,1345.3,1344,37.1833333333333,62.35333333333332,1355.4666666666678,39.47,62.92
2026-03-15 14:15:00,36.6,63.09,37.61,34.95,1308,1302.5,14,6,42.21,63.34,37.12,41.95,1520.6,1360,40.01999999999996,62.823333333333316,1389.4666666666678,44.07,63.24
2026-03-15 14:20:00,45.91,71.81,37.34,70.94,2226,1948.0,14,6,36.6,63.09,37.61,34.95,1302.5,1308,41.573333333333295,66.07999999999998,1590.3666666666677,43.71,64.92
2026-03-15 14:25:00,39.47,62.92,37.28,45.13,1396,1592.2,14,6,45.91,71.81,37.34,70.94,1948.0,2226,40.65999999999996,65.93999999999998,1614.2333333333347,47.54,64.35
2026-03-15 14:30:00,44.07,63.24,36.94,40.94,1339,1552.0,14,6,39.47,62.92,37.28,45.13,1592.2,1396,43.149999999999956,65.98999999999998,1697.4000000000015,46.76,65.73
2026-03-15 14:35:00,43.71,64.92,37.38,48.52,1390,1450.0,14,6,44.07,63.24,36.94,40.94,1552.0,1339,42.41666666666663,63.69333333333332,1531.4000000000015,37.44,64.76
2026-03-15 14:40:00,47.54,64.35,37.55,54.48,1328,1982.7,14,6,43.71,64.92,37.38,48.52,1450.0,1390,45.10666666666663,64.16999999999999,1661.5666666666677,45.98,64.57
2026-03-15 14:45:00,46.76,65.73,37.71,53.94,1376,1887.7,14,6,47.54,64.35,37.55,54.48,1982.7,1328,46.003333333333295,64.99999999999999,1773.4666666666678,48.63,64.14
2026-03-15 14:50:00,37.44,64.76,37.19,39.88,1413,1386.1,14,6,46.76,65.73,37.71,53.94,1887.7,1376,43.9133333333333,64.94666666666664,1752.1666666666679,35.65,63.9
2026-03-15 14:55:00,45.98,64.57,37.0,43.71,1409,1615.5,14,6,37.44,64.76,37.19,39.88,1386.1,1413,43.393333333333295,65.01999999999998,1629.766666666668,39.03,63.87
2026-03-15 15:00:00,48.63,64.14,37.47,50.78,1476,1867.5,15,6,45.98,64.57,37.0,43.71,1615.5,1409,44.01666666666663,64.48999999999997,1623.0333333333347,84.9,76.81
2026-03-15 15:05:00,35.65,63.9,37.76,51.48,1381,1471.9,15,6,48.63,64.14,37.47,50.78,1867.5,1476,43.41999999999996,64.2033333333333,1651.6333333333343,34.23,64.61
2026-03-15 15:10:00,39.03,63.87,36.97,42.84,1386,1460.4,15,6,35.65,63.9,37.76,51.48,1471.9,1381,41.103333333333296,63.96999999999998,1599.9333333333345,47.22,66.1
2026-03-15 15:15:00,84.9,76.81,37.81,86.13,2298,3456.7,15,6,39.03,63.87,36.97,42.84,1460.4,1386,53.19333333333329,68.19333333333331,2129.666666666668,35.95,65.4
2026-03-15 15:20:00,34.23,64.61,36.86,46.49,1402,1488.0,15,6,84.9,76.81,37.81,86.13,3456.7,2298,52.71999999999996,68.42999999999998,2135.0333333333347,48.31,66.94
2026-03-15 15:25:00,47.22,66.1,37.62,41.58,1371,1691.6,15,6,34.23,64.61,36.86,46.49,1488.0,1402,55.44999999999996,69.17333333333332,2212.100000000001,41.03,66.37
2026-03-15 15:30:00,35.95,65.4,38.01,41.89,1421,1342.0,15,6,47.22,66.1,37.62,41.58,1691.6,1371,39.13333333333329,65.36999999999998,1507.2000000000014,40.42,66.81
2026-03-15 15:35:00,48.31,66.94,37.49,56.05,1378,2002.6,15,6,35.95,65.4,38.01,41.89,1342.0,1421,43.826666666666625,66.14666666666665,1678.7333333333345,46.51,66.41
2026-03-15 15:40:00,41.03,66.37,37.05,47.6,1427,1763.2,15,6,48.31,66.94,37.49,56.05,2002.6,1378,41.76333333333329,66.23666666666665,1702.6000000000013,39.03,67.36
2026-03-15 15:45:00,40.42,66.81,37.49,41.21,1402,1491.2,15,6,41.03,66.37,37.05,47.6,1763.2,1427,43.253333333333295,66.70666666666665,1752.3333333333346,40.62,67.23
2026-03-15 15:50:00,46.51,66.41,37.56,45.73,1360,1529.7,15,6,40.42,66.81,37.49,41.21,1491.2,1402,42.653333333333286,66.52999999999999,1594.7000000000014,41.71,68.16
2026-03-15 15:55:00,39.03,67.36,37.37,42.31,1322,1405.6,15,6,46.51,66.41,37.56,45.73,1529.7,1360,41.98666666666662,66.85999999999997,1475.5000000000011,39.18,69.37
2026-03-15 16:00:00,40.62,67.23,37.88,42.88,1385,1474.9,16,6,39.03,67.36,37.37,42.31,1405.6,1322,42.05333333333329,66.99999999999999,1470.0666666666677,31.45,69.52
2026-03-15 16:05:00,41.71,68.16,37.52,49.59,1461,1472.2,16,6,40.62,67.23,37.88,42.88,1474.9,1385,40.45333333333329,67.58333333333331,1450.9000000000015,46.01,68.78
2026-03-15 16:10:00,39.18,69.37,37.5,44.3,1420,1385.1,16,6,41.71,68.16,37.52,49.59,1472.2,1461,40.503333333333295,68.25333333333332,1444.0666666666677,39.39,68.67
2026-03-15 16:15:00,31.45,69.52,37.37,42.17,1426,1330.5,16,6,39.18,69.37,37.5,44.3,1385.1,1420,37.44666666666662,69.01666666666665,1395.9333333333345,45.46,68.12
2026-03-15 16:20:00,46.01,68.78,37.21,46.16,1319,1582.2,16,6,31.45,69.52,37.37,42.17,1330.5,1426,38.87999999999996,69.22333333333331,1432.6000000000013,47.96,68.75
2026-03-15 16:25:00,39.39,68.67,37.2,42.26,1384,1534.7,16,6,46.01,68.78,37.21,46.16,1582.2,1319,38.94999999999995,68.98999999999998,1482.4666666666678,48.67,69.1
2026-03-15 16:30:00,45.46,68.12,37.59,46.06,1408,1843.1,16,6,39.39,68.67,37.2,42.26,1534.7,1384,43.619999999999955,68.52333333333331,1653.3333333333346,38.38,68.53
2026-03-15 16:35:00,47.96,68.75,37.18,46.29,1347,1569.0,16,6,45.46,68.12,37.59,46.06,1843.1,1408,44.26999999999996,68.51333333333332,1648.9333333333345,47.93,70.05
2026-03-15 16:40:00,48.67,69.1,37.41,43.75,1474,1734.1,16,6,47.96,68.75,37.18,46.29,1569.0,1347,47.36333333333329,68.65666666666665,1715.4000000000012,44.09,70.53
2026-03-15 16:45:00,38.38,68.53,37.45,36.71,1365,1227.5,16,6,48.67,69.1,37.41,43.75,1734.1,1474,45.003333333333295,68.79333333333331,1510.2000000000014,31.29,68.84
2026-03-15 16:50:00,47.93,70.05,37.38,52.35,1417,1917.7,16,6,38.38,68.53,37.45,36.71,1227.5,1365,44.99333333333329,69.22666666666665,1626.4333333333345,43.41,68.05
2026-03-15 16:55:00,44.09,70.53,37.39,48.52,1413,1690.2,16,6,47.93,70.05,37.38,52.35,1917.7,1417,43.46666666666662,69.70333333333332,1611.800000000001,40.57,69.03
2026-03-15 17:00:00,31.29,68.84,37.63,37.63,1324,1200.7,17,6,44.09,70.53,37.39,48.52,1690.2,1413,41.103333333333296,69.80666666666666,1602.866666666668,39.37,68.79
2026-03-15 17:05:00,43.41,68.05,37.84,46.75,1307,1482.8,17,6,31.29,68.84,37.63,37.63,1200.7,1324,39.59666666666663,69.13999999999997,1457.9000000000015,50.13,68.15
2026-03-15 17:10:00,40.57,69.03,37.45,46.37,1405,1534.5,17,6,43.41,68.05,37.84,46.75,1482.8,1307,38.42333333333329,68.63999999999997,1406.0000000000011,39.26,67.63
2026-03-15 17:15:00,39.37,68.79,37.63,42.53,1370,1584.0,17,6,40.57,69.03,37.45,46.37,1534.5,1405,41.116666666666625,68.62333333333332,1533.766666666668,44.38,67.31
2026-03-15 17:20:00,50.13,68.15,37.88,45.51,1333,1776.0,17,6,39.37,68.79,37.63,42.53,1584.0,1370,43.35666666666663,68.65666666666665,1631.5000000000011,50.87,66.77
2026-03-15 17:25:00,39.26,67.63,38.14,45.76,1288,1586.2,17,6,50.13,68.15,37.88,45.51,1776.0,1333,42.91999999999996,68.18999999999998,1648.7333333333345,42.86,66.12
2026-03-15 17:30:00,44.38,67.31,37.09,54.06,1291,1717.8,17,6,39.26,67.63,38.14,45.76,1586.2,1288,44.589999999999954,67.69666666666664,1693.3333333333346,36.03,65.25
2026-03-15 17:35:00,50.87,66.77,37.36,41.87,1297,1671.3,17,6,44.38,67.31,37.09,54.06,1717.8,1291,44.83666666666662,67.23666666666665,1658.4333333333345,32.65,64.33
2026-03-15 17:40:00,42.86,66.12,37.64,94.44,1393,1828.6,17,6,50.87,66.77,37.36,41.87,1671.3,1297,46.036666666666626,66.7333333333333,1739.2333333333345,39.97,63.91
2026-03-15 17:45:00,36.03,65.25,37.69,39.11,1340,1241.4,17,6,42.86,66.12,37.64,94.44,1828.6,1393,43.253333333333295,66.04666666666664,1580.4333333333345,40.07,64.42
2026-03-15 17:50:00,32.65,64.33,37.27,37.35,1298,1323.0,17,6,36.03,65.25,37.69,39.11,1241.4,1340,37.17999999999996,65.2333333333333,1464.3333333333346,38.69,65.32
2026-03-15 17:55:00,39.97,63.91,38.14,43.4,1325,1380.8,17,6,32.65,64.33,37.27,37.35,1323.0,1298,36.21666666666662,64.49666666666666,1315.066666666668,45.21,64.18
2026-03-15 18:00:00,40.07,64.42,37.72,35.59,1249,1227.5,18,6,39.97,63.91,38.14,43.4,1380.8,1325,37.56333333333328,64.21999999999998,1310.4333333333345,33.35,64.26
2026-03-15 18:05:00,38.69,65.32,37.73,42.11,1258,1575.3,18,6,40.07,64.42,37.72,35.59,1227.5,1249,39.576666666666625,64.54999999999997,1394.5333333333347,39.77,63.3
2026-03-15 18:10:00,45.21,64.18,37.75,51.57,1261,1722.2,18,6,38.69,65.32,37.73,42.11,1575.3,1258,41.32333333333329,64.63999999999999,1508.3333333333346,46.36,64.42
2026-03-15 18:15:00,33.35,64.26,37.61,32.59,1303,1141.3,18,6,45.21,64.18,37.75,51.57,1722.2,1261,39.083333333333286,64.58666666666664,1479.6000000000013,41.13,65.27
2026-03-15 18:20:00,39.77,63.3,37.29,40.1,1246,1456.1,18,6,33.35,64.26,37.61,32.59,1141.3,1303,39.44333333333329,63.91333333333332,1439.8666666666677,46.3,64.79
2026-03-15 18:25:00,46.36,64.42,37.88,63.94,1325,1844.8,18,6,39.77,63.3,37.29,40.1,1456.1,1246,39.826666666666625,63.99333333333332,1480.7333333333345,27.91,65.12
2026-03-15 18:30:00,41.13,65.27,38.55,46.87,1226,1627.5,18,6,46.36,64.42,37.88,63.94,1844.8,1325,42.41999999999996,64.32999999999998,1642.800000000001,46.96,65.26
2026-03-15 18:35:00,46.3,64.79,37.78,47.49,1205,1627.8,18,6,41.13,65.27,38.55,46.87,1627.5,1226,44.59666666666663,64.82666666666664,1700.0333333333347,36.35,64.27
2026-03-15 18:40:00,27.91,65.12,37.83,45.13,1251,1229.8,18,6,46.3,64.79,37.78,47.49,1627.8,1205,38.44666666666662,65.05999999999999,1495.0333333333347,41.61,62.11
2026-03-15 18:45:00,46.96,65.26,38.0,47.91,1289,1643.6,18,6,27.91,65.12,37.83,45.13,1229.8,1251,40.38999999999995,65.05666666666666,1500.4000000000012,42.84,62.96
2026-03-15 18:50:00,36.35,64.27,38.12,37.18,1163,1358.9,18,6,46.96,65.26,38.0,47.91,1643.6,1289,37.07333333333329,64.88333333333331,1410.7666666666676,43.2,64.89
2026-03-15 18:55:00,41.61,62.11,38.0,47.75,1235,1527.0,18,6,36.35,64.27,38.12,37.18,1358.9,1163,41.63999999999996,63.879999999999974,1509.8333333333346,30.07,63.56
2026-03-15 19:00:00,42.84,62.96,38.01,37.15,1175,1325.4,19,6,41.61,62.11,38.0,47.75,1527.0,1235,40.26666666666662,63.113333333333316,1403.766666666668,43.13,62.24
2026-03-15 19:05:00,43.2,64.89,37.77,43.52,1216,1453.3,19,6,42.84,62.96,38.01,37.15,1325.4,1175,42.54999999999996,63.31999999999997,1435.2333333333345,35.69,62.23
2026-03-15 19:10:00,30.07,63.56,37.75,39.17,1179,1213.3,19,6,43.2,64.89,37.77,43.52,1453.3,1216,38.70333333333329,63.80333333333331,1330.6666666666679,49.29,62.45
2026-03-15 19:15:00,43.13,62.24,37.42,47.46,1244,1558.6,19,6,30.07,63.56,37.75,39.17,1213.3,1179,38.799999999999955,63.56333333333331,1408.4000000000012,42.69,61.75
2026-03-15 19:20:00,35.69,62.23,37.52,34.35,1174,1208.7,19,6,43.13,62.24,37.42,47.46,1558.6,1244,36.296666666666624,62.67666666666665,1326.8666666666677,43.59,61.27
2026-03-15 19:25:00,49.29,62.45,37.72,44.92,1094,1523.2,19,6,35.69,62.23,37.52,34.35,1208.7,1174,42.70333333333329,62.30666666666665,1430.1666666666679,32.52,61.33
2026-03-15 19:30:00,42.69,61.75,37.96,35.95,1193,1505.7,19,6,49.29,62.45,37.72,44.92,1523.2,1094,42.55666666666662,62.14333333333332,1412.5333333333347,42.24,61.99
2026-03-15 19:35:00,43.59,61.27,37.82,40.14,1186,1495.6,19,6,42.69,61.75,37.96,35.95,1505.7,1193,45.18999999999996,61.823333333333316,1508.1666666666679,34.16,61.63
2026-03-15 19:40:00,32.52,61.33,37.61,35.72,1114,1156.4,19,6,43.59,61.27,37.82,40.14,1495.6,1186,39.59999999999996,61.44999999999998,1385.9000000000012,34.65,62.57
2026-03-15 19:45:00,42.24,61.99,38.01,40.39,1097,1328.3,19,6,32.52,61.33,37.61,35.72,1156.4,1114,39.44999999999996,61.52999999999998,1326.766666666668,32.75,61.94
2026-03-15 19:50:00,34.16,61.63,37.64,40.55,1090,1086.5,19,6,42.24,61.99,38.01,40.39,1328.3,1097,36.30666666666662,61.64999999999998,1190.4000000000012,35.58,61.65
2026-03-15 19:55:00,34.65,62.57,37.98,44.87,1016,1303.9,19,6,34.16,61.63,37.64,40.55,1086.5,1090,37.01666666666662,62.06333333333331,1239.566666666668,31.19,61.5
2026-03-15 20:00:00,32.75,61.94,37.57,37.5,1046,1165.8,20,6,34.65,62.57,37.98,44.87,1303.9,1016,33.85333333333329,62.046666666666646,1185.4000000000012,42.36,59.87
2026-03-15 20:05:00,35.58,61.65,38.6,27.8,1009,993.1,20,6,32.75,61.94,37.57,37.5,1165.8,1046,34.326666666666625,62.05333333333331,1154.266666666668,38.2,59.64
2026-03-15 20:10:00,31.19,61.5,37.64,46.76,1058,1261.2,20,6,35.58,61.65,38.6,27.8,993.1,1009,33.17333333333329,61.69666666666665,1140.0333333333344,40.13,59.21
2026-03-15 20:15:00,42.36,59.87,37.75,39.49,972,1231.2,20,6,31.19,61.5,37.64,46.76,1261.2,1058,36.37666666666662,61.00666666666664,1161.8333333333346,35.33,59.94
2026-03-15 20:20:00,38.2,59.64,37.82,43.95,1107,1296.9,20,6,42.36,59.87,37.75,39.49,1231.2,972,37.24999999999996,60.336666666666645,1263.1000000000013,34.17,58.27
2026-03-15 20:25:00,40.13,59.21,37.56,45.58,1029,1377.3,20,6,38.2,59.64,37.82,43.95,1296.9,1107,40.22999999999996,59.573333333333316,1301.8000000000013,32.74,58.09
2026-03-15 20:30:00,35.33,59.94,37.88,38.93,1028,1242.5,20,6,40.13,59.21,37.56,45.58,1377.3,1029,37.88666666666663,59.59666666666664,1305.5666666666677,39.3,57.12
2026-03-15 20:35:00,34.17,58.27,38.25,42.72,987,1254.5,20,6,35.33,59.94,37.88,38.93,1242.5,1028,36.543333333333294,59.139999999999986,1291.4333333333345,36.64,57.98
2026-03-15 20:40:00,32.74,58.09,37.7,33.19,994,1352.5,20,6,34.17,58.27,38.25,42.72,1254.5,987,34.07999999999996,58.76666666666665,1283.1666666666679,36.41,57.75
2026-03-15 20:45:00,39.3,57.12,38.49,41.22,964,1349.8,20,6,32.74,58.09,37.7,33.19,1352.5,994,35.40333333333329,57.82666666666665,1318.9333333333345,25.82,56.85
2026-03-15 20:50:00,36.64,57.98,38.27,39.82,994,1203.6,20,6,39.3,57.12,38.49,41.22,1349.8,964,36.226666666666624,57.72999999999998,1301.9666666666678,27.37,55.3
2026-03-15 20:55:00,36.41,57.75,37.5,33.21,939,932.1,20,6,36.64,57.98,38.27,39.82,1203.6,994,37.44999999999995,57.616666666666646,1161.8333333333346,31.51,55.06
2026-03-15 21:00:00,25.82,56.85,38.14,36.73,930,968.3,21,6,36.41,57.75,37.5,33.21,932.1,939,32.95666666666662,57.52666666666664,1034.6666666666677,33.07,54.28
2026-03-15 21:05:00,27.37,55.3,37.98,36.45,923,955.9,21,6,25.82,56.85,38.14,36.73,968.3,930,29.86666666666662,56.63333333333332,952.1000000000013,25.99,54.89
2026-03-15 21:10:00,31.51,55.06,38.19,37.12,912,1067.2,21,6,27.37,55.3,37.98,36.45,955.9,923,28.23333333333329,55.73666666666665,997.1333333333346,31.31,54.53
2026-03-15 21:15:00,33.07,54.28,38.13,31.85,957,949.1,21,6,31.51,55.06,38.19,37.12,1067.2,912,30.64999999999996,54.87999999999999,990.7333333333345,36.19,56.49
2026-03-15 21:20:00,25.99,54.89,38.22,26.3,873,881.4,21,6,33.07,54.28,38.13,31.85,949.1,957,30.189999999999955,54.74333333333331,965.9000000000011,36.26,93.42
2026-03-15 21:25:00,31.31,54.53,38.08,38.04,839,1257.6,21,6,25.99,54.89,38.22,26.3,881.4,873,30.12333333333329,54.56666666666664,1029.366666666668,33.07,54.55
2026-03-15 21:30:00,36.19,56.49,38.07,35.02,894,1040.1,21,6,31.31,54.53,38.08,38.04,1257.6,839,31.163333333333288,55.30333333333331,1059.7000000000012,25.55,54.93
2026-03-15 21:35:00,36.26,93.42,38.14,34.07,800,1042.6,21,6,36.19,56.49,38.07,35.02,1040.1,894,34.58666666666662,68.14666666666665,1113.4333333333345,27.04,56.73
2026-03-15 21:40:00,33.07,54.55,38.21,32.3,740,929.8,21,6,36.26,93.42,38.14,34.07,1042.6,800,35.17333333333329,68.15333333333332,1004.1666666666679,34.18,55.6
2026-03-15 21:45:00,25.55,54.93,37.94,26.97,802,954.5,21,6,33.07,54.55,38.21,32.3,929.8,740,31.626666666666623,67.63333333333331,975.6333333333345,24.07,53.74
2026-03-15 21:50:00,27.04,56.73,38.5,33.55,754,971.4,21,6,25.55,54.93,37.94,26.97,954.5,802,28.55333333333329,55.40333333333331,951.9000000000011,36.94,54.14
2026-03-15 21:55:00,34.18,55.6,38.77,32.21,784,852.8,21,6,27.04,56.73,38.5,33.55,971.4,754,28.92333333333329,55.75333333333331,926.2333333333345,26.79,53.03
2026-03-15 22:00:00,24.07,53.74,38.64,28.52,803,769.7,22,6,34.18,55.6,38.77,32.21,852.8,784,28.42999999999996,55.35666666666665,864.6333333333346,26.49,52.91
2026-03-15 22:05:00,36.94,54.14,38.56,34.16,843,1189.9,22,6,24.07,53.74,38.64,28.52,769.7,803,31.729999999999958,54.49333333333332,937.466666666668,31.3,52.32
2026-03-15 22:10:00,26.79,53.03,38.35,28.36,769,815.9,22,6,36.94,54.14,38.56,34.16,1189.9,843,29.266666666666623,53.636666666666656,925.166666666668,20.86,51.77
2026-03-15 22:15:00,26.49,52.91,39.0,26.12,777,748.1,22,6,26.79,53.03,38.35,28.36,815.9,769,30.07333333333329,53.35999999999998,917.966666666668,37.9,51.26
2026-03-15 22:20:00,31.3,52.32,38.45,31.81,786,802.3,22,6,26.49,52.91,39.0,26.12,748.1,777,28.19333333333329,52.75333333333331,788.7666666666679,28.2,50.74
2026-03-15 22:25:00,20.86,51.77,37.91,23.42,704,611.6,22,6,31.3,52.32,38.45,31.81,802.3,786,26.216666666666626,52.333333333333314,720.6666666666679,24.64,49.95
2026-03-15 22:30:00,37.9,51.26,38.47,29.92,697,832.1,22,6,20.86,51.77,37.91,23.42,611.6,704,30.019999999999964,51.78333333333331,748.6666666666679,26.21,50.1
2026-03-15 22:35:00,28.2,50.74,38.4,26.75,676,815.2,22,6,37.9,51.26,38.47,29.92,832.1,697,28.986666666666626,51.25666666666665,752.966666666668,25.51,49.26
2026-03-15 22:40:00,24.64,49.95,38.53,27.23,627,593.2,22,6,28.2,50.74,38.4,26.75,815.2,676,30.246666666666627,50.64999999999998,746.8333333333345,24.17,48.19
2026-03-15 22:45:00,26.21,50.1,38.3,32.85,668,747.2,22,6,24.64,49.95,38.53,27.23,593.2,627,26.349999999999962,50.26333333333332,718.5333333333347,30.39,48.61
2026-03-15 22:50:00,25.51,49.26,38.84,27.33,682,607.8,22,6,26.21,50.1,38.3,32.85,747.2,668,25.45333333333329,49.76999999999998,649.4000000000012,23.28,49.28
2026-03-15 22:55:00,24.17,48.19,38.66,25.99,603,741.9,22,6,25.51,49.26,38.84,27.33,607.8,682,25.296666666666624,49.183333333333316,698.966666666668,44.33,61.74
2026-03-15 23:00:00,30.39,48.61,38.02,25.43,672,670.2,23,6,24.17,48.19,38.66,25.99,741.9,603,26.68999999999996,48.686666666666646,673.3000000000012,26.29,51.27
2026-03-15 23:05:00,23.28,49.28,38.17,24.62,524,540.3,23,6,30.39,48.61,38.02,25.43,670.2,672,25.94666666666663,48.69333333333331,650.8000000000012,31.0,51.23
2026-03-15 23:10:00,44.33,61.74,38.46,44.33,1039,1238.4,23,6,23.28,49.28,38.17,24.62,540.3,524,32.66666666666663,53.20999999999998,816.3000000000012,26.37,50.99
2026-03-15 23:15:00,26.29,51.27,37.92,26.79,672,754.3,23,6,44.33,61.74,38.46,44.33,1238.4,1039,31.299999999999958,54.09666666666666,844.3333333333345,26.66,51.29
2026-03-15 23:20:00,31.0,51.23,38.42,26.03,548,787.8,23,6,26.29,51.27,37.92,26.79,754.3,672,33.87333333333329,54.74666666666665,926.8333333333345,26.93,51.47
2026-03-15 23:25:00,26.37,50.99,38.77,27.79,626,757.6,23,6,31.0,51.23,38.42,26.03,787.8,548,27.886666666666628,51.16333333333332,766.5666666666679,27.99,50.2
2026-03-15 23:30:00,26.66,51.29,38.52,22.55,567,562.5,23,6,26.37,50.99,38.77,27.79,757.6,626,28.009999999999962,51.16999999999998,702.6333333333346,32.38,48.79
2026-03-15 23:35:00,26.93,51.47,38.3,24.19,544,580.9,23,6,26.66,51.29,38.52,22.55,562.5,567,26.653333333333293,51.24999999999998,633.6666666666679,23.77,47.29
2026-03-15 23:40:00,27.99,50.2,37.86,21.98,604,603.2,23,6,26.93,51.47,38.3,24.19,580.9,544,27.19333333333329,50.98666666666665,582.2000000000013,23.3,47.88
2026-03-15 23:45:00,32.38,48.79,38.8,31.64,586,727.2,23,6,27.99,50.2,37.86,21.98,603.2,604,29.099999999999962,50.153333333333315,637.1000000000012,29.54,50.19
2026-03-15 23:50:00,23.77,47.29,38.82,23.64,514,632.6,23,6,32.38,48.79,38.8,31.64,727.2,586,28.046666666666628,48.759999999999984,654.3333333333345,24.94,50.98
2026-03-15 23:55:00,23.3,47.88,39.02,22.34,537,507.6,23,6,23.77,47.29,38.82,23.64,632.6,514,26.483333333333295,47.98666666666664,622.466666666668,25.08,50.71
2026-03-16 00:00:00,29.54,50.19,35.11,34.55,713,995.6,0,0,23.3,47.88,39.02,22.34,507.6,537,25.536666666666623,48.45333333333332,711.9333333333346,29.7,51.58
2026-03-16 00:05:00,24.94,50.98,34.8,29.68,745,800.3,0,0,29.54,50.19,35.11,34.55,995.6,713,25.92666666666663,49.683333333333316,767.8333333333345,33.07,51.03
2026-03-16 00:10:00,25.08,50.71,34.52,27.37,706,638.7,0,0,24.94,50.98,34.8,29.68,800.3,745,26.519999999999957,50.626666666666644,811.5333333333346,30.24,51.67
2026-03-16 00:15:00,29.7,51.58,34.39,29.26,704,710.2,0,0,25.08,50.71,34.52,27.37,638.7,706,26.573333333333295,51.089999999999975,716.4000000000013,22.3,50.65
2026-03-16 00:20:00,33.07,51.03,35.24,26.01,680,770.1,0,0,29.7,51.58,34.39,29.26,710.2,704,29.283333333333292,51.10666666666665,706.3333333333345,29.87,50.72
2026-03-16 00:25:00,30.24,51.67,35.34,31.87,672,785.7,0,0,33.07,51.03,35.24,26.01,770.1,680,31.00333333333329,51.42666666666665,755.3333333333345,26.68,50.84
2026-03-16 00:30:00,22.3,50.65,34.83,27.27,608,769.7,0,0,30.24,51.67,35.34,31.87,785.7,672,28.536666666666623,51.116666666666646,775.1666666666679,26.65,50.4
2026-03-16 00:35:00,29.87,50.72,34.89,35.12,667,964.2,0,0,22.3,50.65,34.83,27.27,769.7,608,27.46999999999996,51.013333333333314,839.866666666668,28.52,50.61
2026-03-16 00:40:00,26.68,50.84,34.56,29.78,576,672.4,0,0,29.87,50.72,34.89,35.12,964.2,667,26.283333333333292,50.73666666666665,802.1000000000013,25.08,50.36
2026-03-16 00:45:00,26.65,50.4,35.08,27.45,587,692.4,0,0,26.68,50.84,34.56,29.78,672.4,576,27.73333333333329,50.65333333333331,776.3333333333345,28.2,50.81
2026-03-16 00:50:00,28.52,50.61,35.47,21.01,497,620.7,0,0,26.65,50.4,35.08,27.45,692.4,587,27.283333333333292,50.616666666666646,661.8333333333345,30.58,50.55
2026-03-16 00:55:00,25.08,50.36,34.87,18.32,590,512.1,0,0,28.52,50.61,35.47,21.01,620.7,497,26.74999999999996,50.45666666666665,608.4000000000011,23.35,49.81
2026-03-16 01:00:00,28.2,50.81,35.52,25.85,499,572.0,1,0,25.08,50.36,34.87,18.32,512.1,590,27.266666666666623,50.59333333333331,568.2666666666679,22.91,48.35
2026-03-16 01:05:00,30.58,50.55,35.13,27.98,541,698.7,1,0,28.2,50.81,35.52,25.85,572.0,499,27.95333333333329,50.573333333333316,594.2666666666679,34.23,49.15
2026-03-16 01:10:00,23.35,49.81,35.07,20.36,542,616.8,1,0,30.58,50.55,35.13,27.98,698.7,541,27.376666666666626,50.389999999999986,629.1666666666679,26.36,48.13
2026-03-16 01:15:00,22.91,48.35,34.97,23.88,509,619.7,1,0,23.35,49.81,35.07,20.36,616.8,542,25.61333333333329,49.569999999999986,645.066666666668,26.47,48.51
2026-03-16 01:20:00,34.23,49.15,35.08,33.4,597,816.5,1,0,22.91,48.35,34.97,23.88,619.7,509,26.829999999999956,49.10333333333332,684.3333333333345,21.65,48.41
2026-03-16 01:25:00,26.36,48.13,35.3,28.01,472,644.0,1,0,34.23,49.15,35.08,33.4,816.5,597,27.833333333333297,48.543333333333315,693.4000000000013,27.53,47.92
2026-03-16 01:30:00,26.47,48.51,34.94,27.4,483,659.8,1,0,26.36,48.13,35.3,28.01,644.0,472,29.019999999999957,48.59666666666666,706.7666666666678,26.32,47.07
2026-03-16 01:35:00,21.65,48.41,35.02,14.33,471,606.1,1,0,26.47,48.51,34.94,27.4,659.8,483,24.826666666666625,48.34999999999999,636.6333333333345,25.14,47.26
2026-03-16 01:40:00,27.53,47.92,35.21,24.46,607,598.3,1,0,21.65,48.41,35.02,14.33,606.1,471,25.216666666666626,48.27999999999998,621.4000000000012,18.51,48.34
2026-03-16 01:45:00,26.32,47.07,35.06,26.21,442,574.1,1,0,27.53,47.92,35.21,24.46,598.3,607,25.16666666666663,47.79999999999998,592.8333333333345,17.72,46.35
2026-03-16 01:50:00,25.14,47.26,35.47,27.4,522,665.8,1,0,26.32,47.07,35.06,26.21,574.1,442,26.32999999999996,47.41666666666665,612.7333333333345,21.22,47.82
2026-03-16 01:55:00,18.51,48.34,34.76,27.98,455,587.9,1,0,25.14,47.26,35.47,27.4,665.8,522,23.323333333333295,47.55666666666665,609.2666666666679,27.53,46.85
2026-03-16 02:00:00,17.72,46.35,35.5,22.0,378,558.3,2,0,18.51,48.34,34.76,27.98,587.9,455,20.456666666666624,47.316666666666656,604.0000000000011,22.1,46.44
2026-03-16 02:05:00,21.22,47.82,35.15,26.68,416,434.1,2,0,17.72,46.35,35.5,22.0,558.3,378,19.14999999999996,47.50333333333331,526.7666666666678,24.67,47.41
2026-03-16 02:10:00,27.53,46.85,35.65,29.16,471,600.7,2,0,21.22,47.82,35.15,26.68,434.1,416,22.156666666666624,47.00666666666665,531.0333333333346,27.53,47.02
2026-03-16 02:15:00,22.1,46.44,35.33,28.39,420,532.7,2,0,27.53,46.85,35.65,29.16,600.7,471,23.616666666666628,47.036666666666655,522.5000000000013,22.97,47.58
2026-03-16 02:20:00,24.67,47.41,35.69,31.17,440,625.9,2,0,22.1,46.44,35.33,28.39,532.7,420,24.766666666666627,46.89999999999998,586.4333333333346,20.26,45.88
2026-03-16 02:25:00,27.53,47.02,35.75,19.13,471,535.9,2,0,24.67,47.41,35.69,31.17,625.9,440,24.766666666666627,46.95666666666665,564.8333333333345,23.78,45.57
2026-03-16 02:30:00,22.97,47.58,35.26,20.78,390,383.0,2,0,27.53,47.02,35.75,19.13,535.9,471,25.05666666666663,47.336666666666645,514.9333333333346,23.85,45.72
2026-03-16 02:35:00,20.26,45.88,35.7,19.8,428,548.4,2,0,22.97,47.58,35.26,20.78,383.0,390,23.586666666666627,46.826666666666654,489.1000000000012,18.99,46.45
2026-03-16 02:40:00,23.78,45.57,34.89,21.38,354,420.4,2,0,20.26,45.88,35.7,19.8,548.4,428,22.336666666666627,46.34333333333331,450.6000000000012,19.37,47.08
2026-03-16 02:45:00,23.85,45.72,35.62,15.71,403,461.4,2,0,23.78,45.57,34.89,21.38,420.4,354,22.629999999999963,45.72333333333332,476.7333333333345,19.33,47.14
2026-03-16 02:50:00,18.99,46.45,35.15,15.26,360,332.8,2,0,23.85,45.72,35.62,15.71,461.4,403,22.206666666666624,45.91333333333332,404.86666666666787,22.43,45.56
2026-03-16 02:55:00,19.37,47.08,35.34,27.6,409,512.6,2,0,18.99,46.45,35.15,15.26,332.8,360,20.736666666666626,46.41666666666665,435.6000000000013,25.02,47.18
2026-03-16 03:00:00,19.33,47.14,35.57,29.58,443,546.5,3,0,19.37,47.08,35.34,27.6,512.6,409,19.229999999999958,46.889999999999986,463.9666666666679,16.93,46.25
2026-03-16 03:05:00,22.43,45.56,35.72,16.92,289,335.8,3,0,19.33,47.14,35.57,29.58,546.5,443,20.376666666666626,46.59333333333331,464.9666666666679,17.3,46.45
2026-03-16 03:10:00,25.02,47.18,35.66,23.86,385,524.2,3,0,22.43,45.56,35.72,16.92,335.8,289,22.25999999999996,46.626666666666644,468.83333333333456,13.97,47.27
2026-03-16 03:15:00,16.93,46.25,35.47,27.72,341,339.4,3,0,25.02,47.18,35.66,23.86,524.2,385,21.45999999999996,46.329999999999984,399.80000000000126,24.92,46.21
2026-03-16 03:20:00,17.3,46.45,35.61,23.4,318,387.1,3,0,16.93,46.25,35.47,27.72,339.4,341,19.74999999999996,46.626666666666644,416.9000000000012,24.82,47.32
2026-03-16 03:25:00,13.97,47.27,35.9,16.54,378,369.5,3,0,17.3,46.45,35.61,23.4,387.1,318,16.066666666666624,46.656666666666645,365.33333333333456,22.75,47.47
2026-03-16 03:30:00,24.92,46.21,35.83,23.5,364,364.7,3,0,13.97,47.27,35.9,16.54,369.5,378,18.72999999999996,46.64333333333332,373.76666666666785,25.53,47.51
2026-03-16 03:35:00,24.82,47.32,35.37,21.2,336,361.5,3,0,24.92,46.21,35.83,23.5,364.7,364,21.236666666666626,46.933333333333316,365.23333333333454,23.38,46.83
2026-03-16 03:40:00,22.75,47.47,35.47,12.72,412,426.6,3,0,24.82,47.32,35.37,21.2,361.5,336,24.163333333333295,46.99999999999998,384.26666666666785,31.23,46.75
2026-03-16 03:45:00,25.53,47.51,35.43,11.49,420,531.9,3,0,22.75,47.47,35.47,12.72,426.6,412,24.366666666666628,47.43333333333331,440.0000000000012,27.0,47.82
2026-03-16 03:50:00,23.38,46.83,36.04,19.36,332,308.8,3,0,25.53,47.51,35.43,11.49,531.9,420,23.886666666666628,47.26999999999998,422.43333333333453,18.08,48.8
2026-03-16 03:55:00,31.23,46.75,35.42,22.06,357,502.3,3,0,23.38,46.83,36.04,19.36,308.8,332,26.713333333333292,47.02999999999998,447.6666666666679,26.77,46.59
2026-03-16 04:00:00,27.0,47.82,35.43,25.63,408,525.0,4,0,31.23,46.75,35.42,22.06,502.3,357,27.20333333333329,47.13333333333332,445.36666666666787,24.37,47.1
2026-03-16 04:05:00,18.08,48.8,35.57,24.96,397,518.7,4,0,27.0,47.82,35.43,25.63,525.0,408,25.436666666666625,47.789999999999985,515.3333333333345,23.47,47.81
2026-03-16 04:10:00,26.77,46.59,35.99,30.97,364,463.8,4,0,18.08,48.8,35.57,24.96,518.7,397,23.94999999999996,47.73666666666664,502.5000000000012,20.8,94.81
2026-03-16 04:15:00,24.37,47.1,35.73,28.05,408,586.9,4,0,26.77,46.59,35.99,30.97,463.8,364,23.07333333333329,47.49666666666665,523.1333333333346,24.7,46.97
2026-03-16 04:20:00,23.47,47.81,35.74,27.23,457,469.8,4,0,24.37,47.1,35.73,28.05,586.9,408,24.86999999999996,47.16666666666665,506.83333333333456,23.05,47.26
2026-03-16 04:25:00,20.8,94.81,35.65,29.64,434,570.0,4,0,23.47,47.81,35.74,27.23,469.8,457,22.879999999999956,63.23999999999998,542.2333333333346,23.02,46.75
2026-03-16 04:30:00,24.7,46.97,34.95,21.05,407,455.4,4,0,20.8,94.81,35.65,29.64,570.0,434,22.989999999999956,63.19666666666665,498.40000000000117,15.02,47.15
2026-03-16 04:35:00,23.05,47.26,35.76,19.48,407,451.4,4,0,24.7,46.97,34.95,21.05,455.4,407,22.849999999999955,63.013333333333314,492.26666666666785,17.55,47.93
2026-03-16 04:40:00,23.02,46.75,35.47,23.54,505,557.3,4,0,23.05,47.26,35.76,19.48,451.4,407,23.58999999999996,46.99333333333331,488.0333333333345,16.08,47.02
2026-03-16 04:45:00,15.02,47.15,35.21,24.23,511,448.1,4,0,23.02,46.75,35.47,23.54,557.3,505,20.36333333333329,47.05333333333331,485.6000000000012,24.92,45.83
2026-03-16 04:50:00,17.55,47.93,35.55,18.94,374,477.3,4,0,15.02,47.15,35.21,24.23,448.1,511,18.52999999999996,47.27666666666665,494.23333333333454,25.86,45.55
2026-03-16 04:55:00,16.08,47.02,35.49,15.06,395,353.0,4,0,17.55,47.93,35.55,18.94,477.3,374,16.216666666666626,47.36666666666665,426.1333333333346,18.27,46.4
2026-03-16 05:00:00,24.92,45.83,35.71,19.52,405,529.9,5,0,16.08,47.02,35.49,15.06,353.0,395,19.516666666666627,46.92666666666665,453.40000000000117,28.61,46.94
2026-03-16 05:05:00,25.86,45.55,35.48,14.77,447,514.9,5,0,24.92,45.83,35.71,19.52,529.9,405,22.286666666666623,46.133333333333304,465.93333333333453,26.7,47.38
2026-03-16 05:10:00,18.27,46.4,36.38,19.7,512,469.0,5,0,25.86,45.55,35.48,14.77,514.9,447,23.016666666666623,45.92666666666665,504.6000000000012,21.23,46.91
2026-03-16 05:15:00,28.61,46.94,35.88,24.82,459,592.6,5,0,18.27,46.4,36.38,19.7,469.0,512,24.246666666666624,46.296666666666646,525.5000000000013,27.19,47.3
2026-03-16 05:20:00,26.7,47.38,36.55,20.78,477,625.0,5,0,28.61,46.94,35.88,24.82,592.6,459,24.526666666666625,46.906666666666645,562.2000000000012,24.29,60.22
2026-03-16 05:25:00,21.23,46.91,36.03,22.03,582,531.3,5,0,26.7,47.38,36.55,20.78,625.0,477,25.513333333333293,47.07666666666665,582.9666666666677,21.92,46.66
2026-03-16 05:30:00,27.19,47.3,35.29,23.34,448,603.1,5,0,21.23,46.91,36.03,22.03,531.3,582,25.03999999999996,47.19666666666664,586.4666666666678,27.26,47.59
2026-03-16 05:35:00,24.29,60.22,36.36,29.44,688,710.6,5,0,27.19,47.3,35.29,23.34,603.1,448,24.236666666666626,51.47666666666665,615.0000000000013,22.18,48.23
2026-03-16 05:40:00,21.92,46.66,36.05,21.47,547,508.6,5,0,24.29,60.22,36.36,29.44,710.6,688,24.466666666666626,51.39333333333332,607.4333333333345,25.88,47.6
2026-03-16 05:45:00,27.26,47.59,35.19,27.31,497,677.9,5,0,21.92,46.66,36.05,21.47,508.6,547,24.489999999999963,51.48999999999998,632.3666666666678,17.52,48.1
2026-03-16 05:50:00,22.18,48.23,35.88,24.86,462,482.4,5,0,27.26,47.59,35.19,27.31,677.9,497,23.786666666666623,47.49333333333331,556.3000000000012,27.04,48.57
2026-03-16 05:55:00,25.88,47.6,35.68,26.64,488,715.2,5,0,22.18,48.23,35.88,24.86,482.4,462,25.106666666666626,47.80666666666665,625.1666666666678,33.54,49.33
2026-03-16 06:00:00,17.52,48.1,35.82,24.24,512,556.5,6,0,25.88,47.6,35.68,26.64,715.2,488,21.859999999999957,47.97666666666665,584.7000000000012,27.76,49.42
2026-03-16 06:05:00,27.04,48.57,35.91,19.84,451,538.2,6,0,17.52,48.1,35.82,24.24,556.5,512,23.47999999999996,48.08999999999998,603.3000000000012,32.74,48.95
2026-03-16 06:10:00,33.54,49.33,35.81,28.96,609,685.3,6,0,27.04,48.57,35.91,19.84,538.2,451,26.033333333333292,48.66666666666665,593.3333333333345,29.83,48.29
2026-03-16 06:15:00,27.76,49.42,35.97,33.53,614,777.4,6,0,33.54,49.33,35.81,28.96,685.3,609,29.446666666666626,49.10666666666665,666.966666666668,28.39,49.18
2026-03-16 06:20:00,32.74,48.95,36.53,34.49,674,779.9,6,0,27.76,49.42,35.97,33.53,777.4,614,31.346666666666625,49.23333333333331,747.5333333333343,24.65,50.06
2026-03-16 06:25:00,29.83,48.29,36.06,25.93,584,761.6,6,0,32.74,48.95,36.53,34.49,779.9,674,30.10999999999996,48.88666666666665,772.966666666668,26.0,50.8
2026-03-16 06:30:00,28.39,49.18,36.05,29.59,609,668.8,6,0,29.83,48.29,36.06,25.93,761.6,584,30.31999999999996,48.80666666666665,736.7666666666678,38.49,51.79
2026-03-16 06:35:00,24.65,50.06,36.62,29.66,576,719.9,6,0,28.39,49.18,36.05,29.59,668.8,609,27.623333333333296,49.17666666666665,716.7666666666678,31.48,50.03
2026-03-16 06:40:00,26.0,50.8,36.29,28.47,651,706.2,6,0,24.65,50.06,36.62,29.66,719.9,576,26.346666666666625,50.01333333333332,698.3000000000011,30.87,50.46
2026-03-16 06:45:00,38.49,51.79,36.27,35.11,715,966.3,6,0,26.0,50.8,36.29,28.47,706.2,651,29.713333333333296,50.88333333333332,797.4666666666677,29.69,49.79
2026-03-16 06:50:00,31.48,50.03,36.07,24.67,596,607.0,6,0,38.49,51.79,36.27,35.11,966.3,715,31.989999999999966,50.87333333333331,759.8333333333345,29.63,50.32
2026-03-16 06:55:00,30.87,50.46,35.83,26.2,696,687.8,6,0,31.48,50.03,36.07,24.67,607.0,596,33.613333333333294,50.759999999999984,753.7000000000012,23.12,50.57
2026-03-16 07:00:00,29.69,49.79,36.19,31.98,693,795.0,7,0,30.87,50.46,35.83,26.2,687.8,696,30.679999999999964,50.09333333333331,696.6000000000012,34.06,51.53
2026-03-16 07:05:00,29.63,50.32,35.27,33.2,751,806.6,7,0,29.69,49.79,36.19,31.98,795.0,693,30.063333333333293,50.189999999999976,763.1333333333345,35.84,52.43
2026-03-16 07:10:00,23.12,50.57,36.5,29.28,695,747.0,7,0,29.63,50.32,35.27,33.2,806.6,751,27.47999999999996,50.22666666666665,782.8666666666678,31.37,53.3
2026-03-16 07:15:00,34.06,51.53,35.91,33.02,752,929.6,7,0,23.12,50.57,36.5,29.28,747.0,695,28.93666666666663,50.80666666666665,827.7333333333345,27.35,53.15
2026-03-16 07:20:00,35.84,52.43,36.05,37.47,786,992.3,7,0,34.06,51.53,35.91,33.02,929.6,752,31.006666666666632,51.509999999999984,889.6333333333345,25.13,53.06
2026-03-16 07:25:00,31.37,53.3,35.94,33.25,816,940.8,7,0,35.84,52.43,36.05,37.47,992.3,786,33.756666666666625,52.41999999999998,954.2333333333345,29.39,52.47
2026-03-16 07:30:00,27.35,53.15,36.42,24.17,786,839.5,7,0,31.37,53.3,35.94,33.25,940.8,816,31.519999999999964,52.95999999999998,924.2000000000012,24.62,52.65
2026-03-16 07:35:00,25.13,53.06,35.95,28.8,849,761.2,7,0,27.35,53.15,36.42,24.17,839.5,786,27.94999999999996,53.16999999999998,847.1666666666679,31.28,52.87
2026-03-16 07:40:00,29.39,52.47,36.25,29.91,849,876.1,7,0,25.13,53.06,35.95,28.8,761.2,849,27.28999999999996,52.89333333333332,825.6000000000013,33.73,53.55
2026-03-16 07:45:00,24.62,52.65,35.96,28.7,831,869.4,7,0,29.39,52.47,36.25,29.91,876.1,849,26.379999999999963,52.72666666666665,835.5666666666679,40.44,54.17
2026-03-16 07:50:00,31.28,52.87,36.4,31.52,871,862.6,7,0,24.62,52.65,35.96,28.7,869.4,831,28.42999999999996,52.663333333333306,869.3666666666678,36.58,54.54
2026-03-16 07:55:00,33.73,53.55,36.13,39.29,893,1217.4,7,0,31.28,52.87,36.4,31.52,862.6,871,29.876666666666626,53.02333333333331,983.1333333333346,42.61,55.2
2026-03-16 08:00:00,40.44,54.17,36.12,38.48,856,1041.5,8,0,33.73,53.55,36.13,39.29,1217.4,893,35.149999999999956,53.52999999999998,1040.5000000000011,38.03,54.77
2026-03-16 08:05:00,36.58,54.54,36.2,35.42,911,1279.1,8,0,40.44,54.17,36.12,38.48,1041.5,856,36.91666666666662,54.086666666666645,1179.3333333333346,28.49,53.54
2026-03-16 08:10:00,42.61,55.2,36.35,42.35,937,1460.7,8,0,36.58,54.54,36.2,35.42,1279.1,911,39.87666666666663,54.636666666666656,1260.4333333333345,32.4,53.67
2026-03-16 08:15:00,38.03,54.77,37.06,30.7,935,966.6,8,0,42.61,55.2,36.35,42.35,1460.7,937,39.073333333333295,54.836666666666645,1235.4666666666678,36.4,53.32
2026-03-16 08:20:00,28.49,53.54,35.6,35.1,958,869.0,8,0,38.03,54.77,37.06,30.7,966.6,935,36.37666666666663,54.50333333333331,1098.766666666668,33.6,55.32
2026-03-16 08:25:00,32.4,53.67,35.98,29.83,1015,1168.3,8,0,28.49,53.54,35.6,35.1,869.0,958,32.973333333333294,53.99333333333332,1001.3000000000011,37.87,88.47
2026-03-16 08:30:00,36.4,53.32,35.7,34.73,975,1010.3,8,0,32.4,53.67,35.98,29.83,1168.3,1015,32.42999999999996,53.509999999999984,1015.8666666666678,42.73,55.36
2026-03-16 08:35:00,33.6,55.32,36.77,36.11,1040,1277.4,8,0,36.4,53.32,35.7,34.73,1010.3,975,34.1333333333333,54.10333333333332,1152.0000000000011,26.76,56.35
2026-03-16 08:40:00,37.87,88.47,36.09,40.41,1047,1340.7,8,0,33.6,55.32,36.77,36.11,1277.4,1040,35.95666666666663,65.70333333333332,1209.4666666666678,41.35,57.72
2026-03-16 08:45:00,42.73,55.36,36.01,39.56,1054,1506.0,8,0,37.87,88.47,36.09,40.41,1340.7,1047,38.06666666666663,66.38333333333331,1374.700000000001,30.87,57.78
2026-03-16 08:50:00,26.76,56.35,36.43,34.77,1072,1075.5,8,0,42.73,55.36,36.01,39.56,1506.0,1054,35.786666666666626,66.72666666666665,1307.4000000000012,33.04,57.99
2026-03-16 08:55:00,41.35,57.72,36.1,37.49,1055,1412.3,8,0,26.76,56.35,36.43,34.77,1075.5,1072,36.94666666666663,56.47666666666665,1331.2666666666678,36.48,58.72
2026-03-16 09:00:00,30.87,57.78,36.16,38.99,1131,1090.5,9,0,41.35,57.72,36.1,37.49,1412.3,1055,32.9933333333333,57.28333333333331,1192.7666666666678,37.11,58.31
2026-03-16 09:05:00,33.04,57.99,35.89,36.34,1049,1006.2,9,0,30.87,57.78,36.16,38.99,1090.5,1131,35.08666666666662,57.829999999999984,1169.6666666666679,32.44,58.84
2026-03-16 09:10:00,36.48,58.72,36.69,45.38,1087,1409.9,9,0,33.04,57.99,35.89,36.34,1006.2,1049,33.46333333333329,58.16333333333332,1168.8666666666677,34.44,59.12
2026-03-16 09:15:00,37.11,58.31,35.92,39.5,1131,1243.3,9,0,36.48,58.72,36.69,45.38,1409.9,1087,35.543333333333294,58.33999999999998,1219.800000000001,31.74,59.48
2026-03-16 09:20:00,32.44,58.84,35.98,40.11,1229,1286.7,9,0,37.11,58.31,35.92,39.5,1243.3,1131,35.3433333333333,58.62333333333331,1313.300000000001,38.55,60.17
2026-03-16 09:25:00,34.44,59.12,36.16,34.57,1081,1380.9,9,0,32.44,58.84,35.98,40.11,1286.7,1229,34.6633333333333,58.75666666666665,1303.6333333333343,34.11,61.03
2026-03-16 09:30:00,31.74,59.48,36.39,41.51,1137,1120.7,9,0,34.44,59.12,36.16,34.57,1380.9,1081,32.87333333333329,59.14666666666665,1262.7666666666678,39.87,61.16
2026-03-16 09:35:00,38.55,60.17,36.9,36.78,1235,1273.2,9,0,31.74,59.48,36.39,41.51,1120.7,1137,34.90999999999996,59.589999999999975,1258.266666666668,51.67,62.72
2026-03-16 09:40:00,34.11,61.03,36.2,39.04,1156,964.2,9,0,38.55,60.17,36.9,36.78,1273.2,1235,34.79999999999996,60.22666666666665,1119.366666666668,35.22,60.99
2026-03-16 09:45:00,39.87,61.16,36.11,38.52,1287,1306.9,9,0,34.11,61.03,36.2,39.04,964.2,1156,37.50999999999996,60.786666666666655,1181.4333333333345,37.28,61.22
2026-03-16 09:50:00,51.67,62.72,36.79,52.09,1299,1746.6,9,0,39.87,61.16,36.11,38.52,1306.9,1287,41.8833333333333,61.63666666666665,1339.2333333333345,37.36,61.76
2026-03-16 09:55:00,35.22,60.99,36.27,36.23,1162,1360.4,9,0,51.67,62.72,36.79,52.09,1746.6,1299,42.253333333333295,61.62333333333331,1471.300000000001,40.63,62.0
2026-03-16 10:00:00,37.28,61.22,36.34,44.02,1368,1548.9,10,0,35.22,60.99,36.27,36.23,1360.4,1162,41.38999999999996,61.64333333333332,1551.9666666666678,39.98,61.68
2026-03-16 10:05:00,37.36,61.76,36.57,37.73,1294,1276.7,10,0,37.28,61.22,36.34,44.02,1548.9,1368,36.61999999999997,61.323333333333316,1395.3333333333346,36.7,63.55
2026-03-16 10:10:00,40.63,62.0,36.34,39.02,1304,1295.7,10,0,37.36,61.76,36.57,37.73,1276.7,1294,38.4233333333333,61.659999999999975,1373.7666666666676,40.22,63.57
2026-03-16 10:15:00,39.98,61.68,36.46,38.61,1331,1657.2,10,0,40.63,62.0,36.34,39.02,1295.7,1304,39.323333333333295,61.81333333333331,1409.866666666668,46.6,64.45
2026-03-16 10:20:00,36.7,63.55,36.7,39.11,1364,1339.7,10,0,39.98,61.68,36.46,38.61,1657.2,1331,39.103333333333296,62.409999999999975,1430.866666666668,35.74,64.17
2026-03-16 10:25:00,40.22,63.57,36.59,39.5,1350,1293.5,10,0,36.7,63.55,36.7,39.11,1339.7,1364,38.96666666666663,62.933333333333316,1430.1333333333343,47.79,64.03
2026-03-16 10:30:00,46.6,64.45,36.08,38.44,1346,1474.0,10,0,40.22,63.57,36.59,39.5,1293.5,1350,41.1733333333333,63.85666666666665,1369.0666666666677,42.52,64.71
2026-03-16 10:35:00,35.74,64.17,36.47,80.84,1340,1544.8,10,0,46.6,64.45,36.08,38.44,1474.0,1346,40.853333333333296,64.06333333333332,1437.4333333333345,37.55,65.77
2026-03-16 10:40:00,47.79,64.03,36.78,46.55,1499,1818.6,10,0,35.74,64.17,36.47,80.84,1544.8,1340,43.37666666666663,64.21666666666665,1612.4666666666678,38.4,66.23
2026-03-16 10:45:00,42.52,64.71,36.74,46.08,1456,1517.9,10,0,47.79,64.03,36.78,46.55,1818.6,1499,42.01666666666663,64.30333333333331,1627.1000000000013,41.39,67.4
2026-03-16 10:50:00,37.55,65.77,35.93,47.17,1478,1587.6,10,0,42.52,64.71,36.74,46.08,1517.9,1456,42.619999999999955,64.83666666666664,1641.3666666666677,39.25,67.68
2026-03-16 10:55:00,38.4,66.23,36.92,56.24,1490,1898.9,10,0,37.55,65.77,35.93,47.17,1587.6,1478,39.48999999999996,65.56999999999998,1668.1333333333343,43.43,68.53
2026-03-16 11:00:00,41.39,67.4,36.33,53.33,1506,1675.6,11,0,38.4,66.23,36.92,56.24,1898.9,1490,39.113333333333294,66.46666666666665,1720.700000000001,50.64,68.82
2026-03-16 11:05:00,39.25,67.68,36.93,44.67,1523,1660.5,11,0,41.39,67.4,36.33,53.33,1675.6,1506,39.67999999999996,67.10333333333331,1745.0000000000011,39.78,67.71
2026-03-16 11:10:00,43.43,68.53,36.39,43.43,1591,1392.8,11,0,39.25,67.68,36.93,44.67,1660.5,1523,41.35666666666663,67.86999999999999,1576.300000000001,40.88,67.89
2026-03-16 11:15:00,50.64,68.82,36.69,52.7,1535,2040.0,11,0,43.43,68.53,36.39,43.43,1392.8,1591,44.43999999999996,68.34333333333332,1697.7666666666676,37.71,68.29
2026-03-16 11:20:00,39.78,67.71,36.37,46.7,1551,1612.3,11,0,50.64,68.82,36.69,52.7,2040.0,1535,44.616666666666625,68.35333333333331,1681.700000000001,45.69,69.58
2026-03-16 11:25:00,40.88,67.89,36.15,55.93,1602,1861.1,11,0,39.78,67.71,36.37,46.7,1612.3,1551,43.76666666666663,68.13999999999997,1837.800000000001,38.05,68.97
2026-03-16 11:30:00,37.71,68.29,36.43,35.59,1580,1567.4,11,0,40.88,67.89,36.15,55.93,1861.1,1602,39.45666666666663,67.96333333333331,1680.2666666666676,49.6,69.36
2026-03-16 11:35:00,45.69,69.58,36.55,45.39,1636,1637.9,11,0,37.71,68.29,36.43,35.59,1567.4,1580,41.42666666666663,68.58666666666666,1688.800000000001,37.26,69.23
2026-03-16 11:40:00,38.05,68.97,36.42,51.74,1660,1602.6,11,0,45.69,69.58,36.55,45.39,1637.9,1636,40.48333333333329,68.94666666666664,1602.6333333333343,51.59,71.04
2026-03-16 11:45:00,49.6,69.36,36.8,51.1,1589,1795.4,11,0,38.05,68.97,36.42,51.74,1602.6,1660,44.44666666666662,69.30333333333333,1678.6333333333343,54.74,70.35
2026-03-16 11:50:00,37.26,69.23,36.23,44.71,1576,1683.7,11,0,49.6,69.36,36.8,51.1,1795.4,1589,41.63666666666663,69.18666666666665,1693.9000000000012,44.61,70.2
2026-03-16 11:55:00,51.59,71.04,36.88,57.34,1713,2256.1,11,0,37.26,69.23,36.23,44.71,1683.7,1576,46.14999999999997,69.87666666666665,1911.7333333333345,53.68,70.77
2026-03-16 12:00:00,54.74,70.35,36.36,50.34,1693,2228.8,12,0,51.59,71.04,36.88,57.34,2256.1,1713,47.863333333333294,70.20666666666665,2056.200000000001,39.09,70.16
2026-03-16 12:05:00,44.61,70.2,36.76,53.36,1713,1708.4,12,0,54.74,70.35,36.36,50.34,2228.8,1693,50.3133333333333,70.52999999999999,2064.4333333333348,53.03,69.59
2026-03-16 12:10:00,53.68,70.77,36.49,54.94,1712,1901.9,12,0,44.61,70.2,36.76,53.36,1708.4,1713,51.00999999999996,70.43999999999998,1946.366666666668,56.2,70.75
2026-03-16 12:15:00,39.09,70.16,37.15,55.32,1709,1870.5,12,0,53.68,70.77,36.49,54.94,1901.9,1712,45.793333333333294,70.37666666666665,1826.9333333333343,44.7,70.88
2026-03-16 12:20:00,53.03,69.59,36.8,60.79,1644,2210.0,12,0,39.09,70.16,37.15,55.32,1870.5,1709,48.599999999999966,70.1733333333333,1994.1333333333343,51.54,71.56
2026-03-16 12:25:00,56.2,70.75,36.5,58.74,1658,2235.0,12,0,53.03,69.59,36.8,60.79,2210.0,1644,49.43999999999996,70.16666666666664,2105.166666666668,45.19,72.11
2026-03-16 12:30:00,44.7,70.88,36.86,58.29,1787,1914.7,12,0,56.2,70.75,36.5,58.74,2235.0,1658,51.30999999999997,70.40666666666664,2119.900000000001,58.71,73.19
2026-03-16 12:35:00,51.54,71.56,36.91,60.22,1796,2328.7,12,0,44.7,70.88,36.86,58.29,1914.7,1787,50.8133333333333,71.06333333333332,2159.4666666666676,46.96,73.02
2026-03-16 12:40:00,45.19,72.11,36.83,45.43,1833,1742.2,12,0,51.54,71.56,36.91,60.22,2328.7,1796,47.143333333333295,71.51666666666665,1995.200000000001,56.94,72.3
2026-03-16 12:45:00,58.71,73.19,36.81,64.98,1816,2647.5,12,0,45.19,72.11,36.83,45.43,1742.2,1833,51.8133333333333,72.28666666666665,2239.4666666666676,64.09,72.86
2026-03-16 12:50:00,46.96,73.02,36.64,59.25,1819,1694.1,12,0,58.71,73.19,36.81,64.98,2647.5,1816,50.28666666666663,72.77333333333331,2027.9333333333343,56.16,72.28
2026-03-16 12:55:00,56.94,72.3,37.18,67.05,1785,2370.1,12,0,46.96,73.02,36.64,59.25,1694.1,1819,54.2033333333333,72.83666666666664,2237.2333333333345,49.86,72.0
2026-03-16 13:00:00,64.09,72.86,37.02,66.01,1836,2580.9,13,0,56.94,72.3,37.18,67.05,2370.1,1785,55.996666666666634,72.72666666666665,2215.0333333333347,60.7,73.75
2026-03-16 13:05:00,56.16,72.28,36.29,63.84,1866,2230.0,13,0,64.09,72.86,37.02,66.01,2580.9,1836,59.0633333333333,72.47999999999998,2393.666666666668,47.72,75.15
2026-03-16 13:10:00,49.86,72.0,36.54,49.46,1863,2002.3,13,0,56.16,72.28,36.29,63.84,2230.0,1866,56.7033333333333,72.37999999999998,2271.066666666668,43.8,75.45
2026-03-16 13:15:00,60.7,73.75,36.33,62.5,1880,2554.2,13,0,49.86,72.0,36.54,49.46,2002.3,1863,55.573333333333295,72.67666666666663,2262.1666666666674,46.65,74.31
2026-03-16 13:20:00,47.72,75.15,36.75,58.97,1910,2119.3,13,0,60.7,73.75,36.33,62.5,2554.2,1880,52.75999999999996,73.63333333333333,2225.266666666668,58.6,75.66
2026-03-16 13:25:00,43.8,75.45,36.66,51.17,1926,1782.0,13,0,47.72,75.15,36.75,58.97,2119.3,1910,50.73999999999996,74.78333333333332,2151.8333333333344,58.63,76.17
2026-03-16 13:30:00,46.65,74.31,37.07,49.38,1841,1728.8,13,0,43.8,75.45,36.66,51.17,1782.0,1926,46.05666666666662,74.96999999999998,1876.7000000000014,53.64,76.2
2026-03-16 13:35:00,58.6,75.66,36.62,52.59,1998,2121.1,13,0,46.65,74.31,37.07,49.38,1728.8,1841,49.6833333333333,75.13999999999997,1877.300000000001,47.66,75.9
2026-03-16 13:40:00,58.63,76.17,36.95,58.82,1856,2335.4,13,0,58.6,75.66,36.62,52.59,2121.1,1998,54.62666666666663,75.37999999999998,2061.766666666668,44.15,76.01
2026-03-16 13:45:00,53.64,76.2,37.37,62.91,1901,2402.5,13,0,58.63,76.17,36.95,58.82,2335.4,1856,56.95666666666663,76.00999999999998,2286.3333333333344,52.99,75.77
2026-03-16 13:50:00,47.66,75.9,36.74,58.75,1878,2208.1,13,0,53.64,76.2,37.37,62.91,2402.5,1901,53.30999999999997,76.08999999999999,2315.3333333333344,49.77,76.79
2026-03-16 13:55:00,44.15,76.01,36.74,56.71,1843,2115.1,13,0,47.66,75.9,36.74,58.75,2208.1,1878,48.48333333333329,76.03666666666665,2241.9000000000015,60.71,78.4
2026-03-16 14:00:00,52.99,75.77,36.91,55.38,1874,2049.9,14,0,44.15,76.01,36.74,56.71,2115.1,1843,48.26666666666662,75.89333333333332,2124.366666666668,55.07,78.18
2026-03-16 14:05:00,49.77,76.79,37.13,52.32,1988,2062.7,14,0,52.99,75.77,36.91,55.38,2049.9,1874,48.96999999999996,76.18999999999998,2075.900000000001,86.13,78.17
2026-03-16 14:10:00,60.71,78.4,37.18,70.76,1894,2546.7,14,0,49.77,76.79,37.13,52.32,2062.7,1988,54.48999999999996,76.98666666666666,2219.766666666668,47.36,77.76
2026-03-16 14:15:00,55.07,78.18,37.01,74.0,1981,2518.1,14,0,60.71,78.4,37.18,70.76,2546.7,1894,55.1833333333333,77.78999999999998,2375.8333333333344,44.67,77.41
2026-03-16 14:20:00,86.13,78.17,37.33,47.16,1987,1780.9,14,0,55.07,78.18,37.01,74.0,2518.1,1981,67.3033333333333,78.24999999999999,2281.900000000001,50.62,77.42
2026-03-16 14:25:00,47.36,77.76,36.7,59.26,1929,1878.5,14,0,86.13,78.17,37.33,47.16,1780.9,1987,62.853333333333296,78.03666666666665,2059.166666666668,57.88,77.45
2026-03-16 14:30:00,44.67,77.41,36.78,52.71,1955,1971.1,14,0,47.36,77.76,36.7,59.26,1878.5,1929,59.38666666666663,77.77999999999999,1876.8333333333346,62.17,77.1
2026-03-16 14:35:00,50.62,77.42,36.87,64.27,1946,2269.3,14,0,44.67,77.41,36.78,52.71,1971.1,1955,47.54999999999996,77.52999999999999,2039.6333333333343,63.44,76.81
2026-03-16 14:40:00,57.88,77.45,37.13,64.18,1974,2523.6,14,0,50.62,77.42,36.87,64.27,2269.3,1946,51.056666666666636,77.42666666666663,2254.666666666668,57.61,76.49
2026-03-16 14:45:00,62.17,77.1,37.63,70.48,2014,2540.8,14,0,57.88,77.45,37.13,64.18,2523.6,1974,56.889999999999965,77.32333333333332,2444.566666666668,53.87,77.44
2026-03-16 14:50:00,63.44,76.81,36.69,69.16,1970,2534.0,14,0,62.17,77.1,37.63,70.48,2540.8,2014,61.1633333333333,77.11999999999999,2532.800000000001,47.34,78.86
2026-03-16 14:55:00,57.61,76.49,36.83,63.37,1959,2499.4,14,0,63.44,76.81,36.69,69.16,2534.0,1970,61.073333333333295,76.79999999999998,2524.733333333335,56.42,78.35
2026-03-16 15:00:00,53.87,77.44,37.12,60.83,2007,2398.0,15,0,57.61,76.49,36.83,63.37,2499.4,1959,58.30666666666662,76.91333333333331,2477.1333333333346,57.04,78.84
2026-03-16 15:05:00,47.34,78.86,36.64,50.04,1915,2083.9,15,0,53.87,77.44,37.12,60.83,2398.0,2007,52.93999999999996,77.59666666666665,2327.1000000000013,60.59,78.53
2026-03-16 15:10:00,56.42,78.35,36.71,50.95,1976,2069.3,15,0,47.34,78.86,36.64,50.04,2083.9,1915,52.543333333333294,78.21666666666664,2183.7333333333345,54.85,79.0
2026-03-16 15:15:00,57.04,78.84,37.24,70.68,2091,2477.3,15,0,56.42,78.35,36.71,50.95,2069.3,1976,53.599999999999966,78.68333333333332,2210.1666666666683,47.08,77.4
2026-03-16 15:20:00,60.59,78.53,37.68,68.32,1938,2643.0,15,0,57.04,78.84,37.24,70.68,2477.3,2091,58.01666666666663,78.57333333333331,2396.5333333333347,62.54,79.49
2026-03-16 15:25:00,54.85,79.0,37.05,73.81,2073,2537.9,15,0,60.59,78.53,37.68,68.32,2643.0,1938,57.493333333333304,78.78999999999998,2552.733333333335,64.36,80.24
2026-03-16 15:30:00,47.08,77.4,37.29,53.08,2058,1840.5,15,0,54.85,79.0,37.05,73.81,2537.9,2073,54.1733333333333,78.30999999999999,2340.4666666666676,45.82,79.2
2026-03-16 15:35:00,62.54,79.49,37.0,63.7,2058,2566.7,15,0,47.08,77.4,37.29,53.08,1840.5,2058,54.823333333333295,78.62999999999998,2315.0333333333347,64.39,78.69
2026-03-16 15:40:00,64.36,80.24,37.38,66.2,2149,2774.6,15,0,62.54,79.49,37.0,63.7,2566.7,2058,57.993333333333304,79.04333333333331,2393.9333333333348,61.53,78.0
2026-03-16 15:45:00,45.82,79.2,37.87,53.9,1952,2111.8,15,0,64.36,80.24,37.38,66.2,2774.6,2149,57.573333333333295,79.64333333333332,2484.3666666666677,49.57,77.09
2026-03-16 15:50:00,64.39,78.69,37.16,74.79,2007,2989.7,15,0,45.82,79.2,37.87,53.9,2111.8,1952,58.18999999999996,79.37666666666665,2625.3666666666677,45.88,78.64
2026-03-16 15:55:00,61.53,78.0,37.42,61.42,2061,2298.1,15,0,64.39,78.69,37.16,74.79,2989.7,2007,57.246666666666634,78.62999999999998,2466.5333333333347,97.35,86.85
2026-03-16 16:00:00,49.57,77.09,36.81,57.49,2103,2210.3,16,0,61.53,78.0,37.42,61.42,2298.1,2061,58.496666666666634,77.92666666666665,2499.366666666668,63.64,78.23
2026-03-16 16:05:00,45.88,78.64,37.46,55.77,2077,2310.9,16,0,49.57,77.09,36.81,57.49,2210.3,2103,52.326666666666625,77.90999999999998,2273.1000000000013,56.81,77.52
2026-03-16 16:10:00,97.35,86.85,37.49,99.0,3170,4102.4,16,0,45.88,78.64,37.46,55.77,2310.9,2077,64.26666666666662,80.85999999999997,2874.5333333333347,79.73,86.17
2026-03-16 16:15:00,63.64,78.23,37.5,77.41,1977,2682.4,16,0,97.35,86.85,37.49,99.0,4102.4,3170,68.95666666666664,81.23999999999998,3031.900000000001,58.54,77.62
2026-03-16 16:20:00,56.81,77.52,37.23,53.46,2003,2185.4,16,0,63.64,78.23,37.5,77.41,2682.4,1977,72.59999999999997,80.86666666666663,2990.066666666668,60.88,77.07
2026-03-16 16:25:00,79.73,86.17,37.68,80.14,3049,3217.9,16,0,56.81,77.52,37.23,53.46,2185.4,2003,66.72666666666663,80.63999999999999,2695.233333333335,60.09,77.61
2026-03-16 16:30:00,58.54,77.62,37.16,66.87,2082,2707.4,16,0,79.73,86.17,37.68,80.14,3217.9,3049,65.02666666666663,80.43666666666665,2703.566666666668,67.91,78.62
2026-03-16 16:35:00,60.88,77.07,37.59,52.32,1953,2259.4,16,0,58.54,77.62,37.16,66.87,2707.4,2082,66.38333333333328,80.28666666666665,2728.233333333335,51.38,79.1
2026-03-16 16:40:00,60.09,77.61,37.39,73.7,1974,2731.1,16,0,60.88,77.07,37.59,52.32,2259.4,1953,59.83666666666662,77.43333333333332,2565.966666666668,51.76,79.02
2026-03-16 16:45:00,67.91,78.62,37.53,77.07,2108,3033.9,16,0,60.09,77.61,37.39,73.7,2731.1,1974,62.95999999999996,77.76666666666665,2674.800000000001,53.63,78.43
2026-03-16 16:50:00,51.38,79.1,37.45,67.68,2082,2203.0,16,0,67.91,78.62,37.53,77.07,3033.9,2108,59.793333333333294,78.44333333333331,2656.0000000000014,47.66,76.1
2026-03-16 16:55:00,51.76,79.02,37.74,68.94,1936,2380.5,16,0,51.38,79.1,37.45,67.68,2203.0,2082,57.01666666666662,78.91333333333331,2539.1333333333346,51.25,75.7
2026-03-16 17:00:00,53.63,78.43,37.16,60.6,1982,2363.8,17,0,51.76,79.02,37.74,68.94,2380.5,1936,52.256666666666625,78.84999999999998,2315.7666666666682,54.69,77.18
2026-03-16 17:05:00,47.66,76.1,37.56,54.7,1987,1986.9,17,0,53.63,78.43,37.16,60.6,2363.8,1982,51.01666666666662,77.84999999999998,2243.733333333335,56.49,77.68
2026-03-16 17:10:00,51.25,75.7,37.0,62.73,1951,2362.6,17,0,47.66,76.1,37.56,54.7,1986.9,1987,50.84666666666663,76.74333333333333,2237.7666666666682,56.1,76.69
2026-03-16 17:15:00,54.69,77.18,37.67,47.22,1865,2151.6,17,0,51.25,75.7,37.0,62.73,2362.6,1951,51.19999999999996,76.32666666666665,2167.033333333334,63.64,77.02
2026-03-16 17:20:00,56.49,77.68,37.69,56.04,2025,2226.7,17,0,54.69,77.18,37.67,47.22,2151.6,1865,54.143333333333295,76.85333333333331,2246.9666666666676,54.49,76.71
2026-03-16 17:25:00,56.1,76.69,37.29,56.76,1894,2038.0,17,0,56.49,77.68,37.69,56.04,2226.7,2025,55.75999999999996,77.18333333333332,2138.766666666668,60.73,75.85
2026-03-16 17:30:00,63.64,77.02,37.35,67.02,1993,2681.8,17,0,56.1,76.69,37.29,56.76,2038.0,1894,58.74333333333329,77.12999999999998,2315.5000000000014,53.25,74.25
2026-03-16 17:35:00,54.49,76.71,37.93,58.35,1918,2323.6,17,0,63.64,77.02,37.35,67.02,2681.8,1993,58.076666666666625,76.80666666666663,2347.800000000001,50.38,76.33
2026-03-16 17:40:00,60.73,75.85,37.74,67.02,1944,2542.7,17,0,54.49,76.71,37.93,58.35,2323.6,1918,59.619999999999955,76.52666666666664,2516.0333333333347,43.93,77.41
2026-03-16 17:45:00,53.25,74.25,37.58,56.18,1833,2173.2,17,0,60.73,75.85,37.74,67.02,2542.7,1944,56.15666666666662,75.60333333333331,2346.5000000000014,49.53,78.03
2026-03-16 17:50:00,50.38,76.33,37.63,59.6,1862,2249.9,17,0,53.25,74.25,37.58,56.18,2173.2,1833,54.786666666666626,75.47666666666665,2321.9333333333343,53.47,80.0
2026-03-16 17:55:00,43.93,77.41,37.39,42.85,1770,1912.4,17,0,50.38,76.33,37.63,59.6,2249.9,1862,49.18666666666663,75.99666666666664,2111.8333333333344,45.13,78.77
2026-03-16 18:00:00,49.53,78.03,37.48,49.49,1820,2058.9,18,0,43.93,77.41,37.39,42.85,1912.4,1770,47.94666666666663,77.25666666666665,2073.7333333333345,46.48,99.0
2026-03-16 18:05:00,53.47,80.0,37.86,56.2,1904,2376.2,18,0,49.53,78.03,37.48,49.49,2058.9,1820,48.976666666666624,78.47999999999998,2115.8333333333344,46.78,77.78
2026-03-16 18:10:00,45.13,78.77,37.59,52.52,1785,2018.1,18,0,53.47,80.0,37.86,56.2,2376.2,1904,49.37666666666663,78.93333333333332,2151.066666666668,48.01,76.7
2026-03-16 18:15:00,46.48,99.0,38.1,57.57,1854,1823.5,18,0,45.13,78.77,37.59,52.52,2018.1,1785,48.35999999999996,85.9233333333333,2072.600000000001,57.19,75.51
2026-03-16 18:20:00,46.78,77.78,37.53,42.44,1830,1679.3,18,0,46.48,99.0,38.1,57.57,1823.5,1854,46.12999999999996,85.18333333333332,1840.300000000001,96.11,74.17
2026-03-16 18:25:00,48.01,76.7,37.83,54.77,1784,2012.0,18,0,46.78,77.78,37.53,42.44,1679.3,1830,47.089999999999954,84.49333333333333,1838.266666666668,53.88,74.25
2026-03-16 18:30:00,57.19,75.51,37.75,62.92,1736,2355.5,18,0,48.01,76.7,37.83,54.77,2012.0,1784,50.65999999999996,76.66333333333331,2015.6000000000013,64.07,75.15
2026-03-16 18:35:00,96.11,74.17,36.92,63.0,1776,2290.1,18,0,57.19,75.51,37.75,62.92,2355.5,1736,67.1033333333333,75.45999999999998,2219.200000000001,44.84,73.67
2026-03-16 18:40:00,53.88,74.25,37.44,54.03,1751,2032.0,18,0,96.11,74.17,36.92,63.0,2290.1,1776,69.05999999999996,74.64333333333332,2225.866666666668,47.88,74.43
2026-03-16 18:45:00,64.07,75.15,38.1,71.55,1736,2532.1,18,0,53.88,74.25,37.44,54.03,2032.0,1751,71.3533333333333,74.52333333333333,2284.7333333333345,52.65,73.14
2026-03-16 18:50:00,44.84,73.67,37.34,41.85,1741,1573.7,18,0,64.07,75.15,38.1,71.55,2532.1,1736,54.26333333333329,74.35666666666664,2045.9333333333345,49.46,72.49
2026-03-16 18:55:00,47.88,74.43,37.84,57.72,1776,1873.5,18,0,44.84,73.67,37.34,41.85,1573.7,1741,52.26333333333329,74.41666666666664,1993.100000000001,43.01,71.16
2026-03-16 19:00:00,52.65,73.14,38.22,64.47,1620,1924.5,19,0,47.88,74.43,37.84,57.72,1873.5,1776,48.45666666666663,73.74666666666666,1790.5666666666677,45.18,71.41
2026-03-16 19:05:00,49.46,72.49,37.76,50.69,1703,1917.5,19,0,52.65,73.14,38.22,64.47,1924.5,1620,49.996666666666634,73.35333333333331,1905.1666666666679,61.05,72.24
2026-03-16 19:10:00,43.01,71.16,37.57,50.25,1725,1569.5,19,0,49.46,72.49,37.76,50.69,1917.5,1703,48.3733333333333,72.2633333333333,1803.8333333333346,69.29,87.96
2026-03-16 19:15:00,45.18,71.41,37.98,51.55,1645,1667.3,19,0,43.01,71.16,37.57,50.25,1569.5,1725,45.8833333333333,71.68666666666665,1718.1000000000013,37.19,72.24
2026-03-16 19:20:00,61.05,72.24,37.66,64.41,1708,2216.2,19,0,45.18,71.41,37.98,51.55,1667.3,1645,49.74666666666662,71.60333333333331,1817.6666666666679,49.86,71.42
2026-03-16 19:25:00,69.29,87.96,38.94,77.24,2790,2761.3,19,0,61.05,72.24,37.66,64.41,2216.2,1708,58.50666666666663,77.2033333333333,2214.9333333333348,51.96,70.02
2026-03-16 19:30:00,37.19,72.24,38.13,40.43,1710,1543.5,19,0,69.29,87.96,38.94,77.24,2761.3,2790,55.8433333333333,77.47999999999998,2173.666666666668,47.29,69.79
2026-03-16 19:35:00,49.86,71.42,37.91,50.78,1663,1953.4,19,0,37.19,72.24,38.13,40.43,1543.5,1710,52.11333333333331,77.20666666666665,2086.066666666668,41.4,70.77
2026-03-16 19:40:00,51.96,70.02,37.89,50.62,1588,2242.6,19,0,49.86,71.42,37.91,50.78,1953.4,1663,46.33666666666662,71.22666666666665,1913.1666666666679,74.92,70.22
2026-03-16 19:45:00,47.29,69.79,37.97,53.1,1603,1793.1,19,0,51.96,70.02,37.89,50.62,2242.6,1588,49.7033333333333,70.40999999999998,1996.366666666668,45.86,70.36
2026-03-16 19:50:00,41.4,70.77,37.86,48.65,1549,1630.7,19,0,47.29,69.79,37.97,53.1,1793.1,1603,46.8833333333333,70.19333333333331,1888.800000000001,42.81,69.34
2026-03-16 19:55:00,74.92,70.22,37.38,43.75,1543,1667.9,19,0,41.4,70.77,37.86,48.65,1630.7,1549,54.536666666666626,70.25999999999998,1697.2333333333345,41.99,69.15
2026-03-16 20:00:00,45.86,70.36,38.06,53.22,1545,1827.5,20,0,74.92,70.22,37.38,43.75,1667.9,1543,54.05999999999997,70.44999999999999,1708.7000000000014,35.49,68.54
2026-03-16 20:05:00,42.81,69.34,37.93,39.72,1537,1416.3,20,0,45.86,70.36,38.06,53.22,1827.5,1545,54.52999999999995,69.97333333333331,1637.2333333333347,35.74,69.19
2026-03-16 20:10:00,41.99,69.15,38.5,82.6,1463,1475.1,20,0,42.81,69.34,37.93,39.72,1416.3,1537,43.55333333333329,69.61666666666666,1572.9666666666678,39.99,69.31
2026-03-16 20:15:00,35.49,68.54,37.86,34.32,1504,1425.7,20,0,41.99,69.15,38.5,82.6,1475.1,1463,40.09666666666663,69.00999999999998,1439.0333333333344,39.32,66.46
2026-03-16 20:20:00,35.74,69.19,38.05,42.22,1433,1380.8,20,0,35.49,68.54,37.86,34.32,1425.7,1504,37.73999999999996,68.95999999999998,1427.2000000000014,42.18,65.87
2026-03-16 20:25:00,39.99,69.31,37.63,41.41,1431,1294.5,20,0,35.74,69.19,38.05,42.22,1380.8,1433,37.073333333333295,69.01333333333332,1367.0000000000011,41.11,64.48
2026-03-16 20:30:00,39.32,66.46,37.8,34.18,1471,1357.3,20,0,39.99,69.31,37.63,41.41,1294.5,1431,38.349999999999966,68.31999999999998,1344.2000000000014,52.63,66.7
2026-03-16 20:35:00,42.18,65.87,38.57,42.31,1356,1586.3,20,0,39.32,66.46,37.8,34.18,1357.3,1471,40.49666666666663,67.21333333333331,1412.7000000000014,38.42,66.33
2026-03-16 20:40:00,41.11,64.48,38.13,48.33,1439,1447.1,20,0,42.18,65.87,38.57,42.31,1586.3,1356,40.86999999999996,65.60333333333331,1463.5666666666677,43.2,67.0
2026-03-16 20:45:00,52.63,66.7,38.37,57.83,1422,1941.0,20,0,41.11,64.48,38.13,48.33,1447.1,1439,45.30666666666662,65.68333333333332,1658.1333333333343,40.78,67.36
2026-03-16 20:50:00,38.42,66.33,38.7,34.95,1373,1426.9,20,0,52.63,66.7,38.37,57.83,1941.0,1422,44.05333333333329,65.83666666666666,1605.0000000000011,42.99,66.93
2026-03-16 20:55:00,43.2,67.0,38.12,44.52,1284,1448.9,20,0,38.42,66.33,38.7,34.95,1426.9,1373,44.749999999999964,66.67666666666665,1605.6000000000013,44.72,64.86
2026-03-16 21:00:00,40.78,67.36,38.01,42.76,1327,1501.3,21,0,43.2,67.0,38.12,44.52,1448.9,1284,40.79999999999996,66.89666666666665,1459.0333333333347,45.93,65.65
2026-03-16 21:05:00,42.99,66.93,37.92,50.68,1296,1669.1,21,0,40.78,67.36,38.01,42.76,1501.3,1327,42.323333333333295,67.09666666666665,1539.766666666668,41.44,64.95
2026-03-16 21:10:00,44.72,64.86,38.24,46.64,1320,1510.7,21,0,42.99,66.93,37.92,50.68,1669.1,1296,42.82999999999996,66.38333333333331,1560.366666666668,46.36,64.8
2026-03-16 21:15:00,45.93,65.65,37.8,46.15,1352,1704.6,21,0,44.72,64.86,38.24,46.64,1510.7,1320,44.54666666666663,65.81333333333332,1628.1333333333343,43.15,63.97
2026-03-16 21:20:00,41.44,64.95,38.68,44.16,1193,1457.6,21,0,45.93,65.65,37.8,46.15,1704.6,1352,44.029999999999966,65.15333333333331,1557.6333333333343,42.04,63.13
2026-03-16 21:25:00,46.36,64.8,38.57,43.63,1216,1589.9,21,0,41.44,64.95,38.68,44.16,1457.6,1193,44.576666666666625,65.13333333333331,1584.0333333333347,37.23,63.57
2026-03-16 21:30:00,43.15,63.97,38.14,44.38,1274,1515.3,21,0,46.36,64.8,38.57,43.63,1589.9,1216,43.649999999999956,64.57333333333331,1520.9333333333345,39.9,64.34
2026-03-16 21:35:00,42.04,63.13,38.05,40.34,1239,1456.5,21,0,43.15,63.97,38.14,44.38,1515.3,1274,43.84999999999996,63.96666666666664,1520.5666666666677,51.45,63.79
2026-03-16 21:40:00,37.23,63.57,37.95,44.75,1115,1309.5,21,0,42.04,63.13,38.05,40.34,1456.5,1239,40.80666666666663,63.55666666666665,1427.1000000000013,36.9,62.34
2026-03-16 21:45:00,39.9,64.34,38.75,47.73,1216,1418.7,21,0,37.23,63.57,37.95,44.75,1309.5,1115,39.723333333333294,63.679999999999986,1394.9000000000012,40.64,61.23
2026-03-16 21:50:00,51.45,63.79,38.25,49.4,1236,1676.6,21,0,39.9,64.34,38.75,47.73,1418.7,1216,42.859999999999964,63.899999999999984,1468.2666666666676,36.54,62.32
2026-03-16 21:55:00,36.9,62.34,38.15,44.05,1165,1533.9,21,0,51.45,63.79,38.25,49.4,1676.6,1236,42.749999999999964,63.48999999999998,1543.0666666666677,36.46,61.08
2026-03-16 22:00:00,40.64,61.23,37.99,37.24,1061,1297.0,22,0,36.9,62.34,38.15,44.05,1533.9,1165,42.996666666666634,62.45333333333332,1502.5000000000011,37.54,60.44
2026-03-16 22:05:00,36.54,62.32,38.18,41.91,1009,1414.7,22,0,40.64,61.23,37.99,37.24,1297.0,1061,38.026666666666635,61.96333333333332,1415.2000000000014,35.02,59.95
2026-03-16 22:10:00,36.46,61.08,38.12,48.14,1100,1494.8,22,0,36.54,62.32,38.18,41.91,1414.7,1009,37.87999999999996,61.543333333333315,1402.1666666666679,35.3,60.68
2026-03-16 22:15:00,37.54,60.44,38.5,47.94,1100,1245.3,22,0,36.46,61.08,38.12,48.14,1494.8,1100,36.84666666666663,61.27999999999998,1384.9333333333345,32.33,61.11
2026-03-16 22:20:00,35.02,59.95,38.18,42.6,1072,1188.6,22,0,37.54,60.44,38.5,47.94,1245.3,1100,36.33999999999997,60.48999999999998,1309.5666666666677,29.49,59.31
2026-03-16 22:25:00,35.3,60.68,38.86,41.46,1021,1424.6,22,0,35.02,59.95,38.18,42.6,1188.6,1072,35.9533333333333,60.35666666666665,1286.1666666666679,33.22,59.89
2026-03-16 22:30:00,32.33,61.11,38.41,32.4,993,1120.5,22,0,35.3,60.68,38.86,41.46,1424.6,1021,34.216666666666626,60.579999999999984,1244.5666666666677,40.0,77.03
2026-03-16 22:35:00,29.49,59.31,38.32,44.41,1035,1350.6,22,0,32.33,61.11,38.41,32.4,1120.5,993,32.37333333333329,60.36666666666665,1298.5666666666677,34.56,59.37
2026-03-16 22:40:00,33.22,59.89,38.77,33.21,869,1070.1,22,0,29.49,59.31,38.32,44.41,1350.6,1035,31.67999999999996,60.10333333333332,1180.4000000000012,35.36,58.91
2026-03-16 22:45:00,40.0,77.03,38.89,48.8,1436,1604.5,22,0,33.22,59.89,38.77,33.21,1070.1,869,34.23666666666663,65.40999999999998,1341.7333333333345,25.33,56.66
2026-03-16 22:50:00,34.56,59.37,38.27,33.3,1001,925.9,22,0,40.0,77.03,38.89,48.8,1604.5,1436,35.92666666666663,65.42999999999998,1200.1666666666679,36.72,56.92
2026-03-16 22:55:00,35.36,58.91,38.51,38.64,958,1280.2,22,0,34.56,59.37,38.27,33.3,925.9,1001,36.639999999999965,65.10333333333331,1270.2000000000012,29.08,54.73
2026-03-16 23:00:00,25.33,56.66,38.53,32.24,863,913.0,23,0,35.36,58.91,38.51,38.64,1280.2,958,31.74999999999996,58.31333333333331,1039.7000000000014,30.91,53.41
2026-03-16 23:05:00,36.72,56.92,38.43,29.14,900,941.6,23,0,25.33,56.66,38.53,32.24,913.0,863,32.46999999999996,57.49666666666664,1044.9333333333345,34.15,53.19
2026-03-16 23:10:00,29.08,54.73,38.87,37.58,821,995.0,23,0,36.72,56.92,38.43,29.14,941.6,900,30.376666666666626,56.10333333333332,949.8666666666678,33.87,52.16
2026-03-16 23:15:00,30.91,53.41,38.37,32.47,834,1011.6,23,0,29.08,54.73,38.87,37.58,995.0,821,32.23666666666663,55.01999999999998,982.7333333333345,36.52,51.49
2026-03-16 23:20:00,34.15,53.19,38.49,37.35,848,898.2,23,0,30.91,53.41,38.37,32.47,1011.6,834,31.379999999999963,53.77666666666664,968.2666666666679,33.85,52.2
2026-03-16 23:25:00,33.87,52.16,38.97,35.48,824,1118.6,23,0,34.15,53.19,38.49,37.35,898.2,848,32.97666666666663,52.91999999999998,1009.466666666668,34.35,53.02
2026-03-16 23:30:00,36.52,51.49,38.39,41.23,872,1147.5,23,0,33.87,52.16,38.97,35.48,1118.6,824,34.84666666666663,52.27999999999998,1054.766666666668,30.1,52.85
2026-03-16 23:35:00,33.85,52.2,38.75,29.98,836,891.6,23,0,36.52,51.49,38.39,41.23,1147.5,872,34.746666666666634,51.94999999999998,1052.566666666668,33.92,52.93
2026-03-16 23:40:00,34.35,53.02,38.89,34.01,767,1015.4,23,0,33.85,52.2,38.75,29.98,891.6,836,34.90666666666663,52.23666666666665,1018.1666666666679,27.36,51.42
2026-03-16 23:45:00,30.1,52.85,38.22,26.69,735,861.8,23,0,34.35,53.02,38.89,34.01,1015.4,767,32.76666666666663,52.689999999999976,922.9333333333346,32.8,52.48
2026-03-16 23:50:00,33.92,52.93,38.18,34.47,744,1062.2,23,0,30.1,52.85,38.22,26.69,861.8,735,32.789999999999964,52.933333333333316,979.8000000000012,24.21,52.2
2026-03-16 23:55:00,27.36,51.42,38.96,23.15,711,681.1,23,0,33.92,52.93,38.18,34.47,1062.2,744,30.45999999999996,52.39999999999998,868.3666666666678,27.29,51.97
2026-03-17 00:00:00,32.8,52.48,34.92,39.82,746,1089.4,0,1,27.36,51.42,38.96,23.15,681.1,711,31.35999999999996,52.27666666666665,944.2333333333345,30.48,52.49
2026-03-17 00:05:00,24.21,52.2,34.46,23.8,685,660.4,0,1,32.8,52.48,34.92,39.82,1089.4,746,28.123333333333296,52.03333333333331,810.3000000000012,27.04,52.02
2026-03-17 00:10:00,27.29,51.97,34.86,30.46,642,796.9,0,1,24.21,52.2,34.46,23.8,660.4,685,28.099999999999962,52.21666666666665,848.9000000000011,21.6,52.64
2026-03-17 00:15:00,30.48,52.49,34.88,34.96,617,881.8,0,1,27.29,51.97,34.86,30.46,796.9,642,27.32666666666663,52.21999999999999,779.7000000000012,23.88,52.84
2026-03-17 00:20:00,27.04,52.02,35.19,28.85,629,723.4,0,1,30.48,52.49,34.88,34.96,881.8,617,28.269999999999964,52.159999999999975,800.7000000000012,31.28,52.71
2026-03-17 00:25:00,21.6,52.64,34.99,22.6,557,535.1,0,1,27.04,52.02,35.19,28.85,723.4,629,26.373333333333296,52.38333333333332,713.4333333333346,24.64,52.44
2026-03-17 00:30:00,23.88,52.84,35.24,19.9,598,636.9,0,1,21.6,52.64,34.99,22.6,535.1,557,24.173333333333293,52.49999999999998,631.8000000000012,25.74,51.57
2026-03-17 00:35:00,31.28,52.71,34.87,29.71,661,755.2,0,1,23.88,52.84,35.24,19.9,636.9,598,25.58666666666663,52.72999999999998,642.4000000000011,24.71,51.46
2026-03-17 00:40:00,24.64,52.44,34.59,35.68,701,999.2,0,1,31.28,52.71,34.87,29.71,755.2,661,26.599999999999962,52.66333333333332,797.1000000000013,23.59,50.9
2026-03-17 00:45:00,25.74,51.57,34.94,25.41,656,561.7,0,1,24.64,52.44,34.59,35.68,999.2,701,27.21999999999996,52.23999999999998,772.0333333333346,25.41,50.94
2026-03-17 00:50:00,24.71,51.46,35.39,22.57,609,651.5,0,1,25.74,51.57,34.94,25.41,561.7,656,25.029999999999962,51.823333333333316,737.466666666668,27.01,50.02
2026-03-17 00:55:00,23.59,50.9,35.29,20.02,475,475.3,0,1,24.71,51.46,35.39,22.57,651.5,609,24.67999999999996,51.30999999999998,562.8333333333345,25.37,49.45
2026-03-17 01:00:00,25.41,50.94,34.79,24.45,586,732.4,1,1,23.59,50.9,35.29,20.02,475.3,475,24.569999999999965,51.09999999999999,619.7333333333346,22.75,48.86
2026-03-17 01:05:00,27.01,50.02,35.24,27.05,523,562.3,1,1,25.41,50.94,34.79,24.45,732.4,586,25.336666666666627,50.61999999999998,590.0000000000011,18.06,48.26
2026-03-17 01:10:00,25.37,49.45,35.42,26.69,584,591.8,1,1,27.01,50.02,35.24,27.05,562.3,523,25.929999999999964,50.13666666666665,628.8333333333345,27.07,48.81
2026-03-17 01:15:00,22.75,48.86,35.4,23.96,512,468.1,1,1,25.37,49.45,35.42,26.69,591.8,584,25.043333333333297,49.44333333333331,540.7333333333345,31.62,48.66
2026-03-17 01:20:00,18.06,48.26,34.98,65.59,510,521.5,1,1,22.75,48.86,35.4,23.96,468.1,512,22.059999999999963,48.85666666666665,527.1333333333346,17.24,48.11
2026-03-17 01:25:00,27.07,48.81,35.6,28.65,504,582.2,1,1,18.06,48.26,34.98,65.59,521.5,510,22.626666666666626,48.64333333333332,523.9333333333346,22.04,48.28
2026-03-17 01:30:00,31.62,48.66,35.27,25.45,563,642.3,1,1,27.07,48.81,35.6,28.65,582.2,504,25.583333333333297,48.57666666666665,582.0000000000013,24.44,47.63
2026-03-17 01:35:00,17.24,48.11,35.63,27.78,423,486.8,1,1,31.62,48.66,35.27,25.45,642.3,563,25.309999999999963,48.52666666666665,570.4333333333346,26.49,48.55
2026-03-17 01:40:00,22.04,48.28,35.51,25.63,543,509.3,1,1,17.24,48.11,35.63,27.78,486.8,423,23.633333333333297,48.34999999999999,546.1333333333345,20.18,48.83
2026-03-17 01:45:00,24.44,47.63,35.4,20.04,512,558.6,1,1,22.04,48.28,35.51,25.63,509.3,543,21.239999999999963,48.00666666666665,518.2333333333346,21.53,48.03
2026-03-17 01:50:00,26.49,48.55,35.14,17.21,466,545.6,1,1,24.44,47.63,35.4,20.04,558.6,512,24.323333333333295,48.15333333333331,537.8333333333345,17.99,48.09
2026-03-17 01:55:00,20.18,48.83,34.94,27.47,539,657.3,1,1,26.49,48.55,35.14,17.21,545.6,466,23.703333333333294,48.336666666666645,587.1666666666679,27.17,47.68
2026-03-17 02:00:00,21.53,48.03,35.54,18.94,437,446.2,2,1,20.18,48.83,34.94,27.47,657.3,539,22.733333333333295,48.46999999999998,549.7000000000012,21.81,46.73
2026-03-17 02:05:00,17.99,48.09,35.12,21.1,309,305.6,2,1,21.53,48.03,35.54,18.94,446.2,437,19.899999999999963,48.31666666666664,469.70000000000124,21.78,46.07
2026-03-17 02:10:00,27.17,47.68,35.29,15.07,385,399.8,2,1,17.99,48.09,35.12,21.1,305.6,309,22.22999999999996,47.933333333333316,383.86666666666787,24.2,46.57
2026-03-17 02:15:00,21.81,46.73,35.44,31.44,453,515.3,2,1,27.17,47.68,35.29,15.07,399.8,385,22.323333333333295,47.49999999999998,406.90000000000117,26.37,46.65
2026-03-17 02:20:00,21.78,46.07,35.86,21.11,438,428.8,2,1,21.81,46.73,35.44,31.44,515.3,453,23.58666666666663,46.82666666666665,447.9666666666679,26.55,46.25
2026-03-17 02:25:00,24.2,46.57,35.67,20.76,418,396.8,2,1,21.78,46.07,35.86,21.11,428.8,438,22.596666666666632,46.45666666666665,446.9666666666679,28.58,47.42
2026-03-17 02:30:00,26.37,46.65,35.37,25.22,489,555.6,2,1,24.2,46.57,35.67,20.76,396.8,418,24.116666666666628,46.42999999999998,460.4000000000012,22.02,45.98
2026-03-17 02:35:00,26.55,46.25,35.77,16.43,388,435.9,2,1,26.37,46.65,35.37,25.22,555.6,489,25.70666666666663,46.48999999999998,462.76666666666796,21.93,45.68
2026-03-17 02:40:00,28.58,47.42,35.46,28.29,432,539.9,2,1,26.55,46.25,35.77,16.43,435.9,388,27.16666666666663,46.77333333333331,510.4666666666679,24.69,46.47
2026-03-17 02:45:00,22.02,45.98,35.19,19.21,400,490.2,2,1,28.58,47.42,35.46,28.29,539.9,432,25.71666666666663,46.549999999999976,488.6666666666679,18.43,46.38
2026-03-17 02:50:00,21.93,45.68,35.48,23.48,471,680.5,2,1,22.02,45.98,35.19,19.21,490.2,400,24.17666666666663,46.35999999999998,570.2000000000012,17.11,45.62
2026-03-17 02:55:00,24.69,46.47,35.57,17.86,384,397.6,2,1,21.93,45.68,35.48,23.48,680.5,471,22.879999999999963,46.043333333333315,522.7666666666679,25.03,47.64
2026-03-17 03:00:00,18.43,46.38,35.14,14.7,475,484.1,3,1,24.69,46.47,35.57,17.86,397.6,384,21.683333333333294,46.17666666666665,520.7333333333346,23.05,47.53
2026-03-17 03:05:00,17.11,45.62,34.88,18.83,386,362.1,3,1,18.43,46.38,35.14,14.7,484.1,475,20.07666666666663,46.156666666666645,414.6000000000013,26.83,47.21
2026-03-17 03:10:00,25.03,47.64,35.21,15.73,387,367.2,3,1,17.11,45.62,34.88,18.83,362.1,386,20.189999999999966,46.546666666666646,404.4666666666679,28.12,46.97
2026-03-17 03:15:00,23.05,47.53,35.79,28.28,368,398.1,3,1,25.03,47.64,35.21,15.73,367.2,387,21.72999999999996,46.92999999999998,375.80000000000126,21.02,45.95
2026-03-17 03:20:00,26.83,47.21,36.21,22.86,364,390.4,3,1,23.05,47.53,35.79,28.28,398.1,368,24.96999999999996,47.45999999999998,385.23333333333454,23.75,46.91
2026-03-17 03:25:00,28.12,46.97,34.99,26.61,417,484.9,3,1,26.83,47.21,36.21,22.86,390.4,364,25.99999999999996,47.23666666666665,424.46666666666783,21.26,45.03
2026-03-17 03:30:00,21.02,45.95,35.43,22.37,304,317.3,3,1,28.12,46.97,34.99,26.61,484.9,417,25.323333333333295,46.70999999999998,397.5333333333345,22.26,45.76
2026-03-17 03:35:00,23.75,46.91,35.4,25.78,300,413.7,3,1,21.02,45.95,35.43,22.37,317.3,304,24.296666666666628,46.60999999999998,405.30000000000115,25.72,45.1
2026-03-17 03:40:00,21.26,45.03,35.53,24.92,352,397.4,3,1,23.75,46.91,35.4,25.78,413.7,300,22.009999999999962,45.96333333333331,376.1333333333346,27.97,45.53
2026-03-17 03:45:00,22.26,45.76,34.92,16.46,313,369.2,3,1,21.26,45.03,35.53,24.92,397.4,352,22.4233333333333,45.89999999999998,393.43333333333453,23.26,45.51
2026-03-17 03:50:00,25.72,45.1,35.77,28.77,398,541.5,3,1,22.26,45.76,34.92,16.46,369.2,313,23.079999999999966,45.296666666666646,436.0333333333345,16.62,45.51
2026-03-17 03:55:00,27.97,45.53,35.79,19.41,412,463.8,3,1,25.72,45.1,35.77,28.77,541.5,398,25.316666666666624,45.46333333333331,458.1666666666679,29.81,45.43
2026-03-17 04:00:00,23.26,45.51,35.68,19.04,379,407.3,4,1,27.97,45.53,35.79,19.41,463.8,412,25.649999999999963,45.37999999999999,470.86666666666787,16.83,45.27
2026-03-17 04:05:00,16.62,45.51,35.4,25.95,369,448.5,4,1,23.26,45.51,35.68,19.04,407.3,379,22.616666666666628,45.51666666666665,439.86666666666787,42.96,60.47
2026-03-17 04:10:00,29.81,45.43,35.83,22.87,460,595.5,4,1,16.62,45.51,35.4,25.95,448.5,369,23.22999999999996,45.48333333333331,483.76666666666796,26.52,45.68
2026-03-17 04:15:00,16.83,45.27,35.35,31.53,362,454.7,4,1,29.81,45.43,35.83,22.87,595.5,460,21.086666666666627,45.403333333333315,499.5666666666678,26.68,45.4
2026-03-17 04:20:00,42.96,60.47,35.63,44.14,738,845.3,4,1,16.83,45.27,35.35,31.53,454.7,362,29.866666666666628,50.389999999999986,631.8333333333345,26.41,45.06
2026-03-17 04:25:00,26.52,45.68,35.71,19.91,430,452.4,4,1,42.96,60.47,35.63,44.14,845.3,738,28.769999999999964,50.47333333333331,584.1333333333346,23.11,44.89
2026-03-17 04:30:00,26.68,45.4,35.97,21.05,435,592.3,4,1,26.52,45.68,35.71,19.91,452.4,430,32.05333333333329,50.51666666666665,630.0000000000013,16.94,44.45
2026-03-17 04:35:00,26.41,45.06,35.62,23.05,429,518.8,4,1,26.68,45.4,35.97,21.05,592.3,435,26.536666666666633,45.379999999999974,521.1666666666679,16.03,43.26
2026-03-17 04:40:00,23.11,44.89,35.03,22.67,413,501.5,4,1,26.41,45.06,35.62,23.05,518.8,429,25.399999999999967,45.116666666666646,537.5333333333346,21.69,44.29
2026-03-17 04:45:00,16.94,44.45,35.63,18.64,418,544.3,4,1,23.11,44.89,35.03,22.67,501.5,413,22.153333333333297,44.79999999999998,521.5333333333346,22.84,46.37
2026-03-17 04:50:00,16.03,43.26,35.83,26.95,378,368.2,4,1,16.94,44.45,35.63,18.64,544.3,418,18.6933333333333,44.19999999999998,471.33333333333456,20.81,46.44
2026-03-17 04:55:00,21.69,44.29,36.14,24.98,444,414.1,4,1,16.03,43.26,35.83,26.95,368.2,378,18.219999999999967,43.99999999999998,442.2000000000012,26.69,46.2
2026-03-17 05:00:00,22.84,46.37,36.1,26.39,380,405.3,5,1,21.69,44.29,36.14,24.98,414.1,444,20.186666666666635,44.63999999999998,395.86666666666787,22.66,46.13
2026-03-17 05:05:00,20.81,46.44,35.76,21.35,419,448.6,5,1,22.84,46.37,36.1,26.39,405.3,380,21.779999999999962,45.69999999999998,422.6666666666679,24.68,46.47
2026-03-17 05:10:00,26.69,46.2,36.09,19.2,472,628.9,5,1,20.81,46.44,35.76,21.35,448.6,419,23.44666666666663,46.336666666666645,494.26666666666796,24.36,47.63
2026-03-17 05:15:00,22.66,46.13,35.59,18.27,438,584.0,5,1,26.69,46.2,36.09,19.2,628.9,472,23.386666666666628,46.25666666666664,553.8333333333345,28.92,47.07
2026-03-17 05:20:00,24.68,46.47,35.44,18.1,449,493.1,5,1,22.66,46.13,35.59,18.27,584.0,438,24.67666666666663,46.26666666666665,568.6666666666679,23.77,46.65
2026-03-17 05:25:00,24.36,47.63,35.99,30.57,488,448.9,5,1,24.68,46.47,35.44,18.1,493.1,449,23.899999999999967,46.74333333333332,508.6666666666679,29.94,46.91
2026-03-17 05:30:00,28.92,47.07,35.45,23.39,522,678.5,5,1,24.36,47.63,35.99,30.57,448.9,488,25.986666666666633,47.05666666666665,540.1666666666679,22.88,48.04
2026-03-17 05:35:00,23.77,46.65,35.83,25.04,521,620.5,5,1,28.92,47.07,35.45,23.39,678.5,522,25.683333333333298,47.116666666666646,582.6333333333346,29.22,49.25
2026-03-17 05:40:00,29.94,46.91,35.67,29.25,646,820.9,5,1,23.77,46.65,35.83,25.04,620.5,521,27.543333333333297,46.876666666666644,706.6333333333346,27.53,50.15
2026-03-17 05:45:00,22.88,48.04,35.66,21.27,459,638.5,5,1,29.94,46.91,35.67,29.25,820.9,646,25.529999999999962,47.19999999999998,693.3000000000012,35.84,49.3
2026-03-17 05:50:00,29.22,49.25,35.75,20.7,487,469.9,5,1,22.88,48.04,35.66,21.27,638.5,459,27.346666666666632,48.06666666666664,643.1000000000012,18.52,49.52
2026-03-17 05:55:00,27.53,50.15,35.59,23.23,514,637.0,5,1,29.22,49.25,35.75,20.7,469.9,487,26.543333333333297,49.14666666666665,581.8000000000012,28.58,49.83
2026-03-17 06:00:00,35.84,49.3,35.52,27.86,553,741.8,6,1,27.53,50.15,35.59,23.23,637.0,514,30.8633333333333,49.56666666666664,616.2333333333346,27.95,50.92
2026-03-17 06:05:00,18.52,49.52,36.32,22.44,526,449.2,6,1,35.84,49.3,35.52,27.86,741.8,553,27.296666666666635,49.656666666666645,609.3333333333345,29.36,51.2
2026-03-17 06:10:00,28.58,49.83,35.73,23.53,462,657.9,6,1,18.52,49.52,36.32,22.44,449.2,526,27.646666666666633,49.549999999999976,616.3000000000012,23.19,50.91
2026-03-17 06:15:00,27.95,50.92,36.18,28.06,623,761.0,6,1,28.58,49.83,35.73,23.53,657.9,462,25.016666666666634,50.08999999999998,622.7000000000012,25.54,50.41
2026-03-17 06:20:00,29.36,51.2,35.96,32.14,587,725.3,6,1,27.95,50.92,36.18,28.06,761.0,623,28.629999999999967,50.64999999999998,714.7333333333345,19.03,49.83
2026-03-17 06:25:00,23.19,50.91,36.4,27.99,550,635.0,6,1,29.36,51.2,35.96,32.14,725.3,587,26.8333333333333,51.009999999999984,707.1000000000013,26.26,49.51
2026-03-17 06:30:00,25.54,50.41,36.04,29.12,552,536.8,6,1,23.19,50.91,36.4,27.99,635.0,550,26.02999999999997,50.839999999999975,632.3666666666678,27.82,50.27
2026-03-17 06:35:00,19.03,49.83,36.18,20.06,622,808.7,6,1,25.54,50.41,36.04,29.12,536.8,552,22.586666666666634,50.383333333333304,660.1666666666679,37.37,49.7
2026-03-17 06:40:00,26.26,49.51,35.52,25.15,636,622.3,6,1,19.03,49.83,36.18,20.06,808.7,622,23.609999999999967,49.91666666666665,655.9333333333345,29.59,50.91
2026-03-17 06:45:00,27.82,50.27,36.17,34.87,693,775.1,6,1,26.26,49.51,35.52,25.15,622.3,636,24.369999999999965,49.86999999999998,735.3666666666678,23.92,51.54
2026-03-17 06:50:00,37.37,49.7,36.4,40.89,696,942.3,6,1,27.82,50.27,36.17,34.87,775.1,693,30.483333333333302,49.826666666666654,779.9000000000011,22.58,50.75
2026-03-17 06:55:00,29.59,50.91,35.96,35.32,665,688.5,6,1,37.37,49.7,36.4,40.89,942.3,696,31.5933333333333,50.293333333333315,801.966666666668,26.8,49.77
2026-03-17 07:00:00,23.92,51.54,35.98,30.46,697,729.6,7,1,29.59,50.91,35.96,35.32,688.5,665,30.293333333333297,50.71666666666665,786.8000000000012,34.41,50.33
2026-03-17 07:05:00,22.58,50.75,36.37,22.17,694,645.3,7,1,23.92,51.54,35.98,30.46,729.6,697,25.3633333333333,51.06666666666664,687.8000000000011,30.94,51.45
2026-03-17 07:10:00,26.8,49.77,35.56,31.3,739,842.9,7,1,22.58,50.75,36.37,22.17,645.3,694,24.433333333333298,50.686666666666646,739.2666666666678,28.02,51.95
2026-03-17 07:15:00,34.41,50.33,36.01,29.62,759,896.1,7,1,26.8,49.77,35.56,31.3,842.9,739,27.929999999999964,50.283333333333324,794.7666666666679,29.06,52.18
2026-03-17 07:20:00,30.94,51.45,36.12,35.58,727,977.8,7,1,34.41,50.33,36.01,29.62,896.1,759,30.71666666666663,50.51666666666665,905.6000000000013,29.71,52.14
2026-03-17 07:25:00,28.02,51.95,36.25,25.39,755,640.3,7,1,30.94,51.45,36.12,35.58,977.8,727,31.123333333333296,51.24333333333332,838.0666666666679,32.57,53.37
2026-03-17 07:30:00,29.06,52.18,35.85,27.01,753,699.2,7,1,28.02,51.95,36.25,25.39,640.3,755,29.339999999999964,51.859999999999985,772.4333333333346,37.13,53.8
2026-03-17 07:35:00,29.71,52.14,35.79,27.49,836,768.6,7,1,29.06,52.18,35.85,27.01,699.2,753,28.929999999999968,52.08999999999998,702.7000000000012,27.51,54.25
2026-03-17 07:40:00,32.57,53.37,36.09,34.09,821,924.6,7,1,29.71,52.14,35.79,27.49,768.6,836,30.44666666666663,52.56333333333331,797.466666666668,34.96,55.71
2026-03-17 07:45:00,37.13,53.8,36.44,34.91,862,1128.6,7,1,32.57,53.37,36.09,34.09,924.6,821,33.136666666666635,53.10333333333332,940.6000000000013,29.35,56.06
2026-03-17 07:50:00,27.51,54.25,36.03,25.31,924,935.1,7,1,37.13,53.8,36.44,34.91,1128.6,862,32.4033333333333,53.80666666666665,996.1000000000013,29.89,54.01
2026-03-17 07:55:00,34.96,55.71,36.37,35.48,886,1171.4,7,1,27.51,54.25,36.03,25.31,935.1,924,33.19999999999997,54.586666666666645,1078.366666666668,32.78,54.23
2026-03-17 08:00:00,29.35,56.06,36.27,27.07,895,910.0,8,1,34.96,55.71,36.37,35.48,1171.4,886,30.60666666666663,55.33999999999998,1005.5000000000013,53.67,68.69
2026-03-17 08:05:00,29.89,54.01,36.13,27.98,870,892.2,8,1,29.35,56.06,36.27,27.07,910.0,895,31.399999999999963,55.259999999999984,991.2000000000013,31.6,56.43
2026-03-17 08:10:00,32.78,54.23,36.56,29.52,862,1021.4,8,1,29.89,54.01,36.13,27.98,892.2,870,30.6733333333333,54.766666666666644,941.2000000000012,34.7,57.09
2026-03-17 08:15:00,53.67,68.69,36.71,41.68,1449,1304.2,8,1,32.78,54.23,36.56,29.52,1021.4,862,38.779999999999966,58.97666666666664,1072.6000000000013,34.07,58.07
2026-03-17 08:20:00,31.6,56.43,36.04,42.98,961,1180.0,8,1,53.67,68.69,36.71,41.68,1304.2,1449,39.349999999999966,59.78333333333331,1168.5333333333347,26.5,58.39
2026-03-17 08:25:00,34.7,57.09,36.49,35.76,999,1019.8,8,1,31.6,56.43,36.04,42.98,1180.0,961,39.98999999999997,60.73666666666665,1168.0000000000011,31.8,57.19
2026-03-17 08:30:00,34.07,58.07,36.04,33.88,911,900.8,8,1,34.7,57.09,36.49,35.76,1019.8,999,33.45666666666663,57.19666666666665,1033.5333333333344,35.09,57.99
2026-03-17 08:35:00,26.5,58.39,36.02,30.42,1031,931.1,8,1,34.07,58.07,36.04,33.88,900.8,911,31.756666666666632,57.84999999999999,950.5666666666679,45.11,59.38
2026-03-17 08:40:00,31.8,57.19,36.81,30.01,1000,1018.2,8,1,26.5,58.39,36.02,30.42,931.1,1031,30.789999999999964,57.883333333333304,950.0333333333346,38.22,59.71
2026-03-17 08:45:00,35.09,57.99,36.59,31.3,1004,1288.3,8,1,31.8,57.19,36.81,30.01,1018.2,1000,31.129999999999967,57.85666666666665,1079.2000000000014,34.81,60.06
2026-03-17 08:50:00,45.11,59.38,36.31,42.58,1096,1599.6,8,1,35.09,57.99,36.59,31.3,1288.3,1004,37.33333333333329,58.186666666666646,1302.0333333333347,35.97,59.89
2026-03-17 08:55:00,38.22,59.71,35.66,34.98,1074,1180.0,8,1,45.11,59.38,36.31,42.58,1599.6,1096,39.4733333333333,59.02666666666665,1355.9666666666678,31.9,60.72
2026-03-17 09:00:00,34.81,60.06,36.12,35.32,1078,1064.9,9,1,38.22,59.71,35.66,34.98,1180.0,1074,39.37999999999997,59.71666666666665,1281.5000000000011,44.07,59.57
2026-03-17 09:05:00,35.97,59.89,36.41,39.19,1176,1271.1,9,1,34.81,60.06,36.12,35.32,1064.9,1078,36.33333333333329,59.88666666666665,1172.0000000000011,32.26,59.32
2026-03-17 09:10:00,31.9,60.72,36.35,39.41,1086,1226.1,9,1,35.97,59.89,36.41,39.19,1271.1,1176,34.22666666666663,60.22333333333331,1187.366666666668,36.23,59.66
2026-03-17 09:15:00,44.07,59.57,36.49,42.92,1123,1435.8,9,1,31.9,60.72,36.35,39.41,1226.1,1086,37.3133333333333,60.05999999999998,1311.0000000000011,61.25,71.48
2026-03-17 09:20:00,32.26,59.32,36.59,38.63,1123,1060.8,9,1,44.07,59.57,36.49,42.92,1435.8,1123,36.07666666666663,59.86999999999998,1240.9000000000012,41.74,60.67
2026-03-17 09:25:00,36.23,59.66,36.68,38.78,1131,1061.5,9,1,32.26,59.32,36.59,38.63,1060.8,1123,37.51999999999996,59.51666666666665,1186.0333333333347,31.84,61.65
2026-03-17 09:30:00,61.25,71.48,36.73,73.85,1859,2156.2,9,1,36.23,59.66,36.68,38.78,1061.5,1131,43.246666666666634,63.48666666666664,1426.1666666666679,37.88,61.86
2026-03-17 09:35:00,41.74,60.67,36.89,43.58,1273,1285.6,9,1,61.25,71.48,36.73,73.85,2156.2,1859,46.40666666666664,63.936666666666646,1501.1000000000013,41.27,62.59
2026-03-17 09:40:00,31.84,61.65,36.58,30.16,1121,1070.1,9,1,41.74,60.67,36.89,43.58,1285.6,1273,44.9433333333333,64.59999999999998,1503.9666666666678,36.51,62.84
2026-03-17 09:45:00,37.88,61.86,36.74,50.25,1312,1472.8,9,1,31.84,61.65,36.58,30.16,1070.1,1121,37.1533333333333,61.39333333333331,1276.1666666666679,39.23,62.82
2026-03-17 09:50:00,41.27,62.59,36.58,43.25,1196,1470.6,9,1,37.88,61.86,36.74,50.25,1472.8,1312,36.996666666666634,62.03333333333331,1337.8333333333346,42.71,61.86
2026-03-17 09:55:00,36.51,62.84,36.53,37.69,1264,1279.7,9,1,41.27,62.59,36.58,43.25,1470.6,1196,38.5533333333333,62.42999999999998,1407.7000000000014,39.19,61.65
2026-03-17 10:00:00,39.23,62.82,36.91,47.39,1285,1624.2,10,1,36.51,62.84,36.53,37.69,1279.7,1264,39.003333333333295,62.74999999999998,1458.1666666666679,46.58,62.23
2026-03-17 10:05:00,42.71,61.86,36.72,48.18,1235,1603.4,10,1,39.23,62.82,36.91,47.39,1624.2,1285,39.48333333333329,62.50666666666664,1502.433333333335,32.56,62.44
2026-03-17 10:10:00,39.19,61.65,36.53,48.8,1304,1772.9,10,1,42.71,61.86,36.72,48.18,1603.4,1235,40.37666666666663,62.10999999999998,1666.8333333333348,45.27,63.38
2026-03-17 10:15:00,46.58,62.23,36.79,56.08,1359,1907.4,10,1,39.19,61.65,36.53,48.8,1772.9,1304,42.82666666666663,61.913333333333306,1761.2333333333347,41.39,63.45
2026-03-17 10:20:00,32.56,62.44,36.6,39.67,1349,1263.7,10,1,46.58,62.23,36.79,56.08,1907.4,1359,39.44333333333329,62.10666666666665,1648.0000000000011,50.22,63.44
2026-03-17 10:25:00,45.27,63.38,36.52,62.56,1453,2076.2,10,1,32.56,62.44,36.6,39.67,1263.7,1349,41.46999999999996,62.68333333333331,1749.1000000000015,37.79,63.99
2026-03-17 10:30:00,41.39,63.45,36.93,36.57,1431,1362.0,10,1,45.27,63.38,36.52,62.56,2076.2,1453,39.73999999999996,63.089999999999975,1567.300000000001,51.87,64.09
2026-03-17 10:35:00,50.22,63.44,36.84,46.7,1420,1871.8,10,1,41.39,63.45,36.93,36.57,1362.0,1431,45.62666666666663,63.42333333333331,1770.0000000000011,48.11,65.73
2026-03-17 10:40:00,37.79,63.99,36.43,39.84,1457,1417.4,10,1,50.22,63.44,36.84,46.7,1871.8,1420,43.13333333333329,63.626666666666644,1550.4000000000015,42.61,64.74
2026-03-17 10:45:00,51.87,64.09,36.28,50.24,1475,1896.0,10,1,37.79,63.99,36.43,39.84,1417.4,1457,46.62666666666663,63.839999999999975,1728.4000000000015,49.92,64.73
2026-03-17 10:50:00,48.11,65.73,36.77,55.26,1459,1699.0,10,1,51.87,64.09,36.28,50.24,1896.0,1475,45.9233333333333,64.60333333333331,1670.8000000000013,56.63,65.68
2026-03-17 10:55:00,42.61,64.74,37.21,51.07,1378,1668.1,10,1,48.11,65.73,36.77,55.26,1699.0,1459,47.529999999999966,64.85333333333331,1754.366666666668,43.89,66.02
2026-03-17 11:00:00,49.92,64.73,36.6,53.71,1529,1969.3,11,1,42.61,64.74,37.21,51.07,1668.1,1378,46.87999999999996,65.06666666666665,1778.8000000000013,39.46,66.76
2026-03-17 11:05:00,56.63,65.68,37.07,50.56,1455,2052.3,11,1,49.92,64.73,36.6,53.71,1969.3,1529,49.71999999999997,65.04999999999997,1896.5666666666682,47.18,67.54
2026-03-17 11:10:00,43.89,66.02,36.67,43.75,1567,1461.8,11,1,56.63,65.68,37.07,50.56,2052.3,1455,50.146666666666626,65.47666666666665,1827.8000000000013,41.84,67.98
2026-03-17 11:15:00,39.46,66.76,36.62,43.27,1533,1587.0,11,1,43.89,66.02,36.67,43.75,1461.8,1567,46.65999999999997,66.15333333333331,1700.366666666668,40.26,66.59
2026-03-17 11:20:00,47.18,67.54,37.11,55.59,1588,2017.2,11,1,39.46,66.76,36.62,43.27,1587.0,1533,43.50999999999996,66.77333333333331,1688.6666666666679,50.22,68.0
2026-03-17 11:25:00,41.84,67.98,36.38,45.71,1634,1543.4,11,1,47.18,67.54,37.11,55.59,2017.2,1588,42.82666666666663,67.42666666666666,1715.866666666668,38.98,68.79
2026-03-17 11:30:00,40.26,66.59,36.43,53.27,1591,1685.5,11,1,41.84,67.98,36.38,45.71,1543.4,1634,43.0933333333333,67.36999999999999,1748.7000000000014,42.06,69.42
2026-03-17 11:35:00,50.22,68.0,37.32,63.36,1596,2165.3,11,1,40.26,66.59,36.43,53.27,1685.5,1591,44.10666666666663,67.52333333333331,1798.0666666666682,47.71,70.33
2026-03-17 11:40:00,38.98,68.79,36.82,38.35,1638,1359.8,11,1,50.22,68.0,37.32,63.36,2165.3,1596,43.153333333333286,67.79333333333331,1736.866666666668,44.67,71.3
2026-03-17 11:45:00,42.06,69.42,36.71,48.37,1641,1757.8,11,1,38.98,68.79,36.82,38.35,1359.8,1638,43.753333333333295,68.73666666666664,1760.966666666668,50.36,71.95
2026-03-17 11:50:00,47.71,70.33,36.55,58.16,1700,1922.6,11,1,42.06,69.42,36.71,48.37,1757.8,1641,42.91666666666663,69.5133333333333,1680.0666666666682,42.73,70.6
2026-03-17 11:55:00,44.67,71.3,36.59,42.62,1468,1709.8,11,1,47.71,70.33,36.55,58.16,1922.6,1700,44.8133333333333,70.34999999999998,1796.7333333333345,45.57,70.38
2026-03-17 12:00:00,50.36,71.95,37.15,53.48,1725,1752.5,12,1,44.67,71.3,36.59,42.62,1709.8,1468,47.57999999999996,71.19333333333331,1794.966666666668,56.34,71.77
2026-03-17 12:05:00,42.73,70.6,36.93,47.14,1716,1652.0,12,1,50.36,71.95,37.15,53.48,1752.5,1725,45.91999999999996,71.28333333333332,1704.766666666668,49.2,72.49
2026-03-17 12:10:00,45.57,70.38,36.55,60.66,1723,2122.0,12,1,42.73,70.6,36.93,47.14,1652.0,1716,46.21999999999996,70.97666666666665,1842.1666666666679,39.23,72.04
2026-03-17 12:15:00,56.34,71.77,36.88,72.12,1700,2283.5,12,1,45.57,70.38,36.55,60.66,2122.0,1723,48.21333333333329,70.91666666666663,2019.1666666666679,46.54,72.69
2026-03-17 12:20:00,49.2,72.49,37.16,48.28,1741,1765.1,12,1,56.34,71.77,36.88,72.12,2283.5,1700,50.36999999999997,71.54666666666664,2056.866666666668,65.32,89.86
2026-03-17 12:25:00,39.23,72.04,37.1,50.64,1855,1735.5,12,1,49.2,72.49,37.16,48.28,1765.1,1741,48.25666666666663,72.09999999999998,1928.0333333333347,46.5,72.71
2026-03-17 12:30:00,46.54,72.69,36.89,56.04,1723,2193.9,12,1,39.23,72.04,37.1,50.64,1735.5,1855,44.98999999999996,72.40666666666664,1898.1666666666679,55.37,72.77
2026-03-17 12:35:00,65.32,89.86,37.19,85.38,2570,2870.3,12,1,46.54,72.69,36.89,56.04,2193.9,1723,50.36333333333329,78.19666666666664,2266.566666666668,45.55,72.55
2026-03-17 12:40:00,46.5,72.71,37.0,60.21,1778,2024.6,12,1,65.32,89.86,37.19,85.38,2870.3,2570,52.786666666666626,78.41999999999997,2362.9333333333348,49.9,73.87
2026-03-17 12:45:00,55.37,72.77,37.2,51.83,1798,2218.6,12,1,46.5,72.71,37.0,60.21,2024.6,1778,55.72999999999996,78.44666666666664,2371.166666666668,51.63,73.62
2026-03-17 12:50:00,45.55,72.55,36.99,50.21,1726,1819.4,12,1,55.37,72.77,37.2,51.83,2218.6,1798,49.13999999999996,72.67666666666663,2020.866666666668,46.42,73.04
2026-03-17 12:55:00,49.9,73.87,37.23,54.88,1822,1960.7,12,1,45.55,72.55,36.99,50.21,1819.4,1726,50.27333333333329,73.06333333333332,1999.5666666666677,53.47,73.69
2026-03-17 13:00:00,51.63,73.62,36.68,62.78,1714,2034.8,13,1,49.9,73.87,37.23,54.88,1960.7,1822,49.02666666666662,73.34666666666665,1938.300000000001,45.88,75.29
2026-03-17 13:05:00,46.42,73.04,37.44,53.87,1848,2186.2,13,1,51.63,73.62,36.68,62.78,2034.8,1714,49.316666666666634,73.50999999999998,2060.566666666668,57.32,76.57
2026-03-17 13:10:00,53.47,73.69,36.48,59.06,1799,2149.1,13,1,46.42,73.04,37.44,53.87,2186.2,1848,50.50666666666663,73.44999999999997,2123.366666666668,52.2,75.24
2026-03-17 13:15:00,45.88,75.29,36.39,45.82,1848,1836.7,13,1,53.47,73.69,36.48,59.06,2149.1,1799,48.58999999999997,74.00666666666665,2057.3333333333344,58.36,76.0
2026-03-17 13:20:00,57.32,76.57,37.59,59.83,1818,2388.2,13,1,45.88,75.29,36.39,45.82,1836.7,1848,52.223333333333294,75.1833333333333,2124.666666666668,45.31,76.28
2026-03-17 13:25:00,52.2,75.24,37.0,57.93,1828,2159.7,13,1,57.32,76.57,37.59,59.83,2388.2,1818,51.79999999999996,75.69999999999997,2128.200000000001,45.72,75.7
2026-03-17 13:30:00,58.36,76.0,36.94,74.76,1871,2622.7,13,1,52.2,75.24,37.0,57.93,2159.7,1828,55.95999999999996,75.93666666666664,2390.200000000001,43.3,76.48
2026-03-17 13:35:00,45.31,76.28,36.92,50.08,1955,1931.5,13,1,58.36,76.0,36.94,74.76,2622.7,1871,51.95666666666663,75.83999999999997,2237.9666666666676,51.86,76.48
2026-03-17 13:40:00,45.72,75.7,36.72,49.51,1884,1912.1,13,1,45.31,76.28,36.92,50.08,1931.5,1955,49.796666666666624,75.9933333333333,2155.4333333333343,47.87,77.25
2026-03-17 13:45:00,43.3,76.48,36.83,53.44,1959,2088.0,13,1,45.72,75.7,36.72,49.51,1912.1,1884,44.776666666666635,76.15333333333331,1977.2000000000014,50.45,77.42
2026-03-17 13:50:00,51.86,76.48,37.08,62.1,1908,2355.3,13,1,43.3,76.48,36.83,53.44,2088.0,1959,46.95999999999996,76.21999999999998,2118.4666666666676,57.08,76.35
2026-03-17 13:55:00,47.87,77.25,37.18,59.19,1945,2232.1,13,1,51.86,76.48,37.08,62.1,2355.3,1908,47.67666666666663,76.73666666666664,2225.1333333333346,56.52,76.14
2026-03-17 14:00:00,50.45,77.42,36.93,59.31,1983,2187.3,14,1,47.87,77.25,37.18,59.19,2232.1,1945,50.05999999999997,77.04999999999997,2258.2333333333345,64.65,78.29
2026-03-17 14:05:00,57.08,76.35,36.53,65.34,1918,2517.9,14,1,50.45,77.42,36.93,59.31,2187.3,1983,51.79999999999996,77.00666666666665,2312.4333333333343,51.55,78.68
2026-03-17 14:10:00,56.52,76.14,37.35,62.45,1878,2041.4,14,1,57.08,76.35,36.53,65.34,2517.9,1918,54.6833333333333,76.63666666666664,2248.866666666668,65.36,79.59
2026-03-17 14:15:00,64.65,78.29,37.19,65.11,1965,2771.2,14,1,56.52,76.14,37.35,62.45,2041.4,1878,59.41666666666663,76.92666666666663,2443.5000000000014,59.54,79.91
2026-03-17 14:20:00,51.55,78.68,37.37,52.49,1961,2054.1,14,1,64.65,78.29,37.19,65.11,2771.2,1965,57.5733333333333,77.70333333333332,2288.9000000000015,54.67,79.78
2026-03-17 14:25:00,65.36,79.59,37.29,65.72,2014,2613.1,14,1,51.55,78.68,37.37,52.49,2054.1,1961,60.51999999999996,78.85333333333331,2479.4666666666676,53.83,79.3
2026-03-17 14:30:00,59.54,79.91,37.37,70.23,2061,2905.3,14,1,65.36,79.59,37.29,65.72,2613.1,2014,58.81666666666663,79.3933333333333,2524.166666666668,57.46,78.0
2026-03-17 14:35:00,54.67,79.78,37.3,65.31,1944,2584.5,14,1,59.54,79.91,37.37,70.23,2905.3,2061,59.85666666666663,79.75999999999998,2700.9666666666676,54.64,78.02
2026-03-17 14:40:00,53.83,79.3,37.1,59.81,1903,2353.7,14,1,54.67,79.78,37.3,65.31,2584.5,1944,56.01333333333329,79.66333333333331,2614.5000000000014,64.38,78.82
2026-03-17 14:45:00,57.46,78.0,37.02,64.94,1990,2566.1,14,1,53.83,79.3,37.1,59.81,2353.7,1903,55.319999999999965,79.02666666666664,2501.4333333333343,60.16,81.03
2026-03-17 14:50:00,54.64,78.02,37.16,64.73,2023,2083.7,14,1,57.46,78.0,37.02,64.94,2566.1,1990,55.30999999999997,78.43999999999998,2334.5000000000014,53.07,82.25
2026-03-17 14:55:00,64.38,78.82,37.92,65.6,1920,2440.7,14,1,54.64,78.02,37.16,64.73,2083.7,2023,58.82666666666663,78.27999999999997,2363.5000000000014,55.62,82.45
2026-03-17 15:00:00,60.16,81.03,37.71,70.27,2061,2757.3,15,1,64.38,78.82,37.92,65.6,2440.7,1920,59.72666666666663,79.28999999999998,2427.233333333334,56.8,82.81
2026-03-17 15:05:00,53.07,82.25,37.07,56.61,2012,2067.4,15,1,60.16,81.03,37.71,70.27,2757.3,2061,59.20333333333329,80.69999999999997,2421.8000000000015,60.64,83.69
2026-03-17 15:10:00,55.62,82.45,37.57,69.04,2085,2553.6,15,1,53.07,82.25,37.07,56.61,2067.4,2012,56.283333333333296,81.90999999999997,2459.4333333333348,61.84,82.22
2026-03-17 15:15:00,56.8,82.81,37.86,70.76,1999,2440.9,15,1,55.62,82.45,37.57,69.04,2553.6,2085,55.1633333333333,82.50333333333332,2353.9666666666676,62.31,82.44
2026-03-17 15:20:00,60.64,83.69,37.8,68.98,2056,2754.3,15,1,56.8,82.81,37.86,70.76,2440.9,1999,57.68666666666663,82.9833333333333,2582.9333333333348,50.98,82.01
2026-03-17 15:25:00,61.84,82.22,36.6,69.64,2065,2775.8,15,1,60.64,83.69,37.8,68.98,2754.3,2056,59.75999999999996,82.90666666666664,2657.0000000000014,66.32,81.18
2026-03-17 15:30:00,62.31,82.44,37.42,65.39,1976,2503.8,15,1,61.84,82.22,36.6,69.64,2775.8,2065,61.596666666666636,82.7833333333333,2677.966666666668,50.97,80.66
2026-03-17 15:35:00,50.98,82.01,37.12,66.86,2006,2506.7,15,1,62.31,82.44,37.42,65.39,2503.8,1976,58.37666666666663,82.22333333333331,2595.4333333333348,61.45,79.73
2026-03-17 15:40:00,66.32,81.18,37.51,70.96,2020,2706.8,15,1,50.98,82.01,37.12,66.86,2506.7,2006,59.869999999999955,81.87666666666665,2572.4333333333348,61.38,80.4
2026-03-17 15:45:00,50.97,80.66,37.51,58.17,2025,2150.6,15,1,66.32,81.18,37.51,70.96,2706.8,2020,56.089999999999954,81.28333333333332,2454.700000000001,63.94,79.44
2026-03-17 15:50:00,61.45,79.73,37.6,71.38,2041,2941.8,15,1,50.97,80.66,37.51,58.17,2150.6,2025,59.57999999999996,80.52333333333331,2599.733333333335,47.18,78.49
2026-03-17 15:55:00,61.38,80.4,37.29,67.46,2013,2488.6,15,1,61.45,79.73,37.6,71.38,2941.8,2041,57.9333333333333,80.2633333333333,2527.0000000000014,60.75,78.27
2026-03-17 16:00:00,63.94,79.44,37.29,70.71,1967,2692.7,16,1,61.38,80.4,37.29,67.46,2488.6,2013,62.25666666666663,79.85666666666664,2707.700000000001,46.72,78.76
2026-03-17 16:05:00,47.18,78.49,36.4,51.67,1999,2000.8,16,1,63.94,79.44,37.29,70.71,2692.7,1967,57.499999999999964,79.44333333333331,2394.033333333334,41.88,78.88
2026-03-17 16:10:00,60.75,78.27,37.37,61.2,2008,2469.2,16,1,47.18,78.49,36.4,51.67,2000.8,1999,57.289999999999964,78.7333333333333,2387.566666666668,42.32,79.03
2026-03-17 16:15:00,46.72,78.76,37.65,55.37,1950,1807.8,16,1,60.75,78.27,37.37,61.2,2469.2,2008,51.54999999999996,78.50666666666665,2092.6000000000013,58.05,79.2
2026-03-17 16:20:00,41.88,78.88,37.8,51.73,1988,1776.6,16,1,46.72,78.76,37.65,55.37,1807.8,1950,49.783333333333296,78.63666666666664,2017.8666666666677,56.11,79.44
2026-03-17 16:25:00,42.32,79.03,37.71,56.88,1973,1662.1,16,1,41.88,78.88,37.8,51.73,1776.6,1988,43.639999999999965,78.88999999999997,1748.8333333333346,45.22,79.98
2026-03-17 16:30:00,58.05,79.2,37.45,66.4,2003,2632.6,16,1,42.32,79.03,37.71,56.88,1662.1,1973,47.41666666666663,79.03666666666663,2023.7666666666676,48.24,79.63
2026-03-17 16:35:00,56.11,79.44,37.22,76.13,2061,2852.4,16,1,58.05,79.2,37.45,66.4,2632.6,2003,52.15999999999997,79.2233333333333,2382.366666666668,58.93,79.02
2026-03-17 16:40:00,45.22,79.98,37.6,46.54,1992,1968.8,16,1,56.11,79.44,37.22,76.13,2852.4,2061,53.12666666666663,79.53999999999998,2484.600000000001,46.28,78.63
2026-03-17 16:45:00,48.24,79.63,37.54,54.34,1939,2078.3,16,1,45.22,79.98,37.6,46.54,1968.8,1992,49.85666666666663,79.68333333333331,2299.8333333333344,58.13,79.76
2026-03-17 16:50:00,58.93,79.02,37.9,70.41,1974,2398.8,16,1,48.24,79.63,37.54,54.34,2078.3,1939,50.796666666666624,79.54333333333331,2148.6333333333346,51.51,78.66
2026-03-17 16:55:00,46.28,78.63,37.73,54.59,1984,1948.2,16,1,58.93,79.02,37.9,70.41,2398.8,1974,51.149999999999956,79.0933333333333,2141.766666666668,64.67,78.93
2026-03-17 17:00:00,58.13,79.76,37.44,72.32,1961,2591.1,17,1,46.28,78.63,37.73,54.59,1948.2,1984,54.44666666666663,79.13666666666664,2312.700000000001,45.64,79.2
2026-03-17 17:05:00,51.51,78.66,37.66,63.09,1983,2292.7,17,1,58.13,79.76,37.44,72.32,2591.1,1961,51.9733333333333,79.01666666666664,2277.3333333333344,59.45,78.7
2026-03-17 17:10:00,64.67,78.93,38.05,71.08,1912,2628.5,17,1,51.51,78.66,37.66,63.09,2292.7,1983,58.103333333333296,79.11666666666665,2504.100000000001,48.56,79.52
2026-03-17 17:15:00,45.64,79.2,37.68,62.32,1938,2097.1,17,1,64.67,78.93,38.05,71.08,2628.5,1912,53.93999999999996,78.92999999999996,2339.4333333333343,50.56,78.16
2026-03-17 17:20:00,59.45,78.7,37.34,65.69,1845,2448.3,17,1,45.64,79.2,37.68,62.32,2097.1,1938,56.58666666666662,78.94333333333331,2391.300000000001,50.67,78.52
2026-03-17 17:25:00,48.56,79.52,37.45,48.61,1889,1851.1,17,1,59.45,78.7,37.34,65.69,2448.3,1845,51.21666666666663,79.13999999999997,2132.1666666666674,49.19,78.56
2026-03-17 17:30:00,50.56,78.16,37.99,58.51,1839,2282.2,17,1,48.56,79.52,37.45,48.61,1851.1,1889,52.85666666666663,78.79333333333331,2193.8666666666677,54.45,78.05
2026-03-17 17:35:00,50.67,78.52,37.47,57.42,1939,2255.0,17,1,50.56,78.16,37.99,58.51,2282.2,1839,49.92999999999997,78.7333333333333,2129.4333333333343,63.76,78.6
2026-03-17 17:40:00,49.19,78.56,37.16,50.63,1868,1888.1,17,1,50.67,78.52,37.47,57.42,2255.0,1939,50.139999999999965,78.41333333333331,2141.766666666668,57.45,78.63
2026-03-17 17:45:00,54.45,78.05,36.95,51.79,1928,2001.4,17,1,49.19,78.56,37.16,50.63,1888.1,1868,51.43666666666663,78.37666666666665,2048.1666666666674,51.51,76.68
2026-03-17 17:50:00,63.76,78.6,37.81,68.33,1860,2628.5,17,1,54.45,78.05,36.95,51.79,2001.4,1928,55.79999999999996,78.40333333333331,2172.6666666666674,58.19,77.78
2026-03-17 17:55:00,57.45,78.63,37.63,64.65,1847,2411.6,17,1,63.76,78.6,37.81,68.33,2628.5,1860,58.55333333333329,78.42666666666663,2347.166666666668,57.28,77.34
2026-03-17 18:00:00,51.51,76.68,37.57,61.4,1870,2387.7,18,1,57.45,78.63,37.63,64.65,2411.6,1847,57.573333333333295,77.96999999999997,2475.9333333333343,60.97,78.2
2026-03-17 18:05:00,58.19,77.78,37.77,65.49,1846,2352.4,18,1,51.51,76.68,37.57,61.4,2387.7,1870,55.71666666666663,77.69666666666664,2383.900000000001,52.09,79.58
2026-03-17 18:10:00,57.28,77.34,37.99,55.98,1858,2152.2,18,1,58.19,77.78,37.77,65.49,2352.4,1846,55.65999999999996,77.26666666666665,2297.433333333334,45.2,77.36
2026-03-17 18:15:00,60.97,78.2,37.62,70.66,1871,2709.2,18,1,57.28,77.34,37.99,55.98,2152.2,1858,58.8133333333333,77.77333333333331,2404.600000000001,61.07,78.37
2026-03-17 18:20:00,52.09,79.58,37.96,68.21,1857,2555.6,18,1,60.97,78.2,37.62,70.66,2709.2,1871,56.779999999999966,78.37333333333332,2472.333333333334,46.23,78.05
2026-03-17 18:25:00,45.2,77.36,38.07,54.1,1847,1875.0,18,1,52.09,79.58,37.96,68.21,2555.6,1857,52.753333333333295,78.37999999999998,2379.9333333333343,49.88,76.54
2026-03-17 18:30:00,61.07,78.37,37.54,61.59,1900,2263.4,18,1,45.2,77.36,38.07,54.1,1875.0,1847,52.78666666666663,78.43666666666665,2231.3333333333344,52.38,76.18
2026-03-17 18:35:00,46.23,78.05,38.27,56.63,1844,1751.1,18,1,61.07,78.37,37.54,61.59,2263.4,1900,50.83333333333329,77.92666666666663,1963.1666666666679,45.08,76.16
2026-03-17 18:40:00,49.88,76.54,37.49,58.47,1806,1893.9,18,1,46.23,78.05,38.27,56.63,1751.1,1844,52.393333333333295,77.65333333333331,1969.4666666666678,49.77,75.05
2026-03-17 18:45:00,52.38,76.18,38.2,55.62,1746,2151.3,18,1,49.88,76.54,37.49,58.47,1893.9,1806,49.496666666666634,76.9233333333333,1932.100000000001,53.03,75.32
2026-03-17 18:50:00,45.08,76.16,37.62,56.88,1733,1907.2,18,1,52.38,76.18,38.2,55.62,2151.3,1746,49.113333333333294,76.29333333333331,1984.1333333333343,43.8,72.52
2026-03-17 18:55:00,49.77,75.05,37.87,57.02,1740,2086.6,18,1,45.08,76.16,37.62,56.88,1907.2,1733,49.07666666666663,75.79666666666664,2048.3666666666672,49.72,73.04
2026-03-17 19:00:00,53.03,75.32,37.84,48.31,1711,1977.1,19,1,49.77,75.05,37.87,57.02,2086.6,1740,49.293333333333294,75.50999999999998,1990.3000000000009,83.94,88.88
2026-03-17 19:05:00,43.8,72.52,37.84,43.25,1729,1650.5,19,1,53.03,75.32,37.84,48.31,1977.1,1711,48.866666666666625,74.29666666666664,1904.7333333333343,53.91,73.62
2026-03-17 19:10:00,49.72,73.04,38.38,57.77,1689,2057.8,19,1,43.8,72.52,37.84,43.25,1650.5,1729,48.84999999999996,73.62666666666665,1895.1333333333341,43.22,72.6
2026-03-17 19:15:00,83.94,88.88,37.58,90.54,2635,3065.7,19,1,49.72,73.04,38.38,57.77,2057.8,1689,59.153333333333286,78.14666666666665,2258.0000000000005,45.41,71.9
2026-03-17 19:20:00,53.91,73.62,37.42,59.02,1663,2209.9,19,1,83.94,88.88,37.58,90.54,3065.7,2635,62.52333333333329,78.51333333333332,2444.4666666666676,40.61,72.05
2026-03-17 19:25:00,43.22,72.6,38.27,51.99,1648,1642.5,19,1,53.91,73.62,37.42,59.02,2209.9,1663,60.35666666666663,78.36666666666663,2306.033333333334,46.56,71.66
2026-03-17 19:30:00,45.41,71.9,37.78,46.59,1568,1918.8,19,1,43.22,72.6,38.27,51.99,1642.5,1648,47.51333333333329,72.70666666666665,1923.7333333333343,38.03,70.43
2026-03-17 19:35:00,40.61,72.05,38.08,48.98,1618,1769.1,19,1,45.41,71.9,37.78,46.59,1918.8,1568,43.07999999999996,72.18333333333331,1776.8000000000009,50.86,69.51
2026-03-17 19:40:00,46.56,71.66,37.67,52.12,1611,2048.8,19,1,40.61,72.05,38.08,48.98,1769.1,1618,44.19333333333329,71.86999999999998,1912.2333333333343,42.48,68.51
2026-03-17 19:45:00,38.03,70.43,38.62,38.77,1604,1387.0,19,1,46.56,71.66,37.67,52.12,2048.8,1611,41.7333333333333,71.37999999999998,1734.9666666666674,47.31,69.61
2026-03-17 19:50:00,50.86,69.51,37.89,51.83,1560,1992.7,19,1,38.03,70.43,38.62,38.77,1387.0,1604,45.149999999999956,70.5333333333333,1809.500000000001,49.07,69.85
2026-03-17 19:55:00,42.48,68.51,38.38,39.91,1538,1683.6,19,1,50.86,69.51,37.89,51.83,1992.7,1560,43.789999999999964,69.48333333333332,1687.7666666666676,46.74,69.71
2026-03-17 20:00:00,47.31,69.61,38.56,39.61,1556,1442.0,20,1,42.48,68.51,38.38,39.91,1683.6,1538,46.8833333333333,69.20999999999998,1706.100000000001,38.5,70.26
2026-03-17 20:05:00,49.07,69.85,37.81,55.55,1529,2015.1,20,1,47.31,69.61,38.56,39.61,1442.0,1556,46.28666666666663,69.32333333333331,1713.5666666666675,48.1,70.09
2026-03-17 20:10:00,46.74,69.71,38.55,51.84,1588,1758.6,20,1,49.07,69.85,37.81,55.55,2015.1,1529,47.70666666666663,69.72333333333331,1738.5666666666675,43.63,69.25
2026-03-17 20:15:00,38.5,70.26,38.19,45.47,1498,1596.5,20,1,46.74,69.71,38.55,51.84,1758.6,1588,44.76999999999996,69.93999999999998,1790.0666666666675,42.8,68.55
2026-03-17 20:20:00,48.1,70.09,38.26,59.78,1475,1905.9,20,1,38.5,70.26,38.19,45.47,1596.5,1498,44.44666666666663,70.01999999999998,1753.6666666666677,41.25,68.05
2026-03-17 20:25:00,43.63,69.25,37.46,51.35,1407,1543.4,20,1,48.1,70.09,38.26,59.78,1905.9,1475,43.40999999999996,69.86666666666666,1681.9333333333343,38.86,68.07
2026-03-17 20:30:00,42.8,68.55,37.81,46.77,1446,1552.4,20,1,43.63,69.25,37.46,51.35,1543.4,1407,44.8433333333333,69.29666666666664,1667.2333333333343,40.76,67.7
2026-03-17 20:35:00,41.25,68.05,38.42,49.07,1331,1289.6,20,1,42.8,68.55,37.81,46.77,1552.4,1446,42.55999999999997,68.61666666666663,1461.800000000001,36.61,68.37
2026-03-17 20:40:00,38.86,68.07,38.26,38.55,1391,1332.1,20,1,41.25,68.05,38.42,49.07,1289.6,1331,40.96999999999996,68.2233333333333,1391.3666666666675,36.34,66.76
2026-03-17 20:45:00,40.76,67.7,38.23,54.36,1419,1851.2,20,1,38.86,68.07,38.26,38.55,1332.1,1391,40.28999999999996,67.93999999999997,1490.9666666666678,41.09,66.6
2026-03-17 20:50:00,36.61,68.37,37.93,43.28,1373,1679.5,20,1,40.76,67.7,38.23,54.36,1851.2,1419,38.7433333333333,68.04666666666664,1620.9333333333343,48.87,67.5
2026-03-17 20:55:00,36.34,66.76,38.2,34.66,1384,1229.9,20,1,36.61,68.37,37.93,43.28,1679.5,1373,37.9033333333333,67.60999999999997,1586.8666666666677,46.76,68.63
2026-03-17 21:00:00,41.09,66.6,38.53,45.4,1324,1374.0,21,1,36.34,66.76,38.2,34.66,1229.9,1384,38.0133333333333,67.24333333333333,1427.800000000001,38.04,69.14
2026-03-17 21:05:00,48.87,67.5,37.79,57.25,1369,1862.7,21,1,41.09,66.6,38.53,45.4,1374.0,1324,42.099999999999966,66.95333333333332,1488.8666666666677,38.56,68.37
2026-03-17 21:10:00,46.76,68.63,38.67,54.2,1302,1681.0,21,1,48.87,67.5,37.79,57.25,1862.7,1369,45.573333333333295,67.57666666666664,1639.2333333333343,66.81,67.27
2026-03-17 21:15:00,38.04,69.14,38.41,40.03,1294,1254.4,21,1,46.76,68.63,38.67,54.2,1681.0,1302,44.55666666666662,68.4233333333333,1599.3666666666677,36.45,66.36
2026-03-17 21:20:00,38.56,68.37,38.51,37.83,1297,1165.6,21,1,38.04,69.14,38.41,40.03,1254.4,1294,41.119999999999955,68.71333333333331,1367.000000000001,48.18,66.01
2026-03-17 21:25:00,66.81,67.27,60.14,38.19,1239,1352.6,21,1,38.56,68.37,38.51,37.83,1165.6,1297,47.80333333333329,68.25999999999998,1257.5333333333344,40.07,65.81
2026-03-17 21:30:00,36.45,66.36,38.02,41.17,1221,1299.7,21,1,66.81,67.27,60.14,38.19,1352.6,1239,47.27333333333329,67.33333333333331,1272.6333333333341,40.72,64.83
2026-03-17 21:35:00,48.18,66.01,38.83,52.57,1208,1629.5,21,1,36.45,66.36,38.02,41.17,1299.7,1221,50.47999999999996,66.54666666666664,1427.2666666666676,35.43,63.13
2026-03-17 21:40:00,40.07,65.81,38.85,36.93,1224,1094.3,21,1,48.18,66.01,38.83,52.57,1629.5,1208,41.56666666666663,66.05999999999999,1341.1666666666677,38.29,61.62
2026-03-17 21:45:00,40.72,64.83,38.69,40.95,1193,1498.6,21,1,40.07,65.81,38.85,36.93,1094.3,1224,42.98999999999996,65.54999999999997,1407.4666666666674,39.73,61.9
2026-03-17 21:50:00,35.43,63.13,38.64,43.03,1144,1260.5,21,1,40.72,64.83,38.69,40.95,1498.6,1193,38.73999999999996,64.58999999999997,1284.4666666666674,40.47,62.19
2026-03-17 21:55:00,38.29,61.62,38.54,40.22,1136,1130.6,21,1,35.43,63.13,38.64,43.03,1260.5,1144,38.146666666666626,63.19333333333331,1296.5666666666675,37.49,62.02
2026-03-17 22:00:00,39.73,61.9,38.42,30.98,1173,1137.2,22,1,38.29,61.62,38.54,40.22,1130.6,1136,37.81666666666663,62.21666666666664,1176.100000000001,39.53,61.59
2026-03-17 22:05:00,40.47,62.19,38.27,44.02,1156,1407.4,22,1,39.73,61.9,38.42,30.98,1137.2,1173,39.49666666666662,61.90333333333331,1225.0666666666677,36.07,61.37
2026-03-17 22:10:00,37.49,62.02,38.61,43.05,1116,1309.6,22,1,40.47,62.19,38.27,44.02,1407.4,1156,39.22999999999996,62.03666666666664,1284.7333333333343,34.44,60.69
2026-03-17 22:15:00,39.53,61.59,38.95,50.46,1104,1645.3,22,1,37.49,62.02,38.61,43.05,1309.6,1116,39.1633333333333,61.93333333333331,1454.100000000001,34.22,61.13
2026-03-17 22:20:00,36.07,61.37,38.99,39.47,1067,1262.4,22,1,39.53,61.59,38.95,50.46,1645.3,1104,37.69666666666663,61.659999999999975,1405.7666666666676,33.27,60.02
2026-03-17 22:25:00,34.44,60.69,38.89,30.86,1010,995.8,22,1,36.07,61.37,38.99,39.47,1262.4,1067,36.67999999999996,61.21666666666664,1301.1666666666677,45.76,60.62
2026-03-17 22:30:00,34.22,61.13,38.82,39.9,1098,1260.4,22,1,34.44,60.69,38.89,30.86,995.8,1010,34.90999999999996,61.06333333333331,1172.8666666666675,29.7,60.45
2026-03-17 22:35:00,33.27,60.02,38.74,33.57,1001,1091.7,22,1,34.22,61.13,38.82,39.9,1260.4,1098,33.97666666666663,60.61333333333331,1115.9666666666674,32.19,60.05
2026-03-17 22:40:00,45.76,60.62,38.07,42.57,1033,1361.5,22,1,33.27,60.02,38.74,33.57,1091.7,1001,37.749999999999964,60.589999999999975,1237.8666666666677,34.72,60.54
2026-03-17 22:45:00,29.7,60.45,38.35,31.9,889,1001.5,22,1,45.76,60.62,38.07,42.57,1361.5,1033,36.2433333333333,60.36333333333331,1151.5666666666675,31.0,59.72
2026-03-17 22:50:00,32.19,60.05,37.93,34.78,912,1111.6,22,1,29.7,60.45,38.35,31.9,1001.5,889,35.88333333333329,60.373333333333306,1158.200000000001,36.09,58.93
2026-03-17 22:55:00,34.72,60.54,38.43,33.27,899,865.1,22,1,32.19,60.05,37.93,34.78,1111.6,912,32.20333333333329,60.34666666666664,992.7333333333344,28.14,57.96
2026-03-17 23:00:00,31.0,59.72,38.63,28.45,872,916.4,23,1,34.72,60.54,38.43,33.27,865.1,899,32.63666666666663,60.1033333333333,964.3666666666676,37.22,56.68
2026-03-17 23:05:00,36.09,58.93,38.52,25.79,832,1027.1,23,1,31.0,59.72,38.63,28.45,916.4,872,33.93666666666663,59.72999999999998,936.2000000000008,27.22,56.61
2026-03-17 23:10:00,28.14,57.96,38.54,30.3,831,791.5,23,1,36.09,58.93,38.52,25.79,1027.1,832,31.743333333333293,58.869999999999976,911.6666666666675,29.04,56.51
2026-03-17 23:15:00,37.22,56.68,38.99,31.94,807,973.6,23,1,28.14,57.96,38.54,30.3,791.5,831,33.81666666666663,57.85666666666665,930.7333333333341,26.51,56.5
2026-03-17 23:20:00,27.22,56.61,38.67,28.02,736,733.0,23,1,37.22,56.68,38.99,31.94,973.6,807,30.859999999999957,57.083333333333314,832.7000000000008,23.58,55.59
2026-03-17 23:25:00,29.04,56.51,38.49,28.4,859,939.9,23,1,27.22,56.61,38.67,28.02,733.0,736,31.159999999999958,56.59999999999997,882.1666666666675,37.51,55.32
2026-03-17 23:30:00,26.51,56.5,38.36,35.86,730,833.2,23,1,29.04,56.51,38.49,28.4,939.9,859,27.58999999999996,56.53999999999997,835.3666666666677,32.51,56.1
2026-03-17 23:35:00,23.58,55.59,38.12,30.15,862,862.7,23,1,26.51,56.5,38.36,35.86,833.2,730,26.376666666666626,56.19999999999998,878.6000000000009,38.04,71.31
2026-03-17 23:40:00,37.51,55.32,38.12,28.53,806,1054.9,23,1,23.58,55.59,38.12,30.15,862.7,862,29.19999999999996,55.80333333333331,916.9333333333343,33.9,56.87
2026-03-17 23:45:00,32.51,56.1,39.07,35.97,790,979.9,23,1,37.51,55.32,38.12,28.53,1054.9,806,31.199999999999957,55.66999999999998,965.8333333333343,29.89,56.36
2026-03-17 23:50:00,38.04,71.31,38.7,51.7,1048,1490.1,23,1,32.51,56.1,39.07,35.97,979.9,790,36.01999999999995,60.909999999999975,1174.9666666666674,34.64,55.14
2026-03-17 23:55:00,33.9,56.87,38.84,34.11,747,1133.9,23,1,38.04,71.31,38.7,51.7,1490.1,1048,34.81666666666663,61.42666666666664,1201.3000000000009,20.99,55.47
2026-03-18 00:00:00,29.89,56.36,35.43,29.34,704,733.2,0,2,33.9,56.87,38.84,34.11,1133.9,747,33.94333333333329,61.513333333333314,1119.0666666666675,27.3,55.51
2026-03-18 00:05:00,34.64,55.14,34.87,25.85,678,680.4,0,2,29.89,56.36,35.43,29.34,733.2,704,32.80999999999996,56.123333333333306,849.1666666666675,22.99,55.38
2026-03-18 00:10:00,20.99,55.47,35.25,14.38,718,716.2,0,2,34.64,55.14,34.87,25.85,680.4,678,28.50666666666663,55.65666666666664,709.9333333333342,22.1,53.2
2026-03-18 00:15:00,27.3,55.51,34.69,25.4,693,888.0,0,2,20.99,55.47,35.25,14.38,716.2,718,27.643333333333292,55.37333333333331,761.5333333333342,29.69,51.48
2026-03-18 00:20:00,22.99,55.38,35.08,29.16,698,718.8,0,2,27.3,55.51,34.69,25.4,888.0,693,23.75999999999996,55.45333333333331,774.333333333334,28.06,50.45
2026-03-18 00:25:00,22.1,53.2,35.35,19.07,606,514.2,0,2,22.99,55.38,35.08,29.16,718.8,698,24.129999999999963,54.69666666666664,707.0000000000009,29.46,50.73
2026-03-18 00:30:00,29.69,51.48,35.13,33.23,713,978.9,0,2,22.1,53.2,35.35,19.07,514.2,606,24.92666666666663,53.35333333333332,737.3000000000008,17.88,50.31
2026-03-18 00:35:00,28.06,50.45,34.68,25.79,681,803.7,0,2,29.69,51.48,35.13,33.23,978.9,713,26.616666666666628,51.70999999999998,765.6000000000008,32.24,50.28
2026-03-18 00:40:00,29.46,50.73,34.77,28.12,614,857.3,0,2,28.06,50.45,34.68,25.79,803.7,681,29.06999999999996,50.886666666666635,879.9666666666675,29.47,50.75
2026-03-18 00:45:00,17.88,50.31,34.93,26.09,522,556.6,0,2,29.46,50.73,34.77,28.12,857.3,614,25.133333333333294,50.49666666666664,739.2000000000008,23.36,49.59
2026-03-18 00:50:00,32.24,50.28,35.54,25.58,670,812.0,0,2,17.88,50.31,34.93,26.09,556.6,522,26.526666666666625,50.439999999999976,741.9666666666675,27.8,48.45
2026-03-18 00:55:00,29.47,50.75,35.24,28.98,591,729.5,0,2,32.24,50.28,35.54,25.58,812.0,670,26.529999999999962,50.44666666666665,699.3666666666676,26.6,49.52
2026-03-18 01:00:00,23.36,49.59,35.51,17.57,561,537.9,1,2,29.47,50.75,35.24,28.98,729.5,591,28.356666666666626,50.20666666666665,693.1333333333341,25.51,50.11
2026-03-18 01:05:00,27.8,48.45,35.45,24.48,451,540.0,1,2,23.36,49.59,35.51,17.57,537.9,561,26.876666666666626,49.59666666666664,602.4666666666675,26.48,48.39
2026-03-18 01:10:00,26.6,49.52,35.26,21.69,511,518.7,1,2,27.8,48.45,35.45,24.48,540.0,451,25.91999999999996,49.186666666666646,532.2000000000008,33.89,48.21
2026-03-18 01:15:00,25.51,50.11,35.48,27.8,496,711.6,1,2,26.6,49.52,35.26,21.69,518.7,511,26.636666666666628,49.35999999999998,590.1000000000008,21.58,49.23
2026-03-18 01:20:00,26.48,48.39,34.97,19.39,530,556.2,1,2,25.51,50.11,35.48,27.8,711.6,496,26.19666666666663,49.339999999999975,595.5000000000009,18.12,50.1
2026-03-18 01:25:00,33.89,48.21,34.75,13.12,390,491.9,1,2,26.48,48.39,34.97,19.39,556.2,530,28.626666666666626,48.90333333333331,586.5666666666675,27.24,49.67
2026-03-18 01:30:00,21.58,49.23,35.39,19.32,494,476.4,1,2,33.89,48.21,34.75,13.12,491.9,390,27.316666666666624,48.60999999999998,508.1666666666676,31.83,49.63
2026-03-18 01:35:00,18.12,50.1,35.0,21.92,488,453.6,1,2,21.58,49.23,35.39,19.32,476.4,494,24.52999999999996,49.17999999999998,473.96666666666744,31.58,49.24
2026-03-18 01:40:00,27.24,49.67,35.14,20.95,455,571.3,1,2,18.12,50.1,35.0,21.92,453.6,488,22.313333333333293,49.666666666666636,500.43333333333413,21.96,48.26
2026-03-18 01:45:00,31.83,49.63,35.18,28.53,528,789.3,1,2,27.24,49.67,35.14,20.95,571.3,455,25.72999999999996,49.799999999999976,604.7333333333341,24.83,49.61
2026-03-18 01:50:00,31.58,49.24,34.72,18.43,526,622.4,1,2,31.83,49.63,35.18,28.53,789.3,528,30.216666666666622,49.513333333333314,661.0000000000008,21.55,49.28
2026-03-18 01:55:00,21.96,48.26,35.53,27.42,503,628.6,1,2,31.58,49.24,34.72,18.43,622.4,526,28.456666666666624,49.043333333333315,680.1000000000008,20.62,49.47
2026-03-18 02:00:00,24.83,49.61,35.86,21.94,438,456.1,2,2,21.96,48.26,35.53,27.42,628.6,503,26.123333333333292,49.03666666666664,569.0333333333342,29.77,50.31
2026-03-18 02:05:00,21.55,49.28,35.88,23.94,476,492.1,2,2,24.83,49.61,35.86,21.94,456.1,438,22.77999999999996,49.049999999999976,525.6000000000008,21.97,49.61
2026-03-18 02:10:00,20.62,49.47,35.02,31.97,549,724.4,2,2,21.55,49.28,35.88,23.94,492.1,476,22.333333333333297,49.45333333333331,557.5333333333342,17.95,47.74
2026-03-18 02:15:00,29.77,50.31,35.05,24.73,371,537.4,2,2,20.62,49.47,35.02,31.97,724.4,549,23.97999999999996,49.686666666666646,584.6333333333342,20.49,46.54
2026-03-18 02:20:00,21.97,49.61,35.41,21.5,496,468.8,2,2,29.77,50.31,35.05,24.73,537.4,371,24.119999999999962,49.796666666666646,576.8666666666675,20.37,46.49
2026-03-18 02:25:00,17.95,47.74,35.67,23.12,380,521.3,2,2,21.97,49.61,35.41,21.5,468.8,496,23.22999999999996,49.21999999999998,509.1666666666674,28.26,48.33
2026-03-18 02:30:00,20.49,46.54,35.42,24.26,366,472.6,2,2,17.95,47.74,35.67,23.12,521.3,380,20.136666666666628,47.96333333333331,487.5666666666675,26.57,47.4
2026-03-18 02:35:00,20.37,46.49,34.98,19.63,372,474.8,2,2,20.49,46.54,35.42,24.26,472.6,366,19.603333333333293,46.92333333333331,489.5666666666675,22.63,47.31
2026-03-18 02:40:00,28.26,48.33,35.63,26.87,481,545.8,2,2,20.37,46.49,34.98,19.63,474.8,372,23.03999999999996,47.119999999999976,497.7333333333342,28.04,48.12
2026-03-18 02:45:00,26.57,47.4,35.55,20.07,414,446.2,2,2,28.26,48.33,35.63,26.87,545.8,481,25.06666666666663,47.40666666666664,488.93333333333413,28.44,48.03
2026-03-18 02:50:00,22.63,47.31,34.71,23.86,423,486.9,2,2,26.57,47.4,35.55,20.07,446.2,414,25.81999999999996,47.67999999999997,492.96666666666755,19.71,46.52
2026-03-18 02:55:00,28.04,48.12,35.99,25.56,413,477.6,2,2,22.63,47.31,34.71,23.86,486.9,423,25.746666666666624,47.60999999999998,470.2333333333342,21.8,46.4
2026-03-18 03:00:00,28.44,48.03,35.53,28.07,376,563.8,3,2,28.04,48.12,35.99,25.56,477.6,413,26.369999999999962,47.81999999999997,509.43333333333413,20.42,46.61
2026-03-18 03:05:00,19.71,46.52,35.1,17.05,410,365.8,3,2,28.44,48.03,35.53,28.07,563.8,376,25.39666666666663,47.55666666666664,469.0666666666675,25.42,47.24
2026-03-18 03:10:00,21.8,46.4,35.76,20.25,355,406.0,3,2,19.71,46.52,35.1,17.05,365.8,410,23.316666666666624,46.98333333333331,445.2000000000008,26.0,46.9
2026-03-18 03:15:00,20.42,46.61,35.54,20.97,388,410.9,3,2,21.8,46.4,35.76,20.25,406.0,355,20.643333333333295,46.50999999999997,394.2333333333342,22.66,45.75
2026-03-18 03:20:00,25.42,47.24,35.62,20.39,342,419.0,3,2,20.42,46.61,35.54,20.97,410.9,388,22.546666666666628,46.74999999999998,411.96666666666755,25.58,45.0
2026-03-18 03:25:00,26.0,46.9,35.47,16.17,361,347.3,3,2,25.42,47.24,35.62,20.39,419.0,342,23.94666666666663,46.916666666666636,392.40000000000083,19.76,45.4
2026-03-18 03:30:00,22.66,45.75,35.21,20.36,388,504.5,3,2,26.0,46.9,35.47,16.17,347.3,361,24.693333333333296,46.629999999999974,423.6000000000008,51.29,55.25
2026-03-18 03:35:00,25.58,45.0,35.7,22.34,426,520.3,3,2,22.66,45.75,35.21,20.36,504.5,388,24.746666666666627,45.883333333333304,457.36666666666747,20.16,45.73
2026-03-18 03:40:00,19.76,45.4,35.92,20.25,389,477.7,3,2,25.58,45.0,35.7,22.34,520.3,426,22.66666666666663,45.383333333333304,500.83333333333417,29.18,45.11
2026-03-18 03:45:00,51.29,55.25,35.37,43.55,593,801.3,3,2,19.76,45.4,35.92,20.25,477.7,389,32.20999999999996,48.549999999999976,599.7666666666674,17.92,44.69
2026-03-18 03:50:00,20.16,45.73,35.33,16.48,414,477.4,3,2,51.29,55.25,35.37,43.55,801.3,593,30.403333333333293,48.7933333333333,585.4666666666675,19.91,44.73
2026-03-18 03:55:00,29.18,45.11,35.29,20.38,418,550.8,3,2,20.16,45.73,35.33,16.48,477.4,414,33.543333333333294,48.69666666666664,609.833333333334,26.19,45.51
2026-03-18 04:00:00,17.92,44.69,34.98,23.63,401,461.4,4,2,29.18,45.11,35.29,20.38,550.8,418,22.41999999999996,45.17666666666664,496.53333333333416,21.71,44.3
2026-03-18 04:05:00,19.91,44.73,35.68,25.05,401,520.1,4,2,17.92,44.69,34.98,23.63,461.4,401,22.336666666666627,44.843333333333305,510.7666666666675,25.58,44.7
2026-03-18 04:10:00,26.19,45.51,35.83,24.85,403,509.9,4,2,19.91,44.73,35.68,25.05,520.1,401,21.33999999999996,44.97666666666664,497.1333333333341,17.29,44.4
2026-03-18 04:15:00,21.71,44.3,35.58,25.32,449,568.8,4,2,26.19,45.51,35.83,24.85,509.9,403,22.603333333333293,44.846666666666636,532.9333333333342,23.91,45.25
2026-03-18 04:20:00,25.58,44.7,35.73,26.65,309,441.3,4,2,21.71,44.3,35.58,25.32,568.8,449,24.493333333333293,44.836666666666645,506.6666666666675,23.98,45.28
2026-03-18 04:25:00,17.29,44.4,35.92,14.67,376,382.0,4,2,25.58,44.7,35.73,26.65,441.3,309,21.526666666666628,44.46666666666664,464.03333333333416,20.66,44.63
2026-03-18 04:30:00,23.91,45.25,35.82,13.7,402,454.4,4,2,17.29,44.4,35.92,14.67,382.0,376,22.25999999999996,44.7833333333333,425.90000000000083,31.45,44.19
2026-03-18 04:35:00,23.98,45.28,35.04,30.32,379,481.6,4,2,23.91,45.25,35.82,13.7,454.4,402,21.726666666666627,44.97666666666665,439.33333333333417,25.84,45.21
2026-03-18 04:40:00,20.66,44.63,35.75,16.53,422,445.2,4,2,23.98,45.28,35.04,30.32,481.6,379,22.849999999999962,45.05333333333331,460.40000000000083,19.52,44.38
2026-03-18 04:45:00,31.45,44.19,35.91,18.97,431,590.0,4,2,20.66,44.63,35.75,16.53,445.2,422,25.36333333333329,44.69999999999998,505.6000000000008,25.0,43.51
2026-03-18 04:50:00,25.84,45.21,35.68,21.8,447,438.7,4,2,31.45,44.19,35.91,18.97,590.0,431,25.98333333333329,44.67666666666664,491.30000000000086,24.73,44.73
2026-03-18 04:55:00,19.52,44.38,35.82,25.67,469,715.5,4,2,25.84,45.21,35.68,21.8,438.7,447,25.603333333333293,44.59333333333331,581.4000000000009,17.11,43.94
2026-03-18 05:00:00,25.0,43.51,35.65,23.43,451,590.4,5,2,19.52,44.38,35.82,25.67,715.5,469,23.45333333333329,44.366666666666646,581.5333333333342,23.37,44.5
2026-03-18 05:05:00,24.73,44.73,35.6,25.13,429,517.2,5,2,25.0,43.51,35.65,23.43,590.4,451,23.083333333333297,44.20666666666664,607.7000000000008,22.63,44.66
2026-03-18 05:10:00,17.11,43.94,36.08,20.52,453,489.9,5,2,24.73,44.73,35.6,25.13,517.2,429,22.279999999999962,44.059999999999974,532.5000000000008,25.11,44.79
2026-03-18 05:15:00,23.37,44.5,35.79,21.91,433,497.8,5,2,17.11,43.94,36.08,20.52,489.9,453,21.736666666666626,44.38999999999998,501.6333333333342,25.83,44.87
2026-03-18 05:20:00,22.63,44.66,36.25,19.04,513,515.6,5,2,23.37,44.5,35.79,21.91,497.8,433,21.036666666666626,44.366666666666646,501.1000000000008,27.13,45.02
2026-03-18 05:25:00,25.11,44.79,35.78,19.16,430,499.6,5,2,22.63,44.66,36.25,19.04,515.6,513,23.70333333333329,44.64999999999998,504.33333333333417,19.88,45.78
2026-03-18 05:30:00,25.83,44.87,35.75,24.05,501,547.0,5,2,25.11,44.79,35.78,19.16,499.6,430,24.523333333333294,44.77333333333331,520.7333333333341,25.28,46.11
2026-03-18 05:35:00,27.13,45.02,35.55,27.86,441,472.1,5,2,25.83,44.87,35.75,24.05,547.0,501,26.023333333333294,44.89333333333332,506.2333333333342,21.11,45.43
2026-03-18 05:40:00,19.88,45.78,36.25,29.11,493,439.5,5,2,27.13,45.02,35.55,27.86,472.1,441,24.27999999999996,45.22333333333331,486.2000000000008,26.43,45.83
2026-03-18 05:45:00,25.28,46.11,35.77,22.3,537,603.2,5,2,19.88,45.78,36.25,29.11,439.5,493,24.096666666666625,45.636666666666635,504.93333333333413,27.55,45.16
2026-03-18 05:50:00,21.11,45.43,35.59,19.29,491,481.5,5,2,25.28,46.11,35.77,22.3,603.2,537,22.08999999999996,45.77333333333331,508.0666666666675,22.87,45.75
2026-03-18 05:55:00,26.43,45.83,35.51,13.63,510,473.4,5,2,21.11,45.43,35.59,19.29,481.5,491,24.273333333333294,45.78999999999997,519.3666666666676,24.04,45.14
2026-03-18 06:00:00,27.55,45.16,36.29,25.09,499,490.8,6,2,26.43,45.83,35.51,13.63,473.4,510,25.02999999999996,45.47333333333331,481.9000000000008,27.29,46.68
2026-03-18 06:05:00,22.87,45.75,36.2,20.3,527,526.6,6,2,27.55,45.16,36.29,25.09,490.8,499,25.616666666666628,45.57999999999998,496.93333333333413,24.41,46.96
2026-03-18 06:10:00,24.04,45.14,36.04,22.56,548,542.0,6,2,22.87,45.75,36.2,20.3,526.6,527,24.81999999999996,45.34999999999997,519.8000000000008,30.62,47.35
2026-03-18 06:15:00,27.29,46.68,36.56,33.19,654,678.2,6,2,24.04,45.14,36.04,22.56,542.0,548,24.73333333333329,45.85666666666665,582.2666666666674,26.5,48.54
2026-03-18 06:20:00,24.41,46.96,35.25,31.28,546,598.3,6,2,27.29,46.68,36.56,33.19,678.2,654,25.246666666666627,46.259999999999984,606.1666666666674,32.05,50.14
2026-03-18 06:25:00,30.62,47.35,36.02,29.02,615,771.6,6,2,24.41,46.96,35.25,31.28,598.3,546,27.43999999999996,46.99666666666664,682.7000000000007,26.82,51.49
2026-03-18 06:30:00,26.5,48.54,36.12,22.7,580,641.9,6,2,30.62,47.35,36.02,29.02,771.6,615,27.17666666666663,47.616666666666646,670.6000000000008,36.93,51.1
2026-03-18 06:35:00,32.05,50.14,35.63,25.9,674,829.2,6,2,26.5,48.54,36.12,22.7,641.9,580,29.72333333333329,48.67666666666664,747.5666666666675,30.74,51.28
2026-03-18 06:40:00,26.82,51.49,36.14,22.88,539,506.5,6,2,32.05,50.14,35.63,25.9,829.2,674,28.456666666666624,50.05666666666664,659.2000000000008,27.2,51.8
2026-03-18 06:45:00,36.93,51.1,35.78,28.79,690,949.0,6,2,26.82,51.49,36.14,22.88,506.5,539,31.93333333333329,50.909999999999975,761.5666666666675,22.81,51.57
2026-03-18 06:50:00,30.74,51.28,36.29,30.17,744,611.8,6,2,36.93,51.1,35.78,28.79,949.0,690,31.496666666666627,51.28999999999997,689.1000000000008,29.46,52.13
2026-03-18 06:55:00,27.2,51.8,35.95,34.22,706,730.4,6,2,30.74,51.28,36.29,30.17,611.8,744,31.62333333333329,51.39333333333331,763.7333333333341,22.36,53.15
2026-03-18 07:00:00,22.81,51.57,36.61,32.7,693,661.5,7,2,27.2,51.8,35.95,34.22,730.4,706,26.916666666666625,51.549999999999976,667.9000000000008,32.65,53.82
2026-03-18 07:05:00,29.46,52.13,36.24,28.82,717,845.6,7,2,22.81,51.57,36.61,32.7,661.5,693,26.489999999999963,51.833333333333314,745.833333333334,35.85,56.09
2026-03-18 07:10:00,22.36,53.15,36.02,30.4,684,660.0,7,2,29.46,52.13,36.24,28.82,845.6,717,24.876666666666626,52.2833333333333,722.3666666666674,32.86,55.91
2026-03-18 07:15:00,32.65,53.82,36.15,30.68,771,976.0,7,2,22.36,53.15,36.02,30.4,660.0,684,28.156666666666624,53.03333333333331,827.2000000000007,30.6,55.7
2026-03-18 07:20:00,35.85,56.09,36.28,42.2,782,1080.0,7,2,32.65,53.82,36.15,30.68,976.0,771,30.286666666666623,54.35333333333332,905.333333333334,29.39,54.39
2026-03-18 07:25:00,32.86,55.91,35.54,27.12,857,824.6,7,2,35.85,56.09,36.28,42.2,1080.0,782,33.786666666666626,55.27333333333331,960.2000000000007,37.01,54.29
2026-03-18 07:30:00,30.6,55.7,36.05,33.52,781,936.4,7,2,32.86,55.91,35.54,27.12,824.6,857,33.10333333333329,55.89999999999998,947.0000000000008,38.22,54.36
2026-03-18 07:35:00,29.39,54.39,36.02,32.09,762,1094.6,7,2,30.6,55.7,36.05,33.52,936.4,781,30.94999999999996,55.333333333333314,951.8666666666674,38.8,55.33
2026-03-18 07:40:00,37.01,54.29,36.45,27.83,807,1081.3,7,2,29.39,54.39,36.02,32.09,1094.6,762,32.33333333333329,54.793333333333315,1037.433333333334,33.99,56.7
2026-03-18 07:45:00,38.22,54.36,36.41,33.08,806,1027.8,7,2,37.01,54.29,36.45,27.83,1081.3,807,34.873333333333285,54.346666666666636,1067.9000000000008,26.63,55.68
2026-03-18 07:50:00,38.8,55.33,36.29,34.25,845,1149.9,7,2,38.22,54.36,36.41,33.08,1027.8,806,38.009999999999955,54.659999999999975,1086.3333333333342,32.48,56.12
2026-03-18 07:55:00,33.99,56.7,36.05,35.6,871,885.9,7,2,38.8,55.33,36.29,34.25,1149.9,845,37.003333333333295,55.46333333333331,1021.2000000000008,34.62,55.54
2026-03-18 08:00:00,26.63,55.68,36.49,34.04,833,791.8,8,2,33.99,56.7,36.05,35.6,885.9,871,33.13999999999996,55.90333333333331,942.5333333333341,43.83,70.26
2026-03-18 08:05:00,32.48,56.12,36.47,42.56,975,1135.6,8,2,26.63,55.68,36.49,34.04,791.8,833,31.03333333333329,56.16666666666665,937.7666666666673,27.22,55.17
2026-03-18 08:10:00,34.62,55.54,36.04,39.9,934,1220.1,8,2,32.48,56.12,36.47,42.56,1135.6,975,31.243333333333286,55.77999999999997,1049.1666666666672,38.64,54.29
2026-03-18 08:15:00,43.83,70.26,36.54,49.4,1247,1572.7,8,2,34.62,55.54,36.04,39.9,1220.1,934,36.976666666666624,60.63999999999998,1309.4666666666674,35.78,54.32
2026-03-18 08:20:00,27.22,55.17,36.06,28.8,925,804.9,8,2,43.83,70.26,36.54,49.4,1572.7,1247,35.22333333333329,60.323333333333316,1199.233333333334,36.11,54.77
2026-03-18 08:25:00,38.64,54.29,36.13,46.48,898,1092.3,8,2,27.22,55.17,36.06,28.8,804.9,925,36.56333333333329,59.906666666666645,1156.6333333333341,36.52,56.25
2026-03-18 08:30:00,35.78,54.32,36.35,40.77,952,1276.1,8,2,38.64,54.29,36.13,46.48,1092.3,898,33.87999999999996,54.593333333333305,1057.7666666666673,31.76,55.3
2026-03-18 08:35:00,36.11,54.77,36.02,33.55,1042,1361.3,8,2,35.78,54.32,36.35,40.77,1276.1,952,36.84333333333329,54.45999999999998,1243.233333333334,36.1,55.21
2026-03-18 08:40:00,36.52,56.25,36.76,38.48,1044,1029.6,8,2,36.11,54.77,36.02,33.55,1361.3,1042,36.13666666666663,55.113333333333316,1222.3333333333342,34.25,56.47
2026-03-18 08:45:00,31.76,55.3,36.33,42.59,923,1302.1,8,2,36.52,56.25,36.76,38.48,1029.6,1044,34.796666666666624,55.439999999999976,1231.0000000000007,30.51,56.84
2026-03-18 08:50:00,36.1,55.21,36.11,42.86,990,1321.7,8,2,31.76,55.3,36.33,42.59,1302.1,923,34.79333333333329,55.586666666666645,1217.8000000000009,43.38,58.19
2026-03-18 08:55:00,34.25,56.47,36.55,37.34,1097,1068.7,8,2,36.1,55.21,36.11,42.86,1321.7,990,34.036666666666626,55.65999999999997,1230.8333333333342,33.2,59.42
2026-03-18 09:00:00,30.51,56.84,36.41,35.86,1073,1087.5,9,2,34.25,56.47,36.55,37.34,1068.7,1097,33.619999999999955,56.17333333333331,1159.3000000000009,33.36,57.94
2026-03-18 09:05:00,43.38,58.19,36.84,37.74,1129,1429.7,9,2,30.51,56.84,36.41,35.86,1087.5,1073,36.046666666666624,57.16666666666665,1195.3000000000009,39.22,58.5
2026-03-18 09:10:00,33.2,59.42,36.36,46.47,1124,1308.8,9,2,43.38,58.19,36.84,37.74,1429.7,1129,35.69666666666662,58.14999999999998,1275.3333333333342,41.2,57.77
2026-03-18 09:15:00,33.36,57.94,36.53,43.73,1117,1384.9,9,2,33.2,59.42,36.36,46.47,1308.8,1124,36.646666666666626,58.516666666666644,1374.4666666666678,37.86,58.52
2026-03-18 09:20:00,39.22,58.5,36.24,37.52,1205,1241.2,9,2,33.36,57.94,36.53,43.73,1384.9,1117,35.259999999999955,58.619999999999976,1311.6333333333341,29.54,60.31
2026-03-18 09:25:00,41.2,57.77,36.47,37.71,1097,1196.5,9,2,39.22,58.5,36.24,37.52,1241.2,1205,37.92666666666663,58.06999999999997,1274.2000000000007,39.59,60.13
2026-03-18 09:30:00,37.86,58.52,36.35,43.8,1137,1565.4,9,2,41.2,57.77,36.47,37.71,1196.5,1097,39.42666666666663,58.263333333333314,1334.3666666666677,44.26,60.2
2026-03-18 09:35:00,29.54,60.31,36.84,39.95,1169,1290.2,9,2,37.86,58.52,36.35,43.8,1565.4,1137,36.19999999999996,58.866666666666646,1350.700000000001,44.47,60.4
2026-03-18 09:40:00,39.59,60.13,36.18,44.94,1271,1376.4,9,2,29.54,60.31,36.84,39.95,1290.2,1169,35.66333333333329,59.65333333333331,1410.6666666666677,47.54,60.44
2026-03-18 09:45:00,44.26,60.2,36.77,41.48,1158,1451.0,9,2,39.59,60.13,36.18,44.94,1376.4,1271,37.796666666666624,60.21333333333331,1372.533333333334,34.1,60.59
2026-03-18 09:50:00,44.47,60.4,35.88,50.43,1210,1644.3,9,2,44.26,60.2,36.77,41.48,1451.0,1158,42.77333333333329,60.24333333333331,1490.5666666666675,32.61,62.02
2026-03-18 09:55:00,47.54,60.44,36.47,50.05,1235,1678.6,9,2,44.47,60.4,35.88,50.43,1644.3,1210,45.42333333333329,60.34666666666664,1591.3000000000009,43.36,62.37
2026-03-18 10:00:00,34.1,60.59,36.38,38.36,1312,1192.0,10,2,47.54,60.44,36.47,50.05,1678.6,1235,42.036666666666626,60.47666666666664,1504.9666666666674,41.32,62.79
2026-03-18 10:05:00,32.61,62.02,36.48,39.02,1356,1337.7,10,2,34.1,60.59,36.38,38.36,1192.0,1312,38.08333333333329,61.016666666666644,1402.7666666666676,51.64,64.08
2026-03-18 10:10:00,43.36,62.37,36.41,59.27,1279,1704.1,10,2,32.61,62.02,36.48,39.02,1337.7,1356,36.689999999999955,61.659999999999975,1411.2666666666676,51.7,64.77
2026-03-18 10:15:00,41.32,62.79,36.47,47.77,1375,1670.2,10,2,43.36,62.37,36.41,59.27,1704.1,1279,39.09666666666663,62.39333333333331,1570.6666666666677,38.97,65.53
2026-03-18 10:20:00,51.64,64.08,36.57,46.34,1316,1732.7,10,2,41.32,62.79,36.47,47.77,1670.2,1375,45.43999999999996,63.07999999999998,1702.3333333333342,46.56,65.43
2026-03-18 10:25:00,51.7,64.77,37.0,52.53,1473,1854.1,10,2,51.64,64.08,36.57,46.34,1732.7,1316,48.21999999999996,63.879999999999974,1752.333333333334,50.63,65.5
2026-03-18 10:30:00,38.97,65.53,36.78,29.68,1311,1216.5,10,2,51.7,64.77,37.0,52.53,1854.1,1473,47.43666666666663,64.79333333333331,1601.100000000001,41.47,66.79
2026-03-18 10:35:00,46.56,65.43,36.46,48.55,1453,1824.3,10,2,38.97,65.53,36.78,29.68,1216.5,1311,45.74333333333329,65.24333333333331,1631.6333333333341,41.13,65.82
2026-03-18 10:40:00,50.63,65.5,37.03,50.54,1435,1627.5,10,2,46.56,65.43,36.46,48.55,1824.3,1453,45.38666666666663,65.48666666666664,1556.1000000000006,40.55,64.29
2026-03-18 10:45:00,41.47,66.79,37.22,40.63,1432,1575.0,10,2,50.63,65.5,37.03,50.54,1627.5,1435,46.21999999999996,65.90666666666665,1675.6000000000006,53.92,73.69
2026-03-18 10:50:00,41.13,65.82,36.28,44.25,1413,1324.4,10,2,41.47,66.79,37.22,40.63,1575.0,1432,44.40999999999996,66.03666666666665,1508.9666666666674,39.62,64.54
2026-03-18 10:55:00,40.55,64.29,37.25,44.46,1453,1349.5,10,2,41.13,65.82,36.28,44.25,1324.4,1413,41.049999999999955,65.63333333333331,1416.3000000000009,47.1,67.28
2026-03-18 11:00:00,53.92,73.69,37.13,92.09,2353,2631.4,11,2,40.55,64.29,37.25,44.46,1349.5,1453,45.19999999999996,67.93333333333331,1768.4333333333343,40.08,67.53
2026-03-18 11:05:00,39.62,64.54,36.57,48.92,1555,1552.3,11,2,53.92,73.69,37.13,92.09,2631.4,2353,44.69666666666662,67.50666666666665,1844.4000000000008,41.58,68.58
2026-03-18 11:10:00,47.1,67.28,36.51,57.55,1528,1866.5,11,2,39.62,64.54,36.57,48.92,1552.3,1555,46.87999999999996,68.50333333333332,2016.7333333333343,35.89,68.78
2026-03-18 11:15:00,40.08,67.53,36.63,40.58,1521,1365.8,11,2,47.1,67.28,36.51,57.55,1866.5,1528,42.26666666666662,66.44999999999997,1594.8666666666675,45.03,71.05
2026-03-18 11:20:00,41.58,68.58,36.87,43.92,1483,1640.0,11,2,40.08,67.53,36.63,40.58,1365.8,1521,42.91999999999996,67.79666666666664,1624.100000000001,52.79,71.52
2026-03-18 11:25:00,35.89,68.78,36.37,38.59,1638,1570.2,11,2,41.58,68.58,36.87,43.92,1640.0,1483,39.18333333333329,68.29666666666664,1525.3333333333342,48.74,72.08
2026-03-18 11:30:00,45.03,71.05,37.36,44.33,1591,1571.9,11,2,35.89,68.78,36.37,38.59,1570.2,1638,40.833333333333286,69.46999999999997,1594.0333333333344,44.35,71.78
2026-03-18 11:35:00,52.79,71.52,36.6,55.75,1642,2062.6,11,2,45.03,71.05,37.36,44.33,1571.9,1591,44.56999999999996,70.44999999999997,1734.9000000000008,46.85,72.63
2026-03-18 11:40:00,48.74,72.08,37.31,48.52,1671,1656.5,11,2,52.79,71.52,36.6,55.75,2062.6,1642,48.85333333333329,71.54999999999997,1763.6666666666677,53.33,73.91
2026-03-18 11:45:00,44.35,71.78,36.9,54.0,1564,1929.0,11,2,48.74,72.08,37.31,48.52,1656.5,1671,48.62666666666663,71.79333333333331,1882.7000000000007,48.43,74.17
2026-03-18 11:50:00,46.85,72.63,36.73,51.68,1644,1765.5,11,2,44.35,71.78,36.9,54.0,1929.0,1564,46.646666666666626,72.16333333333331,1783.6666666666677,59.79,74.4
2026-03-18 11:55:00,53.33,73.91,36.61,57.91,1708,2334.3,11,2,46.85,72.63,36.73,51.68,1765.5,1644,48.17666666666662,72.77333333333331,2009.600000000001,53.69,73.85
2026-03-18 12:00:00,48.43,74.17,36.37,47.97,1711,1880.5,12,2,53.33,73.91,36.61,57.91,2334.3,1708,49.536666666666626,73.56999999999998,1993.4333333333343,49.13,74.29
2026-03-18 12:05:00,59.79,74.4,36.4,54.19,1686,2272.1,12,2,48.43,74.17,36.37,47.97,1880.5,1711,53.84999999999996,74.15999999999998,2162.300000000001,52.52,74.35
2026-03-18 12:10:00,53.69,73.85,36.58,55.35,1639,2014.2,12,2,59.79,74.4,36.4,54.19,2272.1,1686,53.96999999999995,74.13999999999997,2055.600000000001,50.66,74.35
2026-03-18 12:15:00,49.13,74.29,36.75,60.35,1771,2150.5,12,2,53.69,73.85,36.58,55.35,2014.2,1639,54.20333333333329,74.17999999999999,2145.600000000001,41.3,72.29
2026-03-18 12:20:00,52.52,74.35,36.58,65.11,1717,2349.8,12,2,49.13,74.29,36.75,60.35,2150.5,1771,51.779999999999966,74.1633333333333,2171.500000000001,57.15,73.77
2026-03-18 12:25:00,50.66,74.35,36.95,60.75,1704,2314.0,12,2,52.52,74.35,36.58,65.11,2349.8,1717,50.76999999999996,74.32999999999998,2271.4333333333343,53.14,75.51
2026-03-18 12:30:00,41.3,72.29,37.15,40.77,1816,1609.5,12,2,50.66,74.35,36.95,60.75,2314.0,1704,48.15999999999996,73.66333333333331,2091.100000000001,60.95,74.55
2026-03-18 12:35:00,57.15,73.77,37.16,54.64,1747,2264.1,12,2,41.3,72.29,37.15,40.77,1609.5,1816,49.70333333333328,73.46999999999997,2062.533333333334,54.45,75.14
2026-03-18 12:40:00,53.14,75.51,36.89,62.92,1817,2237.4,12,2,57.15,73.77,37.16,54.64,2264.1,1747,50.52999999999995,73.85666666666664,2037.000000000001,52.13,75.06
2026-03-18 12:45:00,60.95,74.55,36.92,61.02,1728,2484.7,12,2,53.14,75.51,36.89,62.92,2237.4,1817,57.07999999999996,74.60999999999997,2328.733333333334,52.15,75.04
2026-03-18 12:50:00,54.45,75.14,36.89,47.87,1777,1966.4,12,2,60.95,74.55,36.92,61.02,2484.7,1728,56.17999999999996,75.06666666666665,2229.5000000000005,45.01,75.64
2026-03-18 12:55:00,52.13,75.06,37.13,55.79,1824,2056.7,12,2,54.45,75.14,36.89,47.87,1966.4,1777,55.8433333333333,74.91666666666664,2169.266666666668,53.87,76.17
2026-03-18 13:00:00,52.15,75.04,36.77,61.54,1842,2301.7,13,2,52.13,75.06,37.13,55.79,2056.7,1824,52.90999999999996,75.07999999999998,2108.266666666668,53.45,74.7
2026-03-18 13:05:00,45.01,75.64,36.97,48.1,1961,1915.4,13,2,52.15,75.04,36.77,61.54,2301.7,1842,49.76333333333329,75.24666666666666,2091.266666666668,59.95,75.31
2026-03-18 13:10:00,53.87,76.17,37.17,52.35,1812,2352.9,13,2,45.01,75.64,36.97,48.1,1915.4,1961,50.343333333333284,75.61666666666666,2190.0000000000005,51.6,75.82
2026-03-18 13:15:00,53.45,74.7,37.25,64.43,1904,2391.0,13,2,53.87,76.17,37.17,52.35,2352.9,1812,50.77666666666662,75.50333333333332,2219.766666666668,52.54,76.06
2026-03-18 13:20:00,59.95,75.31,36.95,64.5,1921,2502.7,13,2,53.45,74.7,37.25,64.43,2391.0,1904,55.756666666666625,75.39333333333332,2415.533333333334,56.48,77.12
2026-03-18 13:25:00,51.6,75.82,36.59,60.82,1976,2296.4,13,2,59.95,75.31,36.95,64.5,2502.7,1921,54.999999999999964,75.27666666666664,2396.700000000001,57.68,78.12
2026-03-18 13:30:00,52.54,76.06,36.38,58.51,1932,2023.5,13,2,51.6,75.82,36.59,60.82,2296.4,1976,54.69666666666662,75.72999999999998,2274.2000000000007,40.69,76.93
2026-03-18 13:35:00,56.48,77.12,36.64,59.43,1863,2096.8,13,2,52.54,76.06,36.38,58.51,2023.5,1932,53.53999999999996,76.33333333333331,2138.900000000001,56.38,78.64
2026-03-18 13:40:00,57.68,78.12,36.98,62.38,1842,2455.3,13,2,56.48,77.12,36.64,59.43,2096.8,1863,55.56666666666663,77.09999999999998,2191.8666666666677,52.79,79.22
2026-03-18 13:45:00,40.69,76.93,37.12,48.86,1851,1773.9,13,2,57.68,78.12,36.98,62.38,2455.3,1842,51.61666666666662,77.38999999999999,2108.666666666668,52.38,79.4
2026-03-18 13:50:00,56.38,78.64,36.93,62.88,1927,2146.4,13,2,40.69,76.93,37.12,48.86,1773.9,1851,51.58333333333329,77.89666666666665,2125.200000000001,58.94,81.25
2026-03-18 13:55:00,52.79,79.22,36.75,62.53,1979,2201.7,13,2,56.38,78.64,36.93,62.88,2146.4,1927,49.95333333333329,78.26333333333332,2040.6666666666677,54.31,81.1
2026-03-18 14:00:00,52.38,79.4,36.89,66.25,1906,2320.1,14,2,52.79,79.22,36.75,62.53,2201.7,1979,53.84999999999996,79.08666666666664,2222.733333333334,59.23,80.77
2026-03-18 14:05:00,58.94,81.25,37.41,70.44,1967,2565.9,14,2,52.38,79.4,36.89,66.25,2320.1,1906,54.70333333333329,79.95666666666665,2362.5666666666675,51.57,79.66
2026-03-18 14:10:00,54.31,81.1,36.98,60.18,1961,2254.6,14,2,58.94,81.25,37.41,70.44,2565.9,1967,55.20999999999996,80.58333333333331,2380.2000000000007,64.61,80.96
2026-03-18 14:15:00,59.23,80.77,36.97,67.92,2022,2649.7,14,2,54.31,81.1,36.98,60.18,2254.6,1961,57.49333333333329,81.03999999999998,2490.0666666666675,65.08,81.05
2026-03-18 14:20:00,51.57,79.66,37.0,51.06,1984,1995.1,14,2,59.23,80.77,36.97,67.92,2649.7,2022,55.036666666666626,80.50999999999998,2299.8000000000006,36.67,81.44
2026-03-18 14:25:00,64.61,80.96,37.83,63.57,2017,2552.2,14,2,51.57,79.66,37.0,51.06,1995.1,1984,58.46999999999996,80.46333333333331,2399.000000000001,56.34,80.67
2026-03-18 14:30:00,65.08,81.05,37.19,72.61,1945,2562.8,14,2,64.61,80.96,37.83,63.57,2552.2,2017,60.41999999999996,80.55666666666664,2370.033333333334,62.25,79.41
2026-03-18 14:35:00,36.67,81.44,37.16,48.32,1953,1767.5,14,2,65.08,81.05,37.19,72.61,2562.8,1945,55.4533333333333,81.14999999999998,2294.1666666666674,46.19,79.65
2026-03-18 14:40:00,56.34,80.67,37.12,64.74,1935,2318.9,14,2,36.67,81.44,37.16,48.32,1767.5,1953,52.69666666666662,81.0533333333333,2216.400000000001,60.77,80.43
2026-03-18 14:45:00,62.25,79.41,36.89,64.95,1961,2761.0,14,2,56.34,80.67,37.12,64.74,2318.9,1935,51.753333333333295,80.50666666666665,2282.4666666666676,50.16,80.78
2026-03-18 14:50:00,46.19,79.65,37.32,60.04,2026,1950.1,14,2,62.25,79.41,36.89,64.95,2761.0,1961,54.92666666666662,79.90999999999997,2343.3333333333344,58.76,80.26
2026-03-18 14:55:00,60.77,80.43,36.95,52.78,2024,2240.7,14,2,46.19,79.65,37.32,60.04,1950.1,2026,56.403333333333286,79.82999999999998,2317.2666666666673,45.68,79.42
2026-03-18 15:00:00,50.16,80.78,37.38,47.8,2029,2016.3,15,2,60.77,80.43,36.95,52.78,2240.7,2024,52.373333333333285,80.28666666666665,2069.033333333334,63.32,79.54
2026-03-18 15:05:00,58.76,80.26,37.68,64.9,2011,2269.8,15,2,50.16,80.78,37.38,47.8,2016.3,2029,56.5633333333333,80.48999999999998,2175.600000000001,44.57,79.27
2026-03-18 15:10:00,45.68,79.42,37.13,52.9,1934,1922.1,15,2,58.76,80.26,37.68,64.9,2269.8,2011,51.53333333333328,80.15333333333331,2069.400000000001,92.88,92.04
2026-03-18 15:15:00,63.32,79.54,37.15,64.68,2085,2558.1,15,2,45.68,79.42,37.13,52.9,1922.1,1934,55.91999999999996,79.73999999999998,2250.000000000001,63.97,99.0
2026-03-18 15:20:00,44.57,79.27,37.43,53.95,1958,1842.9,15,2,63.32,79.54,37.15,64.68,2558.1,2085,51.18999999999996,79.40999999999997,2107.7000000000007,57.05,81.45
2026-03-18 15:25:00,92.88,92.04,37.17,91.02,2790,3821.2,15,2,44.57,79.27,37.43,53.95,1842.9,1958,66.92333333333329,83.61666666666665,2740.733333333334,47.05,80.67
2026-03-18 15:30:00,63.97,99.0,37.3,79.0,2051,2793.6,15,2,92.88,92.04,37.17,91.02,3821.2,2790,67.13999999999996,90.10333333333331,2819.233333333334,54.85,80.55
2026-03-18 15:35:00,57.05,81.45,37.43,64.41,2039,2314.9,15,2,63.97,99.0,37.3,79.0,2793.6,2051,71.29999999999995,90.82999999999998,2976.5666666666675,56.79,80.04
2026-03-18 15:40:00,47.05,80.67,37.01,51.48,1909,1780.1,15,2,57.05,81.45,37.43,64.41,2314.9,2039,56.02333333333329,87.03999999999996,2296.2000000000007,53.54,79.98
2026-03-18 15:45:00,54.85,80.55,37.16,58.89,2005,2485.4,15,2,47.05,80.67,37.01,51.48,1780.1,1909,52.98333333333329,80.88999999999997,2193.4666666666676,47.88,79.51
2026-03-18 15:50:00,56.79,80.04,37.07,65.71,1996,2508.3,15,2,54.85,80.55,37.16,58.89,2485.4,2005,52.896666666666626,80.41999999999997,2257.9333333333343,60.66,79.76
2026-03-18 15:55:00,53.54,79.98,37.67,53.53,2019,1823.5,15,2,56.79,80.04,37.07,65.71,2508.3,1996,55.05999999999997,80.18999999999998,2272.400000000001,52.18,79.58
2026-03-18 16:00:00,47.88,79.51,37.12,55.59,1974,1842.2,16,2,53.54,79.98,37.67,53.53,1823.5,2019,52.73666666666663,79.84333333333332,2058.0000000000014,52.18,80.09
2026-03-18 16:05:00,60.66,79.76,37.3,64.05,2046,2540.3,16,2,47.88,79.51,37.12,55.59,1842.2,1974,54.02666666666662,79.74999999999999,2068.666666666668,58.66,79.37
2026-03-18 16:10:00,52.18,79.58,37.47,61.49,2049,1943.0,16,2,60.66,79.76,37.3,64.05,2540.3,2046,53.573333333333295,79.61666666666665,2108.5000000000014,52.09,79.08
2026-03-18 16:15:00,52.18,80.09,37.68,56.8,1994,2140.1,16,2,52.18,79.58,37.47,61.49,1943.0,2049,55.006666666666625,79.80999999999997,2207.800000000001,54.3,78.24
2026-03-18 16:20:00,58.66,79.37,37.55,65.15,2013,2569.9,16,2,52.18,80.09,37.68,56.8,2140.1,1994,54.339999999999954,79.67999999999998,2217.666666666668,49.99,78.2
2026-03-18 16:25:00,52.09,79.08,37.34,73.21,2013,2697.4,16,2,58.66,79.37,37.55,65.15,2569.9,2013,54.30999999999997,79.5133333333333,2469.1333333333346,58.37,78.23
2026-03-18 16:30:00,54.3,78.24,37.68,60.08,1903,2421.5,16,2,52.09,79.08,37.34,73.21,2697.4,2013,55.01666666666663,78.89666666666665,2562.9333333333343,51.71,77.87
2026-03-18 16:35:00,49.99,78.2,37.06,49.0,2000,1967.6,16,2,54.3,78.24,37.68,60.08,2421.5,1903,52.12666666666663,78.50666666666665,2362.166666666668,55.76,77.0
2026-03-18 16:40:00,58.37,78.23,37.97,66.83,1975,2598.7,16,2,49.99,78.2,37.06,49.0,1967.6,2000,54.21999999999996,78.22333333333331,2329.266666666668,50.49,76.36
2026-03-18 16:45:00,51.71,77.87,37.82,59.69,1934,2121.1,16,2,58.37,78.23,37.97,66.83,2598.7,1975,53.35666666666663,78.09999999999998,2229.1333333333346,58.03,76.6
2026-03-18 16:50:00,55.76,77.0,37.7,53.54,1973,2176.3,16,2,51.71,77.87,37.82,59.69,2121.1,1934,55.27999999999995,77.69999999999997,2298.700000000001,63.84,78.07
2026-03-18 16:55:00,50.49,76.36,37.38,52.69,1886,1770.6,16,2,55.76,77.0,37.7,53.54,2176.3,1973,52.6533333333333,77.07666666666665,2022.6666666666679,53.34,76.68
2026-03-18 17:00:00,58.03,76.6,37.75,65.19,1963,2428.8,17,2,50.49,76.36,37.38,52.69,1770.6,1886,54.75999999999996,76.65333333333331,2125.2333333333345,46.13,76.38
2026-03-18 17:05:00,63.84,78.07,37.75,81.1,1976,2630.4,17,2,58.03,76.6,37.75,65.19,2428.8,1963,57.4533333333333,77.00999999999998,2276.600000000001,57.64,76.02
2026-03-18 17:10:00,53.34,76.68,37.42,62.55,1867,2248.2,17,2,63.84,78.07,37.75,81.1,2630.4,1976,58.4033333333333,77.11666666666663,2435.800000000001,47.48,75.87
2026-03-18 17:15:00,46.13,76.38,37.32,49.74,1888,1914.0,17,2,53.34,76.68,37.42,62.55,2248.2,1867,54.43666666666663,77.04333333333331,2264.200000000001,49.88,76.87
2026-03-18 17:20:00,57.64,76.02,37.45,68.35,1924,2563.2,17,2,46.13,76.38,37.32,49.74,1914.0,1888,52.36999999999997,76.35999999999997,2241.800000000001,46.32,76.56
2026-03-18 17:25:00,47.48,75.87,37.72,54.43,1885,1877.4,17,2,57.64,76.02,37.45,68.35,2563.2,1924,50.41666666666663,76.08999999999997,2118.200000000001,94.46,87.51
2026-03-18 17:30:00,49.88,76.87,38.02,55.71,1932,1883.2,17,2,47.48,75.87,37.72,54.43,1877.4,1885,51.66666666666663,76.25333333333332,2107.9333333333343,52.56,77.23
2026-03-18 17:35:00,46.32,76.56,37.86,50.7,1838,1866.1,17,2,49.88,76.87,38.02,55.71,1883.2,1932,47.893333333333295,76.43333333333332,1875.5666666666677,54.82,76.84
2026-03-18 17:40:00,94.46,87.51,37.98,99.0,3091,3507.7,17,2,46.32,76.56,37.86,50.7,1866.1,1838,63.55333333333329,80.31333333333332,2419.0000000000014,54.9,77.19
2026-03-18 17:45:00,52.56,77.23,37.59,68.53,1910,2333.4,17,2,94.46,87.51,37.98,99.0,3507.7,3091,64.44666666666662,80.43333333333332,2569.066666666668,45.36,75.97
2026-03-18 17:50:00,54.82,76.84,38.1,60.79,1903,2339.1,17,2,52.56,77.23,37.59,68.53,2333.4,1910,67.27999999999996,80.52666666666666,2726.733333333334,51.73,75.54
2026-03-18 17:55:00,54.9,77.19,37.61,64.18,1894,2262.3,17,2,54.82,76.84,38.1,60.79,2339.1,1903,54.0933333333333,77.08666666666664,2311.600000000001,53.6,75.77
2026-03-18 18:00:00,45.36,75.97,37.77,45.24,1838,1781.4,18,2,54.9,77.19,37.61,64.18,2262.3,1894,51.69333333333329,76.66666666666664,2127.6000000000013,54.31,76.39
2026-03-18 18:05:00,51.73,75.54,37.79,60.78,1801,2401.0,18,2,45.36,75.97,37.77,45.24,1781.4,1838,50.6633333333333,76.2333333333333,2148.2333333333345,52.73,74.99
2026-03-18 18:10:00,53.6,75.77,38.1,60.16,1883,2331.6,18,2,51.73,75.54,37.79,60.78,2401.0,1801,50.22999999999996,75.75999999999998,2171.3333333333344,44.04,76.28
2026-03-18 18:15:00,54.31,76.39,37.35,53.08,1801,2157.6,18,2,53.6,75.77,38.1,60.16,2331.6,1883,53.21333333333329,75.89999999999998,2296.7333333333345,49.38,76.27
2026-03-18 18:20:00,52.73,74.99,38.08,65.77,1701,2375.2,18,2,54.31,76.39,37.35,53.08,2157.6,1801,53.54666666666663,75.71666666666664,2288.133333333334,47.88,75.86
2026-03-18 18:25:00,44.04,76.28,37.51,48.35,1797,1684.3,18,2,52.73,74.99,38.08,65.77,2375.2,1701,50.35999999999996,75.88666666666664,2072.3666666666677,71.9,92.78
2026-03-18 18:30:00,49.38,76.27,37.93,60.12,1775,2179.8,18,2,44.04,76.28,37.51,48.35,1684.3,1797,48.71666666666663,75.84666666666664,2079.766666666668,40.34,75.68
2026-03-18 18:35:00,47.88,75.86,37.72,57.14,1786,1849.0,18,2,49.38,76.27,37.93,60.12,2179.8,1775,47.099999999999966,76.13666666666664,1904.366666666668,50.95,74.98
2026-03-18 18:40:00,71.9,92.78,37.92,78.1,2619,2671.5,18,2,47.88,75.86,37.72,57.14,1849.0,1786,56.386666666666635,81.63666666666664,2233.4333333333343,56.51,73.1
2026-03-18 18:45:00,40.34,75.68,38.31,43.47,1749,1589.7,18,2,71.9,92.78,37.92,78.1,2671.5,2619,53.3733333333333,81.43999999999998,2036.7333333333345,44.58,73.39
2026-03-18 18:50:00,50.95,74.98,37.93,54.54,1795,2063.3,18,2,40.34,75.68,38.31,43.47,1589.7,1749,54.396666666666626,81.14666666666665,2108.166666666668,41.7,73.55
2026-03-18 18:55:00,56.51,73.1,37.55,56.21,1724,2229.7,18,2,50.95,74.98,37.93,54.54,2063.3,1795,49.26666666666663,74.58666666666664,1960.9000000000012,44.52,74.58
2026-03-18 19:00:00,44.58,73.39,38.13,46.2,1663,1824.7,19,2,56.51,73.1,37.55,56.21,2229.7,1724,50.67999999999996,73.82333333333331,2039.2333333333345,51.31,73.49
2026-03-18 19:05:00,41.7,73.55,38.07,44.53,1708,1619.7,19,2,44.58,73.39,38.13,46.2,1824.7,1663,47.59666666666663,73.34666666666664,1891.366666666668,35.98,73.68
2026-03-18 19:10:00,44.52,74.58,37.62,51.41,1686,1594.7,19,2,41.7,73.55,38.07,44.53,1619.7,1708,43.599999999999966,73.83999999999997,1679.7000000000014,47.14,71.34
2026-03-18 19:15:00,51.31,73.49,37.66,49.99,1632,2139.8,19,2,44.52,74.58,37.62,51.41,1594.7,1686,45.8433333333333,73.87333333333332,1784.7333333333347,51.34,71.3
2026-03-18 19:20:00,35.98,73.68,37.84,42.68,1564,1517.8,19,2,51.31,73.49,37.66,49.99,2139.8,1632,43.93666666666663,73.91666666666664,1750.766666666668,34.73,71.0
2026-03-18 19:25:00,47.14,71.34,38.06,51.65,1633,1749.2,19,2,35.98,73.68,37.84,42.68,1517.8,1564,44.80999999999997,72.83666666666664,1802.2666666666682,41.42,70.53
2026-03-18 19:30:00,51.34,71.3,38.08,54.09,1650,2053.4,19,2,47.14,71.34,38.06,51.65,1749.2,1633,44.819999999999965,72.10666666666664,1773.466666666668,42.77,69.89
2026-03-18 19:35:00,34.73,71.0,37.72,43.83,1677,1498.9,19,2,51.34,71.3,38.08,54.09,2053.4,1650,44.4033333333333,71.21333333333331,1767.1666666666679,34.66,69.13
2026-03-18 19:40:00,41.42,70.53,37.63,46.39,1557,1591.2,19,2,34.73,71.0,37.72,43.83,1498.9,1677,42.49666666666663,70.94333333333331,1714.5000000000016,44.75,67.63
2026-03-18 19:45:00,42.77,69.89,37.75,53.18,1509,2051.5,19,2,41.42,70.53,37.63,46.39,1591.2,1557,39.639999999999965,70.4733333333333,1713.866666666668,40.88,67.54
2026-03-18 19:50:00,34.66,69.13,38.26,38.77,1510,1443.6,19,2,42.77,69.89,37.75,53.18,2051.5,1509,39.616666666666625,69.84999999999997,1695.433333333335,38.76,68.01
2026-03-18 19:55:00,44.75,67.63,38.32,50.34,1572,1918.1,19,2,34.66,69.13,38.26,38.77,1443.6,1510,40.72666666666663,68.88333333333331,1804.4000000000015,40.84,68.0
2026-03-18 20:00:00,40.88,67.54,38.06,50.75,1517,1599.8,20,2,44.75,67.63,38.32,50.34,1918.1,1572,40.09666666666663,68.09999999999998,1653.8333333333348,45.33,68.6
2026-03-18 20:05:00,38.76,68.01,37.71,46.6,1517,1547.1,20,2,40.88,67.54,38.06,50.75,1599.8,1517,41.46333333333329,67.72666666666665,1688.3333333333348,41.47,68.69
2026-03-18 20:10:00,40.84,68.0,38.22,43.72,1533,1495.9,20,2,38.76,68.01,37.71,46.6,1547.1,1517,40.15999999999996,67.84999999999998,1547.6000000000015,42.2,69.42
2026-03-18 20:15:00,45.33,68.6,38.17,49.16,1478,1665.4,20,2,40.84,68.0,38.22,43.72,1495.9,1533,41.643333333333295,68.2033333333333,1569.466666666668,32.6,69.1
2026-03-18 20:20:00,41.47,68.69,37.48,51.32,1442,1952.3,20,2,45.33,68.6,38.17,49.16,1665.4,1478,42.54666666666663,68.42999999999996,1704.533333333335,42.38,70.02
2026-03-18 20:25:00,42.2,69.42,38.2,41.92,1449,1515.5,20,2,41.47,68.69,37.48,51.32,1952.3,1442,42.999999999999964,68.90333333333331,1711.0666666666682,44.2,69.42
2026-03-18 20:30:00,32.6,69.1,37.94,35.61,1469,1323.9,20,2,42.2,69.42,38.2,41.92,1515.5,1449,38.756666666666625,69.06999999999998,1597.2333333333347,41.4,70.82
2026-03-18 20:35:00,42.38,70.02,37.98,41.63,1419,1591.1,20,2,32.6,69.1,37.94,35.61,1323.9,1469,39.05999999999997,69.5133333333333,1476.8333333333348,47.24,69.78
2026-03-18 20:40:00,44.2,69.42,38.15,56.52,1380,1869.4,20,2,42.38,70.02,37.98,41.63,1591.1,1419,39.72666666666663,69.5133333333333,1594.8000000000018,46.62,69.16
2026-03-18 20:45:00,41.4,70.82,38.1,54.55,1421,1787.9,20,2,44.2,69.42,38.15,56.52,1869.4,1380,42.65999999999996,70.08666666666664,1749.4666666666683,35.78,68.4
2026-03-18 20:50:00,47.24,69.78,38.15,51.35,1341,1700.1,20,2,41.4,70.82,38.1,54.55,1787.9,1421,44.279999999999966,70.00666666666665,1785.8000000000018,37.72,66.43
2026-03-18 20:55:00,46.62,69.16,37.81,47.49,1328,1702.3,20,2,47.24,69.78,38.15,51.35,1700.1,1341,45.08666666666662,69.91999999999997,1730.1000000000015,43.32,65.33
2026-03-18 21:00:00,35.78,68.4,38.49,37.39,1321,1286.4,21,2,46.62,69.16,37.81,47.49,1702.3,1328,43.21333333333329,69.11333333333332,1562.933333333335,33.6,65.98
2026-03-18 21:05:00,37.72,66.43,38.17,38.09,1300,1350.4,21,2,35.78,68.4,38.49,37.39,1286.4,1321,40.03999999999996,67.99666666666666,1446.3666666666684,43.5,64.3
2026-03-18 21:10:00,43.32,65.33,38.75,50.23,1353,1735.0,21,2,37.72,66.43,38.17,38.09,1350.4,1300,38.93999999999996,66.71999999999997,1457.2666666666682,35.85,63.27
2026-03-18 21:15:00,33.6,65.98,38.18,31.35,1347,1181.1,21,2,43.32,65.33,38.75,50.23,1735.0,1353,38.213333333333296,65.91333333333331,1422.166666666668,46.96,62.36
2026-03-18 21:20:00,43.5,64.3,37.96,36.75,1217,1488.3,21,2,33.6,65.98,38.18,31.35,1181.1,1347,40.139999999999965,65.20333333333332,1468.1333333333348,38.71,62.84
2026-03-18 21:25:00,35.85,63.27,38.05,38.86,1185,1481.4,21,2,43.5,64.3,37.96,36.75,1488.3,1217,37.649999999999956,64.51666666666664,1383.6000000000015,38.21,62.31
2026-03-18 21:30:00,46.96,62.36,37.9,41.35,1155,1412.3,21,2,35.85,63.27,38.05,38.86,1481.4,1185,42.103333333333296,63.309999999999974,1460.666666666668,40.03,62.08
2026-03-18 21:35:00,38.71,62.84,38.31,37.09,1152,1155.4,21,2,46.96,62.36,37.9,41.35,1412.3,1155,40.50666666666663,62.823333333333316,1349.7000000000016,35.04,60.57
2026-03-18 21:40:00,38.21,62.31,38.19,43.6,1188,1236.0,21,2,38.71,62.84,38.31,37.09,1155.4,1152,41.2933333333333,62.50333333333331,1267.9000000000015,36.05,61.13
2026-03-18 21:45:00,40.03,62.08,38.3,44.19,1180,1553.7,21,2,38.21,62.31,38.19,43.6,1236.0,1188,38.9833333333333,62.409999999999975,1315.033333333335,40.27,61.32
2026-03-18 21:50:00,35.04,60.57,37.77,41.52,1165,1488.5,21,2,40.03,62.08,38.3,44.19,1553.7,1180,37.75999999999996,61.65333333333331,1426.0666666666682,36.05,61.06
2026-03-18 21:55:00,36.05,61.13,38.31,42.22,1024,1333.8,21,2,35.04,60.57,37.77,41.52,1488.5,1165,37.039999999999964,61.259999999999984,1458.666666666668,34.25,61.8
2026-03-18 22:00:00,40.27,61.32,38.61,34.85,1126,1157.3,22,2,36.05,61.13,38.31,42.22,1333.8,1024,37.11999999999996,61.00666666666664,1326.533333333335,43.13,62.14
2026-03-18 22:05:00,36.05,61.06,38.37,48.28,1083,1490.7,22,2,40.27,61.32,38.61,34.85,1157.3,1126,37.45666666666663,61.16999999999998,1327.2666666666682,35.79,61.66
2026-03-18 22:10:00,34.25,61.8,38.84,44.26,1159,1408.9,22,2,36.05,61.06,38.37,48.28,1490.7,1083,36.85666666666663,61.39333333333332,1352.3000000000013,36.26,61.33
2026-03-18 22:15:00,43.13,62.14,38.46,40.09,1017,1432.3,22,2,34.25,61.8,38.84,44.26,1408.9,1159,37.80999999999997,61.66666666666665,1443.9666666666683,33.01,61.33
2026-03-18 22:20:00,35.79,61.66,38.11,43.68,1089,1160.6,22,2,43.13,62.14,38.46,40.09,1432.3,1017,37.723333333333294,61.86666666666664,1333.933333333335,33.18,61.62
2026-03-18 22:25:00,36.26,61.33,38.31,31.13,1092,1020.8,22,2,35.79,61.66,38.11,43.68,1160.6,1089,38.393333333333295,61.70999999999998,1204.5666666666682,34.62,61.53
2026-03-18 22:30:00,33.01,61.33,37.93,36.38,1020,1140.0,22,2,36.26,61.33,38.31,31.13,1020.8,1092,35.01999999999996,61.439999999999976,1107.1333333333348,49.75,71.95
2026-03-18 22:35:00,33.18,61.62,38.46,48.79,1036,1305.1,22,2,33.01,61.33,37.93,36.38,1140.0,1020,34.149999999999956,61.42666666666664,1155.3000000000013,36.8,62.4
2026-03-18 22:40:00,34.62,61.53,38.47,31.94,1028,1157.9,22,2,33.18,61.62,38.46,48.79,1305.1,1036,33.603333333333296,61.49333333333331,1201.0000000000016,37.81,61.76
2026-03-18 22:45:00,49.75,71.95,38.43,45.73,1467,1642.3,22,2,34.62,61.53,38.47,31.94,1157.9,1028,39.183333333333294,65.0333333333333,1368.433333333335,28.52,62.48
2026-03-18 22:50:00,36.8,62.4,38.29,34.9,997,1020.4,22,2,49.75,71.95,38.43,45.73,1642.3,1467,40.389999999999965,65.29333333333331,1273.533333333335,32.89,60.11
2026-03-18 22:55:00,37.81,61.76,37.92,38.28,902,1192.1,22,2,36.8,62.4,38.29,34.9,1020.4,997,41.4533333333333,65.36999999999996,1284.9333333333348,28.79,59.58
2026-03-18 23:00:00,28.52,62.48,38.23,40.95,944,987.1,23,2,37.81,61.76,37.92,38.28,1192.1,902,34.37666666666663,62.21333333333331,1066.533333333335,37.26,59.44
2026-03-18 23:05:00,32.89,60.11,38.52,41.27,786,955.7,23,2,28.52,62.48,38.23,40.95,987.1,944,33.073333333333295,61.44999999999997,1044.9666666666683,36.3,59.19
2026-03-18 23:10:00,28.79,59.58,38.32,40.07,867,1004.5,23,2,32.89,60.11,38.52,41.27,955.7,786,30.066666666666624,60.72333333333331,982.4333333333349,37.12,59.35
2026-03-18 23:15:00,37.26,59.44,38.79,35.09,846,1074.5,23,2,28.79,59.58,38.32,40.07,1004.5,867,32.97999999999996,59.70999999999998,1011.5666666666683,31.31,58.91
2026-03-18 23:20:00,36.3,59.19,38.99,39.73,847,1191.8,23,2,37.26,59.44,38.79,35.09,1074.5,846,34.116666666666625,59.40333333333331,1090.2666666666682,28.85,58.28
2026-03-18 23:25:00,37.12,59.35,38.32,26.04,830,1037.9,23,2,36.3,59.19,38.99,39.73,1191.8,847,36.893333333333295,59.32666666666665,1101.4000000000015,29.72,57.08
2026-03-18 23:30:00,31.31,58.91,38.14,44.92,858,1178.1,23,2,37.12,59.35,38.32,26.04,1037.9,830,34.90999999999996,59.14999999999998,1135.933333333335,28.83,57.44
2026-03-18 23:35:00,28.85,58.28,38.45,27.31,730,742.9,23,2,31.31,58.91,38.14,44.92,1178.1,858,32.42666666666663,58.84666666666664,986.3000000000014,36.18,56.92
2026-03-18 23:40:00,29.72,57.08,39.09,29.29,718,681.5,23,2,28.85,58.28,38.45,27.31,742.9,730,29.95999999999996,58.089999999999975,867.5000000000015,23.63,57.24
2026-03-18 23:45:00,28.83,57.44,38.44,24.21,763,716.1,23,2,29.72,57.08,39.09,29.29,681.5,718,29.133333333333294,57.59999999999997,713.5000000000015,29.98,57.11
2026-03-18 23:50:00,36.18,56.92,39.14,36.55,763,910.7,23,2,28.83,57.44,38.44,24.21,716.1,763,31.57666666666663,57.14666666666665,769.4333333333349,24.31,58.28
2026-03-18 23:55:00,23.63,57.24,38.1,27.78,823,871.0,23,2,36.18,56.92,39.14,36.55,910.7,763,29.546666666666628,57.19999999999998,832.6000000000016,25.94,55.51
2026-03-19 00:00:00,29.98,57.11,35.3,27.75,659,708.7,0,3,23.63,57.24,38.1,27.78,871.0,823,29.929999999999964,57.089999999999975,830.1333333333349,23.51,54.11
2026-03-19 00:05:00,24.31,58.28,34.94,33.86,731,909.0,0,3,29.98,57.11,35.3,27.75,708.7,659,25.973333333333297,57.543333333333315,829.5666666666681,29.79,54.14
2026-03-19 00:10:00,25.94,55.51,34.29,28.73,673,691.0,0,3,24.31,58.28,34.94,33.86,909.0,731,26.743333333333297,56.96666666666664,769.5666666666681,34.93,53.27
2026-03-19 00:15:00,23.51,54.11,35.16,25.43,587,685.3,0,3,25.94,55.51,34.29,28.73,691.0,673,24.58666666666663,55.96666666666664,761.7666666666682,33.01,52.74
2026-03-19 00:20:00,29.79,54.14,34.91,31.05,733,980.2,0,3,23.51,54.11,35.16,25.43,685.3,587,26.413333333333295,54.586666666666645,785.5000000000015,27.11,51.59
2026-03-19 00:25:00,34.93,53.27,35.46,35.25,646,879.7,0,3,29.79,54.14,34.91,31.05,980.2,733,29.409999999999965,53.839999999999975,848.4000000000015,24.46,51.58
2026-03-19 00:30:00,33.01,52.74,35.15,26.18,660,733.5,0,3,34.93,53.27,35.46,35.25,879.7,646,32.576666666666625,53.383333333333304,864.4666666666682,29.96,51.96
2026-03-19 00:35:00,27.11,51.59,35.01,28.66,637,787.6,0,3,33.01,52.74,35.15,26.18,733.5,660,31.683333333333298,52.53333333333331,800.2666666666682,27.07,50.79
2026-03-19 00:40:00,24.46,51.58,35.21,21.18,560,605.0,0,3,27.11,51.59,35.01,28.66,787.6,637,28.193333333333296,51.96999999999997,708.7000000000015,29.97,50.94
2026-03-19 00:45:00,29.96,51.96,35.21,34.17,601,791.6,0,3,24.46,51.58,35.21,21.18,605.0,560,27.17666666666663,51.70999999999998,728.0666666666681,24.91,51.89
2026-03-19 00:50:00,27.07,50.79,35.04,32.52,649,942.1,0,3,29.96,51.96,35.21,34.17,791.6,601,27.1633333333333,51.44333333333331,779.5666666666683,25.37,51.6
2026-03-19 00:55:00,29.97,50.94,35.39,24.34,564,594.1,0,3,27.07,50.79,35.04,32.52,942.1,649,28.99999999999996,51.22999999999998,775.9333333333349,26.28,50.93
2026-03-19 01:00:00,24.91,51.89,35.12,29.2,660,659.6,1,3,29.97,50.94,35.39,24.34,594.1,564,27.31666666666663,51.20666666666664,731.9333333333349,22.66,51.17
2026-03-19 01:05:00,25.37,51.6,34.77,25.03,570,681.2,1,3,24.91,51.89,35.12,29.2,659.6,660,26.74999999999996,51.47666666666664,644.9666666666682,28.38,51.58
2026-03-19 01:10:00,26.28,50.93,35.84,23.79,584,742.4,1,3,25.37,51.6,34.77,25.03,681.2,570,25.519999999999964,51.47333333333331,694.4000000000015,25.11,50.22
2026-03-19 01:15:00,22.66,51.17,35.32,19.7,471,572.6,1,3,26.28,50.93,35.84,23.79,742.4,584,24.769999999999964,51.23333333333331,665.4000000000016,23.09,50.63
2026-03-19 01:20:00,28.38,51.58,35.51,18.17,523,660.1,1,3,22.66,51.17,35.32,19.7,572.6,471,25.773333333333294,51.22666666666665,658.3666666666682,26.97,50.73
2026-03-19 01:25:00,25.11,50.22,35.46,28.25,544,627.3,1,3,28.38,51.58,35.51,18.17,660.1,523,25.383333333333297,50.989999999999974,620.0000000000015,28.03,49.95
2026-03-19 01:30:00,23.09,50.63,34.99,27.6,452,501.2,1,3,25.11,50.22,35.46,28.25,627.3,544,25.526666666666628,50.809999999999974,596.2000000000015,27.23,51.29
2026-03-19 01:35:00,26.97,50.73,34.55,26.98,483,658.7,1,3,23.09,50.63,34.99,27.6,501.2,452,25.05666666666663,50.52666666666664,595.7333333333348,22.69,49.48
2026-03-19 01:40:00,28.03,49.95,34.91,16.3,555,520.7,1,3,26.97,50.73,34.55,26.98,658.7,483,26.029999999999962,50.436666666666646,560.2000000000015,22.39,48.77
2026-03-19 01:45:00,27.23,51.29,35.25,29.85,565,680.3,1,3,28.03,49.95,34.91,16.3,520.7,555,27.409999999999958,50.656666666666645,619.9000000000016,23.17,49.46
2026-03-19 01:50:00,22.69,49.48,35.02,12.21,437,467.1,1,3,27.23,51.29,35.25,29.85,680.3,565,25.983333333333295,50.239999999999974,556.0333333333348,24.58,49.04
2026-03-19 01:55:00,22.39,48.77,35.51,23.44,511,553.2,1,3,22.69,49.48,35.02,12.21,467.1,437,24.103333333333296,49.84666666666664,566.8666666666682,19.69,47.12
2026-03-19 02:00:00,23.17,49.46,34.65,27.37,541,583.2,2,3,22.39,48.77,35.51,23.44,553.2,511,22.74999999999996,49.23666666666664,534.5000000000015,22.58,46.93
2026-03-19 02:05:00,24.58,49.04,35.32,24.43,432,598.8,2,3,23.17,49.46,34.65,27.37,583.2,541,23.379999999999963,49.089999999999975,578.4000000000016,16.87,45.6
2026-03-19 02:10:00,19.69,47.12,34.99,22.76,399,430.1,2,3,24.58,49.04,35.32,24.43,598.8,432,22.47999999999996,48.53999999999997,537.3666666666682,17.6,45.29
2026-03-19 02:15:00,22.58,46.93,34.88,15.51,372,311.9,2,3,19.69,47.12,34.99,22.76,430.1,399,22.283333333333292,47.69666666666664,446.93333333333493,18.53,43.77
2026-03-19 02:20:00,16.87,45.6,35.75,16.65,388,412.5,2,3,22.58,46.93,34.88,15.51,311.9,372,19.713333333333296,46.549999999999976,384.83333333333485,18.57,44.42
2026-03-19 02:25:00,17.6,45.29,35.74,24.98,366,474.9,2,3,16.87,45.6,35.75,16.65,412.5,388,19.016666666666627,45.939999999999976,399.7666666666682,28.34,44.05
2026-03-19 02:30:00,18.53,43.77,35.96,10.65,320,336.8,2,3,17.6,45.29,35.74,24.98,474.9,366,17.66666666666663,44.886666666666635,408.0666666666682,21.42,43.77
2026-03-19 02:35:00,18.57,44.42,35.34,14.64,396,357.2,2,3,18.53,43.77,35.96,10.65,336.8,320,18.233333333333295,44.49333333333331,389.63333333333486,24.95,44.47
2026-03-19 02:40:00,28.34,44.05,35.68,27.63,355,476.8,2,3,18.57,44.42,35.34,14.64,357.2,396,21.813333333333293,44.079999999999984,390.2666666666682,21.86,43.98
2026-03-19 02:45:00,21.42,43.77,35.51,18.63,440,561.6,2,3,28.34,44.05,35.68,27.63,476.8,355,22.77666666666663,44.07999999999998,465.2000000000016,22.78,44.39
2026-03-19 02:50:00,24.95,44.47,35.71,20.4,339,357.8,2,3,21.42,43.77,35.51,18.63,561.6,440,24.903333333333293,44.09666666666664,465.4000000000015,20.01,42.69
2026-03-19 02:55:00,21.86,43.98,35.5,27.87,392,417.9,2,3,24.95,44.47,35.71,20.4,357.8,339,22.743333333333297,44.0733333333333,445.76666666666824,22.8,42.43
2026-03-19 03:00:00,22.78,44.39,35.22,21.76,410,554.4,3,3,21.86,43.98,35.5,27.87,417.9,392,23.19666666666663,44.27999999999997,443.36666666666815,22.57,42.06
2026-03-19 03:05:00,20.01,42.69,35.49,7.89,388,440.2,3,3,22.78,44.39,35.22,21.76,554.4,410,21.549999999999965,43.68666666666664,470.83333333333485,27.1,40.44
2026-03-19 03:10:00,22.8,42.43,35.55,18.47,416,395.8,3,3,20.01,42.69,35.49,7.89,440.2,388,21.863333333333298,43.16999999999998,463.4666666666681,22.67,42.63
2026-03-19 03:15:00,22.57,42.06,35.5,20.46,338,362.7,3,3,22.8,42.43,35.55,18.47,395.8,416,21.793333333333294,42.39333333333331,399.5666666666682,24.47,43.8
2026-03-19 03:20:00,27.1,40.44,35.79,21.74,343,420.5,3,3,22.57,42.06,35.5,20.46,362.7,338,24.156666666666627,41.64333333333331,393.00000000000153,28.24,55.33
2026-03-19 03:25:00,22.67,42.63,35.83,19.53,431,544.2,3,3,27.1,40.44,35.79,21.74,420.5,343,24.113333333333298,41.70999999999997,442.46666666666823,24.31,46.25
2026-03-19 03:30:00,24.47,43.8,35.4,18.79,432,494.8,3,3,22.67,42.63,35.83,19.53,544.2,431,24.746666666666627,42.28999999999998,486.50000000000153,24.46,45.89
2026-03-19 03:35:00,28.24,55.33,36.09,32.08,573,553.6,3,3,24.47,43.8,35.4,18.79,494.8,432,25.126666666666626,47.25333333333331,530.8666666666683,16.12,44.57
2026-03-19 03:40:00,24.31,46.25,35.93,22.74,381,446.1,3,3,28.24,55.33,36.09,32.08,553.6,573,25.673333333333293,48.45999999999998,498.16666666666816,19.84,44.62
2026-03-19 03:45:00,24.46,45.89,35.21,21.53,435,433.4,3,3,24.31,46.25,35.93,22.74,446.1,381,25.669999999999963,49.15666666666664,477.7000000000016,19.3,44.87
2026-03-19 03:50:00,16.12,44.57,35.88,27.14,416,508.4,3,3,24.46,45.89,35.21,21.53,433.4,435,21.629999999999963,45.56999999999997,462.63333333333486,23.5,45.02
2026-03-19 03:55:00,19.84,44.62,35.57,19.82,375,499.9,3,3,16.12,44.57,35.88,27.14,508.4,416,20.13999999999996,45.02666666666664,480.56666666666814,20.39,44.88
2026-03-19 04:00:00,19.3,44.87,36.03,17.84,365,435.9,4,3,19.84,44.62,35.57,19.82,499.9,375,18.419999999999963,44.68666666666664,481.40000000000146,25.98,44.99
2026-03-19 04:05:00,23.5,45.02,36.14,13.92,462,479.0,4,3,19.3,44.87,36.03,17.84,435.9,365,20.879999999999963,44.836666666666645,471.6000000000015,27.37,46.3
2026-03-19 04:10:00,20.39,44.88,36.41,28.68,369,473.0,4,3,23.5,45.02,36.14,13.92,479.0,462,21.063333333333293,44.92333333333331,462.63333333333486,26.24,45.92
2026-03-19 04:15:00,25.98,44.99,35.45,26.9,354,465.4,4,3,20.39,44.88,36.41,28.68,473.0,369,23.289999999999964,44.96333333333331,472.46666666666823,24.23,45.27
2026-03-19 04:20:00,27.37,46.3,35.5,21.14,413,513.5,4,3,25.98,44.99,35.45,26.9,465.4,354,24.579999999999966,45.38999999999998,483.96666666666823,24.89,45.81
2026-03-19 04:25:00,26.24,45.92,35.88,17.54,381,472.7,4,3,27.37,46.3,35.5,21.14,513.5,413,26.529999999999962,45.73666666666664,483.86666666666815,17.34,45.07
2026-03-19 04:30:00,24.23,45.27,35.61,24.91,351,503.9,4,3,26.24,45.92,35.88,17.54,472.7,381,25.94666666666663,45.82999999999998,496.70000000000147,30.76,46.17
2026-03-19 04:35:00,24.89,45.81,35.51,11.85,391,410.5,4,3,24.23,45.27,35.61,24.91,503.9,351,25.119999999999962,45.66666666666665,462.36666666666815,23.42,45.05
2026-03-19 04:40:00,17.34,45.07,35.96,16.93,429,429.9,4,3,24.89,45.81,35.51,11.85,410.5,391,22.153333333333297,45.383333333333304,448.1000000000015,21.54,44.86
2026-03-19 04:45:00,30.76,46.17,35.69,30.23,451,513.5,4,3,17.34,45.07,35.96,16.93,429.9,429,24.329999999999966,45.68333333333331,451.30000000000155,26.11,43.92
2026-03-19 04:50:00,23.42,45.05,35.13,21.74,387,433.1,4,3,30.76,46.17,35.69,30.23,513.5,451,23.839999999999964,45.42999999999997,458.83333333333485,20.88,43.92
2026-03-19 04:55:00,21.54,44.86,35.28,21.4,421,385.5,4,3,23.42,45.05,35.13,21.74,433.1,387,25.239999999999963,45.35999999999998,444.03333333333484,23.94,45.0
2026-03-19 05:00:00,26.11,43.92,35.63,24.19,490,529.8,5,3,21.54,44.86,35.28,21.4,385.5,421,23.68999999999996,44.60999999999998,449.46666666666823,19.33,45.45
2026-03-19 05:05:00,20.88,43.92,35.68,18.08,478,506.6,5,3,26.11,43.92,35.63,24.19,529.8,490,22.843333333333295,44.23333333333331,473.96666666666823,23.35,44.24
2026-03-19 05:10:00,23.94,45.0,35.74,17.96,415,388.1,5,3,20.88,43.92,35.68,18.08,506.6,478,23.6433333333333,44.27999999999997,474.83333333333485,20.8,45.0
2026-03-19 05:15:00,19.33,45.45,36.3,19.79,488,525.8,5,3,23.94,45.0,35.74,17.96,388.1,415,21.383333333333297,44.789999999999985,473.50000000000153,28.44,45.99
2026-03-19 05:20:00,23.35,44.24,35.74,24.99,478,494.1,5,3,19.33,45.45,36.3,19.79,525.8,488,22.20666666666663,44.89666666666665,469.33333333333485,21.27,45.51
2026-03-19 05:25:00,20.8,45.0,35.75,25.08,481,550.4,5,3,23.35,44.24,35.74,24.99,494.1,478,21.159999999999965,44.89666666666665,523.4333333333349,25.04,44.9
2026-03-19 05:30:00,28.44,45.99,36.13,20.49,617,747.8,5,3,20.8,45.0,35.75,25.08,550.4,481,24.19666666666663,45.07666666666665,597.4333333333349,23.27,44.44
2026-03-19 05:35:00,21.27,45.51,35.76,19.51,432,387.5,5,3,28.44,45.99,36.13,20.49,747.8,617,23.5033333333333,45.49999999999997,561.9000000000015,26.54,44.5
2026-03-19 05:40:00,25.04,44.9,35.78,20.2,433,525.6,5,3,21.27,45.51,35.76,19.51,387.5,432,24.91666666666663,45.46666666666664,553.6333333333349,26.02,44.83
2026-03-19 05:45:00,23.27,44.44,35.74,27.47,542,540.7,5,3,25.04,44.9,35.78,20.2,525.6,433,23.193333333333296,44.94999999999997,484.60000000000156,26.06,44.83
2026-03-19 05:50:00,26.54,44.5,35.95,27.7,597,653.4,5,3,23.27,44.44,35.74,27.47,540.7,542,24.94999999999996,44.61333333333331,573.2333333333348,24.68,44.05
2026-03-19 05:55:00,26.02,44.83,35.86,19.8,486,575.7,5,3,26.54,44.5,35.95,27.7,653.4,597,25.276666666666628,44.589999999999975,589.9333333333349,24.17,45.11
2026-03-19 06:00:00,26.06,44.83,35.54,23.17,603,561.5,6,3,26.02,44.83,35.86,19.8,575.7,486,26.20666666666663,44.71999999999997,596.8666666666682,23.08,45.54
2026-03-19 06:05:00,24.68,44.05,36.2,19.25,478,509.1,6,3,26.06,44.83,35.54,23.17,561.5,603,25.586666666666627,44.56999999999997,548.7666666666682,24.04,44.71
2026-03-19 06:10:00,24.17,45.11,35.94,27.83,543,679.3,6,3,24.68,44.05,36.2,19.25,509.1,478,24.96999999999996,44.663333333333306,583.3000000000015,27.17,44.89
2026-03-19 06:15:00,23.08,45.54,36.22,28.18,593,619.3,6,3,24.17,45.11,35.94,27.83,679.3,543,23.97666666666663,44.89999999999998,602.5666666666681,29.12,45.64
2026-03-19 06:20:00,24.04,44.71,36.27,22.98,583,551.5,6,3,23.08,45.54,36.22,28.18,619.3,593,23.763333333333293,45.119999999999976,616.7000000000015,27.04,45.74
2026-03-19 06:25:00,27.17,44.89,35.78,23.26,497,459.2,6,3,24.04,44.71,36.27,22.98,551.5,583,24.763333333333293,45.046666666666646,543.3333333333347,36.06,46.94
2026-03-19 06:30:00,29.12,45.64,36.24,28.29,627,718.1,6,3,27.17,44.89,35.78,23.26,459.2,497,26.776666666666628,45.079999999999984,576.2666666666682,33.13,46.91
2026-03-19 06:35:00,27.04,45.74,36.45,31.01,596,833.2,6,3,29.12,45.64,36.24,28.29,718.1,627,27.776666666666628,45.42333333333331,670.1666666666682,26.41,49.05
2026-03-19 06:40:00,36.06,46.94,36.02,26.84,678,628.8,6,3,27.04,45.74,36.45,31.01,833.2,596,30.739999999999963,46.10666666666665,726.7000000000015,30.37,50.25
2026-03-19 06:45:00,33.13,46.91,36.33,36.75,648,951.7,6,3,36.06,46.94,36.02,26.84,628.8,678,32.076666666666625,46.52999999999997,804.5666666666683,28.66,51.33
2026-03-19 06:50:00,26.41,49.05,35.87,23.34,716,624.6,6,3,33.13,46.91,36.33,36.75,951.7,648,31.86666666666663,47.633333333333304,735.033333333335,28.37,50.06
2026-03-19 06:55:00,30.37,50.25,36.26,27.1,698,734.7,6,3,26.41,49.05,35.87,23.34,624.6,716,29.96999999999996,48.73666666666664,770.3333333333348,33.22,48.71
2026-03-19 07:00:00,28.66,51.33,36.17,19.06,674,751.5,7,3,30.37,50.25,36.26,27.1,734.7,698,28.47999999999996,50.20999999999997,703.6000000000016,27.65,49.16
2026-03-19 07:05:00,28.37,50.06,36.46,39.8,698,796.3,7,3,28.66,51.33,36.17,19.06,751.5,674,29.133333333333297,50.546666666666646,760.8333333333348,28.08,49.33
2026-03-19 07:10:00,33.22,48.71,35.93,29.1,678,862.0,7,3,28.37,50.06,36.46,39.8,796.3,698,30.083333333333297,50.03333333333331,803.2666666666682,31.37,49.3
2026-03-19 07:15:00,27.65,49.16,36.25,36.5,705,986.0,7,3,33.22,48.71,35.93,29.1,862.0,678,29.74666666666663,49.309999999999974,881.4333333333349,30.52,51.21
2026-03-19 07:20:00,28.08,49.33,35.83,21.02,698,641.9,7,3,27.65,49.16,36.25,36.5,986.0,705,29.64999999999996,49.06666666666664,829.9666666666682,29.0,51.49
2026-03-19 07:25:00,31.37,49.3,35.91,32.0,790,975.3,7,3,28.08,49.33,35.83,21.02,641.9,698,29.033333333333292,49.2633333333333,867.7333333333349,33.27,50.93
2026-03-19 07:30:00,30.52,51.21,36.21,29.2,790,1024.1,7,3,31.37,49.3,35.91,32.0,975.3,790,29.989999999999963,49.94666666666664,880.4333333333349,34.31,52.06
2026-03-19 07:35:00,29.0,51.49,36.07,29.79,756,795.1,7,3,30.52,51.21,36.21,29.2,1024.1,790,30.296666666666628,50.66666666666665,931.5000000000015,30.36,53.31
2026-03-19 07:40:00,33.27,50.93,36.32,37.75,791,1095.8,7,3,29.0,51.49,36.07,29.79,795.1,756,30.92999999999996,51.20999999999998,971.6666666666682,35.55,53.44
2026-03-19 07:45:00,34.31,52.06,36.43,27.38,850,1055.5,7,3,33.27,50.93,36.32,37.75,1095.8,791,32.1933333333333,51.49333333333331,982.133333333335,30.21,53.97
2026-03-19 07:50:00,30.36,53.31,36.39,34.98,831,736.1,7,3,34.31,52.06,36.43,27.38,1055.5,850,32.646666666666626,52.09999999999997,962.4666666666684,33.72,52.49
2026-03-19 07:55:00,35.55,53.44,36.18,36.91,876,1229.8,7,3,30.36,53.31,36.39,34.98,736.1,831,33.40666666666663,52.93666666666664,1007.1333333333349,36.17,52.86
2026-03-19 08:00:00,30.21,53.97,36.72,35.06,857,1130.1,8,3,35.55,53.44,36.18,36.91,1229.8,876,32.03999999999996,53.5733333333333,1032.0000000000016,37.48,55.1
2026-03-19 08:05:00,33.72,52.49,36.01,31.76,1017,1081.7,8,3,30.21,53.97,36.72,35.06,1130.1,857,33.15999999999996,53.299999999999976,1147.2000000000016,29.91,56.22
2026-03-19 08:10:00,36.17,52.86,36.08,36.23,861,1130.6,8,3,33.72,52.49,36.01,31.76,1081.7,1017,33.366666666666625,53.10666666666665,1114.1333333333348,33.71,55.95
2026-03-19 08:15:00,37.48,55.1,35.93,38.97,901,1180.5,8,3,36.17,52.86,36.08,36.23,1130.6,861,35.78999999999996,53.48333333333331,1130.933333333335,27.3,56.89
2026-03-19 08:20:00,29.91,56.22,36.31,28.31,913,1057.7,8,3,37.48,55.1,35.93,38.97,1180.5,901,34.51999999999996,54.72666666666664,1122.933333333335,44.85,59.08
2026-03-19 08:25:00,33.71,55.95,36.32,38.12,935,1062.0,8,3,29.91,56.22,36.31,28.31,1057.7,913,33.69999999999996,55.75666666666664,1100.0666666666682,35.39,59.84
2026-03-19 08:30:00,27.3,56.89,36.56,34.27,933,909.9,8,3,33.71,55.95,36.32,38.12,1062.0,935,30.30666666666663,56.35333333333332,1009.8666666666682,41.76,59.19
2026-03-19 08:35:00,44.85,59.08,36.36,41.43,1100,1550.0,8,3,27.3,56.89,36.56,34.27,909.9,933,35.28666666666663,57.30666666666664,1173.9666666666683,42.72,59.74
2026-03-19 08:40:00,35.39,59.84,36.18,39.66,1056,1312.1,8,3,44.85,59.08,36.36,41.43,1550.0,1100,35.84666666666663,58.6033333333333,1257.3333333333348,32.39,59.0
2026-03-19 08:45:00,41.76,59.19,36.24,35.76,1017,1180.6,8,3,35.39,59.84,36.18,39.66,1312.1,1056,40.66666666666663,59.369999999999976,1347.5666666666682,31.59,58.4
2026-03-19 08:50:00,42.72,59.74,36.11,32.41,1030,1242.5,8,3,41.76,59.19,36.24,35.76,1180.6,1017,39.95666666666663,59.589999999999975,1245.0666666666682,45.77,58.69
2026-03-19 08:55:00,32.39,59.0,36.68,42.49,1096,1227.1,8,3,42.72,59.74,36.11,32.41,1242.5,1030,38.95666666666663,59.309999999999974,1216.7333333333347,36.41,58.44
2026-03-19 09:00:00,31.59,58.4,37.07,32.08,1049,970.5,9,3,32.39,59.0,36.68,42.49,1227.1,1096,35.56666666666663,59.046666666666646,1146.7000000000014,38.81,59.03
2026-03-19 09:05:00,45.77,58.69,36.02,43.74,1166,1502.0,9,3,31.59,58.4,37.07,32.08,970.5,1049,36.58333333333329,58.69666666666664,1233.2000000000014,34.92,59.08
2026-03-19 09:10:00,36.41,58.44,36.04,37.54,1038,1387.3,9,3,45.77,58.69,36.02,43.74,1502.0,1166,37.9233333333333,58.50999999999997,1286.6000000000015,44.25,59.69
2026-03-19 09:15:00,38.81,59.03,36.45,44.23,1184,1464.8,9,3,36.41,58.44,36.04,37.54,1387.3,1038,40.32999999999996,58.71999999999997,1451.366666666668,41.7,59.99
2026-03-19 09:20:00,34.92,59.08,36.28,44.33,1162,1044.5,9,3,38.81,59.03,36.45,44.23,1464.8,1184,36.7133333333333,58.84999999999997,1298.8666666666682,36.63,59.94
2026-03-19 09:25:00,44.25,59.69,36.82,42.21,1077,1453.6,9,3,34.92,59.08,36.28,44.33,1044.5,1162,39.32666666666663,59.266666666666644,1320.9666666666683,32.34,59.78
2026-03-19 09:30:00,41.7,59.99,36.54,40.45,1179,1185.6,9,3,44.25,59.69,36.82,42.21,1453.6,1077,40.289999999999964,59.586666666666645,1227.9000000000015,44.59,59.78
2026-03-19 09:35:00,36.63,59.94,36.27,34.94,1164,1169.1,9,3,41.7,59.99,36.54,40.45,1185.6,1179,40.859999999999964,59.87333333333331,1269.4333333333348,34.96,61.14
2026-03-19 09:40:00,32.34,59.78,36.2,35.06,1206,1018.9,9,3,36.63,59.94,36.27,34.94,1169.1,1164,36.889999999999965,59.90333333333331,1124.533333333335,31.59,59.35
2026-03-19 09:45:00,44.59,59.78,36.03,47.1,1220,1793.3,9,3,32.34,59.78,36.2,35.06,1018.9,1206,37.8533333333333,59.833333333333314,1327.1000000000015,42.38,60.76
2026-03-19 09:50:00,34.96,61.14,36.83,40.44,1336,1485.2,9,3,44.59,59.78,36.03,47.1,1793.3,1220,37.29666666666663,60.23333333333331,1432.466666666668,39.54,61.55
2026-03-19 09:55:00,31.59,59.35,36.47,27.9,1189,1094.9,9,3,34.96,61.14,36.83,40.44,1485.2,1336,37.04666666666663,60.089999999999975,1457.8000000000013,39.32,62.19
2026-03-19 10:00:00,42.38,60.76,36.53,46.97,1257,1522.9,10,3,31.59,59.35,36.47,27.9,1094.9,1189,36.30999999999997,60.41666666666665,1367.666666666668,37.73,63.05
2026-03-19 10:05:00,39.54,61.55,36.02,48.15,1306,1366.0,10,3,42.38,60.76,36.53,46.97,1522.9,1257,37.83666666666664,60.553333333333306,1327.933333333335,69.42,99.0
2026-03-19 10:10:00,39.32,62.19,36.93,47.44,1318,1517.5,10,3,39.54,61.55,36.02,48.15,1366.0,1306,40.4133333333333,61.49999999999998,1468.8000000000013,44.43,64.55
2026-03-19 10:15:00,37.73,63.05,36.68,43.46,1374,1373.1,10,3,39.32,62.19,36.93,47.44,1517.5,1318,38.863333333333294,62.2633333333333,1418.8666666666684,45.35,64.18
2026-03-19 10:20:00,69.42,99.0,36.62,61.22,1919,2260.5,10,3,37.73,63.05,36.68,43.46,1373.1,1374,48.8233333333333,74.74666666666664,1717.033333333335,44.11,65.31
2026-03-19 10:25:00,44.43,64.55,36.31,48.22,1367,1857.0,10,3,69.42,99.0,36.62,61.22,2260.5,1919,50.526666666666635,75.5333333333333,1830.2000000000016,48.77,65.02
2026-03-19 10:30:00,45.35,64.18,36.49,53.42,1385,1985.3,10,3,44.43,64.55,36.31,48.22,1857.0,1367,53.06666666666664,75.90999999999997,2034.2666666666682,46.03,63.49
2026-03-19 10:35:00,44.11,65.31,36.4,43.39,1405,1562.8,10,3,45.35,64.18,36.49,53.42,1985.3,1385,44.62999999999997,64.67999999999996,1801.7000000000014,40.08,64.91
2026-03-19 10:40:00,48.77,65.02,35.77,56.85,1444,1947.5,10,3,44.11,65.31,36.4,43.39,1562.8,1405,46.07666666666663,64.83666666666664,1831.866666666668,49.11,65.86
2026-03-19 10:45:00,46.03,63.49,36.58,48.1,1423,1453.8,10,3,48.77,65.02,35.77,56.85,1947.5,1444,46.303333333333306,64.60666666666664,1654.7000000000014,44.78,65.11
2026-03-19 10:50:00,40.08,64.91,36.71,46.2,1400,1435.7,10,3,46.03,63.49,36.58,48.1,1453.8,1423,44.95999999999997,64.47333333333331,1612.3333333333348,41.45,66.28
2026-03-19 10:55:00,49.11,65.86,36.43,56.14,1531,2137.7,10,3,40.08,64.91,36.71,46.2,1435.7,1400,45.073333333333295,64.75333333333332,1675.7333333333347,42.67,65.72
2026-03-19 11:00:00,44.78,65.11,36.81,44.23,1571,1659.1,11,3,49.11,65.86,36.43,56.14,2137.7,1531,44.65666666666663,65.29333333333331,1744.1666666666679,50.1,65.94
2026-03-19 11:05:00,41.45,66.28,37.04,53.21,1552,1680.2,11,3,44.78,65.11,36.81,44.23,1659.1,1571,45.11333333333331,65.74999999999999,1825.666666666668,38.97,66.14
2026-03-19 11:10:00,42.67,65.72,37.34,40.81,1498,1493.2,11,3,41.45,66.28,37.04,53.21,1680.2,1552,42.96666666666663,65.7033333333333,1610.8333333333348,43.45,65.81
2026-03-19 11:15:00,50.1,65.94,36.54,60.79,1559,2005.1,11,3,42.67,65.72,37.34,40.81,1493.2,1498,44.739999999999974,65.97999999999998,1726.166666666668,42.88,67.15
2026-03-19 11:20:00,38.97,66.14,36.57,47.21,1570,1525.5,11,3,50.1,65.94,36.54,60.79,2005.1,1559,43.9133333333333,65.93333333333332,1674.6000000000015,49.77,67.93
2026-03-19 11:25:00,43.45,65.81,36.77,46.53,1542,1546.5,11,3,38.97,66.14,36.57,47.21,1525.5,1570,44.1733333333333,65.96333333333331,1692.366666666668,49.34,69.44
2026-03-19 11:30:00,42.88,67.15,36.25,53.02,1622,1979.3,11,3,43.45,65.81,36.77,46.53,1546.5,1542,41.76666666666663,66.36666666666666,1683.7666666666682,48.75,70.07
2026-03-19 11:35:00,49.77,67.93,36.96,56.13,1591,1987.7,11,3,42.88,67.15,36.25,53.02,1979.3,1622,45.36666666666664,66.96333333333332,1837.8333333333348,50.55,69.79
2026-03-19 11:40:00,49.34,69.44,37.2,59.8,1632,2114.1,11,3,49.77,67.93,36.96,56.13,1987.7,1591,47.32999999999996,68.17333333333333,2027.0333333333347,38.6,72.41
2026-03-19 11:45:00,48.75,70.07,37.04,43.72,1611,1474.5,11,3,49.34,69.44,37.2,59.8,2114.1,1632,49.28666666666663,69.14666666666665,1858.7666666666682,49.1,72.54
2026-03-19 11:50:00,50.55,69.79,36.41,60.66,1675,2082.3,11,3,48.75,70.07,37.04,43.72,1474.5,1611,49.54666666666663,69.76666666666664,1890.3000000000018,50.46,72.69
2026-03-19 11:55:00,38.6,72.41,36.35,50.28,1643,1814.0,11,3,50.55,69.79,36.41,60.66,2082.3,1675,45.96666666666663,70.75666666666665,1790.2666666666682,47.5,73.32
2026-03-19 12:00:00,49.1,72.54,36.36,60.04,1654,2137.2,12,3,38.6,72.41,36.35,50.28,1814.0,1643,46.08333333333329,71.57999999999998,2011.166666666668,45.56,73.35
2026-03-19 12:05:00,50.46,72.69,36.97,50.3,1702,1842.7,12,3,49.1,72.54,36.36,60.04,2137.2,1654,46.053333333333306,72.54666666666664,1931.3000000000013,51.43,73.07
2026-03-19 12:10:00,47.5,73.32,36.49,60.12,1723,1927.8,12,3,50.46,72.69,36.97,50.3,1842.7,1702,49.019999999999975,72.84999999999998,1969.2333333333347,56.76,74.27
2026-03-19 12:15:00,45.56,73.35,37.24,51.39,1670,1725.9,12,3,47.5,73.32,36.49,60.12,1927.8,1723,47.83999999999997,73.11999999999996,1832.133333333335,42.97,73.51
2026-03-19 12:20:00,51.43,73.07,36.84,60.52,1728,1977.8,12,3,45.56,73.35,37.24,51.39,1725.9,1670,48.1633333333333,73.24666666666663,1877.166666666668,43.73,74.32
2026-03-19 12:25:00,56.76,74.27,37.23,62.8,1724,2305.2,12,3,51.43,73.07,36.84,60.52,1977.8,1728,51.249999999999964,73.5633333333333,2002.966666666668,45.11,73.45
2026-03-19 12:30:00,42.97,73.51,36.77,46.57,1798,1626.6,12,3,56.76,74.27,37.23,62.8,2305.2,1724,50.38666666666663,73.61666666666663,1969.866666666668,48.33,73.52
2026-03-19 12:35:00,43.73,74.32,37.16,42.55,1779,1775.5,12,3,42.97,73.51,36.77,46.57,1626.6,1798,47.819999999999965,74.0333333333333,1902.433333333335,47.49,74.32
2026-03-19 12:40:00,45.11,73.45,37.02,49.31,1716,1561.7,12,3,43.73,74.32,37.16,42.55,1775.5,1779,43.93666666666663,73.75999999999998,1654.6000000000015,46.37,73.38
2026-03-19 12:45:00,48.33,73.52,36.36,43.53,1822,1858.4,12,3,45.11,73.45,37.02,49.31,1561.7,1716,45.7233333333333,73.7633333333333,1731.8666666666684,41.54,73.77
2026-03-19 12:50:00,47.49,74.32,37.35,55.02,1786,2068.7,12,3,48.33,73.52,36.36,43.53,1858.4,1822,46.97666666666663,73.7633333333333,1829.6000000000015,57.79,75.0
2026-03-19 12:55:00,46.37,73.38,36.58,41.05,1880,1856.7,12,3,47.49,74.32,37.35,55.02,2068.7,1786,47.396666666666626,73.73999999999997,1927.933333333335,59.05,75.52
2026-03-19 13:00:00,41.54,73.77,37.19,53.32,1826,1799.8,13,3,46.37,73.38,36.58,41.05,1856.7,1880,45.1333333333333,73.82333333333331,1908.4000000000015,80.31,93.44
2026-03-19 13:05:00,57.79,75.0,37.04,65.9,1827,2533.2,13,3,41.54,73.77,37.19,53.32,1799.8,1826,48.56666666666663,74.04999999999997,2063.233333333335,47.83,77.4
2026-03-19 13:10:00,59.05,75.52,37.6,60.07,1880,2524.0,13,3,57.79,75.0,37.04,65.9,2533.2,1827,52.793333333333294,74.7633333333333,2285.6666666666683,44.02,77.55
2026-03-19 13:15:00,80.31,93.44,36.96,88.71,3015,3877.3,13,3,59.05,75.52,37.6,60.07,2524.0,1880,65.71666666666664,81.31999999999998,2978.166666666668,51.66,79.86
2026-03-19 13:20:00,47.83,77.4,37.03,61.96,1883,2246.5,13,3,80.31,93.44,36.96,88.71,3877.3,3015,62.396666666666626,82.11999999999999,2882.6000000000017,54.88,78.48
2026-03-19 13:25:00,44.02,77.55,37.13,54.19,1931,1856.7,13,3,47.83,77.4,37.03,61.96,2246.5,1883,57.386666666666635,82.79666666666665,2660.1666666666683,51.52,77.95
2026-03-19 13:30:00,51.66,79.86,36.77,63.61,1898,2166.0,13,3,44.02,77.55,37.13,54.19,1856.7,1931,47.83666666666664,78.26999999999998,2089.733333333335,64.43,77.79
2026-03-19 13:35:00,54.88,78.48,37.36,71.84,1839,2497.8,13,3,51.66,79.86,36.77,63.61,2166.0,1898,50.18666666666663,78.62999999999998,2173.5000000000014,57.45,78.49
2026-03-19 13:40:00,51.52,77.95,37.13,59.41,1860,2114.9,13,3,54.88,78.48,37.36,71.84,2497.8,1839,52.68666666666663,78.76333333333332,2259.566666666668,49.59,77.79
2026-03-19 13:45:00,64.43,77.79,37.3,76.24,1915,2879.6,13,3,51.52,77.95,37.13,59.41,2114.9,1860,56.9433333333333,78.07333333333331,2497.4333333333348,57.14,77.09
2026-03-19 13:50:00,57.45,78.49,36.81,67.43,1970,2364.5,13,3,64.43,77.79,37.3,76.24,2879.6,1915,57.799999999999976,78.07666666666665,2453.0000000000014,48.04,76.74
2026-03-19 13:55:00,49.59,77.79,37.1,55.94,1869,1935.6,13,3,57.45,78.49,36.81,67.43,2364.5,1970,57.15666666666664,78.02333333333333,2393.233333333335,62.48,78.1
2026-03-19 14:00:00,57.14,77.09,37.17,65.67,1880,2422.9,14,3,49.59,77.79,37.1,55.94,1935.6,1869,54.72666666666663,77.78999999999998,2241.0000000000014,46.63,76.65
2026-03-19 14:05:00,48.04,76.74,37.07,53.0,2004,1855.4,14,3,57.14,77.09,37.17,65.67,2422.9,1880,51.58999999999997,77.20666666666665,2071.3000000000015,51.23,77.24
2026-03-19 14:10:00,62.48,78.1,37.05,59.2,1983,2465.4,14,3,48.04,76.74,37.07,53.0,1855.4,2004,55.88666666666663,77.30999999999999,2247.9000000000015,59.75,77.97
2026-03-19 14:15:00,46.63,76.65,37.37,55.37,1870,1865.5,14,3,62.48,78.1,37.05,59.2,2465.4,1983,52.3833333333333,77.16333333333331,2062.1000000000017,44.01,76.66
2026-03-19 14:20:00,51.23,77.24,37.4,60.23,1974,2315.3,14,3,46.63,76.65,37.37,55.37,1865.5,1870,53.44666666666663,77.32999999999997,2215.400000000002,63.55,76.42
2026-03-19 14:25:00,59.75,77.97,37.57,59.31,1947,2244.2,14,3,51.23,77.24,37.4,60.23,2315.3,1974,52.53666666666663,77.28666666666665,2141.6666666666683,67.64,76.06
2026-03-19 14:30:00,44.01,76.66,37.21,49.17,1956,1863.9,14,3,59.75,77.97,37.57,59.31,2244.2,1947,51.6633333333333,77.28999999999998,2141.133333333335,57.76,76.79
2026-03-19 14:35:00,63.55,76.42,37.46,72.42,2059,2757.9,14,3,44.01,76.66,37.21,49.17,1863.9,1956,55.76999999999996,77.01666666666665,2288.6666666666683,63.46,77.9
2026-03-19 14:40:00,67.64,76.06,36.88,69.43,1994,2752.9,14,3,63.55,76.42,37.46,72.42,2757.9,2059,58.399999999999956,76.37999999999998,2458.233333333335,49.53,76.86
2026-03-19 14:45:00,57.76,76.79,37.21,52.31,1964,2084.9,14,3,67.64,76.06,36.88,69.43,2752.9,1994,62.98333333333329,76.42333333333332,2531.900000000002,64.77,78.32
2026-03-19 14:50:00,63.46,77.9,36.77,65.4,2015,2681.1,14,3,57.76,76.79,37.21,52.31,2084.9,1964,62.95333333333329,76.91666666666666,2506.3000000000015,55.02,78.89
2026-03-19 14:55:00,49.53,76.86,37.19,53.76,1957,1914.6,14,3,63.46,77.9,36.77,65.4,2681.1,2015,56.91666666666663,77.18333333333332,2226.866666666668,44.47,78.12
2026-03-19 15:00:00,64.77,78.32,36.98,70.09,1978,2725.2,15,3,49.53,76.86,37.19,53.76,1914.6,1957,59.253333333333295,77.69333333333331,2440.3000000000015,49.59,78.69
2026-03-19 15:05:00,55.02,78.89,37.31,61.54,2011,2245.7,15,3,64.77,78.32,36.98,70.09,2725.2,1978,56.43999999999996,78.02333333333331,2295.1666666666683,60.88,77.4
2026-03-19 15:10:00,44.47,78.12,37.44,59.03,1940,2142.9,15,3,55.02,78.89,37.31,61.54,2245.7,2011,54.753333333333295,78.44333333333331,2371.2666666666682,48.75,78.83
2026-03-19 15:15:00,49.59,78.69,37.14,55.72,1993,1850.4,15,3,44.47,78.12,37.44,59.03,2142.9,1940,49.6933333333333,78.56666666666665,2079.6666666666683,53.89,77.73
2026-03-19 15:20:00,60.88,77.4,37.44,65.14,2031,2482.2,15,3,49.59,78.69,37.14,55.72,1850.4,1993,51.646666666666626,78.06999999999998,2158.5000000000014,56.62,77.48
2026-03-19 15:25:00,48.75,78.83,37.28,58.94,1963,2059.1,15,3,60.88,77.4,37.44,65.14,2482.2,2031,53.073333333333295,78.30666666666666,2130.566666666668,50.96,78.46
2026-03-19 15:30:00,53.89,77.73,37.09,52.98,2019,2181.9,15,3,48.75,78.83,37.28,58.94,2059.1,1963,54.506666666666625,77.98666666666665,2241.066666666668,62.29,79.83
2026-03-19 15:35:00,56.62,77.48,37.28,61.84,2022,1986.2,15,3,53.89,77.73,37.09,52.98,2181.9,2019,53.08666666666662,78.01333333333332,2075.733333333335,46.26,80.37
2026-03-19 15:40:00,50.96,78.46,37.83,68.29,1998,2387.7,15,3,56.62,77.48,37.28,61.84,1986.2,2022,53.823333333333295,77.88999999999999,2185.266666666668,57.52,79.39
2026-03-19 15:45:00,62.29,79.83,37.62,76.17,2031,2962.1,15,3,50.96,78.46,37.83,68.29,2387.7,1998,56.6233333333333,78.58999999999997,2445.3333333333344,45.69,79.28
2026-03-19 15:50:00,46.26,80.37,36.96,53.67,1897,1886.8,15,3,62.29,79.83,37.62,76.17,2962.1,2031,53.16999999999996,79.5533333333333,2412.200000000001,55.59,78.14
2026-03-19 15:55:00,57.52,79.39,37.97,62.28,2028,2377.9,15,3,46.26,80.37,36.96,53.67,1886.8,1897,55.35666666666663,79.86333333333332,2408.9333333333348,50.8,76.89
2026-03-19 16:00:00,45.69,79.28,37.51,54.0,2008,1756.5,16,3,57.52,79.39,37.97,62.28,2377.9,2028,49.823333333333295,79.67999999999998,2007.0666666666682,55.0,76.6
2026-03-19 16:05:00,55.59,78.14,37.0,51.9,1970,2111.0,16,3,45.69,79.28,37.51,54.0,1756.5,2008,52.9333333333333,78.93666666666665,2081.8000000000015,50.66,78.13
2026-03-19 16:10:00,50.8,76.89,37.32,60.65,1977,2234.5,16,3,55.59,78.14,37.0,51.9,2111.0,1970,50.69333333333329,78.10333333333331,2034.0000000000016,55.69,78.27
2026-03-19 16:15:00,55.0,76.6,38.21,57.21,2016,2054.7,16,3,50.8,76.89,37.32,60.65,2234.5,1977,53.796666666666624,77.20999999999998,2133.4000000000015,56.72,78.15
2026-03-19 16:20:00,50.66,78.13,37.4,52.95,1968,2123.9,16,3,55.0,76.6,38.21,57.21,2054.7,2016,52.153333333333286,77.20666666666665,2137.700000000001,46.82,77.86
2026-03-19 16:25:00,55.69,78.27,36.99,58.48,2010,2339.1,16,3,50.66,78.13,37.4,52.95,2123.9,1968,53.783333333333296,77.66666666666664,2172.566666666668,57.3,77.73
2026-03-19 16:30:00,56.72,78.15,37.23,72.01,1928,2712.8,16,3,55.69,78.27,36.99,58.48,2339.1,2010,54.35666666666663,78.18333333333332,2391.9333333333348,49.59,77.95
2026-03-19 16:35:00,46.82,77.86,37.82,58.34,2003,2224.4,16,3,56.72,78.15,37.23,72.01,2712.8,1928,53.07666666666663,78.09333333333332,2425.4333333333348,59.69,79.46
2026-03-19 16:40:00,57.3,77.73,37.91,63.06,1987,2272.7,16,3,46.82,77.86,37.82,58.34,2224.4,2003,53.613333333333294,77.91333333333331,2403.3000000000015,48.64,79.37
2026-03-19 16:45:00,49.59,77.95,37.04,60.96,1956,2147.5,16,3,57.3,77.73,37.91,63.06,2272.7,1987,51.23666666666663,77.84666666666665,2214.866666666668,60.6,80.23
2026-03-19 16:50:00,59.69,79.46,37.98,64.61,1980,2297.3,16,3,49.59,77.95,37.04,60.96,2147.5,1956,55.52666666666662,78.37999999999998,2239.1666666666683,60.92,80.45
2026-03-19 16:55:00,48.64,79.37,37.52,63.41,1999,2485.4,16,3,59.69,79.46,37.98,64.61,2297.3,1980,52.639999999999965,78.92666666666663,2310.066666666668,41.15,79.91
2026-03-19 17:00:00,60.6,80.23,37.65,70.47,1976,2695.7,17,3,48.64,79.37,37.52,63.41,2485.4,1999,56.30999999999997,79.68666666666665,2492.8000000000015,64.56,78.53
2026-03-19 17:05:00,60.92,80.45,37.12,66.04,1900,2676.7,17,3,60.6,80.23,37.65,70.47,2695.7,1976,56.71999999999996,80.01666666666665,2619.266666666668,64.47,77.67
2026-03-19 17:10:00,41.15,79.91,37.77,45.44,1927,1793.6,17,3,60.92,80.45,37.12,66.04,2676.7,1900,54.2233333333333,80.19666666666666,2388.666666666668,51.96,76.64
2026-03-19 17:15:00,64.56,78.53,37.17,69.62,1902,2631.6,17,3,41.15,79.91,37.77,45.44,1793.6,1927,55.543333333333294,79.62999999999998,2367.3000000000015,46.58,78.12
2026-03-19 17:20:00,64.47,77.67,37.85,64.5,1936,2734.6,17,3,64.56,78.53,37.17,69.62,2631.6,1902,56.72666666666663,78.70333333333332,2386.6000000000017,60.64,76.66
2026-03-19 17:25:00,51.96,76.64,37.72,59.55,1875,2151.6,17,3,64.47,77.67,37.85,64.5,2734.6,1936,60.32999999999996,77.6133333333333,2505.9333333333348,53.55,77.13
2026-03-19 17:30:00,46.58,78.12,37.28,58.67,1925,2219.1,17,3,51.96,76.64,37.72,59.55,2151.6,1875,54.33666666666662,77.47666666666665,2368.4333333333348,56.82,77.32
2026-03-19 17:35:00,60.64,76.66,37.76,64.68,1939,2481.2,17,3,46.58,78.12,37.28,58.67,2219.1,1925,53.05999999999997,77.13999999999999,2283.9666666666676,51.3,76.23
2026-03-19 17:40:00,53.55,77.13,37.84,65.05,1896,2272.7,17,3,60.64,76.66,37.76,64.68,2481.2,1939,53.589999999999954,77.30333333333333,2324.3333333333344,50.11,75.65
2026-03-19 17:45:00,56.82,77.32,37.47,68.19,1917,2567.0,17,3,53.55,77.13,37.84,65.05,2272.7,1896,57.003333333333295,77.03666666666665,2440.300000000001,52.38,75.7
2026-03-19 17:50:00,51.3,76.23,37.76,62.47,1723,2037.1,17,3,56.82,77.32,37.47,68.19,2567.0,1917,53.88999999999996,76.8933333333333,2292.2666666666682,48.46,74.48
2026-03-19 17:55:00,50.11,75.65,37.88,56.94,1767,1872.1,17,3,51.3,76.23,37.76,62.47,2037.1,1723,52.743333333333304,76.39999999999999,2158.733333333335,64.24,75.04
2026-03-19 18:00:00,52.38,75.7,37.83,57.56,1777,2176.9,18,3,50.11,75.65,37.88,56.94,1872.1,1767,51.26333333333329,75.85999999999997,2028.7000000000014,43.29,74.2
2026-03-19 18:05:00,48.46,74.48,37.6,57.31,1772,1945.2,18,3,52.38,75.7,37.83,57.56,2176.9,1777,50.31666666666663,75.27666666666666,1998.0666666666682,41.63,74.79
2026-03-19 18:10:00,64.24,75.04,37.53,70.21,1836,2607.1,18,3,48.46,74.48,37.6,57.31,1945.2,1772,55.02666666666662,75.07333333333332,2243.066666666668,45.71,74.69
2026-03-19 18:15:00,43.29,74.2,37.39,42.85,1784,1635.7,18,3,64.24,75.04,37.53,70.21,2607.1,1836,51.996666666666634,74.57333333333332,2062.6666666666683,47.5,74.4
2026-03-19 18:20:00,41.63,74.79,37.93,53.1,1829,1709.8,18,3,43.29,74.2,37.39,42.85,1635.7,1784,49.71999999999996,74.67666666666666,1984.2000000000016,85.25,75.65
2026-03-19 18:25:00,45.71,74.69,37.9,51.9,1788,1880.9,18,3,41.63,74.79,37.93,53.1,1709.8,1829,43.543333333333294,74.55999999999999,1742.133333333335,51.75,75.42
2026-03-19 18:30:00,47.5,74.4,37.64,47.74,1774,2016.8,18,3,45.71,74.69,37.9,51.9,1880.9,1788,44.94666666666663,74.62666666666665,1869.166666666668,54.78,76.15
2026-03-19 18:35:00,85.25,75.65,37.87,64.51,1773,2431.6,18,3,47.5,74.4,37.64,47.74,2016.8,1774,59.48666666666662,74.91333333333331,2109.7666666666682,49.02,76.04
2026-03-19 18:40:00,51.75,75.42,37.73,49.97,1721,1948.3,18,3,85.25,75.65,37.87,64.51,2431.6,1773,61.499999999999964,75.15666666666665,2132.233333333335,53.65,74.03
2026-03-19 18:45:00,54.78,76.15,37.3,71.82,1779,2296.7,18,3,51.75,75.42,37.73,49.97,1948.3,1721,63.92666666666662,75.73999999999998,2225.533333333335,42.68,73.58
2026-03-19 18:50:00,49.02,76.04,38.32,50.99,1705,1711.4,18,3,54.78,76.15,37.3,71.82,2296.7,1779,51.84999999999996,75.86999999999999,1985.4666666666683,47.49,72.32
2026-03-19 18:55:00,53.65,74.03,37.68,61.28,1754,2280.3,18,3,49.02,76.04,38.32,50.99,1711.4,1705,52.48333333333329,75.40666666666665,2096.133333333335,51.79,72.47
2026-03-19 19:00:00,42.68,73.58,38.07,51.26,1747,1620.3,19,3,53.65,74.03,37.68,61.28,2280.3,1754,48.44999999999996,74.54999999999998,1870.666666666668,43.75,71.93
2026-03-19 19:05:00,47.49,72.32,37.34,59.75,1689,2251.1,19,3,42.68,73.58,38.07,51.26,1620.3,1747,47.93999999999996,73.30999999999999,2050.566666666668,42.18,72.41
2026-03-19 19:10:00,51.79,72.47,38.02,50.89,1647,2161.8,19,3,47.49,72.32,37.34,59.75,2251.1,1689,47.31999999999996,72.78999999999998,2011.0666666666682,43.26,71.72
2026-03-19 19:15:00,43.75,71.93,37.54,46.19,1659,1645.6,19,3,51.79,72.47,38.02,50.89,2161.8,1647,47.67666666666662,72.23999999999998,2019.5000000000016,54.21,71.46
2026-03-19 19:20:00,42.18,72.41,37.8,51.78,1618,1632.4,19,3,43.75,71.93,37.54,46.19,1645.6,1659,45.90666666666662,72.26999999999998,1813.2666666666682,37.79,72.26
2026-03-19 19:25:00,43.26,71.72,37.9,45.1,1691,1543.0,19,3,42.18,72.41,37.8,51.78,1632.4,1618,43.0633333333333,72.01999999999998,1607.0000000000018,48.28,72.71
2026-03-19 19:30:00,54.21,71.46,37.47,62.36,1672,2244.9,19,3,43.26,71.72,37.9,45.1,1543.0,1691,46.549999999999955,71.8633333333333,1806.7666666666682,34.27,72.06
2026-03-19 19:35:00,37.79,72.26,37.57,42.76,1630,1644.0,19,3,54.21,71.46,37.47,62.36,2244.9,1672,45.08666666666662,71.81333333333332,1810.633333333335,39.67,71.64
2026-03-19 19:40:00,48.28,72.71,38.42,50.33,1514,1968.5,19,3,37.79,72.26,37.57,42.76,1644.0,1630,46.75999999999996,72.14333333333332,1952.4666666666683,60.29,70.62
2026-03-19 19:45:00,34.27,72.06,38.24,39.44,1602,1486.8,19,3,48.28,72.71,38.42,50.33,1968.5,1514,40.113333333333294,72.34333333333332,1699.7666666666682,36.17,69.4
2026-03-19 19:50:00,39.67,71.64,37.28,44.68,1542,1538.3,19,3,34.27,72.06,38.24,39.44,1486.8,1602,40.73999999999996,72.13666666666664,1664.533333333335,52.44,68.74
2026-03-19 19:55:00,60.29,70.62,37.45,61.5,1639,2540.6,19,3,39.67,71.64,37.28,44.68,1538.3,1542,44.74333333333329,71.43999999999998,1855.2333333333347,41.48,68.83
2026-03-19 20:00:00,36.17,69.4,38.0,41.95,1416,1509.5,20,3,60.29,70.62,37.45,61.5,2540.6,1639,45.37666666666663,70.55333333333331,1862.8000000000018,50.5,69.53
2026-03-19 20:05:00,52.44,68.74,37.92,59.56,1552,2168.8,20,3,36.17,69.4,38.0,41.95,1509.5,1416,49.63333333333329,69.58666666666664,2072.9666666666685,49.27,69.79
2026-03-19 20:10:00,41.48,68.83,38.5,40.81,1483,1134.3,20,3,52.44,68.74,37.92,59.56,2168.8,1552,43.36333333333329,68.98999999999998,1604.2000000000016,46.09,70.69
2026-03-19 20:15:00,50.5,69.53,37.85,54.24,1498,1776.2,20,3,41.48,68.83,38.5,40.81,1134.3,1483,48.13999999999995,69.03333333333332,1693.1000000000015,40.45,69.99
2026-03-19 20:20:00,49.27,69.79,38.11,52.41,1508,1906.8,20,3,50.5,69.53,37.85,54.24,1776.2,1498,47.083333333333286,69.38333333333333,1605.7666666666682,44.01,69.54
2026-03-19 20:25:00,46.09,70.69,38.23,47.36,1454,1757.8,20,3,49.27,69.79,38.11,52.41,1906.8,1508,48.619999999999955,70.00333333333332,1813.6000000000015,51.87,70.99
2026-03-19 20:30:00,40.45,69.99,37.71,38.75,1468,1584.4,20,3,46.09,70.69,38.23,47.36,1757.8,1454,45.26999999999996,70.15666666666665,1749.6666666666686,50.02,68.29
2026-03-19 20:35:00,44.01,69.54,38.29,48.17,1398,1726.2,20,3,40.45,69.99,37.71,38.75,1584.4,1468,43.51666666666662,70.07333333333332,1689.4666666666683,55.97,68.69
2026-03-19 20:40:00,51.87,70.99,38.21,54.38,1396,1861.2,20,3,44.01,69.54,38.29,48.17,1726.2,1398,45.44333333333329,70.17333333333332,1723.933333333335,42.37,69.48
2026-03-19 20:45:00,50.02,68.29,38.26,49.25,1328,1730.8,20,3,51.87,70.99,38.21,54.38,1861.2,1396,48.63333333333329,69.60666666666664,1772.7333333333352,43.22,69.41
2026-03-19 20:50:00,55.97,68.69,37.92,54.74,1359,1957.8,20,3,50.02,68.29,38.26,49.25,1730.8,1328,52.619999999999955,69.32333333333331,1849.933333333335,38.85,68.74
2026-03-19 20:55:00,42.37,69.48,38.14,45.45,1361,1542.5,20,3,55.97,68.69,37.92,54.74,1957.8,1359,49.45333333333329,68.81999999999998,1743.7000000000016,33.1,67.12
2026-03-19 21:00:00,43.22,69.41,38.18,39.8,1375,1342.7,21,3,42.37,69.48,38.14,45.45,1542.5,1361,47.18666666666662,69.19333333333331,1614.3333333333348,34.5,66.43
2026-03-19 21:05:00,38.85,68.74,38.1,47.16,1358,1392.6,21,3,43.22,69.41,38.18,39.8,1342.7,1375,41.479999999999954,69.20999999999998,1425.933333333335,39.14,65.45
2026-03-19 21:10:00,33.1,67.12,37.6,39.85,1225,1225.2,21,3,38.85,68.74,38.1,47.16,1392.6,1358,38.38999999999996,68.4233333333333,1320.1666666666683,34.98,64.45
2026-03-19 21:15:00,34.5,66.43,38.4,29.75,1267,1168.6,21,3,33.1,67.12,37.6,39.85,1225.2,1225,35.48333333333329,67.42999999999999,1262.1333333333348,38.05,63.92
2026-03-19 21:20:00,39.14,65.45,38.03,42.52,1349,1476.8,21,3,34.5,66.43,38.4,29.75,1168.6,1267,35.579999999999956,66.33333333333331,1290.2000000000016,36.53,64.48
2026-03-19 21:25:00,34.98,64.45,38.17,37.2,1234,1320.8,21,3,39.14,65.45,38.03,42.52,1476.8,1349,36.20666666666663,65.44333333333331,1322.0666666666682,41.29,63.74
2026-03-19 21:30:00,38.05,63.92,38.11,36.3,1242,1417.7,21,3,34.98,64.45,38.17,37.2,1320.8,1234,37.38999999999995,64.60666666666664,1405.1000000000015,37.24,63.34
2026-03-19 21:35:00,36.53,64.48,38.18,47.55,1176,1504.8,21,3,38.05,63.92,38.11,36.3,1417.7,1242,36.51999999999995,64.28333333333332,1414.433333333335,31.37,63.35
2026-03-19 21:40:00,41.29,63.74,38.19,56.81,1250,1640.3,21,3,36.53,64.48,38.18,47.55,1504.8,1176,38.623333333333285,64.04666666666665,1520.933333333335,42.02,63.67
2026-03-19 21:45:00,37.24,63.34,39.04,40.88,1145,1136.0,21,3,41.29,63.74,38.19,56.81,1640.3,1250,38.35333333333329,63.85333333333332,1427.033333333335,37.07,62.94
2026-03-19 21:50:00,31.37,63.35,38.82,37.15,1167,1327.7,21,3,37.24,63.34,39.04,40.88,1136.0,1145,36.63333333333329,63.47666666666665,1368.0000000000018,38.31,61.95
2026-03-19 21:55:00,42.02,63.67,38.53,39.02,1106,1463.1,21,3,31.37,63.35,38.82,37.15,1327.7,1167,36.87666666666662,63.45333333333332,1308.933333333335,35.29,62.34
2026-03-19 22:00:00,37.07,62.94,38.5,45.09,1054,1540.3,22,3,42.02,63.67,38.53,39.02,1463.1,1106,36.81999999999996,63.31999999999997,1443.7000000000016,32.03,61.04
2026-03-19 22:05:00,38.31,61.95,38.78,35.79,1133,1174.2,22,3,37.07,62.94,38.5,45.09,1540.3,1054,39.13333333333329,62.85333333333332,1392.533333333335,34.27,62.38
2026-03-19 22:10:00,35.29,62.34,38.19,25.11,1005,971.0,22,3,38.31,61.95,38.78,35.79,1174.2,1133,36.88999999999996,62.40999999999999,1228.5000000000016,39.21,61.84
2026-03-19 22:15:00,32.03,61.04,38.59,37.29,1022,1004.9,22,3,35.29,62.34,38.19,25.11,971.0,1005,35.20999999999996,61.77666666666665,1050.0333333333351,32.61,60.82
2026-03-19 22:20:00,34.27,62.38,38.16,30.35,1063,1097.7,22,3,32.03,61.04,38.59,37.29,1004.9,1022,33.863333333333294,61.91999999999998,1024.533333333335,33.94,60.27
2026-03-19 22:25:00,39.21,61.84,37.94,33.42,1041,1189.0,22,3,34.27,62.38,38.16,30.35,1097.7,1063,35.16999999999996,61.75333333333331,1097.2000000000016,40.56,58.59
2026-03-19 22:30:00,32.61,60.82,38.21,42.42,1011,1121.4,22,3,39.21,61.84,37.94,33.42,1189.0,1041,35.363333333333294,61.679999999999986,1136.033333333335,34.67,59.08
2026-03-19 22:35:00,33.94,60.27,38.79,34.6,956,1172.7,22,3,32.61,60.82,38.21,42.42,1121.4,1011,35.253333333333295,60.97666666666665,1161.033333333335,39.45,58.93
2026-03-19 22:40:00,40.56,58.59,38.46,37.81,1007,1167.0,22,3,33.94,60.27,38.79,34.6,1172.7,956,35.70333333333329,59.89333333333332,1153.7000000000016,30.08,57.3
2026-03-19 22:45:00,34.67,59.08,38.11,35.74,960,1074.3,22,3,40.56,58.59,38.46,37.81,1167.0,1007,36.38999999999996,59.31333333333331,1138.0000000000016,30.76,57.08
2026-03-19 22:50:00,39.45,58.93,37.78,41.19,923,1093.6,22,3,34.67,59.08,38.11,35.74,1074.3,960,38.226666666666624,58.866666666666646,1111.6333333333348,29.67,58.66
2026-03-19 22:55:00,30.08,57.3,38.25,30.51,912,953.4,22,3,39.45,58.93,37.78,41.19,1093.6,923,34.73333333333329,58.436666666666646,1040.433333333335,33.17,58.55
2026-03-19 23:00:00,30.76,57.08,38.45,24.12,809,1110.9,23,3,30.08,57.3,38.25,30.51,953.4,912,33.42999999999996,57.76999999999998,1052.633333333335,25.04,58.48
2026-03-19 23:05:00,29.67,58.66,38.59,26.24,969,927.9,23,3,30.76,57.08,38.45,24.12,1110.9,809,30.16999999999996,57.67999999999998,997.4000000000018,32.05,57.68
2026-03-19 23:10:00,33.17,58.55,38.09,33.7,751,892.8,23,3,29.67,58.66,38.59,26.24,927.9,969,31.19999999999996,58.09666666666664,977.2000000000016,28.9,57.78
2026-03-19 23:15:00,25.04,58.48,38.11,30.55,849,906.9,23,3,33.17,58.55,38.09,33.7,892.8,751,29.293333333333294,58.56333333333331,909.2000000000016,32.59,57.48
2026-03-19 23:20:00,32.05,57.68,38.41,30.55,895,895.6,23,3,25.04,58.48,38.11,30.55,906.9,849,30.086666666666627,58.23666666666664,898.4333333333349,29.69,57.02
2026-03-19 23:25:00,28.9,57.78,38.42,38.06,849,980.0,23,3,32.05,57.68,38.41,30.55,895.6,895,28.663333333333288,57.97999999999998,927.5000000000017,30.93,57.4
2026-03-19 23:30:00,32.59,57.48,38.46,32.92,805,1050.7,23,3,28.9,57.78,38.42,38.06,980.0,849,31.17999999999996,57.64666666666665,975.4333333333351,24.29,56.83
2026-03-19 23:35:00,29.69,57.02,38.39,37.55,792,776.0,23,3,32.59,57.48,38.46,32.92,1050.7,805,30.393333333333292,57.42666666666665,935.5666666666684,33.22,56.34
2026-03-19 23:40:00,30.93,57.4,39.07,27.58,806,925.3,23,3,29.69,57.02,38.39,37.55,776.0,792,31.06999999999996,57.299999999999976,917.3333333333352,31.73,55.36
2026-03-19 23:45:00,24.29,56.83,38.15,27.7,783,805.4,23,3,30.93,57.4,39.07,27.58,925.3,806,28.30333333333329,57.083333333333314,835.5666666666683,26.72,56.29
2026-03-19 23:50:00,33.22,56.34,38.67,32.76,771,928.0,23,3,24.29,56.83,38.15,27.7,805.4,783,29.479999999999958,56.85666666666665,886.2333333333349,25.76,55.27
2026-03-19 23:55:00,31.73,55.36,38.94,26.21,712,776.1,23,3,33.22,56.34,38.67,32.76,928.0,771,29.746666666666624,56.17666666666665,836.5000000000017,29.71,54.49
2026-03-20 00:00:00,26.72,56.29,34.34,34.91,768,720.1,0,4,31.73,55.36,38.94,26.21,776.1,712,30.556666666666626,55.99666666666665,808.0666666666683,28.64,55.22
2026-03-20 00:05:00,25.76,55.27,34.67,24.1,727,693.0,0,4,26.72,56.29,34.34,34.91,720.1,768,28.069999999999954,55.639999999999986,729.7333333333349,24.76,54.8
2026-03-20 00:10:00,29.71,54.49,35.47,30.78,710,912.9,0,4,25.76,55.27,34.67,24.1,693.0,727,27.396666666666622,55.34999999999999,775.333333333335,28.21,53.99
2026-03-20 00:15:00,28.64,55.22,35.13,32.5,709,778.8,0,4,29.71,54.49,35.47,30.78,912.9,710,28.036666666666623,54.99333333333332,794.9000000000018,26.48,53.92
2026-03-20 00:20:00,24.76,54.8,34.71,27.94,731,684.0,0,4,28.64,55.22,35.13,32.5,778.8,709,27.70333333333329,54.836666666666645,791.9000000000018,30.26,51.66
2026-03-20 00:25:00,28.21,53.99,35.12,18.21,698,733.9,0,4,24.76,54.8,34.71,27.94,684.0,731,27.20333333333329,54.66999999999998,732.2333333333349,25.76,49.45
2026-03-20 00:30:00,26.48,53.92,35.29,24.8,619,602.4,0,4,28.21,53.99,35.12,18.21,733.9,698,26.48333333333329,54.23666666666664,673.433333333335,23.12,48.05
2026-03-20 00:35:00,30.26,51.66,35.05,33.64,600,790.0,0,4,26.48,53.92,35.29,24.8,602.4,619,28.316666666666624,53.189999999999976,708.7666666666682,26.64,48.76
2026-03-20 00:40:00,25.76,49.45,35.25,27.48,579,698.6,0,4,30.26,51.66,35.05,33.64,790.0,600,27.49999999999996,51.67666666666665,697.0000000000017,29.29,48.42
2026-03-20 00:45:00,23.12,48.05,35.2,22.07,584,585.5,0,4,25.76,49.45,35.25,27.48,698.6,579,26.379999999999956,49.71999999999998,691.3666666666683,25.24,47.24
2026-03-20 00:50:00,26.64,48.76,34.56,29.45,628,795.9,0,4,23.12,48.05,35.2,22.07,585.5,584,25.17333333333329,48.75333333333331,693.333333333335,25.69,47.48
2026-03-20 00:55:00,29.29,48.42,35.3,29.3,580,723.9,0,4,26.64,48.76,34.56,29.45,795.9,628,26.349999999999955,48.409999999999975,701.7666666666684,27.99,47.57
2026-03-20 01:00:00,25.24,47.24,35.43,19.37,466,549.4,1,4,29.29,48.42,35.3,29.3,723.9,580,27.056666666666626,48.139999999999986,689.733333333335,35.29,59.89
2026-03-20 01:05:00,25.69,47.48,35.34,21.43,531,497.5,1,4,25.24,47.24,35.43,19.37,549.4,466,26.739999999999956,47.71333333333332,590.2666666666684,24.46,47.39
2026-03-20 01:10:00,27.99,47.57,35.18,28.47,527,674.8,1,4,25.69,47.48,35.34,21.43,497.5,531,26.306666666666626,47.42999999999998,573.9000000000017,22.19,47.43
2026-03-20 01:15:00,35.29,59.89,34.99,36.3,831,994.0,1,4,27.99,47.57,35.18,28.47,674.8,527,29.656666666666624,51.64666666666665,722.1000000000016,19.95,46.13
2026-03-20 01:20:00,24.46,47.39,35.32,24.76,470,484.9,1,4,35.29,59.89,34.99,36.3,994.0,831,29.246666666666624,51.61666666666665,717.9000000000016,31.65,47.66
2026-03-20 01:25:00,22.19,47.43,35.0,25.73,599,647.0,1,4,24.46,47.39,35.32,24.76,484.9,470,27.31333333333329,51.569999999999986,708.633333333335,25.42,46.89
2026-03-20 01:30:00,19.95,46.13,35.46,22.13,493,561.6,1,4,22.19,47.43,35.0,25.73,647.0,599,22.19999999999996,46.98333333333331,564.5000000000017,22.59,48.1
2026-03-20 01:35:00,31.65,47.66,35.04,19.65,557,566.2,1,4,19.95,46.13,35.46,22.13,561.6,493,24.596666666666625,47.073333333333316,591.6000000000016,24.71,47.59
2026-03-20 01:40:00,25.42,46.89,35.16,22.91,479,648.4,1,4,31.65,47.66,35.04,19.65,566.2,557,25.67333333333329,46.89333333333332,592.0666666666684,22.01,48.59
2026-03-20 01:45:00,22.59,48.1,35.53,27.14,480,539.4,1,4,25.42,46.89,35.16,22.91,648.4,479,26.55333333333329,47.54999999999998,584.6666666666683,25.63,47.64
2026-03-20 01:50:00,24.71,47.59,34.68,15.93,489,447.7,1,4,22.59,48.1,35.53,27.14,539.4,480,24.239999999999956,47.52666666666665,545.1666666666683,22.27,47.06
2026-03-20 01:55:00,22.01,48.59,35.42,23.1,480,561.0,1,4,24.71,47.59,34.68,15.93,447.7,489,23.103333333333293,48.09333333333331,516.033333333335,24.12,46.38
2026-03-20 02:00:00,25.63,47.64,35.39,26.12,456,593.6,2,4,22.01,48.59,35.42,23.1,561.0,480,24.11666666666662,47.93999999999999,534.1000000000017,20.92,46.71
